"ID","Description","GeneRatio","BgRatio","RichFactor","FoldEnrichment","zScore","pvalue","p.adjust","qvalue","geneID","Count"
"C0555198","Malignant Glioma","135/2069","724/21671",0.18646408839779,1.95305135798381,8.47391649153938,1.55501971056862e-14,1.71254320724922e-10,1.35614087390116e-10,"VIM/QKI/HAVCR2/MMP11/PECAM1/LAYN/ICAM1/TCF4/IL2RB/AKT3/DKK3/FGFR1/SOX7/SLIT2/LATS2/CCL5/GJA1/CD2/CTSB/WWTR1/EFS/CAV2/TNC/EFEMP1/TIMP2/MYLK/DCN/CAV1/RECK/ALDH1A3/ANGPTL1/DES/SPARC/LTBP1/CCL2/PDPN/SERPINF1/EMP3/MMP2/LGALS1/THBS1/CDH11/CTSK/STC1/ERCC1/TK1/MTHFR/ABCC3/AKT2/ANGPT2/ANKRD49/ATG7/ATP6V0A2/ATRX/BCAN/BCL2L11/BEX2/BRMS1L/C1QL1/CASR/CDC42/CFLAR/CLCN3/CREB1/CTSZ/CYP2B6/DKK1/EGFR/EGR1/EPOR/ERBB2/FLT1/GIPC1/GLS/GOPC/HBEGF/HLA-B/HLA-C/HMGA1/HOXA11-AS/HSPA5/IKBKE/IL24/ING1/ITGB3/KDM6B/KLK6/LAMP1/LGALS9/LHX9/LPL/LRIG1/MAPK14/MAPK8/MCL1/MCPH1/MEF2D/MSLN/MVD/MYB/MYCN/NFE2L2/NPAS3/NTRK3/NUMB/PART1/PCSK6/PCSK9/PEA15/PEG10/PIK3CD/PLK1/PLTP/PPP1R1A/PRKAR1A/PSD3/PTEN/PTGS2/RAC1/RBPJ/SATB1/SOX11/STK11/SUZ12/TCF3/TCF7L2/TEAD2/TERF2IP/TFRC/TGFA/TRAF4/XIAP/YAP1/ZFX/CD27",135
"C4086152","Childhood Astrocytoma","113/2069","615/21671",0.183739837398374,1.92451716590631,7.55655956043143,6.15754447815464e-12,3.39065186689585e-08,2.68501347376375e-08,"VIM/QKI/RGS2/PTGER3/FLI1/ICAM1/SMARCA1/TCF4/ADARB1/RAB23/AKT3/FGFR1/LATS2/EDNRA/SERPINE1/CCL5/GJA1/ACKR3/AKAP12/CYP1B1/GEM/AXL/TNC/TIMP2/CAV1/VCAM1/GAP43/SPARC/CCL2/MMP2/A2M/CDH11/AKR1B1/CCDC88A/ABCC3/ACTN1/ADCY1/ANGPT2/APRT/ARHGEF28/ATP2A2/ATRX/CASR/CCNG2/CD47/CDC42/CHPT1/CREB1/CUL3/E2F4/EGFR/EGR1/ELK1/EZH1/FASTK/FCN2/FOXP3/GATA4/GRM2/GSN/HAMP/HES1/HFE/HLA-G/HSPA5/ID4/ILK/ING1/ITIH4/JUNB/KLK6/LAMP1/LPP/LSM4/MAPK14/MAPK8/MCL1/MCPH1/MIB1/MYCN/NAP1L1/NEFL/NFATC3/NFE2L2/NFKB1/NPAS3/NUFIP2/PEA15/PIK3CD/PLA2G4A/PPP1R1A/PRKCA/PTEN/PTGS2/PTPN6/RAC1/RARB/SATB1/SMARCA4/SNCA/SOX4/SPAG9/STAT5B/TACR1/TBXA2R/TCF7L2/TFRC/TGFA/TNKS/TOP3A/TRAF3/WT1-AS/YAP1",113
"C1535926","Neurodevelopmental Disorders","101/2069","535/21671",0.188785046728972,1.97736140534729,7.43669867435744,1.65522455289551e-11,6.07632933367941e-08,4.81176681429448e-08,"ICAM1/SMARCA1/TCF4/NLGN4X/SETBP1/AP1S2/CD38/EDNRA/ACKR3/GNB5/KCNMA1/CPQ/ITPR1/ANK2/ZEB2/MEF2C/GREM1/ELN/MTRR/CDH2/ATP7A/MTR/CTLA4/ACTL6B/ADAM10/ADCY5/ADRA1A/AFF3/ALDH1L1/ALG13/ATG7/CC2D1A/CHRNA4/CUL3/DDX3X/DDX6/DLGAP4/DMD/DSCAM/DYRK1A/EBF3/EHMT1/EPG5/FEM1B/FZR1/GIGYF2/GNAO1/GRM2/HES1/HIVEP3/INTS1/KAT6A/KDM5B/KDM6B/KIDINS220/KIF21A/KIRREL3/KMT2A/LAMB1/LIMK1/LPAR2/MCPH1/MECP2/MED13/NEDD4L/NFIC/NPAS3/NRXN1/NRXN3/NUFIP2/PAK1/PARD3B/PIK3CD/PLK1/PNKP/POU3F3/PPP1R9A/PPP2R5D/PTEN/RBFOX3/RHOBTB2/SCN8A/SMARCA4/SNCA/SOX11/SOX4/SOX5/SRY/TANC1/TAOK2/TCF7L2/TNRC6B/TRAK1/UBE3A/VAMP2/WDFY3/YAP1/ZBTB20/ZFX/ZMIZ1/ZNF292",101
"C0023465","Acute monocytic leukemia","113/2069","633/21671",0.178515007898894,1.86979155929286,7.21563118759163,3.98421055447776e-11,1.09695277091159e-07,8.68662748522322e-08,"VIM/HAVCR2/RGS2/GAS7/DERL3/CD74/GLI3/MLLT11/RUNX1T1/FGFR1/TIAM1/IL6ST/LATS2/CD38/GLIS2/HIP1/CTSB/EFS/GEM/MYH11/MITF/VCAM1/TWIST2/MEIS1/SPARC/HOXB2/CCL2/FLNA/MMP2/VEGFC/NFATC1/ELN/LILRB2/AKR1B1/CTSK/RORA/LCP2/ABCC2/CDH2/MTHFR/ABCC3/AKAP13/ATG7/BCL2L11/BCLAF1/BRIP1/CADM1/CASR/CD47/CD6/CEBPA/CIRBP/CLEC12A/CSNK1A1/CTDSPL/CXCL9/CYP3A4/DICER1/DKK1/DNMT3A/EBF3/EGFR/EIF4B/FANCB/FANCC/FANCM/FLT1/FOXP3/HDAC4/IKBKE/IL3RA/INPP4B/INPP5D/IRF3/KAT6A/KDM5B/KDM6B/KMT2A/LAMP2/LRP1/MAPK8/MCL1/MYB/NCAM1/NCOA2/NFE2L2/NSD1/PARP9/PBK/PIGN/PIK3CD/PLA2G4A/PML/PRDX2/PRKAA2/PRKAR1A/PSMB9/RREB1/SATB1/SLX4/SMAD4/SMAD5/SOCS3/SOX6/STAT5B/TFRC/UBE2I/WNK1/WT1-AS/XIAP/ZC3H15/ZMYM2/LILRB4",113
"C0042373","Vascular Diseases","119/2069","688/21671",0.17296511627907,1.81166120584037,7.02901914628661,9.53886132152219e-11,2.10102959467848e-07,1.66377823260655e-07,"VIM/AOC3/COL4A1/IGFBP5/PDE5A/CLU/VWF/FLI1/ICAM1/AGTR1/CYBB/POSTN/ATXN1/JAK3/TGFBR1/DKK3/IL6ST/EDNRA/SERPINE1/ACKR3/PKD2/AXL/TNC/KCNMA1/ACTA2/MYLK/DCN/CAV1/GBP1/NEXN/VCAM1/NR3C1/SYNPO2/MYL9/ANTXR1/F2R/HTRA1/MYOCD/CCL2/FLNA/PDPN/MGP/MMP2/FBXO32/CFH/FSTL1/PDGFC/THBS1/LOXL1/EFEMP2/ELN/PRKCB/AKR1B1/CDH5/CCDC88A/THBD/MTRR/MTR/CTLA4/MTHFR/ABI2/ADRA1A/ANGPT2/BACE1/BHMT/CADM1/CASR/CD47/CDC42/CHDH/CPB2/DENR/DKK2/DMD/DNM2/DNMT3A/EGR1/EHMT1/ESM1/F5/FCN2/FGB/FOSL2/HDAC4/HMGA1/IL24/IRF3/JUNB/KALRN/KDM6B/KLK3/LAD1/LAMP2/LIPG/LMNA/LPAR2/LPL/LRP6/NFE2L2/PAWR/PCSK9/PDE4A/PDE4D/PIK3CD/PRDX2/PRKAA2/PRKAR1A/PRKCA/PROC/PTEN/PTGS2/RAC1/SMAD4/SMPD1/SRF/STAT1/STAT5B/TGFA/TRPC1",119
"C0220611","Childhood Rhabdomyosarcoma","96/2069","517/21671",0.18568665377176,1.94490839723916,7.06477343312319,1.35698292290068e-10,2.49074215498419e-07,1.97238658179511e-07,"VIM/EPHA3/ST8SIA4/PECAM1/ICAM1/GLI3/SMARCA1/TGFBR1/TRAC/FGFR1/IL6ST/SERPINE1/CCL5/ACKR3/RPS6KA2/PTPRC/EFS/CAV2/TNC/CAV1/SERPING1/TWIST2/MEF2C/F2R/DES/CCL2/SERPINF1/MMP2/CFH/PDGFC/SLFN11/IGFBP6/RRM2/ABCC3/ARRB1/ATP2B1/CD47/CDC42/CEP164/CETN1/CHPT1/CIITA/COIL/CYP2B6/DICER1/DMD/DYRK1B/EGFR/EGR1/EIF3K/EML4/EPOR/ERBB2/ERBB3/ETV7/EWSR1/FLT1/HDAC4/HES1/HES6/IL24/ILK/ITGA2/KIDINS220/LMO4/MAPK14/MAPK8/MCL1/MEF2D/MIB1/MYCN/NCOA2/NFE2L2/PAK1/PDLIM5/PIK3CD/PLIN5/PLK1/PNPLA2/PPP1R12A/PTEN/PTGS2/RBPJ/SMAD4/SMARCA4/SOX11/SPRY1/SPRY4/SUFU/SUZ12/TANC1/TBX3/TFRC/WNK1/XIAP/YAP1",96
"C0279550","Adult Rhabdomyosarcoma","94/2069","509/21671",0.18467583497053,1.93432093748012,6.93004613617634,2.85806082438809e-10,3.97295639828621e-07,3.14613292040519e-07,"VIM/EPHA3/ST8SIA4/ICAM1/GLI3/SMARCA1/TGFBR1/TRAC/FGFR1/IL6ST/SERPINE1/CCL5/ACKR3/RPS6KA2/PTPRC/EFS/CAV2/TNC/CAV1/SERPING1/TWIST2/MEF2C/F2R/DES/CCL2/SERPINF1/MMP2/CFH/PDGFC/SLFN11/IGFBP6/RRM2/ARRB1/ATP2B1/CD47/CDC42/CEP164/CETN1/CHPT1/CIITA/COIL/CYP2B6/DICER1/DMD/DYRK1B/EGFR/EGR1/EIF3K/EML4/EPOR/ERBB2/ERBB3/ETV7/EWSR1/FLT1/HDAC4/HES1/HES6/IL24/ILK/ITGA2/KIDINS220/LMO4/MAPK14/MAPK8/MCL1/MEF2D/MIB1/MYCN/NCOA2/NFE2L2/PAK1/PDLIM5/PIK3CD/PLIN5/PLK1/PNPLA2/PPP1R12A/PTEN/PTGS2/RBPJ/SMAD4/SMARCA4/SOX11/SPRY1/SPRY4/SUFU/SUZ12/TANC1/TBX3/TFRC/WNK1/XIAP/YAP1",94
"C0151650","Renal fibrosis","102/2069","570/21671",0.178947368421053,1.87432016483936,6.87251841934206,3.13902490361078e-10,3.97295639828621e-07,3.14613292040519e-07,"VIM/RGS2/CYGB/IL18BP/CLU/ICAM1/GLI3/AGTR1/CYBB/SMARCA1/POSTN/TGFBR1/DKK3/NREP/IL6ST/SLIT2/EDNRA/SERPINE1/GJA1/PTPRC/GLIS2/PKD2/WWTR1/EFS/TNC/FERMT2/DCN/C1R/ANGPTL2/TWIST2/ZEB2/DES/MYOCD/CCL2/PLEKHO1/GLIPR2/SERPINF1/MMP2/LGALS1/MSN/THBS1/C3/ELN/RTN1/CDH1/ACLY/ADAM10/AKT2/ANGPT2/APRT/ARRB1/CASR/CUL3/DENR/DNMT3A/DOT1L/EGFR/EGR1/EHMT1/ERBB2/FOXP3/HDAC4/HSPD1/ICAM3/ILK/ITGA2/JUNB/LINC00667/MAPK14/MAPK8/NFE2L2/NFKB1/PDE4A/PIK3CD/PLA2G4A/PLD4/PRKAA2/PRKCA/PTEN/PTGES/PTGS2/PTPN6/RAC1/RGCC/RNF111/SH2D1A/SKIL/SMAD4/SMURF2/SOCS7/SRF/STAT1/STX2/TCF3/TERF2IP/TFAM/TFRC/TGFB3/TRIM69/TRPC1/XPR1/YAP1",102
"C0007787","Transient Ischemic Attack","71/2069","344/21671",0.206395348837209,2.1618142120112,7.05684421382947,3.24676360524615e-10,3.97295639828621e-07,3.14613292040519e-07,"HAVCR2/COL3A1/CD74/VWF/ICAM1/PAPPA/CYBB/ADARB1/TGFBR1/FGFR1/SERPINE1/GJA1/CTSB/PRKG1/MFAP5/ACTA2/MYLK/CAV1/ITPR1/MYH11/ANK2/HTRA1/LTBP1/CCL2/SERPINF1/MMP2/THBS1/ADAMTS1/C3/ELN/THBD/MTHFR/BACE1/CADM1/CAMK2A/CBX5/CEBPA/CREB1/ELK1/F5/GATA3/GATA4/HNRNPAB/HSPA5/ILK/ITGB3/LMNA/MBD1/MECP2/MYB/NEFL/NFE2L2/NFKB1/NRXN1/PAWR/PBK/PCSK9/PDE4D/PIK3CD/PPP1R9A/PROC/PTEN/PTGS2/RRAD/SMAD4/SMPD3/TCF7L2/TGFB3/TIAL1/WNK1/WNK2",71
"C0423798","Increased tendency to bruise","38/2069","133/21671",0.285714285714286,2.99261202789477,7.48868202017623,3.88464292105009e-10,4.07784135136924e-07,3.22918996172888e-07,"COL3A1/VWF/TGFBR1/PRKG1/C1S/MFAP5/ACTA2/MYLK/C1R/MYH11/FLNA/AEBP1/COL1A2/WIPF1/ELN/ADAMTS2/ATP7B/ATP7A/ANKRD26/ATRX/CLCN7/F5/FANCC/GGCX/GSN/IRF2BP2/ITGA2/ITGB3/LYST/NFIX/PML/PRKACA/PRKAR1A/PRKCD/SIK3/STAT5B/TBXA2R/TGFB3",38
"C0205682","Waist-Hip Ratio","101/2069","565/21671",0.178761061946903,1.8723687643554,6.82622930032842,4.07302777309195e-10,4.07784135136924e-07,3.22918996172888e-07,"COL4A1/ITGBL1/PDE5A/TCEA2/ITGA11/LAMA4/PCSK5/TTC28/DLC1/MN1/SGCD/MCC/SETBP1/TSHZ2/FGFR1/NID1/MIR100HG/TIMP2/GPC6/MYH11/CYBRD1/HSD17B6/TWIST2/PHLDB2/MEIS1/MEIS2/COL6A2/VEGFC/JAZF1/PDGFC/LOXL1/COL8A1/RORA/ABCA1/ADAMTS9/ADAMTS9-AS2/ADCY5/AFF3/ATG7/ATP2B1/BCL2L11/CIITA/CMIP/CNTLN/CPEB3/DOT1L/EZH1/FAM3C/HLA-C/HMBS/HOXA11-AS/IGF2BP2/IL17RD/IQCH/ITGB8/KIF9/L3MBTL3/LAMB1/LGR4/LPL/MAST4/MMP16/MRAS/MYO9B/NCAM1/NPAS2/NRXN3/NSD1/NUP85/OPRL1/PBX1/PML/PNPLA2/PPP2R1B/PSME3/PTPRG/RAB11B/RBPJ/RREB1/SCN4A/SIK3/STAB1/STAT5B/STX7/TAOK2/TBX18/TCF7L2/TNRC6B/TOMM40/TRAF3/TRIM33/TRIP11/TTC12/WNK1/WSCD2/WWP2/ZMIZ1/ZMYM4/ZNF268/ZNHIT3/PDZRN4",101
"C4476540","Dilatation of the cerebral artery","15/2069","26/21671",0.576923076923077,6.04277428709521,8.35866494879698,1.32479164760006e-09,1.1287865023343e-06,8.93871469778747e-07,"COL3A1/COL4A1/TGFBR1/PRKG1/MFAP5/ACTA2/MYLK/MYH11/ELN/FARSB/GGCX/PCNT/PRKAR1A/STAT1/TGFB3",15
"C0040420","Tonometry","49/2069","206/21671",0.237864077669903,2.49142214943667,6.98760361675876,1.3794991112339e-09,1.1287865023343e-06,8.93871469778747e-07,"COL4A1/ADAM12/TFEC/PCSK5/TCF4/DLC1/CAV2/FERMT2/EFEMP1/ANGPTL2/TNS1/COL8A2/GLT8D2/ANTXR1/LTBP1/COL6A1/THBS4/FBXO32/CDH11/ADAMTS2/EMCN/ADAMTS8/AFF3/AKAP13/ANGPT2/ARHGEF12/BRD3/CHRNE/EFHC1/FER/GMDS/HDLBP/HIVEP3/KALRN/LPP/MCPH1/NPAS2/NPAS3/NPHP3/PARD3B/PKN2/RALGPS1/RARB/SH3PXD2A/SLC25A22/SOS2/TCF7L2/TRAM2/ZNF516",49
"C1854301","Motor delay","75/2069","384/21671",0.1953125,2.04573087844369,6.717192938671,1.43854698595162e-09,1.1287865023343e-06,8.93871469778747e-07,"TPM2/TCF4/TUSC3/SETBP1/PMP22/SYNE1/EGR2/COL12A1/TUBA1A/ITPR1/ZEB2/MEF2C/COL6A2/DES/SPARC/COL6A1/FLNA/NDN/MPDZ/ADAMTS2/RORA/COL13A1/ACADSB/AGRN/ARID2/ATP6AP2/ATP6V0A2/CANT1/CC2D1A/CHRNE/COQ7/COX20/CUL4B/DMD/DNM2/DYNC1H1/EARS2/EPG5/FA2H/GLE1/HELLS/HGSNAT/KDM5B/LAMA2/LMAN2L/LMNA/MECP2/MED13/MED23/MED25/MTMR14/MYH3/MYO9A/NEFL/NFIX/PAK1/PBX1/PDK3/PLAGL1/PNKP/PNPLA2/POMT1/POMT2/PTEN/RAC1/SCN11A/SCN4A/SCN8A/SLC25A1/SOX5/SPR/SUFU/TRIP11/TRMT10A/UBE3A",75
"C0013274","Patent ductus arteriosus","92/2069","510/21671",0.180392156862745,1.88945308427866,6.60388570830176,1.53743734995137e-09,1.1287865023343e-06,8.93871469778747e-07,"CHST15/VWF/GLI3/AGTR1/SMARCA1/MAP1B/DLC1/RAB23/TGFBR1/SLIT2/GJA1/CYP1B1/PRKG1/PTGIS/AXL/TNC/MFAP5/DCLK1/ACTA2/MYLK/RECK/MASP1/MYH11/ZEB2/KCNJ8/SPARC/MYOCD/CCL2/FLNA/DACT1/MMP2/LGALS1/NFATC1/PALLD/DTNA/ELN/CTLA4/UMPS/MTHFR/ABCC9/AFF4/BRIP1/CASR/CDC42/CHRNA4/CTU2/DHCR7/DNMT3A/DYNC2LI1/ELAVL1/ERBB2/ERBB3/FANCB/FANCC/FANCM/GATA4/GLS/KAT6A/LGALS9/LIMK1/LMNA/MSLN/MYCN/NEDD4L/NFIX/NPHP3/NSD1/PCNT/PIGN/PIK3CD/PLAGL1/PRDM6/PRKAR1A/PTEN/PTGES/PTGS2/RAC1/RARB/RREB1/SIK3/SLC8A1/SLX4/SMAD4/SMARCA4/STAT1/SUFU/TBL2/TGFB3/TMTC3/TRIP11/USP22/VPS33A",92
"C0035412","Rhabdomyosarcoma","99/2069","565/21671",0.175221238938053,1.83529215516025,6.53610722536874,1.83181378388125e-09,1.26086032511776e-06,9.98459026280008e-07,"VIM/EPHA3/ST8SIA4/ICAM1/GLI3/SMARCA1/TGFBR1/TRAC/FGFR1/IL6ST/SERPINE1/CCL5/ACKR3/RPS6KA2/PTPRC/EFS/CAV2/TNC/CAV1/SERPING1/TWIST2/MEF2C/F2R/DES/CCL2/SERPINF1/MMP2/CFH/PDGFC/SLFN11/IGFBP6/CCDC88A/RRM2/ANGPT2/ARRB1/ATP2B1/CD47/CDC42/CEP164/CETN1/CHPT1/CIITA/COIL/CYP2B6/DICER1/DMD/DYRK1B/EGFR/EGR1/EIF3K/EML4/EPOR/ERBB2/ERBB3/ETV7/EWSR1/FLT1/HDAC4/HES1/HES6/IL24/ILK/ITGA2/KIDINS220/LMO4/MAPK14/MAPK8/MCL1/MEF2D/MIB1/MYCN/NCOA2/NFE2L2/NFKB1/PAK1/PDLIM5/PGP/PIK3CD/PLIN5/PLK1/PNPLA2/PPP1R12A/PTEN/PTGS2/RBPJ/RGS5/SMAD4/SMARCA4/SOX11/SPRY1/SPRY4/SUFU/SUZ12/TANC1/TBX3/TFRC/WNK1/XIAP/YAP1",99
"C0030297","Pancreatic Neoplasm","124/2069","764/21671",0.162303664921466,1.69999164935384,6.39960526902663,2.32565540841434e-09,1.50661429487454e-06,1.1930684246881e-06,"CHST15/RDX/APOC1/SORBS2/FLI1/ICAM1/POSTN/ITGA1/TGFBR1/DKK3/TIAM1/IL6ST/SLIT2/SERPINE1/CTSB/WWTR1/GEM/AXL/DCLK1/EFEMP1/DCN/CAV1/NRP2/RECK/TAGLN/MITF/VCAM1/F2R/SPARC/CCL2/SPARCL1/MMP2/VEGFC/LGALS1/NFATC1/MSN/PALLD/THBS1/LUM/ABCC2/MTRR/ERCC1/MTR/UMPS/MTHFR/CDH1/TYMS/ABCC3/ACVR1B/AKT2/ALDH1A1/ATRX/BRIP1/CACYBP/CD47/CEBPA/CFLAR/CHMP1A/CHPT1/CLPTM1/CSPG4/CYP2B6/DENR/DNM2/EGFR/EHMT1/EI24/ERBB2/EWSR1/FANCC/FLT1/FLT3LG/GATA3/GATA4/GIPC1/GLS/GSN/HES1/HSPA5/IGF2BP2/IHH/IKBKE/IL24/ILK/ITGA2/ITGB1/KDM5B/KMT2A/LMO4/MAPK14/MAPK8/MBD1/MCPH1/MGAT4B/MSLN/NCAM1/NFE2L2/NFKB1/NTRK3/OAZ1/OGFR/PAWR/PIK3CD/PLK1/PMS1/PRKAR1A/PRKCD/PTEN/PTGS2/RAC1/RAD51D/RPAIN/SKIL/SLC6A2/SMAD4/STK11/TERF2IP/TFRC/TGFA/TRIM33/WNK1/XIAP/ZFR/LILRB4",124
"C0153690","Secondary malignant neoplasm of bone","109/2069","647/21671",0.168469860896445,1.76457726219761,6.414685274575,2.75247029156031e-09,1.68405307338632e-06,1.33357990441972e-06,"VIM/PDLIM3/ITGBL1/PECAM1/ICAM1/PCDH7/POSTN/DLC1/TGFBR1/PMP22/FGFR1/IL6ST/EDNRA/SERPINE1/GJA1/ACKR3/CTSB/WWTR1/AXL/TNC/MFAP5/DDR2/TIMP2/DCN/ANGPTL2/VCAM1/TWIST2/ZEB2/DPYSL3/ANTXR1/F2R/SPARC/CCL2/TACR2/MMP2/MCAM/A2M/ADAMTS1/CDH11/ELN/CTSK/ITGA4/CDH1/ADAM9/ADRA1A/ALDH1A1/ANGPT2/ARHGAP1/ARNT/ATG7/CASR/CCL22/CFLAR/CNTN1/CREB1/DKK1/EGFR/EGR1/EGR4/EML4/ERBB2/ERBB3/FLT1/FUT6/GLG1/IFIT3/IL24/ITGA2/KLK3/LAMP2/LARP6/LMNA/LPAR2/MAPK14/MAZ/MCL1/MYB/MYCN/NACC1/NPNT/NTRK3/OCLN/PGLS/PIK3CD/PPM1A/PRDX2/PSMB9/PTEN/PTGES/PTGS2/RAI2/RNH1/ROR1/RPAIN/RPLP2/SATB1/SMAD4/SMAD5/SMURF2/SOX5/SREBF2/SRF/TACR1/TGFA/TOP3A/TOX3/TRAF3/WDR20/YAP1",109
"C0026848","Myopathy","107/2069","634/21671",0.168769716088328,1.76771798808611,6.37402775944863,3.48908824666138e-09,2.02238572949904e-06,1.60150117028197e-06,"AOC3/COL4A1/HSPB8/TPM2/SAMD4A/LAMA4/ADARB1/SGCD/AP1S2/SYNE1/CD38/CALD1/CTSB/COL12A1/LDB3/DCN/CAV1/CFL2/PLN/FHL1/NEXN/SYNM/CRYAB/MYL9/CAP2/COL6A2/DES/SPARC/COL6A1/FLNA/MMP2/FBXO32/THBS1/DTNA/ELN/LAMB2/AKR1B1/ATP7A/ABCC9/ACTN1/ADCY5/CD2AP/CHRNA4/CHRNE/CNTN1/COX4I1/CUL3/CYP2B6/CYP3A4/DDX5/DMD/DNM2/DYNC1H1/EPG5/FXR1/GATM/GFM2/HEXIM1/HLA-C/HSPA5/IBA57/IRF2BPL/KIF21A/KLF10/KY/LAMA2/LAMP2/LIMK1/LMNA/LMNB2/LPL/MTMR14/MYH3/MYO6/NCAM1/OBSL1/PAK1/PAK2/PART1/PCSK9/PDLIM5/PHKA1/PNPLA2/POMT1/POMT2/PRKACA/PRKAR1A/PRKCA/PRKCD/PSEN2/PTEN/PTGS2/PTPN6/ROR1/SCN4A/SET/SGCB/SMAD4/SMARCA4/SMCHD1/SPTAN1/TBL2/TFAM/TPM1/UBA1/ULK2/ZBTB20",107
"C0019294","Hernia, Inguinal","51/2069","225/21671",0.226666666666667,2.37413887546319,6.73144409200178,3.7837132455206e-09,2.08350169864592e-06,1.64989811784938e-06,"COL3A1/FLI1/GLI3/SETBP1/TGFBR1/FGFR1/AP1S2/PRKG1/C1S/MFAP5/ACTA2/EFEMP1/TIMP2/MYLK/C1R/MYH11/MEIS2/FLNA/MMP2/AEBP1/COL1A2/EFEMP2/ELN/ADAMTS2/ATP7A/ATP6V0A2/ATRX/CC2D2A/CLCN4/CUL4B/EHMT1/FANCB/FARSB/IDS/KDM5B/LIMK1/MBTPS2/MYH3/NALCN/NSD1/RREB1/SMAD4/SMCHD1/SUFU/SUZ12/TBL2/TBX3/TGFB3/TMEM67/UBA1/WT1-AS",51
"C0007193","Cardiomyopathy, Dilated","91/2069","512/21671",0.177734375,1.86161509938376,6.41003234428515,4.04378706378552e-09,2.12067747302238e-06,1.67933713400817e-06,"PDLIM3/JPH2/TPM2/IL18BP/AGTR1/LAMA4/POSTN/SGCD/HSPB7/SYNE1/EDNRA/SERPINE1/GJA1/YME1L1/CTSB/LDB3/AXL/TIMP2/MYLK/PLN/MFGE8/NEXN/HSPB6/CNN1/SYNM/CRYAB/HOPX/CAP2/DES/MYOCD/CCL2/FBXO32/COX7A1/HLA-DQB1/CDH2/CTLA4/AXIN2/ABCC9/ADCY5/CASR/CSRNP1/DENR/DICER1/DMD/DNTT/EGFR/EPG5/ERBB2/ESRRB/FXR1/GAB1/GATA4/GRK5/GSN/HAMP/HFE/HLA-G/HSPD1/ILK/ITGB1/LAMA2/LAMP2/LIMS2/LMNA/LPL/LPP/NCAM1/NDUFAB1/NDUFAF3/NFKB1/NRAP/OPA3/PDLIM5/PIK3CD/POMT2/PRKAR1A/PRKCA/PSEN2/RAC1/RGCC/RNF111/RPS6KB1/SGCB/SLC6A2/SLC8A1/SRF/TCF7L2/TPM1/UFL1/WWP2/YAP1",91
"C0392885","High density lipoprotein measurement","95/2069","545/21671",0.174311926605505,1.825767888578,6.34318112502687,5.1155618617875e-09,2.56080376290299e-06,2.02786746530667e-06,"COL4A1/RDX/APOC1/ICAM1/IL2RB/SGCD/TGFBR1/TRPS1/IL6ST/AXL/TAGLN/NR3C1/MEIS1/GNG2/MYOCD/GIMAP6/PDGFC/ATP1A2/IL10RA/RORA/THBD/ABCC2/TYMS/ABCA1/ADCY5/ADRA1A/AGPAT5/ARHGEF28/ARNT/ARRB1/ATG7/ATP2A2/ATP2B1/CADM1/CD300LG/CEP164/CEP68/CMIP/CNTLN/CUBN/CYP2B6/DAGLB/DHCR7/DR1/F5/FANCB/FANCM/GFOD2/GREB1/HMBS/IL17RB/INPP4B/IRF3/KPNB1/LIPG/LPL/LRP1/MED23/MEFV/NAA25/NCAM1/NCOA2/NFATC3/NFIC/NFKB1/NSD1/NUCKS1/OSBP2/PER3/PLCL1/PLTP/POLK/PSMB10/PTEN/SARM1/SBNO1/SCARB1/SIK3/SLC2A5/SLC46A1/SMAD4/SMPD3/SOX6/STAB1/TBL2/TCF7L2/TIRAP/TOMM40/TP53BP1/TRAM2/TTBK2/TUBGCP4/ZCCHC8/ZNF652/FPR3",95
"C0553580","Ewings sarcoma","91/2069","517/21671",0.176015473887814,1.84361108488295,6.30740630285757,6.61308870251322e-09,3.11018562631853e-06,2.46291587588343e-06,"VIM/MMP11/EPHA3/FLI1/PAPPA/TCF4/HLA-DOA/FGFR1/CD38/EDNRA/LMO3/GJA1/EGR2/ACKR3/ETV1/PTPRC/AXL/TNC/CAV1/NR3C1/MEIS1/MCAM/SLFN11/CDH11/RASSF2/PRIMA1/PRKCB/CDH2/CTLA4/ABCC3/AKT1S1/ALDH1A1/ARHGAP1/CACUL1/CASR/CD6/CDC42/CHPT1/CSE1L/DDX3X/DKK2/E2F4/EGFR/EGR1/ERBB2/ERN1/EWSR1/GAB1/GATA3/GLG1/HES1/HLA-B/HLA-C/HLA-G/IHH/ILK/JUNB/KIDINS220/KLK3/KMT2A/LPP/LRP1/MAPK14/MAPK8/MCL1/MRPL41/MYCN/NCAM1/NTRK3/PAK1/PBK/PGP/PIK3CD/PIK3R3/PLK1/PPP1R1A/PRKAR1A/PRKCA/PTEN/PTGS2/RAC1/RHOV/ROR1/SET/SPRY1/STAG2/SUZ12/XIAP/YAP1/ZBTB4/ZYX",91
"C0428472","Serum HDL cholesterol measurement","59/2069","283/21671",0.208480565371025,2.18365506629071,6.51167624886906,6.77784936272085e-09,3.11018562631853e-06,2.46291587588343e-06,"COL4A1/APOC1/ICAM1/IL2RB/SGCD/TGFBR1/TRPS1/IL6ST/NR3C1/MYOCD/ATP1A2/IL10RA/RORA/THBD/ABCC2/TYMS/ABCA1/ADRA1A/ARNT/ARRB1/ATG7/ATP2A2/CADM1/CMIP/CUBN/CYP2B6/DAGLB/DHCR7/F5/FANCM/GFOD2/HMBS/IL17RB/IRF3/LIPG/LPL/LRP1/MED23/MEFV/NCAM1/NFATC3/NFKB1/OSBP2/PER3/PLTP/PSMB10/PTEN/SBNO1/SCARB1/SIK3/SLC2A5/SMAD4/SMPD3/SOX6/STAB1/TBL2/TIRAP/TOMM40/FPR3",59
"C0038379","Strabismus","116/2069","716/21671",0.162011173184358,1.69692804933698,6.16112657516284,8.57393057036306e-09,3.77698789485634e-06,2.9909479905456e-06,"FRMD4A/FLI1/TCF4/FGFR1/AP1S2/SYNE1/GJA1/CYP1B1/YME1L1/AXL/MITF/TWIST2/ZEB2/MEF2C/ANTXR1/FLNA/DACT1/MAB21L2/MPDZ/CDH11/ELN/BCHE/LAMB2/MYO5A/ACOX1/ACTL6B/ADAT3/ALG3/AP4E1/AP4S1/ARID2/ARL3/ATP6V0A2/ATP8A2/BRIP1/CABP4/CACNA1G/CAMK2A/CC2D2A/CCDC28B/CDC42/CEP290/CHRNE/CLCN4/DHCR7/DYNC1H1/DYNC2LI1/EBF3/EHMT1/FA2H/FANCB/FANCC/FANCM/GATA4/GGCX/GNAO1/GNAT1/GPR143/HOOK2/HSPD1/KAT6A/KDM5B/KIF21A/KMT2A/LIMK1/LYST/MAP2K2/MECP2/MED25/MID2/MRAS/MYH3/NALCN/NDUFAF3/NDUFS7/NEDD4L/NFIX/NHLRC2/NRXN1/NSD1/PBX1/PNKP/POMT1/POMT2/PPP2R5D/PRKAR1A/PRMT7/PTEN/RAB11B/RBPJ/RNF111/RNH1/RREB1/SCN4A/SLC25A22/SLX4/SMAD4/SMARCA4/SOS2/SOX11/SOX4/SOX5/SUFU/TBL2/TCF12/THOC2/TMEM67/TRAPPC6B/TRIP11/TUBGCP4/UBA1/UBE3A/UBR1/VLDLR/YAP1/CDON",116
"C1449563","Cardiomyopathy, Familial Idiopathic","123/2069","773/21671",0.159120310478655,1.6666487425727,6.13188437977711,8.96857613325074e-09,3.79146749234335e-06,3.00241419700781e-06,"VIM/PDLIM3/JPH2/CLU/PECAM1/AGTR1/RBMS3/CYBB/POSTN/TCF4/SGCD/FGFR1/PRKD1/SOX7/HSPB7/SYNE1/EDNRA/SERPINE1/GJA1/ACKR3/PTPRC/CTSB/PRKG1/LDB3/AXL/ACTA2/TIMP2/MYLK/CFL2/PLN/HSPB6/CNN1/CRYAB/HOPX/MEF2C/KCNJ8/CAP2/DES/MYOCD/CCL2/PDPN/SERPINF1/MMP2/FBXO32/HLA-DQB1/THBS1/EFEMP2/ELN/LUM/CTSC/CDH5/PCDH17/CTLA4/RRM2/AXIN2/CDH1/ABCC9/ADAM10/ADAMTS8/ADAMTS9-AS2/AKT2/ANGPT2/ATP2A2/ATP6AP2/BTNL9/CACYBP/CASR/CHPT1/COX4I1/CSRNP1/DBT/DMD/DNTT/DOT1L/EGFR/ERBB2/ESRRB/FANCC/FOXP3/FXR1/GAB1/GATA4/GNAO1/HDAC4/HFE/HLA-C/HLA-G/ITGB1/KLK3/LAMP2/LMNA/LRP6/MAPK14/MAPK8/MECP2/NCAM1/NFE2L2/NFKB1/NPTXR/PDLIM5/PIK3CD/PNPLA2/PPP1R1A/PRKAA2/PRKCD/PSEN2/PTEN/PTGS2/RAC1/RGCC/SCN2B/SFXN1/SLC6A2/SMAD4/SMARCA4/SOCS3/SPRY1/SRF/TCF7L2/TPM1/YAP1/ZYX/HLA-DPA1",123
"C0242383","Age related macular degeneration","112/2069","685/21671",0.163503649635036,1.71256045975876,6.15689404158256,9.29534389296926e-09,3.79146749234335e-06,3.00241419700781e-06,"VIM/AOC3/FILIP1L/PDE5A/CLU/VWF/ICAM1/AGTR1/POSTN/HMCN1/SGCD/TGFBR1/FGFR1/IL6ST/IGFBP7/SERPINE1/GEM/TNC/EFEMP1/TIMP2/CAV1/FHL1/SERPING1/ANGPTL2/MASP1/MFGE8/RGS10/ZEB2/CRYAB/HTRA1/CCL2/SERPINF1/MMP2/VEGFC/CFH/LGALS1/HLA-DQB1/THBS1/C3/LOXL1/FNDC1/ELN/COL8A1/STC1/RORA/MYO5A/THBD/ABCA1/ACAD10/ADAMTS9-AS2/AKT2/ANGPT2/ARIH2/ARNT/ATG7/ATP6AP2/CCL22/CDH7/CGRRF1/CXCL9/DICER1/DKK1/DMD/FCN2/FLT1/FTCD/FUT6/GRK5/HAMP/HLA-B/HLA-C/HLA-G/KCNT2/KIDINS220/LAMP1/LAMP2/LPL/LRP6/MAP2/MAPK14/MAPK8/MEFV/MFSD8/NCAM1/NFE2L2/OSBP2/PEA15/PIK3CD/PLEKHA1/PLTP/PNPLA2/PPP1R11/PRPH/PTEN/RGR/RREB1/SCAF11/SCAPER/SCARB1/SET/SLC11A2/SPG11/SRM/SYCE1/TEP1/TFRC/TOMM40/UNG/VLDLR/XIAP/XPR1/PILRA",112
"C0025500","Mesothelioma","96/2069","560/21671",0.171428571428571,1.79556721673686,6.19692154479776,1.01023721410342e-08,3.97347944247179e-06,3.14654711234845e-06,"VIM/HAVCR2/FYN/GJC1/CD74/ICAM1/ZNF667-AS1/FGFR1/EDNRA/SERPINE1/GJA1/ACKR3/WWTR1/AXL/TNC/DCLK1/EFEMP1/GBP1/MITF/VCAM1/ZEB2/F2R/HTRA1/CCL2/PPP1R14A/PDPN/SDC2/MMP2/VEGFC/MCAM/TFPI/GREM1/PDGFC/EFEMP2/PRKCB/ABCC2/ERCC1/CTLA4/SLC19A1/CDH1/TYMS/ABCC3/ABCA1/ABCA2/ACTR1A/ADAM10/ADRA1A/ALDH1A1/ANGPT2/APRT/ARHGEF3/CADM1/CASR/CFLAR/CSPG4/DKK1/EGFR/EGR1/ELAVL1/EPOR/ERBB2/ERBB3/EWSR1/FLT1/GATA3/GSN/HSPA5/IL24/ITGB3/LGALS9/LIMS2/LPAR2/MAPK14/MAPK8/MCL1/MSLN/NFE2L2/PAX8/PCGF5/PIK3CD/PLA2G4A/PPP1R12A/PRKAR1A/PRKCA/PRKCD/PTEN/PTGS2/SLC46A1/SOCS3/STAT1/TGFA/TNFRSF18/TUSC2/USE1/XIAP/YAP1",96
"C3203102","Idiopathic pulmonary arterial hypertension","123/2069","776/21671",0.158505154639175,1.66020551289781,6.08482830004046,1.12939876345431e-08,4.2889891661801e-06,3.39639519245697e-06,"VIM/JPH2/EPHA3/PDE5A/PECAM1/VWF/FLI1/LIPA/ICAM1/FGL2/AGTR1/POSTN/DLC1/TGFBR1/FGFR1/EDNRA/SERPINE1/CCL5/GJA1/PTPRC/CYP1B1/PTGIS/TNC/ACTA2/CAV1/PLN/FHL1/CLIC4/TAGLN/HTR2B/ACTG2/VCAM1/PDE1A/CCL2/FLNA/MGP/MMP2/FBXO32/CFH/MCAM/LGALS1/COL1A2/THBS1/ELN/LAMB2/CDH5/THBD/AXIN2/ABCA1/ADAMTS8/ADO/AKT1S1/ANGPT2/APEH/APRT/ARRB1/ATG7/BRAP/CASR/CD47/CHDH/CHPT1/CHST13/CLCN7/CPB2/CREB1/DENR/EGFR/EGR1/ELAVL1/ELK1/ERN1/FOSL2/FOXP3/GGCX/HAMP/HDAC4/HEXIM1/HLA-B/HLA-C/HMBS/HMGA1/ITGB1/ITGB3/LAMA2/LIMK1/LRP1/MAPK14/MCPH1/MEFV/NAAA/NFATC3/NFE2L2/NFIX/NFKB1/PAPOLA/PDAP1/PIGN/PIK3CD/PLA2G4A/PLK1/PPP1R1A/PRDX2/PRKAA2/PRKAR1A/PRKCD/PTEN/PTGS2/RBPJ/SBNO1/SBNO2/SKIL/SLC8A1/SMAD4/SOCS3/SPRED1/STAT1/STAT5B/TP53BP1/TRPC1/TUSC2/VAC14/WNK1",123
"C0029925","Ovarian Carcinoma","93/2069","539/21671",0.172541743970315,1.80722674411827,6.16565375207549,1.24252527217753e-08,4.56131027416373e-06,3.61204276490908e-06,"VIM/ADAM12/CLU/CHST15/AGTR1/PAPPA/DLC1/KIF26B/IGFBP7/SERPINE1/BNC2/AXL/EFEMP1/TIMP2/CAV1/ZEB2/F2R/SPARC/HTRA1/CCL2/MMP2/MCAM/LGALS1/PALLD/EFEMP2/CTSK/PCDH17/ABCC2/ATP7B/ERCC1/CDH1/TYMS/AKT2/ALDH1A1/BCL2L11/BOD1L1/CD47/CTBP2/DCLRE1C/DICER1/DKK1/DPP8/DPP9/EGFR/ERBB2/ERBB3/FLT1/HLA-G/HSD17B12/HSPA5/IL24/ILK/KLK3/KLK6/LIMK1/MAGI2-AS3/MAPK8/MCL1/MEF2D/MIB1/MSLN/NCAM1/NFKB1/OCLN/PAK1/PART1/PAX8/PCM1/PDLIM5/PDZRN3/PIK3CD/PMS1/PPP1R12A/PRDM2/PRKCA/PSD3/PTEN/PTGS2/RAB3GAP1/RAD51D/RGS5/RSF1/SCAF11/SMAD4/SMARCA4/SPAG9/STAT5B/STK11/SUFU/TNFRSF4/UBE2I/WT1-AS/XIAP",93
"C0018800","Cardiomegaly","56/2069","267/21671",0.209737827715356,2.19682381073923,6.39289967416244,1.30239970504439e-08,4.57167418507556e-06,3.62024981226503e-06,"AGTR1/POSTN/TGFBR1/AKT3/LATS2/CD38/CYP1B1/PRKG1/MFAP5/ACTA2/MYLK/CAV1/MYH11/HTR2B/VCAM1/KCNJ8/MYOCD/MMP2/A2M/LOXL1/ELN/ATP1A2/PRKCB/ABCC9/ATP2A2/COX5B/DMD/GAB1/GATA4/GSN/HAMP/HDAC4/HFE/KCNQ1/LAMP2/LIMK1/NEK9/NHLRC2/PLAGL1/PRKAA2/PRKAR1A/PRKCA/PRKCD/PSMB8/PTEN/RPS6KB1/RRAD/SLC8A1/SOX4/STK11/TBL2/TGFB3/TRPC1/TRPM4/VAC14/VLDLR",56
"C0202236","Triglycerides measurement","96/2069","563/21671",0.170515097690941,1.78599936300647,6.13920813470527,1.32837168730063e-08,4.57167418507556e-06,3.62024981226503e-06,"COL4A1/IL18BP/RDX/APOC1/TCEA2/VWF/ICAM1/AGTR1/IL2RB/JAK3/TGFBR1/MIR100HG/EDNRA/SERPINE1/BNC2/CTSB/TAGLN/HTR2B/VCAM1/MEIS1/MEF2C/ANGPTL1/GNG2/SPARC/PBX3/TFPI/COL1A2/C3/C1QC/HLA-DRA/ELN/TYMS/ABCC3/ABCA1/ADCY5/ARHGAP5/ARID2/ARRB1/ATP2A2/ATP2B1/BTN3A3/CADM1/CD300LG/CEP68/CMIP/CYP2B6/DHCR7/DR1/GATA4/GMIP/HLA-B/INPP4B/IRF3/ITGA2/ITGB3/KAZN/KCNQ1/KPNB1/LAD1/LPL/LRP1/MAU2/MYO9A/NFATC3/NPAS2/NPFF/NUCKS1/PCSK6/PCSK9/PLCB2/PLTP/POLK/PRMT7/RALGPS2/RPS6KB1/SCARB1/SCN2B/SIK3/SLC2A2/STAB1/SYN2/TBL2/TCF7L2/TGFB3/TIRAP/TOMM40/TP53BP1/TRAM2/TTBK2/TUBGCP4/UBR1/WNK1/WWP2/ZCCHC8/ZNF101/ZNF652",96
"C2316810","Chronic kidney disease stage 5","109/2069","666/21671",0.163663663663664,1.71423646943222,6.08243255593241,1.39460903408631e-08,4.65419069466439e-06,3.68559357174005e-06,"COL4A1/CLU/ST8SIA4/VWF/ICAM1/AGTR1/PAPPA/CYBB/POSTN/PRKD1/EDNRA/SERPINE1/CCL5/BNC2/GLIS2/PKD2/GEM/KCNMA1/TIMP2/CAV1/NR3C1/MEIS1/APOL3/RGMA/CCL2/MGP/MMP2/CFH/TFPI/WIPF1/HLA-DQB1/C3/LAMB2/PRKCB/RTN1/ABCC2/MTR/CTLA4/MTHFR/ABCC3/AFF3/ANGPT2/APOL4/APRT/ATP6AP2/C1QL1/CASR/CD151/CD2AP/CEP164/CEP290/CHDH/CHPT1/CPD/CREBRF/CUBN/CYP2B6/CYP3A4/DCDC2/DDC/DGKE/DMD/EGFR/EHMT1/EPOR/ESPN/F5/FGB/FLT1/FOXD3/FOXP3/GATA3/GNAO1/GSN/HAMP/HFE/HLA-B/HLA-G/ID2/KIDINS220/KLK3/KTN1/LINC00667/LMNA/LPL/MAMLD1/MECP2/NFE2L2/NFKB1/NPHP3/NUP85/PCSK9/PLCL1/PRKAA2/PTGES/PTGS2/RAC1/RHOV/RREB1/SARNP/SMARCA4/SREBF2/STAT1/TAP2/TCF7L2/TGFA/TMEM67/ZMIZ1/CD27",109
"C0014772","Red Blood Cell Count measurement","115/2069","717/21671",0.160390516039052,1.6799530561055,6.01540048785838,1.76149356930027e-08,5.70568490550112e-06,4.51825827295749e-06,"SORBS1/QKI/FRMD4A/PTPN14/OSMR/DLC1/ITGA1/TRPS1/NREP/EDNRA/SERPINE1/PTPRC/ZFPM2/AXL/TNS1/HSD17B6/MITF/ZEB2/UBE2E2/MEF2C/CYS1/CMTM3/RERG/ATP2B4/PBX3/PDGFC/RORA/ABCC2/MTHFR/AAK1/ADCY5/AFF3/AKAP13/AKAP8/ANKRD26/ARHGEF3/ARID2/BMP2K/BRD3/BRIP1/CC2D2A/CDC27/CEP164/CSPG4/CTBP2/CTDSPL/DNASE2/DOT1L/DR1/DST/DYNC2LI1/ECE2/EPB41L5/FAM222B/FARSA/FBXO21/GCDH/GMDS/GPATCH2L/HFE/HLA-B/HOOK2/IQCH/ITIH3/KAZN/KMT2A/L3MBTL3/LARP4B/LPP/MAP4K5/MAX/MLEC/MORN1/MSLN/MYB/MYO16/MYO9A/NAA25/NFIX/NFKB1/NOL4L/PBX1/PCBP1-AS1/PDAP1/PKN2/PML/POMT2/PPP1R21/RALGAPA1/RHOF/RREB1/SBNO2/SENP7/SGSM2/SMPD3/SOX6/SPATA6L/STXBP4/SUFU/TAF8/TFDP1/TFRC/TNRC6B/TNRC6C/TP53BP1/TPM1/TUBD1/USP49/VAC14/VLDLR/WIPI2/ZAN/ZNF641/ZRANB1/PDZRN4",115
"C0454644","Delayed speech and language development","95/2069","560/21671",0.169642857142857,1.77686339156252,6.051231608417,2.04690847253603e-08,6.38955793519416e-06,5.05980850316454e-06,"TUSC3/NLGN4X/FGFR1/PRKD1/GNB5/KCNMA1/ITPR1/MITF/TWIST2/MEF2C/MEIS2/SPARC/COL6A1/FLNA/NDN/RORA/CDH1/ACTL6B/AFF3/ALG13/ARID2/ATP6AP2/ATP6V0A2/ATRX/ATXN3/BRWD3/CAMK2A/CC2D1A/CCDC28B/CLCN4/CLN8/CUL4B/DDX3X/DMD/DNAAF1/DNMT3A/DYNC1H1/DYRK1A/EBF3/EHMT1/FA2H/GATM/GFM2/GLS/GRIN2D/HGSNAT/HOOK2/IRF2BPL/KAT6A/KDM5B/KIDINS220/KMT2A/LAMA2/LMAN2L/MECP2/MED13/MED23/MED25/MFSD8/MID2/MYO9A/NALCN/NFE2L2/NFIX/NSD1/PBX1/PDE4D/PIGG/POMT1/POU3F3/PRKAR1A/PRMT7/PTEN/RUSC2/SCN8A/SET/SGCB/SOBP/SOX5/SPG11/SPR/STAG2/STAT1/TENM3/THOC2/TRAK1/TRIP11/TRMT1/UBE3A/VAC14/VLDLR/WIPI2/ZMIZ1/ZMYND11/ZNF81",95
"C2363741","HIV-1 infection","112/2069","695/21671",0.161151079136691,1.68791930206439,5.98863810035095,2.08865963558512e-08,6.38955793519416e-06,5.05980850316454e-06,"HAVCR2/EPHA3/CD74/VWF/ICAM1/CYBB/IL2RB/DKK3/TIAM1/IL6ST/SLIT2/CD300A/CLEC4A/IGFBP7/CD38/CCL5/PTPRC/SLAMF7/CTSB/GEM/PLN/SERPING1/ZEB2/CCL2/LGALS1/GREM1/MSN/PDLIM7/SLFN11/HLA-DQB1/THBS1/LILRB2/PRKCB/ABCC2/CTLA4/CCL22/CD9/CDC42/CFLAR/CREB1/CUL5/CYP2B6/DDX3X/DNM2/EGR1/ERBB2/FCN2/FOXD3/FOXP3/GLS/HFE/HLA-B/HLA-C/HLA-F/HLA-G/HSPBP1/ICAM3/IL21R/IL24/INPP5D/INSIG1/INTS2/IPO7/IRF3/ITGB3/ITIH4/LAMP1/LGALS9/LIMK1/LMNA/MAP4/MAPK14/MAPK8/MCL1/MEFV/MYO10/NCAM1/NEFL/NFE2L2/PDZD8/PIK3CD/PIK3R3/PLK1/PLP2/PML/PRDM1/PRKCA/PTEN/PTGS2/RAB7A/RAC1/RNF115/RNH1/SCAF11/SET/SRY/STAT1/STOML1/TAF8/TAP1/TAP2/TCF3/TFRC/TIRAP/TNFRSF4/TNPO1/TOLLIP/TRIM33/XIAP/ZC3H15/CD27/HLA-DPA1",112
"C0016202","Flatfoot","58/2069","285/21671",0.203508771929825,2.13157979530751,6.24744356521843,2.26040688989054e-08,6.71022700794258e-06,5.31374220522199e-06,"TPM2/FLI1/GLI3/TCF4/TGFBR1/FGFR1/TRPS1/PRKG1/COL12A1/MFAP5/ACTA2/MYLK/MYH11/COL6A2/COL6A1/FLNA/PDPN/DACT1/MMP2/AEBP1/COL1A2/ELN/CTSC/ATP7A/ALG13/AP4E1/AP4S1/ATP6AP2/ATP6V0A2/ATRX/BRIP1/BRWD3/CANT1/CHMP1A/CLCN4/CUL4B/CUL7/DMD/EHMT1/FANCB/FANCC/FANCM/GATA4/GRIN2D/IL17RD/LIMK1/LMNA/MECP2/MID2/NSD1/RAB7A/SLX4/SPRY4/STAG2/TBL2/TGFB3/VLDLR/ZNF81",58
"C0002793","Anaplasia","92/2069","538/21671",0.171003717472119,1.79111723602624,6.03685738863515,2.31534210752581e-08,6.71022700794258e-06,5.31374220522199e-06,"VIM/CYGB/ICAM1/AGTR1/PAPPA/SMARCA1/POSTN/TGFBR1/DKK3/FGFR1/CD38/SERPINE1/GJA1/CALD1/WWTR1/TNC/MYLK/DCN/CAV1/TAGLN/MITF/ACTG2/TWIST2/ALDH1A3/CNN1/MEF2C/DES/MYOCD/CCL2/RBPMS2/MMP2/GREM1/THBS1/AKR1B1/CTLA4/AXIN2/CDH1/ANGPT2/ATG7/ATRX/CYP3A4/DDC/DDX5/DICER1/DOT1L/EGFR/ERBB2/ERBB3/GATA4/HES1/HSPA5/ID4/IPP/KLK3/LMO4/LRP6/MAPK14/MAPK8/MIB1/MYB/MYCN/NFE2L2/NFIC/NFKB1/PAX8/PLK1/PRDX2/PSME3/PTEN/PTGS2/RAC1/RAI2/SENP6/SH2D1A/SHQ1/SMAD4/SMARCA4/SNCA/SOCS3/SOX5/SRF/STRN/SUZ12/TCF3/TCF7L2/TFRC/TGFA/THOC2/TP53BP1/USP14/XIAP/YAP1",92
"C0432072","Dysmorphic features","79/2069","439/21671",0.17995444191344,1.88486839570138,6.08520200759324,2.44868970103739e-08,6.91472299423712e-06,5.47567993875702e-06,"COL4A1/TPM2/FLI1/TCF4/MAP1B/MN1/SETBP1/AKT3/PMP22/FGFR1/TRPS1/CD38/GJA1/TUBA1A/TWIST2/ZEB2/MEF2C/MEIS2/COL6A2/NDN/COL1A2/ELN/CTSK/EDIL3/ABCC9/ADCY5/AP4S1/ARID2/ATRX/CASR/CDC42/CHMP1A/CLN8/COX4I1/CUL3/CUL4B/DDX3X/DDX6/DHCR7/DICER1/DNMT3A/DSCAM/DYNC1H1/DYRK1A/EBF3/EHMT1/FBXL4/GLE1/INTS1/IRF2BPL/KDM6B/KMT2A/MECP2/MEFV/NRXN1/NSD1/PCNT/PIGN/PNPLA2/POU3F3/PPP2R5D/PTEN/RAB3GAP1/RBPJ/SCN8A/SMAD4/SMCHD1/SOX11/SOX5/SOX6/SPRED1/STAG2/THOC2/TMEM67/UBE3A/VLDLR/WDR20/ZBTB20/ZMYND11",79
"C0162871","Aortic Aneurysm, Abdominal","98/2069","586/21671",0.167235494880546,1.7516483371466,5.992888739573,2.54895249719483e-08,6.93667869372581e-06,5.49306637395216e-06,"VIM/COL3A1/ADAMTS5/PECAM1/VWF/ICAM1/AGTR1/CYBB/POSTN/HLA-DOA/TGFBR1/CD8A/SERPINE1/PTPRC/IGKC/CTSB/PRKG1/MFAP5/ACTA2/TIMP2/MYLK/DCN/CAV1/RECK/ANGPTL2/MYH11/TAGLN/VCAM1/GNG2/CCL2/FLNA/SERPINF1/SPARCL1/MMP2/MCAM/AEBP1/COL1A2/THBS1/ADAMTS1/C3/ELN/CTSC/CTSK/THBD/MTRR/TK1/DHFR/CTLA4/MTHFR/ABCA1/ABCC11/ACLY/ADAM10/ADAMTS8/ANGPT2/APRT/ATG7/CASR/CPB2/DNMT3A/E2F4/EGFR/EGR1/EHMT1/FLT1/FOXP3/HES1/HLA-B/HLA-G/HSPA5/HSPD1/JUNB/KAT6A/LRP1/MAPK14/MAPK8/MYO9B/NFE2L2/NKTR/PCSK9/PIK3CD/PPP1R12A/PRDX2/PRKAA2/PRKAR1A/PROC/PSMB8/PTEN/PTGES/PTGS2/SMARCA4/SRY/STAT1/STAT5B/STK11/TGFB3/TIRAP/WDTC1",98
"C0269102","Endometrioma","57/2069","279/21671",0.204301075268817,2.13987849306454,6.22579010414964,2.5824373598725e-08,6.93667869372581e-06,5.49306637395216e-06,"PECAM1/ICAM1/PAPPA/TNC/ACTA2/C1R/TAGLN/NR3C1/LMOD1/CCL2/SPARCL1/MMP2/VEGFC/PRELP/IGFBP6/AKR1B1/CDH1/ABCC9/ALDH1A1/ARHGAP28/ARNT/CCL22/COPS2/CPM/CXCL9/CYP2B6/DDX5/DICER1/DKK1/EGFR/ELAVL1/ERBB2/GREB1/HBEGF/HMGA1/ID2/IHH/ITGA2/ITGB1/ITGB8/KLF9/LAMB1/LPAR2/MED14/MED16/MED17/MTNR1A/NEDD4L/NFKB1/NR2F6/NTRK3/PTEN/PTGS2/RARB/RBPJ/WNK1/XIAP",57
"C2973725","Pulmonary arterial hypertension","75/2069","413/21671",0.181598062953995,1.90208391603481,6.01340248250598,3.73325598661395e-08,9.78913051918558e-06,7.75188617771844e-06,"JPH2/PDE5A/FLI1/LIPA/ICAM1/AGTR1/CYBB/POSTN/DLC1/TGFBR1/FGFR1/EDNRA/CCL5/GJA1/CYP1B1/PTGIS/TNC/ACTA2/CAV1/CLIC4/TAGLN/HTR2B/ACTG2/VCAM1/CCL2/FLNA/MGP/MCAM/LGALS1/COL1A2/THBS1/LAMB2/THBD/AXIN2/ADAMTS8/ADO/APRT/BRAP/CASR/CD47/CHDH/CHPT1/CHST13/CLCN7/CPB2/CYP2B6/DENR/EGR1/ELAVL1/ELK1/ERN1/FOSL2/HLA-B/LAMA2/LRP1/MCPH1/NFATC3/NFE2L2/NFIX/PIGN/PIK3CD/PLK1/PRKAA2/PRKCA/PTEN/PTGS2/RBPJ/SBNO1/SBNO2/SKIL/SMAD4/STAT1/TRPC1/VAC14/HLA-DPA1",75
"C0007766","Intracranial Aneurysm","61/2069","311/21671",0.196141479099678,2.05441372332969,6.08485352860451,4.10060451090739e-08,1.05023156927031e-05,8.31664831649149e-06,"HAVCR2/COL3A1/AOC3/COL4A1/RNF144A/OLFML2A/TGFBR1/EDNRA/SERPINE1/PKD2/CTSB/ACTA2/TIMP2/MYLK/MYH11/VCAM1/CCDC80/LMOD1/MYOCD/CCL2/FLNA/MMP2/COL1A2/GREM1/LOXL1/ELN/CDH5/CTSK/DHFR/MTR/SLC19A1/MTHFR/ABCA1/ARHGAP32/ARHGEF28/ATP6V0A2/CARHSP1/COQ7/DRAM1/DSCAM/E2F4/HSPA5/LGALS9/LIMK1/MCL1/MUC3B/NFE2L2/NFKB1/PCNT/PDLIM5/PEA15/PIK3CD/PRDM2/PRDM6/PTEN/PTGS2/SCN11A/STAT1/TCF12/UBR3/WNK1",61
"C1306503","Congenital exomphalos","50/2069","235/21671",0.212765957446809,2.22854087183653,6.15192702183244,4.76158348380177e-08,1.18174867984406e-05,9.35811534933165e-06,"COL3A1/GLI3/PCSK5/RAB23/SETBP1/GJA1/C1S/MYLK/GPC6/MASP1/MYH11/ACTG2/TWIST2/KCNJ8/ANTXR1/LMOD1/FLNA/AEBP1/CDH11/ELN/ADAMTS2/ATP7A/ABCC9/ATP6V0A2/ATRX/BRIP1/DNMT3A/FANCB/FANCC/FANCM/GLRB/GNAO1/HDAC4/HELLS/IDS/LIMK1/LRP1/MBTPS2/MYH3/NALCN/NFIX/PAX8/PLAGL1/PNKP/RAC1/RREB1/SLC25A22/SLX4/TBL2/TRIP11",50
"C0520947","Clumsiness - motor delay","72/2069","393/21671",0.183206106870229,1.91892679651268,5.97270819908281,4.82871974874989e-08,1.18174867984406e-05,9.35811534933165e-06,"TPM2/TCF4/TUSC3/SETBP1/PMP22/SYNE1/EGR2/COL12A1/TUBA1A/ITPR1/ZEB2/MEF2C/COL6A2/SPARC/COL6A1/FLNA/NDN/MPDZ/ADAMTS2/RORA/COL13A1/ACADSB/AGRN/ARID2/ATP6AP2/ATP6V0A2/CANT1/CC2D1A/CHRNE/COQ7/COX20/CSE1L/CUL4B/DMD/DNM2/DYNC1H1/EPG5/GLE1/HELLS/HGSNAT/KDM5B/LAMA2/LMAN2L/LMNA/MED13/MED23/MED25/MTMR14/MYH3/MYO9A/NEFL/NFIX/PAK1/PBX1/PDK3/PLAGL1/PNKP/PNPLA2/POMT1/POMT2/PTEN/RAC1/SCN11A/SCN4A/SLC25A1/SOX5/SPR/SUFU/TRIP11/TRMT10A/TUBGCP5/UBE3A",72
"C4721806","Carcinoma, Basal Cell","93/2069","557/21671",0.166965888689408,1.74882444359021,5.81676957467015,6.2495703179562e-08,1.4962286502533e-05,1.18484416668803e-05,"VIM/S1PR3/MMP11/PDE5A/ICAM1/GLI3/AGTR1/PTPN14/TGFBR1/NID1/IGFBP7/CD38/EDNRA/SERPINE1/CCL5/GJA1/ACKR3/PTPRC/AKAP12/GEM/TIMP2/DCN/NR3C1/GAP43/RGMA/CCL2/PDPN/MMP2/MCAM/AEBP1/GREM1/ELN/CTSK/THBD/ERCC1/CTLA4/MTHFR/ADRA1A/AKT2/ALDH1A1/BTN3A3/CCAR2/CRYZ/CXCL9/CYP2B6/DICER1/DKK1/EGFR/ERBB2/ERBB3/FLT1/GATA3/HES1/HLA-C/HMGA1/HYAL3/ILK/ING1/ITGB1/KDM5B/LMNA/LPAR2/MAPK14/MAU2/MCL1/MIB1/MYB/MYCN/NCAM1/PBK/PIK3CD/PLAGL1/PMS1/PRKAA2/PRKCD/PTGS2/RARB/RNH1/SMAD4/SMARCA4/SOCS3/SRF/STAT1/STAT5B/STK11/SUFU/TCF7L2/TGFB3/TP53BP1/YAP1/ZNF189/ZNF24/ZNF396",93
"C0002726","Amyloidosis","110/2069","694/21671",0.15850144092219,1.6601666148984,5.74276589648788,6.80589468069932e-08,1.59475144933067e-05,1.26286310032685e-05,"FYN/HSPB8/LAIR1/EPHA3/PDE5A/CLU/CD74/VWF/AGTR1/CYBB/OSMR/RUNX1T1/PMP22/CD38/SERPINE1/CCL5/PTPRC/CTSB/GEM/FERMT2/EFEMP1/DCN/CAV1/MFGE8/VCAM1/ZEB2/SYNM/CRYAB/DES/HTRA1/SERPINF1/MMP2/A2M/C3/C1QC/ELN/BCHE/LILRB2/PRKCB/ABCA1/ABI2/ADAM10/APH1A/APRT/ATG7/BACE1/BCL2L11/CALCOCO2/CASR/CEBPA/CETN1/CHRNA4/CLCN3/CPB2/CSE1L/DCDC2/DENR/DKK1/DNMT3A/DPYSL2/DYRK1A/EGR1/EHMT1/FCN2/FXR1/GRM2/GSN/HFE/HMBS/HSPD1/ID2/ING1/ITIH4/KLC1/LIMK1/LRP1/MAP2/MAPK14/MAPK8/MAZ/MEFV/NCAM1/NEFL/NFE2L2/NFIC/NFIX/NFKB1/OCLN/PAWR/PCSK9/PIK3CD/PLA2G4A/PLK1/PRDX2/PRKCA/PSEN2/PTGS2/RAB21/RARB/SERPINB1/SERPINB6/SH2D1A/SLC11A2/SNCA/STK11/TRIM69/UBR1/UNC5C/USE1/BMS1P20",110
"C0020534","Orbital separation excessive","97/2069","590/21671",0.164406779661017,1.72201997198352,5.77682379840525,7.01794167838386e-08,1.6101789938342e-05,1.27507997380286e-05,"COL3A1/TPM2/FLI1/GLI3/MAF/SETBP1/TGFBR1/AKT3/FGFR1/IGHM/GJA1/BNC2/PRKG1/MFAP5/DDR2/ACTA2/MYLK/MASP1/MYH11/TWIST2/ZEB2/MEF2C/ANTXR1/FLNA/FAM20C/MMP2/COL1A2/CDH11/EFEMP2/ELN/UMPS/CDH1/ABCC9/ACOX1/ACTL6B/AFF4/ALG13/AP4S1/ATP6V0A2/ATRX/BRIP1/CACNA1G/CAMK2A/CC2D2A/CDC42/CEP290/CNTN1/CTU2/DDX3X/DHCR7/DICER1/DNMT3A/DYRK1A/EBF3/EHMT1/EPG5/FANCB/FANCC/FANCM/GLE1/HELLS/KMT2A/LMNA/MAP2K2/MED25/MRAS/MYH3/NALCN/NFIX/NSD1/PDE4D/PIGN/PPP2R5D/PRKAR1A/PTEN/RREB1/RUSC2/SET/SIK3/SLX4/SMAD4/SMCHD1/SOS2/SPRED1/SPRY4/SUFU/SUZ12/TCF12/TCF3/TENM3/TGFB3/THOC2/TMEM67/TMEM87B/TONSL/VAC14/ZMYND11",97
"C0040034","Thrombocytopenia","97/2069","592/21671",0.163851351351351,1.71620233694303,5.74025378700384,8.28588998774117e-08,1.86229604969374e-05,1.47472821801151e-05,"PECAM1/VWF/FLI1/MCC/FGFR1/JAM3/SERPINE1/CCL5/PTPRC/PRKG1/GEM/C1R/MYL9/F2R/SPARC/CCL2/FLNA/PDPN/SERPINF1/CFH/WIPF1/THBS1/C3/ELN/BCHE/THBD/ATP7B/ATP7A/ERCC1/DHFR/CTLA4/MTHFR/TYMS/ABCA1/ACTN1/ANKRD26/ATRX/BRIP1/CACNB3/CD47/CDC42/CHRNE/CLCN7/CPB2/CYP3A4/DCLRE1C/DGKE/DNM2/EGFR/ERBB3/FANCB/FANCC/FANCM/FLT1/FOXP3/GP5/HLA-B/IRF2BP2/ITGA2/ITGB3/KLK3/LYST/NAAA/NCAM1/OCLN/PIK3CD/PML/PRDX2/PRKAR1A/PROC/PSMB8/PSMB9/PTGS2/RBPJ/RHOF/RNF34/RREB1/SH2D1A/SLC46A1/SLX4/SMAD4/SOCS3/SP110/SRF/STAG2/STAT1/STAT5B/STX2/STXBP2/TBXA2R/TFRC/TRIM33/VPS33A/WDR18/XIAP/XPR1/HLA-DPA1",97
"C0202117","Low density lipoprotein cholesterol measurement","83/2069","483/21671",0.17184265010352,1.79990433561787,5.7759861415719,9.008660861052e-08,1.96952617319965e-05,1.55964236954022e-05,"COL4A1/LAIR1/RDX/APOC1/TCEA2/ICAM1/AGTR1/PCSK5/ITGA1/TGFBR1/AKT3/TRPS1/GPC6/TAGLN/HTR2B/MITF/F2R/LMOD1/MYOCD/PBX3/TFPI/HLA-DRA/ATP1A2/RORA/ABCC3/ABCA1/ABCB11/ADCY2/ADCY5/AGPAT5/ARRB1/BRAP/BRWD1/CEP68/CUBN/CYP2B6/DHCR7/DNM2/ERGIC3/EVI5/GIGYF1/GMIP/HFE/HLA-B/IRF3/ITGB3/KLC1/KPNB1/LIPG/LRP1/MAU2/MED23/NAA25/NUCKS1/PARP10/PCSK9/POLK/PRIMPOL/PSMB10/RAB21/RAB3GAP1/RGS12/SARM1/SCARB1/SMARCA4/SOX6/TBL2/TCF12/TCF7L2/THOP1/TIRAP/TNFAIP1/TOMM40/TPM1/TRAM2/UNK/USP24/VLDLR/ZER1/ZNF19/ZNF235/ZNF574/ZNF652",83
"C3811653","Experimental Organism Basal Cell Carcinoma","77/2069","437/21671",0.176201372997712,1.84555821857584,5.80133354368504,9.12066056780006e-08,1.96952617319965e-05,1.55964236954022e-05,"VIM/S1PR3/MMP11/PDE5A/ICAM1/GLI3/AGTR1/PTPN14/TGFBR1/NID1/IGFBP7/CD38/EDNRA/SERPINE1/CCL5/GJA1/ACKR3/PTPRC/GEM/DCN/NR3C1/GAP43/RGMA/CCL2/PDPN/MMP2/GREM1/ELN/CTSK/ERCC1/CTLA4/MTHFR/ADRA1A/AKT2/BTN3A3/CCAR2/CXCL9/CYP2B6/DKK1/EGFR/ERBB2/FLT1/GATA3/HES1/HLA-C/HMGA1/HYAL3/ILK/ING1/ITGB1/LPAR2/MAPK14/MAU2/MCL1/MYB/MYCN/NCAM1/PBK/PIK3CD/PLAGL1/PRKAA2/PTGS2/RARB/RNH1/SMAD4/SMARCA4/STAT1/STAT5B/STK11/SUFU/TCF7L2/TGFB3/TP53BP1/YAP1/ZNF189/ZNF24/ZNF396",77
"C0238198","Gastrointestinal Stromal Tumors","90/2069","538/21671",0.16728624535316,1.75217990480828,5.73973440236628,9.31251577096711e-08,1.97228338818578e-05,1.56182577251948e-05,"VIM/FYN/IGFBP5/PECAM1/FLI1/GLI3/RAB23/FGFR1/SLIT2/GJA1/ETV1/PTPRC/CALD1/CYP1B1/GLIS2/AXL/TNC/BOC/KCTD12/MITF/DES/CCL2/PDPN/SPARCL1/DACT1/RBPMS2/MMP2/VEGFC/PRKCB/RTN1/ITGA4/CDH2/TK1/CTLA4/CDH1/AKT2/ANGPT2/ARNT/BCL2L11/CC2D2A/CDC37/CHDH/CMAS/CRTAP/CYP3A4/DAAM1/DMD/DYRK2/EGFR/ERBB2/EWSR1/FER/GLS/HBEGF/HES1/HIPK1/IHH/KIRREL3/MAPK14/MAX/MCL1/MGA/MIB1/MSLN/MYCN/NCAM1/NEFL/NFKB1/NFKBIB/NME7/NTRK3/PDLIM5/PIK3CD/PIK3R3/PRKCA/PRKCD/PTEN/PTGS2/SLC6A2/SORD/SPRY4/SRF/SUFU/TFRC/TIGIT/TMEM17/XIAP/YAP1/ZNF569/CDON",90
"C0025286","Meningioma","102/2069","634/21671",0.160883280757098,1.68511434378302,5.68820571282432,9.74227512693377e-08,2.0243712447721e-05,1.60307347421343e-05,"VIM/OGN/MMP11/IGFBP5/RDX/RBMS3/SMARCA1/JAK3/DLC1/MN1/DKK3/FGFR1/CD8A/IGFBP7/EDNRA/SERPINE1/GJA1/ACKR3/PTPRC/AKAP12/CYP1B1/CTSB/TNC/KCNMA1/TIMP2/CAV1/ALDH1A3/NR3C1/MEIS1/SYNM/CRYAB/SPARC/CCL2/MMP2/LGALS1/PRELP/COL1A2/TSPAN2/MSN/HLA-DQB1/THBS1/IGFBP6/MTRR/MTR/CTLA4/MTHFR/CDH1/TYMS/ABCA2/ALDH1A1/ARNT/BRIP1/CADM1/CD9/CFLAR/DDX3X/DMD/DOT1L/DPP8/DPP9/EGFR/ELAVL1/ERBB2/ERBB3/FLT1/HES1/HFE/HNRNPC/ITGB1/KLK3/KLK6/KMT2A/LMNA/LMO4/MAPK8/MIB1/MMP25/MSLN/MYCN/NEK9/NFE2L2/NFKB1/PAK1/PART1/PIK3CD/PRDM2/PRKCD/PTEN/PTGS2/RAC1/RPS6KB1/SET/SMAD4/SRSF11/SUFU/TCF12/TGFA/TGFB3/TNKS/UBE2I/WNK2/YAP1",102
"C0856169","Endothelial dysfunction","112/2069","716/21671",0.156424581005587,1.63841328901502,5.64383236494714,1.04585226650959e-07,2.13295759464261e-05,1.68906160390486e-05,"VIM/AOC3/PDE5A/ADAMTS5/CLU/PECAM1/VWF/LIPA/ICAM1/AGTR1/CYBB/STON1/TGFBR1/CD8A/CD38/EDNRA/SERPINE1/CCL5/ARHGAP9/ACKR3/AKAP12/PRKG1/GEM/CAV1/SERPING1/ANGPTL2/MASP1/CLIC4/MFGE8/VCAM1/ZEB2/SYNM/CCL2/FLNA/MGP/SERPINF1/MMP2/CFH/MCAM/TFPI/MSN/THBS1/ELN/LUM/PRKCB/AKR1B1/CDH5/THBD/ATP7A/DHFR/MTHFR/ABCA1/ADAM10/ADAMTS8/ADRA1A/AKT2/ANGPT2/APRT/ATG7/BACE1/CD6/CMKLR1/CPD/DENR/DYNC1H1/EGFR/EHMT1/ELAVL1/ESM1/FGB/FLT1/GATA4/HAMP/HSPA5/KDM5B/LMNA/LPAR2/MAPK14/MAPK8/MON2/NFATC3/NFE2L2/NFKB1/PCSK9/PIK3CD/PLK1/PNPLA2/PRKAA2/PRKCA/PROC/PTEN/PTGES/PTGS2/RAC1/RPS6KB1/SCAF11/SH3PXD2A/SLC11A2/SLC6A2/SLC7A1/SMPD1/SPRED1/SREBF2/SRF/STAT1/STK11/TBXA2R/TERF2IP/VLDLR/WNK1/YAP1/ZYX",112
"C1445957","Serum total cholesterol measurement","83/2069","486/21671",0.170781893004115,1.78879381502764,5.71382461501002,1.18591760501797e-07,2.37463828801143e-05,1.88044542728686e-05,"COL4A1/LAIR1/ADAM12/RDX/APOC1/ICAM1/AGTR1/PCSK5/SGCD/ITGA1/TGFBR1/AKT3/TRPS1/TAGLN/KANK2/TFPI/HLA-DRA/ELN/ATP1A2/PRKCB/RORA/SLC19A1/TYMS/ABCC3/ABCA1/ABCB11/ADAMTS9-AS2/ADCY5/AGPAT5/AKNA/ARNT/ARRB1/ATP2B1/BRWD1/CEP68/CUBN/CYP2B6/DHCR7/DNM2/ERGIC3/EVI5/F5/FGB/GMIP/HFE/HLA-B/IRF3/KPNB1/LIPG/LPL/LRP1/MAU2/MYH3/NAA25/NUCKS1/PARP9/PCSK6/PCSK9/PLA2G4A/POLK/PTEN/RAB3GAP1/RGS12/SBNO1/SCARB1/SCML4/SIK3/SMARCA4/SPOCK3/TCF12/TCF7L2/TGFB3/THOP1/TOMM40/TPM1/TRAM2/UNK/USP24/VLDLR/ZCCHC8/ZNF101/ZNF19/ZNF652",83
"C0149782","Squamous cell carcinoma of lung","106/2069","670/21671",0.158208955223881,1.65710307813278,5.61319880462807,1.29640152299807e-07,2.54951249513888e-05,2.01892605602237e-05,"VIM/CHRNA3/FYN/EPHA3/GAS7/CLU/LIPA/AGTR1/RBMS3/DLC1/FGFR1/EDNRA/LMO3/SERPINE1/ACKR3/CTSB/CLDN11/DCLK1/DDR2/CAV1/SERPING1/MASP1/ZEB2/HOPX/F2R/SPARC/CCL2/PDPN/ARL4C/FSTL1/LGALS1/BCHE/ERCC1/TK1/CTLA4/RRM2/CDH1/TYMS/ADRA1A/ALDH1A1/ATG4D/BCL2L11/BMP2K/BTN3A3/CASR/CCAR2/CHRNA4/COBL/DENND2D/EGFR/EML4/ERBB2/ESM1/FRY/FXR1/GATA3/GATA4/GSPT1/HLA-B/HLA-C/HYAL3/IHH/IL17B/INPP4B/LCORL/LPAR2/LRP6/MAPK14/MAPK8/MAST4/MCL1/METTL14/MORF4L1/MRPL41/MYCN/MYO10/NCAM1/NFE2L2/NFIX/NPAS3/NSD1/OVOL1/PAK1/PEG10/PIK3CD/PLK1/PTEN/PTGS2/RAD52/RARB/SLC2A2/SMAD4/SOX4/STAT1/STK11/STXBP4/SYT13/TFAM/THOP1/TIAL1/TOP3A/TUSC2/WNK1/YAP1/ZNF503/HLA-DMB",106
"C1836542","Depressed nasal bridge","75/2069","426/21671",0.176056338028169,1.84403910169572,5.71608274587249,1.38232788140088e-07,2.62662272750464e-05,2.07998865430577e-05,"GLI3/MAF/RAB23/SETBP1/AKT3/FGFR1/PRKD1/GJA1/KCNMA1/DDR2/GPC6/TWIST2/ZEB2/MEF2C/ANTXR1/FLNA/MGP/FAM20C/COL1A2/CDH11/ELN/ADAMTS2/ABCC9/ACOX1/ADAT3/ALG13/ALG3/ARID2/ARL3/ATRX/CANT1/CLCN4/CTU2/CUL4B/CUL7/DHCR7/DICER1/DMD/DYNC2LI1/GNAO1/HDAC4/HELLS/IFT81/KCNQ1/KDM6B/KIDINS220/KMT2A/MAP2K2/MECP2/MID2/MRAS/NACC1/NFIX/NRXN1/OBSL1/PDE4D/PIGN/PNKP/PRKAR1A/PRMT7/PTEN/RAB3GAP1/RHOBTB2/SCARF2/SLC25A22/SMARCA4/SOX11/SOX4/SOX5/SPRY4/STAG2/SUFU/TONSL/TRIP11/ZNF81",75
"C2145472","Urothelial Carcinoma","78/2069","449/21671",0.173719376391982,1.81956143344159,5.70126249867785,1.38331170612248e-07,2.62662272750464e-05,2.07998865430577e-05,"VIM/IGFBP5/EPHA3/PECAM1/CD74/CYBB/DLC1/FGFR1/CYP1B1/GEM/TNC/DDR2/DCN/RECK/NR3C1/SPARCL1/EMP3/NDN/MMP2/TFPI/NFATC1/THBS1/LUM/BCHE/RORA/THBD/ATP7A/ERCC1/MTR/CTLA4/MTHFR/RRM2/AXIN2/ADAM9/ATG7/CCAR2/CEBPA/CISH/CMAS/CRYZ/DNMT3A/EGFR/ELAVL3/ELK1/ERBB2/ERBB3/GAB1/GATA3/GFRA3/GSN/HAMP/HDAC4/HSPA5/IRF3/LGALS9/LMNA/MIB1/MYB/NACC1/NCAM1/NFE2L2/NFKB1/PAX8/PIK3CD/PLA2G4A/PLK1/PTEN/PTGS2/RPS6KB1/RSF1/SFXN1/SOCS3/SOX4/STAG2/TMEM67/TP53BP1/UBQLN2/ZNF654",78
"C0424605","Developmental delay (disorder)","95/2069","584/21671",0.162671232876712,1.70384160834762,5.60187572715549,1.58972170316845e-07,2.96739069779562e-05,2.34983841405007e-05,"COL4A1/VWF/GLI3/TCF4/TUSC3/RHOQ/MN1/SETBP1/PMP22/TRPS1/CD38/SERPINE1/TUBA1A/SGCE/TWIST2/ALDH1A3/MEF2C/MEIS2/SPARC/CCL2/NDN/EDIL3/MTHFR/ABCB11/ACTL6B/AGO3/AP4S1/ARID2/ATP8A2/ATRX/CACUL1/CDC42/CEP128/CLCN3/CLCN7/CMIP/CNOT2/COL4A6/COPS2/CUL4B/DDC/DHCR7/DICER1/DMD/DNAJC12/DYRK1A/EBF3/ELOF1/FBXL4/FRY/GLRB/GLS/GMDS/GNAO1/GREB1/GRIN2D/HDAC4/KAT6A/KCNQ1/KDM5B/KDM6B/KMT2A/MAP2K2/MECP2/NALCN/NRXN1/NSD1/OPA3/PAK1/PAPOLA/PARP10/PAXBP1/PIGH/PIK3CD/PNKP/POMT1/PPP1R21/PRRG4/PTEN/PTGS2/RAC1/RAI2/RALGAPA1/SCN8A/SLC25A22/SLC35C1/SOX4/SOX5/STAG2/TCF12/TENM3/TUBGCP5/UBE3A/ZBTB20/ZMIZ1",95
"C0023267","Fibroid Tumor","73/2069","413/21671",0.176755447941889,1.85136167827389,5.67528179877787,1.72275954239248e-07,3.1621251400614e-05,2.50404610679329e-05,"COL3A1/PECAM1/VWF/TGFBR1/AKT3/FGFR1/IGFBP7/EDNRA/SERPINE1/GJA1/EGR2/CALD1/CYP1B1/TNC/FERMT2/EFEMP1/TIMP2/MYLK/CAV1/RFTN1/RECK/NR3C1/DES/LTBP1/CCL2/SMTN/TACR2/PBX3/MMP2/THBS1/AKR1B1/CDH1/ABI2/AKAP13/AKT2/ALDH1A1/ANGPT2/ARNT/ATG7/CD6/COL4A6/CYP2B6/DBI/DFFA/DNMT3A/DST/EGFR/EGR1/ERBB2/ERBB3/EWSR1/GRM2/ITGA2/ITGB1/LAMB1/MAP2/MCL1/NACC1/NCOA2/NFAT5/PIK3CD/PSMB9/PTEN/PTGS2/SATB1/SLC27A4/SMAD4/SORD/STK11/TACR1/TGFB3/TNRC6B/TP53BP1",73
"C0010417","Cryptorchidism","112/2069","725/21671",0.15448275862069,1.61807436542724,5.49944285835751,2.01317533875766e-07,3.63460655831772e-05,2.87819804686923e-05,"COL3A1/COL4A1/MMP11/TPM2/FLI1/GLI3/TCF4/RAB23/FGFR1/AP1S2/SYNE1/EDNRA/ACKR3/ZFPM2/GPR161/AXL/ACTA2/MYLK/TUBA1A/GPC6/MYH11/ACTG2/F2R/LMOD1/COL6A1/FLNA/DACT1/NDN/MMP2/AEBP1/HLA-DQB1/CDH11/ELN/ADRA1A/AFF4/ARID2/ATP2B1/ATP6V0A2/ATRX/BBS10/BRIP1/BRWD3/CC2D2A/CDC42/CEP290/CIRBP/CLCN4/CUL4B/DHCR7/DNM2/DNMT3A/DYNC2LI1/EBF3/EGR4/EHMT1/FANCB/FANCC/FANCM/GATA4/GLE1/IL17RD/KAT6A/KCNQ1/KDM5B/KDM6B/KMT2A/LIMK1/LPAR2/MAMLD1/MAP2K2/MBTPS2/MECP2/MEFV/MRAS/MTMR14/MYH3/NALCN/NEDD4L/NRXN1/NSD1/PBX1/PDE4A/PDE4D/PIGN/PLAGL1/POMT1/POMT2/PRKAR1A/RAB3GAP1/RAC1/RARB/RREB1/SLX4/SMAD4/SMARCA4/SMCHD1/SOS2/SOX11/SOX4/SPRY4/SRY/STK11/SUFU/SUZ12/TBL2/TBX3/TMEM67/TSPYL1/UBA1/UBR1/VAC14/CDON",112
"C0004936","Mental disorders","119/2069","789/21671",0.150823827629911,1.5797502023044,5.38955456673421,3.05828308460851e-07,5.43239864690219e-05,4.30184641018362e-05,"QKI/S1PR3/EPHA3/LSAMP/ICAM1/TMTC1/AGTR1/TCF4/ATXN1/NLGN4X/ADARB1/SYNE1/NEGR1/EDNRA/FIBIN/GJA1/ACKR3/CLDN11/DCLK1/KCNMA1/FEZ1/SGCE/ACTG2/NR3C1/RGMA/MEF2C/SRPX/FLNA/SDC2/NDN/A2M/PDLIM7/BCHE/IL10RA/ADAM19/CTLA4/MTHFR/TYMS/ADRA1A/ALDH1A1/ATP2A2/CD9/CDH7/CHRNA4/CYP2B6/DCDC2/DDC/DMD/DPYSL2/DYRK1A/EAF2/EGR1/EHMT1/ERBB2/FXR1/GRID1/GRIN2D/GRM2/HDAC4/HES1/HLA-B/HLA-C/HRH3/HSD17B12/HTR3A/ITGB3/ITIH3/ITIH4/JUNB/KLF9/KLK3/LDLRAD4/LPAR2/LRP1/LRP6/MAGI1/MANEA/MCL1/MCPH1/MECP2/NALCN/NCAM1/NEDD4L/NEFL/NFKB1/NPAS2/NPAS3/NRG2/NRXN1/NUFIP2/OPRL1/PAWR/PAX8/PCNT/PDE4A/PDE4D/PDLIM5/PER3/PNN/PRKCA/PTEN/PTGS2/PTPRG/SCN8A/SEZ6L/SIRT5/SLC27A4/SLC6A2/SMPD1/SNCA/SPG11/SRF/TACR1/THOP1/TMEM200C/VLDLR/YWHAH/ZBTB20/ZMYM3",119
"C0240635","Byzanthine arch palate","83/2069","497/21671",0.167002012072435,1.74920280503709,5.4895360730025,3.14688317648026e-07,5.50105149564716e-05,4.35621171547853e-05,"TPM2/PTPN14/RAB23/SETBP1/TGFBR1/FGFR1/TRPS1/AP1S2/IGHM/COL12A1/DDR2/CFL2/COL6A2/COL6A1/FLNA/FAM20C/AEBP1/CDH11/EFEMP2/LAMB2/COL13A1/ATP7A/ACTL6B/AGRN/ALG3/AP4E1/AP4S1/ATP6V0A2/ATRX/BRIP1/CCDC28B/CHRNE/CNTN1/COX20/CTU2/CUL4B/EARS2/EPG5/FANCB/FANCC/FANCM/FARSB/GATA4/GLE1/IBA57/KCNQ1/KMT2A/LGI4/LMNA/MAMLD1/MAP2K2/MECP2/MRAS/MYCN/MYH3/MYO9A/NALCN/NEK1/NEK9/NFIX/NSD1/OBSL1/OCLN/PIGH/PIGN/PLAGL1/PRMT7/PTEN/RAB3GAP1/RUSC2/SCARF2/SCN4A/SET/SIK3/SLC25A1/SLX4/SMCHD1/SOS2/SPRED1/SRY/TCF3/TGFB3/THOC2",83
"C0018799","Heart Diseases","88/2069","537/21671",0.163873370577281,1.7164329694443,5.46174428918976,3.26904372356608e-07,5.56981762282382e-05,4.41066672450218e-05,"JPH2/PDE5A/APOC1/VWF/FLI1/ICAM1/AGTR1/PAPPA/TCF4/SGCD/SYNE1/GJA1/ZFPM2/PRKG1/LDB3/TNC/ACTA2/MYLK/PLN/SLC24A3/ANGPTL2/ANK2/PRICKLE1/HSPB6/CRYAB/DES/SPARC/SERPINF1/FAM20C/MMP2/COL1A2/NFATC1/THBS1/ADAMTS1/LBH/LOXL1/ELN/PRKCB/THBD/ABCC2/CTLA4/MTHFR/ABCA1/ABCC9/ANGPT2/ARHGEF12/ATP2A2/BRAP/CFC1/CHDH/DBT/DGKE/DMD/EGFR/EHMT1/ERBB2/FXR1/GATA4/GRK5/GSN/HAMP/HFE/HLA-C/ILK/ITIH4/KCNQ1/LAMP2/LMNA/LPL/LRP6/MYO6/NFAT5/NFE2L2/PCSK9/PDE9A/PIK3CD/PNPLA2/PRKAA2/PRKCA/RHOT2/RRAD/SCARB1/SLC25A1/SRM/TINCR/TPM1/TRPM4/UBA1",88
"C0042133","Uterine Fibroids","92/2069","569/21671",0.161687170474517,1.69353439891409,5.44655431730402,3.28737079345817e-07,5.56981762282382e-05,4.41066672450218e-05,"VIM/COL3A1/GJC1/IGFBP5/AGTR1/POSTN/AKT3/FGFR1/SYNE1/IGFBP7/CD38/EDNRA/SERPINE1/GJA1/EGR2/CALD1/CYP1B1/TNC/FERMT2/EFEMP1/TIMP2/MYLK/CAV1/ITPR1/RFTN1/RECK/NR3C1/DES/LTBP1/MYOCD/CCL2/SMTN/TACR2/PBX3/MMP2/THBS1/AKR1B1/EDIL3/CDH1/AKAP13/AKT2/ALDH1A1/ANGPT2/ARNT/ATG7/CD6/CDC42/CDK19/CEBPA/COL4A6/CYP2B6/DBI/DFFA/DHCR7/DNMT3A/DST/EGFR/EGR1/EWSR1/GREB1/GRM2/HMGA1/ITGA2/ITGB1/LAMB1/LINC00598/MAP2/MCL1/MECP2/MED13/NACC1/NCOA2/NFAT5/PDLIM5/PIK3CD/PSMB9/PTEN/PTGS2/SATB1/SLAIN2/SLC27A4/SMAD4/SORD/SRF/STK11/TACR1/TGFB3/TNRC6B/TP53BP1/TRADD/WSCD2/ZNF346",92
"C0011853","Diabetes Mellitus, Experimental","86/2069","522/21671",0.164750957854406,1.72562494328798,5.45207780129291,3.5174000014206e-07,5.82097373214722e-05,4.60955400754513e-05,"AOC3/PDE5A/CLU/PECAM1/VWF/ICAM1/CYBB/JAK3/EDNRA/SERPINE1/GJA1/CALD1/CTSB/PRKG1/TNC/KCNMA1/TIMP2/DCN/CAV1/MFGE8/VCAM1/NR3C1/MEF2C/LTBP1/CCL2/SERPINF1/KCNMB1/MMP2/THBS1/ELN/BCHE/CTSC/PRKCB/AKR1B1/ABCC2/ERCC1/MTR/UMPS/MTHFR/ABCC3/ABCC9/ACOX1/ACSL3/ADRA1A/ANGPT2/APRT/ATG7/ATP2A2/CASR/CYP2B6/EGFR/EPOR/FLT1/GATA4/GMPS/GNAT1/GSTA4/H6PD/HDAC4/HMBS/HSPD1/ITGB1/ITGB3/LPL/NFE2L2/NTRK3/OXCT1/PHKA1/PKLR/PRKCA/PRKCD/PSMB9/PTGS2/SLC2A2/SLC38A2/SLC8A1/SMARCA4/SMPD1/SOCS3/SORD/STAT1/STAT5B/TOMM40/TRPC1/VLDLR/YWHAH",86
"C0025990","Micrognathism","94/2069","586/21671",0.160409556313993,1.68015248665082,5.42285265196734,3.54131698950208e-07,5.82097373214722e-05,4.60955400754513e-05,"COL3A1/TPM2/GLI3/RAB23/SETBP1/TGFBR1/FGFR1/TRPS1/CD38/EDNRA/GJA1/COL12A1/C1S/DDR2/CFL2/C1R/GPC6/MITF/ACTG2/ANTXR1/COL6A2/COL6A1/FLNA/FAM20C/MMP2/AEBP1/COL1A2/EFEMP2/ELN/ADAMTS2/CTSK/COL13A1/ATP7A/ERCC1/AXIN2/ABCC9/ALG13/ARID2/ATRX/BRIP1/CC2D2A/CEP290/COG7/CTU2/DDX3X/DHCR7/DYRK1A/EPG5/ERBB3/FANCB/FANCC/FANCM/GATA4/GLE1/HELLS/IRF2BPL/KMT2A/LGI4/LIMK1/LMNA/LRP6/MECP2/MRAS/MYCN/MYH3/NALCN/NEDD4L/NEK1/NEK9/NSD1/PCNT/PIGN/PLAGL1/PTEN/RAB3GAP1/RARB/RHOBTB2/RREB1/SCN8A/SET/SLC25A1/SLX4/SOS2/SPRED1/SRY/STAG2/SUZ12/TBL2/TGFA/TMEM67/TRIP11/UBA1/VAC14/ZNF292",94
"C0030354","Papilloma","53/2069","273/21671",0.194139194139194,2.03344150613363,5.5826466538308,4.34769192093382e-07,7.04134281253591e-05,5.57594853946389e-05,"CLU/ST8SIA4/ICAM1/ATXN1/PMP22/PEG3/GEM/TNC/DCN/CAV1/CLIC4/CCL2/PDLIM7/THBS1/EDIL3/ABCC11/ALDH1A1/CCL22/CISH/EGFR/ELAVL3/ERBB2/ERBB3/FANCC/FOXP3/GLS/HGD/HLA-G/HMGA1/INTS2/KLF10/KLK6/LGR4/MAGI1/MCL1/MIB1/MYB/PDLIM5/PIK3CD/PLA2G4A/PML/PPP1R12A/PRKAR1A/PSME3/PTEN/PTGES/PTGS2/RAC1/RARB/TGFA/UBE3A/XIAP/YAP1",53
"C4721779","Ovarian cancer stage IV","18/2069","51/21671",0.352941176470588,3.69675603445825,6.26409608892728,5.1606990696302e-07,8.23692447157064e-05,6.52271423217181e-05,"SORBS2/TIAM1/SERPINE1/CYP1B1/AXL/DDR2/VCAM1/MCAM/LGALS1/CTLA4/DCLRE1C/EGFR/GLS/ITGA2/PAX8/PIK3CD/TGFA/TNFRSF4",18
"C0678230","Congenital Epicanthus","72/2069","417/21671",0.172661870503597,1.80848496649756,5.41600612330705,5.26498246401414e-07,8.25576904248987e-05,6.53763700478656e-05,"COL3A1/FLI1/TCF4/RAB23/FGFR1/IGHM/GJA1/KCNMA1/GPC6/TWIST2/KCNJ8/FLNA/MAB21L2/VEGFC/COL1A2/ELN/ADAMTS2/CCDC88A/ABCC9/ACOX1/ADAT3/ALG3/ARID2/ATP6V0A2/ATRX/BRIP1/CAMK2A/CUL4B/DHCR7/DYNC1H1/DYNC2LI1/EBF3/FANCB/FANCC/FANCM/FBXL4/GATA4/HELLS/KAT6A/KCNQ1/KDM6B/KIDINS220/KMT2A/LIMK1/MAP2K2/MECP2/MED25/MYCN/MYH3/PBX1/PDE4D/PIGN/PRKAR1A/PRMT7/RHOBTB2/RREB1/SCN4A/SLX4/SMARCA4/SOX11/SOX4/SOX5/SPRED1/SRY/STAG2/SUFU/TBL2/TCF3/UBE3A/VPS33A/ZNF292/ZNHIT3",72
"C1257931","Mammary Neoplasms, Human","86/2069","527/21671",0.163187855787476,1.70925279012586,5.35515806352048,5.32243350600909e-07,8.25576904248987e-05,6.53763700478656e-05,"VIM/RGS2/IGFBP5/CD74/ZNF667-AS1/PPP1R12B/SETBP1/FGFR1/SYNE1/IGFBP7/GJA1/AKAP12/CYP1B1/ACTA2/EFEMP1/CAV1/MFGE8/ZEB2/MEIS1/DES/EVL/FLNA/MMP2/VEGFC/THBS1/ADAMTS1/BCHE/CDH5/CDH2/ATP7B/DHFR/MTR/UMPS/MTHFR/CDH1/TYMS/ADAM10/AKT2/APRT/ARHGDIA/ATP6AP1L/BRIP1/CADM1/CTU2/CUL5/CXCL9/CYP3A4/DKK1/DNMT3A/DTX3/EGFR/ELP3/EPOR/ERBB2/ERBB3/FLT1/FOXP3/GUCY1A2/H6PD/HES1/IL24/L3MBTL3/LRRC37A2/NCOA2/NR2F6/OCLN/PAK1/PER3/PLA2G4A/PTEN/PTGS2/RARB/RNF115/ROR1/RPLP2/RRAD/SLC2A2/SLC2A5/SREBF2/STXBP4/TBX3/TFRC/TMEM25/TOX3/TP53BP1/YAP1",86
"C0278883","Metastatic melanoma","83/2069","504/21671",0.16468253968254,1.72490832163379,5.34968495713277,5.70857739147541e-07,8.73174483504426e-05,6.91455609479148e-05,"VIM/HAVCR2/FYN/PDE5A/CLU/CD74/FLI1/ICAM1/AGTR1/POSTN/OSMR/HLA-DOA/ITGA1/PRKD1/TIAM1/IGFBP7/ACKR3/RPS6KA2/AKAP12/AXL/GPC6/MITF/ALDH1A3/F2R/DES/SPARC/CCL2/SERPINF1/MMP2/MCAM/HLA-DQB1/THBS1/PRKCB/RORA/CTLA4/ALDH1A1/APRT/CANX/CD2AP/CD47/CSPG4/DKK1/DYRK1B/EBF3/EGFR/EPHA8/ERBB2/ERBB3/ERN1/FOXD3/FOXP3/HBEGF/HLA-B/HLA-C/HSPA5/HSPD1/IL24/ITGA2/LAMP1/MAP2/MAP2K2/MED23/MIB1/NCAM1/NFE2L2/NFKB1/PDE4D/PDK3/PEG10/PIK3CD/PRKCA/PTEN/PTGS2/RASSF6/ROR1/SCARB1/SOX4/STAT5B/STK11/TAP1/TERF2IP/ULK2/XIAP",83
"C4551686","Malignant neoplasm of soft tissue","107/2069","699/21671",0.15307582260372,1.60333791766322,5.2679154020288,5.91351254700098e-07,8.9213032438523e-05,7.06466495341069e-05,"VIM/MMP11/CLU/PECAM1/FLI1/SMARCA1/ADARB1/FGFR1/SLIT2/IGFBP7/CD38/EDNRA/SERPINE1/CSF2RA/ACKR3/CD3D/CALD1/DCN/CAV1/MYL9/F2R/DES/CCL2/MMP2/VEGFC/JAZF1/MCAM/TFPI/LGALS1/NFATC1/LRRC15/ABCC2/ERCC1/DHFR/CTLA4/MTHFR/TYMS/ACSL3/ALDH1A1/ARHGAP1/ATRX/CASR/CCAR2/CD47/CD6/CMAS/CREB1/CSPG4/CYP3A4/DCLRE1C/DICER1/DMD/EGFR/EML4/ERBB2/ERN1/EWSR1/FER/FLT1/HBEGF/IL3RA/ILK/KAT6A/KMT2A/LARP6/LSS/MAPK14/MAPK8/MCL1/MGA/MIB1/MYCN/NACC1/NCAM1/NCOA2/NFE2L2/NPAS2/NTRK3/PARP9/PART1/PAX8/PIK3CD/PLK2/PPP1R11/PPP1R1A/PRKAR1A/PTEN/PTGS2/PTPRG/RAC1/RBPJ/ROR1/RREB1/RUSC2/SCN8A/SMAD4/SMARCA4/SMURF2/SNCA/STAT1/STAT5B/SUZ12/TGFA/TUSC2/UBE2I/YAP1/LCP1",107
"C0013080","Down Syndrome","115/2069","766/21671",0.150130548302872,1.57248869611964,5.24101886952329,6.1262567084261e-07,9.11736015268874e-05,7.2199198903713e-05,"CHRNA3/FYN/ADAM12/CLU/ICAM1/AGTR1/PAPPA/JAK3/RUNX1T1/FGFR1/TIAM1/IGFBP7/CD38/EDNRA/GJA1/EGR2/ACKR3/GLIS2/EFS/ANGPTL2/ZEB2/SYNM/GAP43/DPYSL3/COL6A2/RCAN2/COL6A1/CCL2/FLNA/CFH/A2M/NFATC1/THBS1/ADAMTS1/BCHE/MTRR/DHFR/MTR/SLC19A1/MTHFR/TYMS/ADRA1A/APH1A/ARNT/BACE1/BHMT/BRWD1/CD6/CHD5/CHDH/CHRNA4/CNOT7/CREB1/CSE1L/CYP2B6/DCAF7/DENR/DICER1/DMD/DNMT3A/DPYSL2/DPYSL4/DSCAM/DYRK1A/EGFR/ELK1/ERBB2/FANCB/FLT1/FXR2/GATA4/GSN/HLA-B/HSPD1/IFIT3/INPP5D/KIF21A/KMT2A/LPAR2/MECP2/MED25/MYO9B/NCAM1/NEFL/NFE2L2/NFIC/NFIX/NFKB1/NUFIP2/PAK1/PAX8/PCNT/PDE9A/PDXK/PGD/PHYHIP/PIK3CD/PLSCR4/PLTP/PML/PRDX2/PSEN2/PTGS2/SET/SLC25A1/SNCA/SOX11/SRY/STAT1/STX17/TAF8/TFAM/UBE3A/WNK1/ZMYM2",115
"C4704874","Mammary Carcinoma, Human","88/2069","545/21671",0.161467889908257,1.69123762310384,5.30977954511064,6.26387015265707e-07,9.19786693216164e-05,7.28367217049316e-05,"VIM/RGS2/IGFBP5/CD74/ZNF667-AS1/PPP1R12B/SETBP1/FGFR1/SYNE1/IGFBP7/GJA1/AKAP12/CYP1B1/ACTA2/EFEMP1/CAV1/MFGE8/ZEB2/MEIS1/DES/EVL/FLNA/MMP2/VEGFC/THBS1/ADAMTS1/BCHE/CDH5/CDH2/ATP7B/DHFR/MTR/UMPS/MTHFR/CDH1/TYMS/ADAM10/AKT2/APRT/ARHGDIA/ATP6AP1L/BRIP1/CADM1/CTU2/CUL5/CXCL9/CYP3A4/DKK1/DNMT3A/DTX3/EGFR/ELP3/EPOR/ERBB2/ERBB3/FLT1/FOXP3/GUCY1A2/H6PD/HES1/IL24/L3MBTL3/LRRC37A2/NCOA2/NR2F6/OCLN/PAK1/PER3/PLA2G4A/PTEN/PTGS2/RARB/RNF115/ROR1/RPLP2/RRAD/SLC2A2/SLC2A5/SREBF2/STXBP4/TBX3/TFRC/TGFA/TMEM25/TOX3/TP53BP1/TRIM33/YAP1",88
"C0848558","Hypospadias","65/2069","366/21671",0.177595628415301,1.86016184794006,5.39187055950389,6.75679289612685e-07,9.79112633750592e-05,7.75346664050013e-05,"COL3A1/MMP11/GLI3/SETBP1/TGFBR1/FGFR1/BNC2/CYP1B1/ZFPM2/KCNMA1/MYH11/ZEB2/FLNA/DACT1/GREM1/ELN/EDIL3/MTHFR/ATRX/BRIP1/CDC42/CHPT1/CUL4B/CUL7/CYP2B6/DHCR7/DKK1/DMD/DYNC2LI1/EHMT1/FANCB/FANCC/FANCM/FBXL4/GATA4/JUNB/KDM5B/KMT2A/LMNA/MAMLD1/MAPK8/MECP2/MED25/NFE2L2/NSD1/OBSL1/PCNT/PDE4D/PIGN/PIK3CD/PRKAR1A/RAC1/RNF128/RREB1/SCARB1/SF1/SLX4/SMAD4/SRY/SUFU/UBA1/UBR1/VAC14/WT1-AS/ZMYM3",65
"C1961099","Precursor T-Cell Lymphoblastic Leukemia-Lymphoma","100/2069","644/21671",0.15527950310559,1.62641958037759,5.24299096313006,7.12271998135266e-07,0.000101873396304723,8.0672228360228e-05,"ASB2/EML1/IL2RB/JAK3/SETBP1/TRAC/FGFR1/LATS2/IGFBP7/IGHM/CD38/CD3D/CD2/PTPRC/GLIS2/NRP2/NR3C1/ZEB2/MEIS1/MEF2C/MMP2/THBS1/C3/EDIL3/DHFR/TYMS/ABCA2/AFF3/APRT/ARRB1/ATG7/CASR/CCAR1/CD47/CD6/CHRNA4/CNKSR3/CRYZ/DDX3X/DENR/DICER1/DNM2/DNMT3A/DNTT/EGFR/EWSR1/FANCB/FEM1B/FOXP3/GATA3/HDAC4/HES1/HMGA1/IL3RA/INPP5D/JUNB/KDM6B/KMT2A/LMO4/MAGI1/MAPK14/MAPK8/MCL1/MSLN/MYB/MYCN/NAP1L1/NCAM1/NFATC3/NFE2L2/PAWR/PDLIM5/PIK3CD/PLEKHG2/PLK1/PLP2/PRKAA2/PRKAR1A/PRKCA/PTEN/PTGES/PTPN6/RAC1/RBPJ/SET/SHQ1/SMARCA4/SOX4/STAT1/STAT5B/SUZ12/TAPBP/TCF3/TFRC/UBR1/USP24/XIAP/ZFP36L1/ZFX/ZMIZ1",100
"C0018798","Congenital Heart Defects","70/2069","406/21671",0.172413793103448,1.80588656855719,5.32554120674756,7.96161090674369e-07,0.000112411821687139,8.90174714741856e-05,"COL3A1/VWF/GLI3/PAPPA/SSPN/SETBP1/TGFBR1/PMP22/FGFR1/SOX7/JAM3/EDNRA/GJA1/ZFPM2/PKD2/ACTA2/PLN/ZEB2/MEF2C/MEIS2/COL6A2/COL6A1/PBX3/NFATC1/ELN/CDH5/MTRR/MTR/MTHFR/AFF4/ATP2A2/BHMT/CHDH/COG7/DAAM1/DICER1/DNMT3A/DNTT/DSCAM/EGFR/FANCC/FEN1/FXR1/GAB1/GATA3/GATA4/GNA11/GRK5/LMNA/MED13/MED23/MED25/MIB1/NTRK3/PIK3CD/PKD1L1/PLAGL1/PRDM6/PTGS2/RAC1/SMAD4/SMARCA4/SOX11/SOX4/STAG2/TBX18/TBX3/TMEM87B/TPM1/ZC3H12D",70
"C0007785","Cerebral Infarction","105/2069","687/21671",0.152838427947598,1.60085141230179,5.1994909259545,8.11419754022395e-07,0.000113116022165173,8.95751187485083e-05,"VIM/COL3A1/AOC3/VWF/ICAM1/AGTR1/CYBB/POSTN/IL2RB/JAK3/FGFR1/SERPINE1/CCL5/GJA1/ACKR3/PTGIS/CAV2/TNC/CAV1/MFGE8/NR3C1/ANGPTL1/F2R/HTRA1/CCL2/SERPINF1/SMTN/MMP2/VEGFC/PRKCB/STC1/THBD/EDIL3/SLC19A1/MTHFR/AXIN2/ABCA1/ADAM10/AKT1S1/ANGPT2/APEH/ATG7/ATP2B1/BACE1/BRAP/CBX5/CDC42/CIRBP/CPB2/CREB1/CYP3A4/DCDC2/DDC/DENR/DKK1/DPYSL2/DSCAM/EGFR/F5/FABP1/FGB/FLT1/HBEGF/HES1/HFE/HSPA5/ITGB1/JUNB/KIDINS220/KMT2A/LAMP1/LIMK1/LPL/MAP2/MAPK14/MAPK8/MYCN/NFE2L2/NFKB1/OCLN/PART1/PDE4A/PDE4D/PIK3CD/PIK3R3/PLA2G4A/PLK2/PTEN/PTGS2/RAB7A/RAC1/RBPJ/RNH1/RPS6KB1/SCARB1/SERPINB6/SLC8A1/SMARCA4/SRY/TBXA2R/TCF3/TFRC/TGFA/USP14/XIAP",105
"C0038525","Subarachnoid Hemorrhage","82/2069","501/21671",0.163672654690619,1.71433064272615,5.25553851316722,8.60697929284991e-07,0.000118485828690195,9.38273992648178e-05,"COL3A1/CLU/VWF/ICAM1/AGTR1/CYBB/POSTN/TGFBR1/FGFR1/CD38/EDNRA/SERPINE1/GJA1/PRKG1/TNC/MFAP5/ACTA2/MYLK/MASP1/MYH11/NEXN/VCAM1/HSPB6/GAP43/F2R/CCL2/MMP2/TFPI/C3/ELN/THBD/MTHFR/ABCA1/AKT2/CEBPA/CXCL9/CYP3A4/DENR/EGFR/EGR1/ERN1/GLS/HAMP/HBEGF/HDAC4/HSPA5/HSPD1/ITGA2/ITGB3/KDM6B/LAMP1/LIMK1/MAP2/MAPK14/MAPK8/MEFV/MNT/NEFL/NFE2L2/NLK/OCLN/PDE4A/PEA15/PIK3CD/PRDX2/PRKAA2/PTEN/PTGS2/SLA2/SMAD4/SORD/SPTAN1/TACR1/TBL1X/TERF2IP/TGFB3/TRPM4/WNK1/WNK2/XIAP/YAP1/ZMYM2",82
"C0007138","Carcinoma, Transitional Cell","97/2069","623/21671",0.15569823434992,1.63080543093142,5.19031287426735,9.23433604617832e-07,0.00012555276898341,9.9423618119022e-05,"VIM/IGFBP5/EPHA3/PECAM1/CD74/CYBB/POSTN/DLC1/FGFR1/IGFBP7/CYP1B1/GEM/TNC/DDR2/TIMP2/DCN/CAV1/RECK/NR3C1/SPARCL1/EMP3/DACT1/NDN/MMP2/TFPI/LGALS1/NFATC1/THBS1/LUM/BCHE/RORA/THBD/ATP7A/ERCC1/MTR/CTLA4/MTHFR/RRM2/AXIN2/CDH1/ADAM9/ANGPT2/ATG7/CCAR2/CD9/CEBPA/CISH/CMAS/CRYZ/DNMT3A/EGFR/ELAVL3/ELK1/ERBB2/ERBB3/FLT1/GAB1/GATA3/GFRA3/GSN/HAMP/HDAC4/HLA-G/HSPA5/IRF3/KLK3/KMT2A/LGALS9/LMNA/MIB1/MSLN/MYB/NACC1/NCAM1/NFE2L2/NFKB1/PAX8/PIK3CD/PIKFYVE/PLA2G4A/PLK1/PTEN/PTGES/PTGS2/RPS6KB1/RSF1/SET/SFXN1/SOCS3/SOX4/STAG2/TGFA/TMEM67/TNKS/TP53BP1/UBQLN2/ZNF654",97
"C0023508","White Blood Cell Count procedure","104/2069","681/21671",0.152716593245228,1.59957529831674,5.16500299198302,9.50309933985207e-07,0.000126811761495829,0.000100420598048521,"COL4A1/TPM2/ST8SIA4/LSAMP/LIPA/MAP4K4/TTC28/SSPN/CD84/ATXN1/DLC1/AKT3/NREP/KLHL5/BNC2/PTPRC/ZFPM2/DDR2/MITF/CCDC69/PLXDC1/APOL3/TPST1/ATP2B4/ATP1A2/KCNE4/ITGA4/CD300LF/ADAMTS9-AS2/ADCY5/ANKRD26/ARNT/CADM3/CANX/CCDC9/CD300LG/CMIP/CPM/DDX6/DNAJC12/DNMT3A/DOCK9/DYRK1A/EFHC1/EHD4/EML6/EPS15L1/ETV7/FARP2/FER/FOSL2/GLCCI1/GLG1/GTF2A1/HFE/HLA-B/HLA-C/L3MBTL3/LMNA/LPIN3/MAP2K2/MARK3/MAX/MEF2D/MSI2/MYB/MYCT1/MYO1G/NAP1L4/NFATC3/NFIC/NFKB1/NPAS2/PAK2/PCGF3/PIK3CD/PIK3R3/PML/PPP2R3C/PTEN/RAB21/RBPMS/RPAIN/RREB1/SBNO1/SBNO2/SIK3/SOX6/SPATA6L/SUFU/TAF8/TNPO1/UBE2I/UNK/USP34/VLDLR/WWP2/XPO6/YAP1/ZBTB7B/ZNF101/ZNF235/ZNF516/PDZRN4",104
"C0151744","Myocardial Ischemia","113/2069","756/21671",0.149470899470899,1.56557944051902,5.14262771253578,9.55722891505838e-07,0.000126811761495829,0.000100420598048521,"CYGB/IL18BP/PECAM1/VWF/ICAM1/AGTR1/PAPPA/ATXN1/IL6ST/IGFBP7/CD38/EDNRA/SERPINE1/GJA1/EGR2/TNC/DCN/TUBA1A/PLN/GBP2/TAGLN/VCAM1/HSPB6/CRYAB/KCNJ8/DES/SPARC/CCL2/SERPINF1/KCNMB1/JAZF1/TFPI/MSN/C3/ELN/CTSC/PRKCB/AKR1B1/RTN1/THBD/EDIL3/CDH2/MTHFR/AXIN2/ABCA1/ABCC9/ACVR1B/AKT2/ANGPT2/APRT/ATP2B1/CANX/CCL22/CEBPA/CHDH/CHRNA4/CIRBP/COX4I1/COX5B/CYP2B6/CYP3A4/DMD/EGFR/EGR1/EHMT1/ERBB2/ERBB3/ETV7/F5/FGB/FOXP3/GATA4/GATM/GPLD1/HDAC4/HES1/HFE/HSPA5/HSPD1/ILK/IRF2BP2/JUNB/KLF10/KMT2A/LPL/MAPK14/MED23/NCAM1/NFE2L2/OXCT1/PCSK9/PDLIM5/PIK3CD/PLIN5/PRKAA2/PRKCA/PRKCD/PROC/PTEN/PTGS2/RAB7A/RGCC/SLC22A8/SLC8A1/SOCS3/STAT1/TAP1/TCF7L2/TFRC/VAMP2/VLDLR/WNK1/YAP1",113
"C0023470","Myeloid Leukemia","67/2069","385/21671",0.174025974025974,1.82277278062682,5.29203563733117,9.7032074567749e-07,0.000127215980620788,0.000100740693959123,"VIM/ICAM1/CYBB/IL2RB/JAK3/MN1/SETBP1/RUNX1T1/CD38/BASP1/AXL/NRP2/MYH11/CLIC4/MEIS1/MEF2C/THBS1/PRKCB/AKR1B1/MTHFR/ATG2B/CBX1/CD6/CEBPA/CFLAR/CTDSPL/DNMT3A/EGR1/FANCB/FLT1/HEXIM1/HLA-C/HLA-G/HTN1/IL17RB/IL24/IL3RA/ING1/JUNB/KMT2A/MAPK14/MCL1/MSI2/MYB/NCAM1/NFKB1/PBX1/PIK3CD/PLEKHG2/PML/PPP1R1A/PRDX2/PRKCA/PTEN/PTGS2/SMAD4/SOX4/STAG2/STAT1/STAT2/STAT5B/TACR1/TCF3/USP22/WT1-AS/YWHAH/ZFX",67
"C0581342","Redundant skin","17/2069","48/21671",0.354166666666667,3.70959199291123,6.10556773073283,1.00782905949429e-06,0.000130579075673066,0.000103403885546875,"COL3A1/TRPS1/TWIST2/ZEB2/ANTXR1/AEBP1/EFEMP2/ELN/ADAMTS2/ATP7A/ATP6V0A2/GGCX/LIMK1/MAP2K2/NSD1/SUZ12/TBL2",17
"C0008626","Congenital chromosomal disease","113/2069","757/21671",0.149273447820343,1.56351130387369,5.12733305546076,1.02050337320758e-06,0.000130683763362036,0.000103486786377293,"VIM/SORBS1/PDLIM3/LAIR1/EPHA3/ADAM12/DERL3/LSAMP/GLI3/PAPPA/CYBB/MN1/SETBP1/MLLT11/RUNX1T1/FGFR1/IL6ST/IGFBP7/CD38/ACKR3/CYP1B1/ZFPM2/EFS/TNC/MYH11/SGCE/MEIS1/F2R/JAZF1/LGALS1/COL1A2/PDLIM7/ELN/BCHE/STC1/ITGA4/EDIL3/ERCC1/MTR/CTLA4/MTHFR/CDH1/TYMS/ADAM9/BRAP/BRIP1/CBX2/CD6/CEBPA/CHDH/COIL/CYP2B6/DMD/E2F7/EGFR/ERBB2/EWSR1/FANCB/FANCC/FLT1/FOXN3/FOXP3/HDAC4/HMGA1/INTS1/IRF2BP2/KAT6A/KMT2A/LMNA/LPL/MBTPS2/MCPH1/MECP2/MIB1/MVD/MYCN/NCAM1/NCOA2/NFKB1/NRXN1/NTRK3/PAX8/PBK/PBX1/PCNT/PDXK/PGD/PGP/PIK3CD/PML/POLK/PRDM1/PRKACA/PTEN/PTGS2/RNF115/RRAD/RREB1/SEC61A1/SERPINB6/SET/SLX4/SORD/SRY/SUZ12/TFRC/TP53BP1/UBE2I/USP42/WDR20/ZMYM2/ZNF569/LILRB4",113
"C0005779","Blood Coagulation Disorders","51/2069","267/21671",0.191011235955056,2.00067882763752,5.34518054682903,1.1820544450019e-06,0.000149166620348137,0.000118123122394521,"HAVCR2/COL4A1/PECAM1/VWF/FLI1/STON1/SERPINE1/CCL5/PRKG1/CLDN11/SERPING1/MFGE8/ACTG2/F2R/FLNA/SERPINF1/TFPI/A2M/HLA-DQB1/THBD/MTHFR/ABCA1/ABCB11/ACTN1/AKR1D1/ANGPT2/ANKRD26/CASR/CPB2/DNM2/F5/GGCX/GSN/ITGB3/KLK3/KMT2A/LMAN1/NAAA/PAWR/PLA2G4A/PML/PRKAR1A/PROC/RHOF/RNF34/SMAD4/STAT1/STXBP2/TBXA2R/TERF2IP/TFAM",51
"C0086437","Joint laxity","45/2069","224/21671",0.200892857142857,2.10418033211351,5.39684877611885,1.19192432494652e-06,0.000149166620348137,0.000118123122394521,"TPM2/MAP1B/TGFBR1/TRPS1/COL12A1/C1S/CFL2/C1R/ANTXR1/COL6A2/COL6A1/FLNA/SERPINF1/COL1A2/EFEMP2/ELN/ADAMTS2/COL13A1/ATP7B/ATP7A/AGRN/ATP6V0A2/CANT1/CUL4B/CUL7/DDX3X/DNMT3A/FARSB/IRF2BPL/KDM6B/LIMK1/MAMLD1/MYO9A/NEDD4L/NSD1/PLAGL1/RAC1/SET/SLC25A1/SOBP/TBL2/TGFB3/TMTC3/TRIP11/UBR1",45
"C0027794","Neural Tube Defects","56/2069","304/21671",0.184210526315789,1.9294472285111,5.30211645279353,1.20965487133638e-06,0.000149684596607052,0.000118533301112028,"GLI3/DLC1/RAB23/SETBP1/LST1/GJA1/CYP1B1/GPR161/MYLK/PRICKLE1/ZEB2/CCL2/DACT1/LGALS1/BCHE/PRKCB/MTRR/DHFR/MTR/SLC19A1/MTHFR/CDH1/TYMS/AKT2/ALDH1L1/ATRX/BHMT/CD6/CUBN/CUL4B/FKBP8/FZD3/HLA-B/HLA-C/ID2/ITGB1/KCNQ1/LIG3/LRP6/MAPK8/NCAM1/NFE2L2/NFKB1/NHLRC2/PCSK9/PRKACA/PRKCA/SLC2A2/SLC46A1/SUFU/TCF7L2/TGFB3/TRADD/TRAF4/WDR20/WNK1",56
"C0149721","Left Ventricular Hypertrophy","69/2069","403/21671",0.1712158808933,1.79333946584761,5.22285255144239,1.23285943034869e-06,0.000150860898960335,0.000119464799771215,"COL3A1/HSPB8/JPH2/PDE5A/PECAM1/AGTR1/ITGA11/CYBB/POSTN/FGFR1/IL6ST/EDNRA/SERPINE1/GJA1/ACKR3/TNC/TIMP2/CAV1/PLN/FHL1/NEXN/HTR2B/VCAM1/SYNM/MYL9/PDE1A/CCL2/MMP2/COL1A2/THBS1/DTNA/PRKCB/MTHFR/ABCA1/ADRA1A/AKAP1/ANGPT2/APRT/ATP6AP2/CACNA1G/CCDC28B/COQ7/DMD/DNM2/EGFR/EPG5/GAB1/HBEGF/HEXIM1/HLA-C/LAMP2/LMNA/LPAR2/LPL/MAPK8/NCAM1/ORM1/POMT1/PRKCA/PRKCD/PTEN/PTGS2/RAC1/RPS6KB1/SLC8A1/SMARCA4/STK11/TPM1/TRPM4",69
"C0003855","Arteriovenous fistula","25/2069","93/21671",0.268817204301075,2.81562959613756,5.70062721630385,1.31778765328388e-06,0.000159441283646421,0.000126259495716603,"AGTR1/TGFBR1/IL6ST/CD38/SERPINE1/TIMP2/CAV1/F2R/DES/CCL2/MMP2/ELN/MTHFR/ANGPT2/ARRB1/ATP6V0A2/F5/GSTA4/ID2/LRP1/MNT/NAAA/PROC/PTEN/RBPJ",25
"C4722099","High grade glioma","40/2069","190/21671",0.210526315789474,2.20508254686983,5.42033162383614,1.34199479856298e-06,0.000159441283646421,0.000126259495716603,"PECAM1/ICAM1/TCF4/IL2RB/AKT3/FGFR1/SOX7/CCL5/WWTR1/EFS/TNC/ALDH1A3/SERPINF1/EMP3/STC1/ERCC1/MTHFR/AKT2/BCL2L11/BRMS1L/EGFR/EGR1/ERBB2/FLT1/GOPC/HOXA11-AS/KDM6B/LAMP1/NTRK3/PART1/PEA15/PIK3CD/PTEN/PTGS2/RBPJ/SATB1/STK11/TCF3/TCF7L2/TERF2IP",40
"C2674608","Feeding difficulties in infancy","56/2069","305/21671",0.183606557377049,1.92312117202418,5.27480644243302,1.3464123653062e-06,0.000159441283646421,0.000126259495716603,"TPM2/FLI1/TCF4/TRPS1/COL6A2/COL6A1/FLNA/ELN/ATP7A/ERCC1/MTR/ARID2/ARL3/ATP6V0A2/ATRX/CASR/CC2D2A/CHRNE/DBT/DDC/DHCR7/DYNC2LI1/DYRK1A/EPG5/GCDH/HSPD1/IRAK1BP1/KMT2A/LAMA2/MAP2K2/MECP2/MRAS/MYH3/NALCN/NFIX/NSD1/PAX8/PIGN/PRKCSH/RAB3GAP1/RAC1/RREB1/SCN4A/SEC63/SLC46A1/SMARCA4/SMPD1/SOS2/SOX11/SOX4/SUZ12/TMEM67/TSPYL1/UBE3A/WNK1/ZNHIT3",56
"C0021704","Intelligence","99/2069","645/21671",0.153488372093023,1.60765901963649,5.09003752966881,1.37675073191207e-06,0.000161299529899443,0.000127731016952872,"DOCK2/CHRNA3/COL16A1/EPHA3/ADAM12/PTGER3/TCF4/ATXN1/RUNX1T1/PRKD1/NREP/MIR100HG/NEGR1/IGFBP7/GNB5/MYLK/MYH11/ZEB2/MEF2C/CALU/CLIP4/RORA/PCDH17/ABCC2/CDH2/ADAMTS9-AS2/ADCY2/AFF3/AKAP6/ARHGEF12/ARID2/ATP2A2/BRD3/BRWD1/BTN3A1/CACNA1I/CADM3/CCDC136/CDC14B/CDC42/CSE1L/DCAF5/DCDC2/DOT1L/DPP8/EIF5B/ERBB3/FAM120A/FARP1/FOXN3/FXR1/GIGYF2/GLCCI1/GOSR1/GRK6/HBEGF/HFE/HLA-B/HOOK2/IFT81/IGF2BP2/IKZF4/KALRN/KCNC2/KLC1/LMF1/MAN2A1/MAP4/MPHOSPH9/MTMR4/MYO6/NAV2/NCAM1/NCOA2/NFIX/NRXN1/NTRK3/PART1/PCGF3/PDE4D/PLCL1/PPA2/PPP1R16B/RAB21/RTF1/SLC22A23/SLFNL1/SMPD3/SREBF2/STAB1/SYNGR1/TAOK2/TOMM40/TTLL7/VAC14/WWP2/ZNF19/ZNF638/ZNF800",99
"C0151779","Cutaneous Melanoma","82/2069","507/21671",0.161735700197239,1.69404270612584,5.13748783195051,1.40224951325444e-06,0.00016255761988917,0.000128727282186294,"VIM/FLI1/ICAM1/JAK3/SYNE1/RASSF8/ACKR3/CYP1B1/GEM/FERMT2/GBP1/NRP2/RECK/MITF/VCAM1/TTC7B/DES/SERPINF1/ATP2B4/SDC2/MMP2/VEGFC/MCAM/HLA-DQB1/THBS1/CTSK/RORA/CTLA4/CDH1/TYMS/ABCC11/ADAM9/AKT1S1/ARNT/CADM1/CCL22/CHD5/CNOT7/CREB1/CSPG4/EGFR/ERBB2/FARP1/FOXP3/GNA11/GNAO1/HDAC4/HLA-C/IRF3/KDM5B/MAGI1/MAP2/MAP2K2/MIB1/MYB/NACC1/NAV2/NFIC/NFKB1/PAK1/PBK/PLK1/PLP2/PRDM2/PTEN/PTGS2/RAC1/SATB1/SNCA/SOCS3/SOX11/SOX4/SRY/STAG2/STK11/STX17/TGFA/TP53AIP1/VEPH1/XIAP/YAP1/CD27",82
"C0016057","Fibrosarcoma","70/2069","413/21671",0.169491525423729,1.77527832163249,5.1681007731857,1.50821835058636e-06,0.000172180592344259,0.000136347589936504,"EPHA3/CLU/FLI1/ICAM1/IL2RB/SERPINE1/CCL5/GJA1/AKAP12/TNC/TIMP2/CAV1/RECK/NR3C1/ANGPTL1/CCL2/FLNA/ARL4C/SDC2/MMP2/VEGFC/COL1A2/THBS1/ADAMTS1/PRKCB/AKR1B1/ABCC2/RRM2/ALDH1A1/APRT/EGFR/EGR1/ELK1/ERBB2/EWSR1/FLT1/FOXP3/HLA-C/HSPA5/HSPD1/ITGA2/ITGB3/JUNB/KMT2A/LPAR2/LRP6/MAPK14/MAPK8/MAU2/MIB1/MMP25/NFKB1/NTRK3/PAK1/PDLIM5/PIK3CD/PRDM1/PRKCA/PTEN/PTGS2/RAC1/ROR1/SMPD1/STAT1/STAT2/TBX3/TCF3/TMED10/TP53BP1/WNK1",70
"C0016059","Fibrosis","39/2069","184/21671",0.21195652173913,2.22006272721542,5.39961366592037,1.51652750907047e-06,0.000172180592344259,0.000136347589936504,"VIM/COL3A1/ICAM1/AGTR1/SSPN/IL6ST/SERPINE1/DCN/CAV1/ACTG2/SPARC/CCL2/MMP2/COL1A2/GREM1/PDGFC/THBS1/LUM/PRKCB/ATP7B/ADCY5/ATP6AP2/CDC42/EGFR/EGR1/HDAC4/HFE/KIF21A/MAPK14/NCAM1/NPHP3/PRKCA/PTGS2/RAC1/SMURF2/SOCS3/STAT1/TCF3/TGFB3",39
"C3494422","Retrognathia","40/2069","191/21671",0.209424083769634,2.19353761206947,5.38263787758053,1.54322788735187e-06,0.000173424170647001,0.000137332363552205,"COL3A1/TPM2/SETBP1/TGFBR1/BNC2/PRKG1/MFAP5/ACTA2/MYLK/FHL1/MYH11/ZEB2/FAM20C/COL1A2/ELN/ADAMTS2/CCDC88A/COL13A1/ARID2/COG7/CTU2/FANCB/GLE1/IBA57/LGI4/LMNA/MAMLD1/MECP2/MYH3/NALCN/NFIX/NSD1/PCNT/PLAGL1/PRMT7/RARB/SUZ12/TGFB3/TRIP11/ZNHIT3",40
"C3469521","FANCONI ANEMIA, COMPLEMENTATION GROUP A (disorder)","63/2069","360/21671",0.175,1.83297486708555,5.17774600526008,1.66877806689906e-06,0.000185638917684437,0.000147005064160113,"VIM/ICAM1/ATXN1/SETBP1/CD38/CTSB/CAV1/VCAM1/MEF2C/MMP2/FSTL1/EDIL3/ERCC1/DHFR/MTHFR/CDH1/ALDH1A1/ATRX/BRAP/BRIP1/CDC42/CHMP1A/COX4I1/CUL4B/CYP2B6/DKK1/ERBB2/FANCB/FANCC/FANCM/FEN1/FLT3LG/GATA3/HES1/IL17RB/IL3RA/ITGB1/KMT2A/LMNA/LPL/MAPK14/MAPK8/MECP2/NCAM1/PAK1/PKNOX2/PLK2/PMS1/PRKAA2/PTEN/RAC1/RAD51D/RAD52/SLX4/SMAD4/SMARCA4/SPTAN1/STAT1/STAT5B/TAP2/TP53BP1/WNK1/ZNF276",63
"C0042834","Vital capacity","72/2069","430/21671",0.167441860465116,1.75380983960345,5.12941761580424,1.69969813399816e-06,0.000187187755497217,0.000148231568843945,"FILIP1L/JPH2/SAMD4A/HMCN1/DKK3/FILIP1/SYNE1/EBF1/PRKG1/EFEMP1/ITPR1/FEZ1/MSRB3/TNS1/CCDC69/ANTXR1/MEIS2/HTRA1/LTBP1/JAZF1/CFH/THBS1/ADAMTS1/LOXL1/COL8A1/ADAMTSL1/AFF3/AGAP3/ATXN3/CAPZB/CCAR2/CUL3/DDX5/DIAPH3/DOT1L/DYNC1I1/GAB1/GM2A/GMDS/GRK5/IGF2BP2/ITGB8/JMY/KY/LCORL/LGR4/MCL1/MRAS/MTCL1/NADK/NPNT/OPRL1/PARP9/PCBP1-AS1/PCDHAC1/RALGPS2/RANBP3/RHBDD1/RREB1/SLC8A1/SOS2/SOX6/TOM1L2/TRIP11/USP34/VWA5B1/WDR18/WSCD2/WWP2/ZBTB4/ZMIZ1/ZNF853",72
"C0085207","Gestational Diabetes","99/2069","649/21671",0.152542372881356,1.59775048946924,5.02301854406935,1.82053678646574e-06,0.000198510610191557,0.000157197991410825,"AOC3/ADAMTS5/CLU/PECAM1/ICAM1/AGTR1/PAPPA/CYBB/TGFBR1/FGFR1/SERPINE1/GJA1/PTPRC/CYP1B1/CTSB/DCN/CAV1/TAGLN/HTR2B/ACTG2/VCAM1/NR3C1/UBE2E2/COL6A2/F2R/SPARC/CCL2/LGALS1/HLA-DQB1/LUM/CDH5/THBD/ABCC2/MTR/MTHFR/ABCA1/ADAMTS9/ADCY5/ANGPT2/ARNT/ATP6AP2/CASR/CCNG2/CMKLR1/CREB1/DICER1/EGR1/EHMT1/ESM1/FCN2/FGB/FLT1/GATA3/GNAO1/HAMP/HDAC4/HFE/HIF3A/HLA-G/IGF2BP2/INO80B/INSIG1/KCNQ1/LIPG/LMNA/LPL/LYPD6/MAPK8/MECP2/MTNR1A/NFAT5/NFE2L2/PAK1/PCBP1-AS1/PER3/PIK3CD/PIKFYVE/PLTP/PNPLA2/PRDX2/PRKAA2/PTEN/PTGS2/RPS6KB1/RREB1/SH2D1A/SH3PXD2A/SLC2A2/SLC7A1/SREBF2/STK11/SUFU/TBL1X/TCF7L2/TFRC/TRIP11/USE1/VPS26A/CDON",99
"C0344482","Hypoplasia of corpus callosum","66/2069","385/21671",0.171428571428571,1.79556721673686,5.11705073623899,1.99487022559742e-06,0.000215387311710828,0.000170562433633381,"TCF4/TUSC3/SETBP1/AKT3/FGFR1/TMEM47/TUBA1A/ZEB2/MEF2C/CCDC88A/ACTL6B/AP4E1/AP4S1/ARID2/ATP6AP2/CC2D1A/CDC42/CEP290/CHMP1A/CLCN4/COG7/DDX3X/DHCR7/DYRK1A/EARS2/FA2H/FBXL4/GNAO1/IBA57/KCNT2/KDM5B/KIDINS220/KMT2A/LMAN2L/MAP2K2/MBTPS2/MECP2/MED23/MED25/NEFL/NFIX/NHLRC2/NSD1/PCNT/PIGG/PIGN/PNKP/POMT1/POMT2/RAB3GAP1/RAC1/RHOBTB2/SFXN1/SLC25A22/SMARCA4/SOX11/SOX4/SPG11/SPTAN1/STAG2/TMTC3/TRAPPC6B/WDR45B/ZBTB20/ZFR/ZNHIT3",66
"C0023530","Leukopenia","73/2069","440/21671",0.165909090909091,1.73775539347072,5.07940701945946,2.04197258602389e-06,0.000218332466892049,0.000172894664028696,"ICAM1/DKK3/PTPRC/CYP1B1/YME1L1/GEM/BOC/MYH11/CCL2/MMP2/HLA-DQB1/C3/BCHE/AKR1B1/ABCC2/ERCC1/DHFR/MTR/CTLA4/SLC19A1/UMPS/MTHFR/TYMS/ABCC3/ABCC11/AK2/BRIP1/CASR/CD6/CDC42/CEBPA/CHPT1/CREBZF/CYP2B6/CYP3A4/DNM2/EGFR/ELAVL1/ERBB2/FANCB/FANCC/FANCM/FLT3LG/HLA-B/IFIT3/IRF2BP2/KAT6A/LYST/MCL1/MCPH1/NAAA/NCAM1/NUDT15/PARP9/PIK3CD/PLK1/PML/PRDX2/PRKAR1A/PROC/PTGS2/RBPJ/SERPINB1/SH2D1A/SLC46A1/SLX4/SOCS3/STAG2/STAT1/STAT2/STAT5B/TMTC3/ZRSR2",73
"C0010606","Adenoid Cystic Carcinoma","58/2069","325/21671",0.178461538461538,1.86923151280812,5.12953974508477,2.2554178732635e-06,0.000238835740752413,0.000189130942105143,"VIM/PECAM1/SMARCA1/MLLT11/AKT3/PRKD1/GJA1/ACKR3/CTSB/SLC24A3/NRP2/RECK/ZEB2/SERPINF1/MMP2/VEGFC/MCAM/CDH5/CDH1/TYMS/ADAM10/ADAM9/ADAMTS9-AS2/ARID2/ATRX/BTBD7/CDH4/DKK2/EGFR/ERBB2/ERBB3/EWSR1/HES1/IL17RD/ILK/KAT6A/KDM6B/LMNA/MAGI1/MAP2K2/MGA/MORF4L1/MYB/MYCN/NCAM1/NFKB1/NSD1/NTRK3/PIK3CD/PTEN/PTGS2/RAC1/SCAF11/SMAD4/SOX11/SOX4/SRY/USP22",58
"C1704272","Benign Prostatic Hyperplasia","113/2069","770/21671",0.146753246753247,1.53711435978232,4.93046751723471,2.34432766673444e-06,0.000245886481845203,0.000194714333021502,"VIM/HAVCR2/FYN/IGFBP5/ITGBL1/PDE5A/CLU/FLI1/AGTR1/MAP4K4/POSTN/DKK3/FGFR1/TRPS1/SLIT2/IGFBP7/EDNRA/CCL5/ACKR3/AKAP12/CYP1B1/CTSB/CAV2/DCLK1/KCNMA1/TIMP2/CAV1/RECK/ANGPTL2/MEIS2/F2R/CCL2/PPP1R14A/SERPINF1/MMP2/MCAM/WIPF1/A2M/THBS1/ADAMTS1/ELN/IL10RA/STC1/RORA/ITGA4/MTHFR/CDH1/ABCA1/ADRA1A/AKT2/ALDH1A1/ANGPT2/CANX/CDC37/CDO1/CISH/CREBRF/CRYZ/CYP2B6/CYP3A4/DKK1/EGFR/EGR1/EPOR/ERBB2/FLT1/FOXP3/GATA3/HES1/HLA-G/HMGA1/IL17B/IL17RB/IL21R/ILK/KIDINS220/KLK15/KLK3/LAMP2/LPAR2/LPL/MAPK14/MAZ/MIB1/NFE2L2/NFKB1/NPRL2/PAK1/PIK3CD/PIK3R3/PLCL1/PLK1/PMS1/PTEN/PTGS2/RARB/SATB1/SLC7A1/SMAD4/SMURF2/SOCS3/SOX11/SRF/SRY/SSBP2/STEAP2/TBX3/TFRC/TGFA/TGFB3/TPM1/YAP1/ZFX",113
"C0278595","Adult Fibrosarcoma","66/2069","387/21671",0.170542635658915,1.7862877995961,5.07072318796421,2.39482890011197e-06,0.000247975764908413,0.000196368809327369,"EPHA3/CLU/FLI1/ICAM1/IL2RB/SERPINE1/CCL5/GJA1/AKAP12/TNC/TIMP2/NR3C1/ANGPTL1/CCL2/FLNA/ARL4C/SDC2/MMP2/VEGFC/COL1A2/THBS1/ADAMTS1/PRKCB/AKR1B1/ABCC2/RRM2/ALDH1A1/APRT/EGFR/EGR1/ELK1/ERBB2/EWSR1/FLT1/HLA-C/HSPA5/HSPD1/ITGA2/ITGB3/JUNB/LPAR2/LRP6/MAPK14/MAPK8/MAU2/MIB1/MMP25/NFKB1/NTRK3/PAK1/PDLIM5/PIK3CD/PRDM1/PRKCA/PTEN/PTGS2/RAC1/ROR1/SMPD1/STAT1/STAT2/TBX3/TCF3/TMED10/TP53BP1/WNK1",66
"C0024003","Lordosis","35/2069","160/21671",0.21875,2.29121858385694,5.32585045594323,2.40928056344322e-06,0.000247975764908413,0.000196368809327369,"TPM2/TRPS1/SYNE1/CAV1/CFL2/FHL1/MASP1/DES/COL1A2/ADAMTS1/ELN/CTSK/CANT1/CD6/CHPT1/CUL7/DMD/DNM2/DYNC1H1/IHH/KY/LAMA2/LIMK1/LMNA/MTMR14/OBSL1/OPRL1/PDE4A/POMT2/RAB3GAP1/SCN4A/SMCHD1/TBL2/TRIP11/WNK1",35
"C4025845","Abnormality iris morphology","12/2069","27/21671",0.444444444444444,4.65517426561409,6.17420031262912,2.45995038635028e-06,0.000250846607452553,0.000198642192504017,"TGFBR1/GJA1/CYP1B1/PRKG1/MFAP5/ACTA2/MYLK/MYH11/ELN/POMT1/POMT2/TGFB3",12
"C0279612","Childhood Embryonal Rhabdomyosarcoma","20/2069","67/21671",0.298507462686567,3.1266095813826,5.66392627722902,2.54987063709357e-06,0.000257630507580839,0.000204014275502851,"ICAM1/WWTR1/CAV1/MEF2C/DES/EDIL3/DICER1/DMD/EGFR/EIF3K/ERBB2/EWSR1/KIDINS220/MYCN/NCOA2/PIK3CD/PTEN/SMAD4/SUFU/YAP1",20
"C0200665","Platelet mean volume determination (procedure)","44/2069","223/21671",0.197309417040359,2.06664687128159,5.20162696370746,2.57334467051956e-06,0.000257638589603927,0.000204020675552675,"VWF/ZFPM2/SLC24A3/MEF2C/F2R/NFATC1/KCNE4/UMPS/ACAD10/ACTN1/ANKMY1/ANKRD26/ARHGEF3/BRD3/CD151/CD9/CHRNE/COCH/DAGLB/DCAF5/DDO/DENND2D/EFHC1/EML6/EPM2A/ETV7/GPR137/GRK5/HLA-B/KALRN/MAST4/MAX/MSI2/MYO9B/PDLIM5/POLR2L/RHOF/SLC22A23/SSH1/STRN/TCF12/TNPO1/TPM1/PDZRN4",44
"C0020429","Hyperalgesia","74/2069","451/21671",0.164079822616408,1.71859537743846,5.01025129406509,2.64708531063866e-06,0.000262633788523095,0.000207976309138372,"IL18BP/PTGER3/RBMS3/CYBB/IL2RB/JAK3/ITGA1/TGFBR1/IL6ST/EDNRA/CCL5/GJA1/PRKG1/CACNA2D1/ITPR1/HTR2B/RGS10/NR3C1/F2R/SPARC/CCL2/C3/IL10RA/PRKCB/AKR1B1/THBD/ATP7B/ADRA1A/APRT/BACE1/C1QL1/CACNA1I/CAMK2A/CLCN3/CREB1/DPYSL2/EGFR/EHMT1/GFRA3/HAMP/HDAC4/ITGA2/ITGB1/ITIH4/KALRN/LAMP2/MAPK14/MAPK8/NFAT5/NFE2L2/NFKB1/NPFF/OPRL1/PAWR/PDAP1/PIK3CD/PLA2G4A/PPP1R11/PRKACA/PRKCA/PTEN/PTGES/PTGS2/RAC1/RBFOX3/SCN11A/SPR/SYN2/TACR1/TCF3/TMED10/TRPC1/WNK1/ZMIZ1",74
"C3642347","Basal-Like Breast Carcinoma","47/2069","245/21671",0.191836734693878,2.00932521872935,5.16182319727455,2.69664282183535e-06,0.000265161851757792,0.000209978249801747,"VIM/CD74/VWF/MAP4K4/POSTN/DKK3/WWTR1/TNC/MFAP5/DCLK1/CAV1/TWIST2/CRYAB/CCL2/PDPN/VEGFC/PRKCB/AKR1B1/CDH1/ACTN1/ARHGAP1/CANX/CD151/CDC42/EGFR/ERBB2/ESRRB/GATA3/GLS/HES1/HMGA1/ID4/IL17B/IL17RB/INPP4B/KDM5B/MAZ/MSLN/PIK3CD/PLA2G4A/PRKCA/PRKCD/PTEN/ROR1/SOX11/TFRC/TOX3",47
"C3714636","Pneumonitis","104/2069","697/21671",0.149210903873745,1.56285620968967,4.9071883496833,2.79493353591655e-06,0.000272394717088929,0.000215705862553038,"HAVCR2/RGS2/COL3A1/AOC3/LAIR1/PDE5A/PTGER3/PECAM1/CD74/VWF/ICAM1/CYBB/POSTN/IL2RB/HLA-DOA/IL6ST/SLIT2/LATS2/EDNRA/SERPINE1/CCL5/ACKR3/CD2/MYLK/CAV1/SERPING1/TAGLN/VCAM1/NR3C1/F2R/CCL2/SDC2/MMP2/MCAM/TFPI/THBS1/ELN/AKR1B1/RORA/CTLA4/MTHFR/ABCA1/AKT2/ANGPT2/APRT/AREL1/ATG7/CCL22/CHRNA4/CIRBP/CLCN3/CMKLR1/CXCL9/CYP2B6/EGFR/EGR1/EPG5/ERBB2/FER/FLT3LG/FOXP3/GATA3/GSDMB/HBEGF/HLA-C/IBTK/IL17B/JUNB/KLF10/LGALS9/LPAR2/MAPK14/MAPK8/MCL1/NAAA/NFATC3/NFE2L2/NFKB1/OCLN/PARP9/PDE4A/PIK3CD/PIKFYVE/PLA2G4A/PLCL1/PPP1R11/PRKAR1A/PRKCA/PRKCD/PTGES/PTGS2/RAC1/SCAF11/SERPINB1/SLC8A1/SMPD1/SOCS3/STAT1/TFRC/TGFA/THOP1/WWP2/XPR1/LILRB4",104
"C0085669","Acute leukemia","97/2069","639/21671",0.151799687010955,1.58997149212876,4.9181376284069,2.86204037216723e-06,0.000274275805643195,0.000217195472312996,"SORBS1/VWF/SMARCA1/IL2RB/STON1/MLLT11/RUNX1T1/DKK3/FGFR1/IL6ST/IGFBP7/EBF1/CD38/PTPRC/AKAP12/TIMP2/MYH11/MEIS1/ANGPTL1/MMP2/LGALS1/WIPF1/CDH5/STC1/ITGA4/MTRR/DHFR/CTLA4/MTHFR/TYMS/ABCC3/ACTR1A/AFF3/ANKRD26/ARFRP1/ATRX/BTN3A1/CASR/CD6/CRYZ/CYP2B6/CYP3A4/DNMT3A/DOT1L/DYNC2LI1/EGFR/EWSR1/F5/FANCB/FANCC/FER/FLT1/FZR1/GATA3/HFE/HLA-B/HLA-C/HLA-G/ID4/INPP5D/KAT6A/KDM5B/KMT2A/LETMD1/LPP/LRP1/MCL1/MEF2D/MYB/NAAA/NCAM1/NCOA2/OCLN/PART1/PBX1/PCM1/PER3/PIK3CD/PLK1/PML/PRKAR1A/PTPN6/RPS29/SERPINB6/SET/SOX4/STAT1/STAT5B/TACR1/TAF8/TCF3/TFRC/UBE2I/UNG/WT1-AS/YAP1/ZRSR2",97
"C0007786","Brain Ischemia","62/2069","358/21671",0.173184357541899,1.81395756998091,5.0452244992656,2.86404409779056e-06,0.000274275805643195,0.000217195472312996,"CLU/ICAM1/AGTR1/IL6ST/SERPINE1/GJA1/AKAP12/CTSB/PTGIS/CAV1/SLC24A3/SERPING1/NR3C1/F2R/CCL2/SERPINF1/MMP2/LGALS1/ADAMTS1/C3/CTSC/PRKCB/STC1/CTLA4/MTHFR/ABCA1/AKAP1/ANGPT2/CIRBP/CREB1/CSPG4/DKK1/DPYSL2/EGR1/EHMT1/EPOR/F5/GGA3/GRM2/HDLBP/IL12RB1/INTS6/KMT2A/MAP2/MAPK14/MAPK8/NFKB1/NPTXR/OCLN/PAK1/PGP/PIK3CD/PLA2G4A/PRKACA/PRKCA/PRKCD/PTGS2/RBPJ/SLC11A2/SLC8A1/TOMM40/TRIM69",62
"C0162534","Prion Diseases","37/2069","175/21671",0.211428571428571,2.21453290064213,5.24093761505304,2.96115524353998e-06,0.000280423621365101,0.000222063848275947,"CLU/CYBB/PPP1R12B/HECTD2/NEGR1/MFGE8/CRYAB/CFH/LGALS1/EDIL3/MTR/ABCA1/ADAM10/AKT1S1/CD2AP/CD9/EGFR/ERBB2/GLS/GSN/GSS/HSPA5/HSPD1/IRF3/NEFL/NFE2L2/NFKB1/PIK3CD/PRDX2/PRKAA2/PTGS2/RARB/SARM1/SEC61A1/SNCA/TGFB3/TOMM40",37
"C0598935","Tumor Initiation","84/2069","533/21671",0.157598499061914,1.65070907354796,4.94171879912936,3.01981149321037e-06,0.000280423621365101,0.000222063848275947,"VIM/EPHA3/CD74/FLI1/POSTN/TCF4/TRPS1/TIAM1/EDNRA/ACKR3/PTPRC/CYP1B1/CTSB/WWTR1/PTGIS/KCNMA1/DCN/CAV1/NRP2/SPARC/FBXO32/PRKCB/ITGA4/CTLA4/CDH1/ADRA1A/AFF4/ALDH1L1/CASR/CD47/CEBPA/CISH/CNTN1/CTBP2/CYP2B6/DCDC2/DICER1/DKK1/DOT1L/E2F4/EGFR/ELP3/ERBB2/ERBB3/EWSR1/FOXP3/GATA3/GNA13/HMGA1/HSPA5/IKBKE/IL24/ITGB3/KDM5B/KMT2A/LPAR2/MAPK14/MAPK8/MCL1/MYCN/NACC1/NCAM1/NFE2L2/PIK3CD/PLK1/PRKAA2/PRKAR1A/PRKCA/PSMB8/PTEN/PTGS2/RAC1/SMAD4/SMARCA4/SNCA/SOX1/SOX4/SPRED1/STK11/TGFA/TP53BP1/TRIM69/YAP1/ZNF503",84
"C0598608","Hyperhomocysteinemia","47/2069","246/21671",0.191056910569106,2.00115723003533,5.13060919152716,3.02995105825886e-06,0.000280423621365101,0.000222063848275947,"PDE5A/PECAM1/ICAM1/AGTR1/EDNRA/SERPINE1/CCL5/TIMP2/MYLK/VCAM1/MEF2C/DES/CCL2/MMP2/ELN/BCHE/ATP1A2/PRKCB/THBD/MTRR/MTR/SLC19A1/MTHFR/TYMS/BHMT/BHMT2/CASR/CHDH/CPB2/CUBN/DYRK1A/ERBB2/F5/HES1/HSPA5/KLK3/MAPK8/MEFV/NFE2L2/PCSK9/PIK3CD/PROC/PTGS2/RAC1/SLC46A1/SMPD1/WNK1",47
"C0795690","Congenital omphalocele","23/2069","85/21671",0.270588235294118,2.83417962641799,5.50458712710768,3.05555566728521e-06,0.000280423621365101,0.000222063848275947,"PCSK5/RAB23/FGFR1/MYLK/MASP1/MYH11/ACTG2/TWIST2/LMOD1/FLNA/DACT1/MMP2/SLC19A1/MTHFR/BHMT/IFT81/KCNQ1/LRP1/MBTPS2/NEK9/NFIX/PIGN/WDR20",23
"C1839829","Short distal phalanx of finger","23/2069","85/21671",0.270588235294118,2.83417962641799,5.50458712710768,3.05555566728521e-06,0.000280423621365101,0.000222063848275947,"SETBP1/TRPS1/KCNJ8/FLNA/MGP/CTSK/ABCC9/ACTL6B/ARID2/CLCN7/DYNC2LI1/GGCX/IHH/LMNA/NFIX/PCNT/PIGN/RBPJ/SMARCA4/SOX11/SOX4/TBX3/ZBTB20",23
"C0575158","Kyphoscoliosis deformity of spine","34/2069","155/21671",0.219354838709677,2.29755375044825,5.26708039267499,3.12622192358416e-06,0.000284537868135805,0.000225321867219615,"TPM2/POSTN/RAB23/SETBP1/TGFBR1/PMP22/EGR2/COL12A1/FLNA/MMP2/AEBP1/ELN/COL13A1/ERCC1/AGRN/ATP6V0A2/ATRX/DNMT3A/HGSNAT/HLA-B/KY/LAMA2/LMNA/MECP2/MRPS34/MYH3/MYO9A/PNKP/POMT1/RAB3GAP1/SLC25A1/SUFU/TONSL/WDR45B",34
"C0034067","Pulmonary Emphysema","61/2069","352/21671",0.173295454545455,1.81512121578277,5.00921442453118,3.36046392780663e-06,0.00030326740573318,0.000240153546430715,"CHRNA3/IGFBP5/AMOTL1/PECAM1/CD74/TGFBR1/FGFR1/NREP/IL6ST/SLIT2/IGFBP7/SERPINE1/CCL5/TIMP2/CAV1/SERPING1/F2R/CCL2/FLNA/MMP2/FSTL1/A2M/HLA-DQB1/C3/LOXL1/EFEMP2/ELN/ABCA1/ACVR1B/ADAM9/ATP6V0A2/BICD1/CADM1/CYP2B6/EGFR/EGR1/EHMT1/FOXP3/HBEGF/HDAC4/IRF3/JUNB/KLF10/KLF9/LGALS9/LMAN2L/MEFV/NFE2L2/NFKB1/OAZ1/PAPOLA/PCSK9/PDAP1/PLTP/PTEN/PTPN6/SFXN1/TGFA/TGFB3/TUSC2/XPR1",61
"C0003811","Cardiac Arrhythmia","87/2069","559/21671",0.155635062611807,1.63014376116987,4.90388598960307,3.38707808092083e-06,0.00030326740573318,0.000240153546430715,"SORBS1/COL4A1/GJC1/EPHA3/PDE5A/VWF/AGTR1/CYBB/IL2RB/HSPB7/CD38/GJA1/ETV1/CACNA2D1/GNG11/PLN/FHL1/ITPR1/ANK2/ACTG2/HOPX/KCNJ8/FAM20C/POPDC2/EFEMP2/ELN/BCHE/KCNE4/CTLA4/CES2/ABCC9/ANGPT2/APRT/ATP2A2/CASR/CHDH/CHPT1/DCDC2/DMD/EHD4/FANCC/GATA4/GNA11/GSN/GTPBP3/HFE/HLA-B/HMBS/IDS/ITPKB/KCNQ1/KLK3/LAMA2/LAMP2/LMNA/LRP6/MECP2/MEFV/MRAS/OPRL1/PAK1/PAPOLA/PDAP1/PDE4D/PIK3CD/PML/PPP1R1A/PRKAA2/PSMB8/PTGS2/RBM25/RPS29/SCN4A/SERPINB6/SLC8A1/SOS2/STX6/TBX3/TCF3/TERF2IP/TGFB3/TOP3A/TPM1/TRPM4/TUSC2/WIPI2/HLA-DPA1",87
"C0497156","Lymphadenopathy","51/2069","277/21671",0.184115523465704,1.92845215515963,5.05257682836791,3.60935068506903e-06,0.000320562734634397,0.000253849494276714,"PDLIM3/ICAM1/CYBB/IL2RB/JAK3/TRAC/PRKD1/CD38/PTPRC/C1R/PALLD/C3/ITGA4/CTLA4/ABCA1/CLCN7/DCLRE1C/EGFR/EML4/FANCC/FOXP3/HBEGF/HLA-B/IL12RB1/IL21R/IRF2BP2/KMT2A/LYST/MEFV/NCAM1/NFE2L2/NFKB1/PART1/PBX1/PIK3CD/PML/PRKAR1A/PRKCD/PSMB8/PSMB9/SH2D1A/SMAD4/SMARCA4/SMPD1/STAT1/STAT5B/TCF3/TFRC/UNG/XIAP/CD27",51
"C0019569","Hirschsprung Disease","65/2069","384/21671",0.169270833333333,1.77296676131787,4.96510811527245,3.68489482964327e-06,0.00032465397407089,0.000257089294009217,"ICAM1/GLI3/TCF4/ADARB1/MCC/SETBP1/AKT3/NID1/SLIT2/EDNRA/ACKR3/CSGALNACT2/DCLK1/TUBA1A/CAV1/FHL1/ANGPTL2/MITF/ACTG2/ZEB2/GAP43/COL6A2/COL6A1/RBPMS2/STC1/ERCC1/ADRA1A/ARL3/ATRX/BRIP1/CASR/CC2D2A/CEP290/CHRNE/CUL3/CYP2B6/DHCR7/DNTT/DSCAM/DYRK1A/ERBB2/FANCB/FANCC/FANCM/FGD2/FZD3/IHH/INMT/ITGB1/LPAR2/MAP2/MBTPS2/MECP2/NTRK3/PGP/PIGN/PTGES/RIMBP2/RREB1/SCAF11/SLX4/SOX4/SRY/SUFU/TMEM67",65
"C1519689","Tumor Promotion","36/2069","170/21671",0.211764705882353,2.21805362067495,5.17989607733125,3.85519972107618e-06,0.000336536551265395,0.000266498953603521,"CYGB/EPHA3/PAPPA/RAB23/MLLT11/NRP2/ANGPTL2/UBE2E2/LGALS1/MTHFR/ANGPT2/BTF3/CASR/DKK1/DNMT3A/EGFR/ERBB2/ERBB3/GSTA4/JUNB/MAPK8/MED25/MEFV/MIB1/MYCN/PDLIM5/PEA15/PIK3CD/PRKAR1A/PRKCA/PTGS2/STAT1/STAT5B/STK11/TGFA/TGFB3",36
"C0026654","Moyamoya Disease","28/2069","117/21671",0.239316239316239,2.50663229686913,5.30879277278097,3.88088095983884e-06,0.000336536551265395,0.000266498953603521,"CLU/CCL5/GJA1/ACTA2/TIMP2/MYLK/CAV1/SGCE/HTRA1/CCL2/MMP2/JAZF1/CFH/HLA-DQB1/ELN/THBD/ATP7A/MTHFR/ANGPT2/DFFA/DOCK9/HLA-B/LRP1/OGFR/PCNT/SLC25A1/SPTAN1/TSC22D2",28
"C4476554","Carotid artery dilatation","9/2069","16/21671",0.5625,5.89170492991784,6.35917326526298,3.97465533274417e-06,0.000341975618589934,0.000270806080853499,"TGFBR1/PRKG1/MFAP5/ACTA2/MYLK/MYH11/ELN/STAT1/TGFB3",9
"C0008479","Chondrosarcoma","65/2069","385/21671",0.168831168831169,1.76836165284691,4.94206583514682,4.0281810773401e-06,0.000343894249649198,0.000272325420038864,"CLU/ICAM1/POSTN/TUSC3/FGFR1/SERPINE1/CCL5/TNC/FERMT2/TIMP2/DCN/VCAM1/PDPN/SDC2/MMP2/VEGFC/TFPI/COL1A2/LBH/ADAMTS2/CTSK/EDIL3/MTHFR/ADAMTS16/ADAMTSL1/ANGPT2/APRT/CD6/CLCN3/CREBRF/CSPG4/DKK1/EGFR/ERBB2/ESRRB/EWSR1/GLS/IHH/ITGB3/JUNB/KDM6B/KLK3/KMT2A/MAP2/MAPK14/MIB1/NCOA2/PEG10/PIK3CD/PLAGL1/PLK1/PPP1R11/PRDX2/PRKAA2/PTEN/PTGS2/RRAD/SOCS3/SOX4/TBX3/TGFB3/TP53BP1/TRAF4/XIAP/YAP1",65
"C0026650","Movement Disorders","62/2069","362/21671",0.171270718232044,1.79391383992587,4.94886528640738,4.15324466608526e-06,0.000351843719289208,0.000278620502498108,"RGS2/COL4A1/TCF4/GJA1/STOM/KCNMA1/TUBA1A/ITPR1/SGCE/GAP43/MEF2C/CCL2/ATP1A2/CTSK/MYO5A/ATP7B/ADCY5/ATP8A2/ATRX/ATXN3/CAMK2A/CHRNA4/CLN8/CUL4B/CYP3A4/DDC/DDX3X/DHCR7/DNAJC5/DNMT3A/EBF3/EIF2B5/FA2H/GCDH/GNAL/GNAO1/GOPC/GOSR2/GRM2/HEXA/JPH3/KMT2A/LYST/MCL1/MECP2/OPA3/PIGN/PNKP/PTEN/RARB/RHOBTB2/SCN8A/SLC6A2/SNCA/SOX6/TMEM67/TRAK1/TTBK2/UBE3A/VAMP2/VPS13D/XPR1",62
"C0424503","Dysmorphic facies","50/2069","271/21671",0.18450184501845,1.93249854199847,5.01863289354991,4.21067498807037e-06,0.000353985982012359,0.000280316932713242,"JAK3/TUSC3/TRPS1/FLNA/FAM20C/MPDZ/MMP2/VEGFC/LAMB2/CTLA4/AFF3/ARID2/ARL3/ATRX/CACNA1G/CC2D1A/CDC42/CIITA/COG7/CUL4B/DDC/DDX3X/DYRK1A/EARS2/EBF3/EHMT1/GCDH/HOOK2/KAT6A/KDM5B/KMT2A/LMAN2L/MECP2/MED23/MED25/MEFV/NRXN1/PRKAR1A/PRMT7/PTEN/RAB11B/RAC1/RHOBTB2/SET/SOX11/SOX4/TMEM67/TMEM87B/ZBTB20/ZMYND11",50
"C0026691","Mucocutaneous Lymph Node Syndrome","63/2069","370/21671",0.17027027027027,1.78343500581297,4.93813942078678,4.2449363620517e-06,0.000354162758752086,0.000280456919933001,"SLC11A1/MMP11/PECAM1/VWF/ICAM1/AGTR1/POSTN/CD84/SGCD/SETBP1/HLA-DOA/IL6ST/SERPINE1/CCL5/TNC/TIMP2/VCAM1/NR3C1/CCL2/MMP2/VEGFC/NFATC1/ELN/THBD/CTLA4/ABCC11/ANGPT2/ATP6AP2/ERBB2/FHAD1/FLT1/FOXP3/GATA3/GLS/GOPC/HAMP/HLA-B/HLA-C/HLA-G/HSPA5/HSPD1/MAP7/MAPK14/MEFV/MICB/NCAM1/PBK/PTGS2/SFXN1/SLC35F5/SLC8A1/SMAD5/SNCA/SOCS3/SPAG9/STAT1/STOML1/TBXA2R/TFRC/TNFRSF4/WNK1/ZNF618/LILRB4",63
"C0020443","Hypercholesterolemia","78/2069","489/21671",0.159509202453988,1.67072205238297,4.8738599076157,4.2801094152827e-06,0.000354412368349687,0.000280654582553361,"CHRNA3/COL3A1/CLU/ST8SIA4/VWF/LIPA/ICAM1/AGTR1/CYBB/EDNRA/SERPINE1/CCL5/GJA1/ACKR3/PTPRC/MYLK/CAV1/VCAM1/NR3C1/CCL2/FLNA/THBS1/C3/BCHE/ABCC2/MTHFR/ABCC3/ABCA1/ABCB11/ACLY/ADAM10/ADRA1A/APRT/ATG7/BACE1/CASR/CD2AP/CHDH/CPB2/CYP2B6/CYP3A4/DHCR7/DYRK1B/EGFR/EHMT1/ESRRB/FLT1/FOXP3/GFOD2/HSPA5/ID2/ITIH4/KLK3/LIPG/LMF1/LMNA/LPAR2/LPL/LRP6/NFE2L2/OCLN/PCSK9/PIK3CD/PPP1R17/PRKAR1A/PTEN/PTGES/RAB7A/SCARB1/SLC11A2/SLC15A1/SMPD1/SNCA/SREBF2/TFRC/VLDLR/XPR1/ZNF627",78
"C0023492","Leukemia, T-Cell","74/2069","457/21671",0.161925601750547,1.69603176197975,4.88579661784627,4.32332715599647e-06,0.000354475918201926,0.000280704906861552,"LAIR1/ICAM1/IL2RB/JAK3/HLA-DOA/TRAC/IGFBP7/CD38/EDNRA/ACKR3/CD3D/GLIS2/CAV1/VCAM1/MEF2C/CCL2/MMP2/LGALS1/THBS1/ADRA1A/CADM1/CCL22/CD151/CD9/CNKSR3/CREB1/DICER1/DNMT3A/DNTT/E2F4/EGR1/ELF2/FOSL2/FOXP3/GLS/HES1/HLA-B/HMGA1/ITGB1/JPX/KMT2A/LGALS9/LPAR2/LRP1/MAGI1/MAPK14/MCL1/MYB/NCAM1/NFKB1/PBX1/PIK3CD/PIK3R3/PMS1/PTEN/PTPN6/RAC1/RANBP3/SATB1/SH2D1A/SHB/SMARCA4/SNCA/SPOCK3/SPTAN1/STAT1/STAT5B/TAF8/TCF3/TNFRSF4/VAC14/WNK1/XIAP/ZMIZ1",74
"C0023269","leiomyosarcoma","42/2069","213/21671",0.197183098591549,2.06532379389921,5.07617185551317,4.37743801647706e-06,0.000354475918201926,0.000280704906861552,"VIM/PECAM1/AGTR1/SERPINE1/CALD1/AXL/FERMT2/MYLK/RFTN1/TNS1/ZEB2/LMOD1/DES/MYOCD/ARL4C/MMP2/ELN/EDIL3/CDH2/CDH1/CDO1/CETN1/COIL/DFFA/DMD/EGFR/EWSR1/HMGA1/MBD1/MEF2D/NACC1/NPAS2/PEG10/PIK3CD/PNPLA2/PPP1R12A/PTEN/PTGS2/SOCS3/SRF/TP53BP1/WDR20",42
"C0039273","Talipes cavus","42/2069","213/21671",0.197183098591549,2.06532379389921,5.07617185551317,4.37743801647706e-06,0.000354475918201926,0.000280704906861552,"HSPB8/TPM2/PMP22/FGFR1/SYNE1/EGR2/MMP2/GNB4/COL13A1/ATP7A/AGRN/CHMP1A/CUL4B/DCAF8/DDHD1/DNM2/DYNC1H1/HSPD1/IBA57/IDS/IL17RD/LAMP2/LMNA/MECP2/MYO9A/NEFL/NIPA1/NSD1/OPA3/PDK3/PDXK/PIGN/PNKP/RAB11B/RAB7A/RUSC2/SLC25A1/SPG11/SPRY4/SUZ12/VPS13D/ZBTB20",42
"C1837658","Gross motor development delay","28/2069","118/21671",0.23728813559322,2.48538965028549,5.25638347537542,4.62991153763807e-06,0.000372184056671592,0.000294727753279535,"SYNE1/CFL2/ITPR1/COL6A1/COL1A2/COL13A1/ADCY5/AGRN/CAMK2A/CHRNE/CLCN7/DNM2/DYNC1H1/DYRK1A/GLS/IRF2BPL/KIDINS220/KMT2A/KY/MECP2/MTMR14/NSD1/POMT2/PTEN/SCN4A/SMPD1/SPG11/TRIP11",28
"C0022665","Kidney Neoplasm","53/2069","295/21671",0.179661016949153,1.88179502093044,4.95421600951143,4.9544809853001e-06,0.000395389123848623,0.00031310354663014,"VIM/CD74/FGFR1/IGFBP7/CD38/CYP1B1/AXL/CPQ/MITF/VCAM1/UBE2QL1/MMP2/NFATC1/BCHE/CTSK/ATP7B/CDH1/AKT1S1/APH1A/APRT/CACYBP/CD9/CHMP1A/DICER1/EGFR/ERBB2/ESM1/EWSR1/FOXP3/GATA3/GIPC1/HAMP/LAMP1/LMNA/LRIG1/MAX/MR1/NFE2L2/NTRK3/PAK1/PART1/PAX8/PGP/PIK3CD/PTEN/PTGS2/RANBP1/RGCC/SORD/STK11/TGFA/WNK1/WT1-AS",53
"C0023493","Adult T-Cell Lymphoma/Leukemia","84/2069","540/21671",0.155555555555556,1.62931099296493,4.81129162741176,5.07235672407684e-06,0.000401883918001858,0.000318246690336816,"VIM/FYN/ICAM1/IL2RB/JAK3/CD38/EDNRA/ACKR3/CD3D/CAV1/GBP2/VCAM1/CCL2/MMP2/LGALS1/THBS1/PRKCB/CTLA4/MTHFR/ADRA1A/AKAP13/APRT/ATG7/CADM1/CCL22/CD151/CD9/CENPV/CFLAR/CISH/CNKSR3/CREB1/CSNK1A1/DICER1/DNTT/E2F4/EGFR/EGR1/EPOR/FOSL2/FOXP3/GATA3/GATA4/GOSR1/GSN/HLA-B/IL21R/ING1/IRF3/ITGB1/JPX/JUNB/KMT2A/LGALS9/LPAR2/LRP1/MAGI1/MAP4K5/MAPK14/MCL1/MYB/NCAM1/NFKB1/PBK/PDE4A/PDLIM5/PIK3CD/PMS1/POLK/PTEN/PTPN6/SATB1/SMARCA4/SNCA/SOX4/SPOCK3/SPTAN1/STAT1/STAT5B/TFRC/TNFRSF4/WNK1/XIAP/CD27",84
"C0001486","Adenovirus Infections","32/2069","145/21671",0.220689655172414,2.3115348077532,5.14803703831748,5.26049213039891e-06,0.000413812855943451,0.000327693062408684,"VIM/ADAMTS5/ICAM1/TRPS1/CD38/SERPINE1/GJA1/CALD1/PLEKHO1/C1QC/MYO5A/THBD/DHFR/CACUL1/CASR/CNKSR3/CNOT7/DNM2/EGFR/HLA-C/MAGI1/MAP4/MYO6/NFE2L2/PML/PRKAR1A/PTGS2/SET/SOX11/STAT1/TCF7L2/XIAP",32
"C0003493","Aortic Diseases","15/2069","43/21671",0.348837209302326,3.65377049917385,5.65912019147923,5.39976317954308e-06,0.000421755970895801,0.000333983112672746,"COL3A1/AOC3/TGFBR1/PRKG1/TNC/ACTA2/MYLK/MYH11/VCAM1/PALMD/MMP2/MCAM/ADAMTS1/ELN/SMAD4",15
"C0009241","Cognition Disorders","92/2069","607/21671",0.151565074135091,1.58751412352902,4.769817277018,5.47077968055463e-06,0.000424293638182733,0.000335992658661194,"FYN/TPM2/PDE5A/CLU/PTGER3/GLI3/AGTR1/CYBB/TCF4/IL2RB/ATXN1/RUNX1T1/FGFR1/EDNRA/SERPINE1/ACKR3/CHRDL1/ITPR1/VCAM1/HSPB6/NR3C1/SYNM/CCL2/MMP2/BCHE/LAMB2/MTRR/CDH1/ABCA1/ADAM10/ADRA1A/AFF4/BACE1/CC2D1A/CHRNA4/CLCN3/CREB1/DCLRE1C/DMD/DYRK1A/EGR1/EHMT1/EPM2A/FCN2/GRM2/HOOK1/HRH3/IRF2BP2/KIDINS220/LGALS9/LIMK1/LPAR2/LYNX1/MAPK14/MAPK8/MECP2/NFE2L2/NFKB1/NRXN1/NUFIP2/OCLN/OPRL1/ORM1/PCSK9/PDE4A/PDE4D/PDE9A/PIK3CD/PRKCA/PSEN2/PSME3/PTEN/PTGES/PTGS2/PTPRG/RAC1/RARB/RPS6KB1/SCN8A/SET/SMAD4/SMARCA4/SMPD3/SNCA/SOX4/SPG11/SRSF11/TCF3/UBE3A/UBQLN2/VLDLR/ZDHHC3",92
"C0278996","Malignant Head and Neck Neoplasm","111/2069","767/21671",0.144719687092568,1.51581456693236,4.72537299376059,5.52200036332935e-06,0.000425271258750672,0.000336766823777576,"CHRNA3/HAVCR2/IGFBP5/CYGB/EPHA3/ADAM12/PDE5A/PECAM1/CYBB/POSTN/TGFBR1/FGFR1/IGFBP7/SERPINE1/ACKR3/PTPRC/CYP1B1/PKD2/CTSB/PTGIS/AXL/TNC/DCLK1/TIMP2/ZEB2/HOPX/MYL9/SPARC/CCL2/PDPN/MMP2/LGALS1/COL1A2/NFATC1/PDLIM7/CDH11/CDH19/RASSF2/RORA/ATP7B/ERCC1/DHFR/CTLA4/MTHFR/AXIN2/CDH1/TYMS/ALDH1A1/APEH/APRT/BCL2L11/BRIP1/CD151/CEBPA/CISH/CYP2B6/DCDC2/DICER1/DOK1/EGFR/EGR1/ERBB2/ERBB3/ESM1/FANCB/FANCC/FANCM/HDAC4/HLA-C/HOOK2/HSPA5/HSPD1/IGF2BP2/ING1/ITGB1/JUNB/KDM5B/KLK3/KMT2A/LRIG1/MAPK14/MAPK6/MAPK8/MCL1/NEFL/NFE2L2/PAK2/PART1/PAWR/PIK3CD/PKN2/PPP1R1A/PTEN/PTGS2/RAC1/RAD52/RARB/SHQ1/SLC6A2/SMAD4/SOCS3/SOX11/STAT1/STAT5B/STK11/TFRC/TGFA/TNFRSF4/XIAP/YAP1/ZNF654",111
"C0023462","Acute Megakaryocytic Leukemias","34/2069","159/21671",0.213836477987421,2.23975365609735,5.09745116534605,5.65837865278113e-06,0.000432748084049157,0.00034268762527991,"APOC1/VWF/JAK3/DLC1/RUNX1T1/FGFR1/CD8A/MIR100HG/CD38/GLIS2/TNC/MYH11/TNS1/MYOCD/THBD/CXCL9/DYRK1A/EPOR/FANCB/FXR2/KMT2A/MYCN/NCAM1/PAX8/PML/PTEN/RBPJ/RPS6KB1/SH2D1A/SLC25A1/SRF/STAT1/TFRC/TIRAP",34
"C0041696","Unipolar Depression","96/2069","641/21671",0.149765990639626,1.56867026735202,4.74820443083407,5.72979764862165e-06,0.000435188010374278,0.000344619771461564,"QKI/OGN/LSAMP/TCF4/SSPN/IL2RB/TUSC3/ADARB1/FGFR1/SYNE1/NEGR1/IGFBP7/SERPINE1/GJA1/CACNA2D1/TNC/VCAM1/NR3C1/CCL2/CFH/PDLIM7/DIXDC1/PRIMA1/PRKCB/ATP7B/CTLA4/MTHFR/TYMS/ADAMTS16/ADCY5/ADRA1A/AKAP8/APRT/ARHGEF3/ARRB1/CADM1/CAMK2A/CBX5/CC2D1A/CCL22/CDH7/CHRNA4/CREB1/CSE1L/DDC/DST/EGFR/EIF4B/ERBB2/ERBB3/ESRRB/FOXD3/GLS/GMIP/HTR3A/IKBKE/IL24/ITIH3/KALRN/KMT2A/LRP1/MAP2/MECP2/MIXL1/NCAM1/NEFL/NFE2L2/NLK/NPAS2/NPAS3/NTRK3/OAS2/PAWR/PCNT/PDE4A/PDE9A/PDLIM5/PEA15/PER3/PHF3/PTGS2/RAC1/SLC38A7/SLC6A2/SMPD1/SNCA/SYN2/TACR1/TCF3/TEP1/THOP1/TNKS/TOMM40/VAMP2/VLDLR/ZBTB20",96
"C0026837","Muscle Rigidity","56/2069","320/21671",0.175,1.83297486708555,4.87705086772768,6.16796207064158e-06,0.000465258673177916,0.000368432341422246,"VIM/FGFR1/TNC/PLN/FHL1/TWIST2/CRYAB/DES/HTRA1/LOXL1/ELN/MYO5A/SLC19A1/TYMS/ACTL6B/ATXN3/BRAP/CDC42/DDHD1/DMD/DNM2/EGFR/ERBB2/FGB/FOXP3/GCDH/GIGYF2/GLRB/GLUD2/GNAO1/GRIN2D/IPP/ITGB1/ITGB3/JPH3/LMNA/LYST/MAPK8/MECP2/MEFV/MYO6/PCSK6/PPP1R12A/RBPJ/SCN4A/SCN8A/SH3PXD2A/SLC7A1/SMPD1/SNCA/SOX4/SPR/TFB2M/TRAK1/VAMP2/YAP1",56
"C0024232","Lymphatic Metastasis","74/2069","463/21671",0.159827213822894,1.67405294864956,4.76314891578535,6.95523787565998e-06,0.000521075066154036,0.000412632622984912,"VIM/HAVCR2/VWF/FLI1/LAYN/ICAM1/TIAM1/JAM3/SERPINE1/ACKR3/ETV1/CTSB/MFAP5/DCLK1/DCN/CAV1/NRP2/RECK/TWIST2/CRYAB/MEIS2/CCL2/PDPN/SPARCL1/MMP2/VEGFC/RASSF2/CTSK/CDH1/TYMS/ANGPT2/CACYBP/CADM1/CDC42/CLCN3/CREB1/DOT1L/EGFR/EGR1/ERBB2/FEN1/FOXP3/GLS/HAGLROS/HSPA5/HYAL3/IL21R/IL24/INPP5D/ITGB1/KDM6B/MRPL39/MSLN/MVD/MYCT1/PIK3CD/PLK1/PMS1/PTEN/PTGS2/RAC1/RHBDD1/RNF180/SATB1/SEMA4C/SMAD4/SMARCA4/STAB1/STAT1/TP53BP1/TRAF4/TRIM3/WNK1/XIAP",74
"C0240479","Neck muscle weakness","16/2069","49/21671",0.326530612244898,3.42012803187974,5.50995382194203,7.04853753601197e-06,0.00052449691813581,0.000415342343427163,"TPM2/SYNE1/CFL2/CRYAB/DES/LAMB2/COL13A1/AGRN/CHRNE/FA2H/LMNA/MYO9A/PNPLA2/SCN8A/SLC25A1/TOP3A",16
"C2675021","Narrow palpebral fissure","13/2069","34/21671",0.382352941176471,4.00481903732977,5.69663989028673,7.14299350810856e-06,0.000527958305401339,0.000418083371350614,"GPC6/EFEMP2/ARID2/ATRX/CACNA1G/DNMT3A/KMT2A/MYCN/PCNT/SLC6A17/SMAD4/TENM3/TRMT1",13
"C0018817","Atrial Septal Defects","64/2069","384/21671",0.166666666666667,1.74569034960528,4.7898996329326,7.32955036815801e-06,0.000538135588030161,0.000426142630176766,"COL4A1/GLI3/RAB23/SETBP1/FGFR1/GJA1/CYP1B1/ZFPM2/ACTA2/GPC6/MASP1/NEXN/ZEB2/DPYSL3/MEIS2/DACT1/MMP2/CDH11/ELN/MTHFR/ADO/ANGPT2/BRIP1/CEP290/CFC1/CHDH/CTU2/DHCR7/DMD/DNMT3A/DYNC2LI1/FANCB/FANCC/FANCM/GATA4/KAT6A/KDM5B/KMT2A/LIMK1/LMNA/LYST/MAP2K2/MECP2/MEFV/MRAS/NEK9/NFIX/NPHP3/NSD1/NUFIP2/PCNT/PCSK6/PIGN/PTEN/RREB1/SCN4A/SIK3/SLX4/SMAD4/SYN2/TBL2/TMEM87B/UBR1/VAC14",64
"C0220650","Metastatic malignant neoplasm to brain","65/2069","392/21671",0.165816326530612,1.73678376618893,4.78263219590308,7.40654389733528e-06,0.000540187204909625,0.000427767279117621,"S1PR3/CD74/PCDH7/MLLT11/AKT3/FGFR1/IL6ST/SLIT2/CD38/GJA1/ACKR3/ETV1/AXL/KCNMA1/CAV1/GBP1/VCAM1/ZEB2/GAP43/CCL2/MMP2/MSN/RASSF2/IGFBP6/CDH2/ERCC1/CTLA4/AXIN2/CDH1/ACOX1/ADAM9/ANGPT2/BRMS1L/CASR/CHPT1/CREB1/DNMT3A/EGFR/EGR1/EML4/ERBB2/ERBB3/FLT1/FOXP3/FZR1/GM2A/H6PD/ITGB3/KLC1/MSLN/NFE2L2/PIK3CD/PLK1/PRKAR1A/PRKCA/PTEN/PTGS2/RAC1/RASD2/RASSF6/RRAD/STK11/TGFA/USP14/PDZRN4",65
"C0410179","Ullrich congenital muscular dystrophy 1","9/2069","17/21671",0.529411764705882,5.54513405168737,6.09062133720555,7.72803616183011e-06,0.000559926725330494,0.000443398750697801,"VWF/COL12A1/TNC/COL6A2/COL6A1/CSPG4/DMD/LAMA2/UPF1",9
"C0239234","Low set ears","77/2069","489/21671",0.157464212678937,1.64930253889088,4.71821315695523,7.94284432075292e-06,0.000571229099074288,0.000452348954664151,"COL4A1/TPM2/FRMD4A/MAF/RAB23/SETBP1/FGFR1/EDNRA/GJA1/FHL1/GPC6/MASP1/TWIST2/MEF2C/ANTXR1/MEIS2/FLNA/FAM20C/CDH11/EFEMP2/COL13A1/ACOX1/AGRN/ALG13/ARL3/ATP6V0A2/ATRX/CC2D2A/CDC42/COG7/CTU2/DDX3X/DHCR7/DYNC2LI1/EBF3/EHMT1/EPG5/FANCB/GATA4/GLE1/HELLS/IFT81/KAT6A/KMT2A/LMNA/MBTPS2/MECP2/MRAS/MYCN/MYH3/MYO9A/NALCN/NFIX/NSD1/OCLN/PBX1/PCNT/PIGN/POMT1/POMT2/PPP2R3C/PTEN/RAC1/RARB/RREB1/RUSC2/SCN4A/SLC25A1/SMAD4/SOX11/SOX4/SOX5/STAG2/TENM3/TMEM67/TXNDC15/VAC14",77
"C0494463","Alzheimer Disease, Late Onset","64/2069","385/21671",0.166233766233766,1.74115608895696,4.76708093405464,7.98776729841464e-06,0.000571229099074288,0.000452348954664151,"ADAM12/CLU/APOC1/FRMD4A/ATXN1/HECTD2/CCL5/PRKG1/FERMT2/CAV1/MSRB3/ACTG2/SYNM/MEF2C/CCL2/CFH/A2M/ADAMTS1/HLA-DRA/BCHE/MS4A6A/MTRR/MTHFR/TYMS/ABCA1/ADAM10/BACE1/CD2AP/CETN1/CNTLN/DKK1/DNM2/DNMT3A/DPYSL2/DYRK1A/EBF3/EGR1/FANCC/GLS/GRK5/HFE/INPP5D/LMNA/LPL/LRP1/LRP6/MED17/NRXN1/PLA2G4A/PSEN2/PTEN/SET/SH3PXD2A/SLC8A1/SNCA/SREBF2/TFAM/THOP1/TOMM40/UBE2I/UNC5C/VLDLR/XPR1/SLC25A27",64
"C0376618","Endotoxemia","66/2069","401/21671",0.164588528678304,1.72392363701669,4.75379781881169,8.12378228672638e-06,0.000577207834346565,0.000457083438000191,"IGFBP5/PECAM1/VWF/ICAM1/IL6ST/SLIT2/EDNRA/SERPINE1/CCL5/GJA1/ACKR3/MYLK/VCAM1/NR3C1/F2R/SPARC/CCL2/MMP2/FBXO32/TFPI/GREM1/ADAMTS1/CDH5/THBD/ABCC2/ABCB11/ABCC11/ADRA1A/ANGPT2/APRT/ATXN3/CHRNA4/CLCN3/EGFR/EHMT1/EIF2B5/F5/GRM2/HMGA1/HSPD1/ITGB1/ITGB3/JUNB/LAMP2/LIPG/LPAR2/MAPK14/NFE2L2/OCLN/PCSK9/PIK3CD/PRKAA2/PROC/PTGES/PTGS2/PTPN6/RAC1/SERPINB1/SIRT5/SOCS3/SPRED1/STAT1/STAT5B/STK11/TBXA2R/WDR83",66
"C1858025","Spinal rigidity","17/2069","55/21671",0.309090909090909,3.23746210290435,5.39770164684687,8.46891911841605e-06,0.000597873116994333,0.000473448008745459,"TPM2/SYNE1/COL12A1/CAV1/CFL2/FHL1/COL6A2/DES/COL6A1/COL13A1/AGRN/KY/LMNA/MYO9A/POMT1/POMT2/SLC25A1",17
"C0155626","Acute myocardial infarction","110/2069","766/21671",0.143603133159269,1.50411962237531,4.61511375032249,8.64376570762556e-06,0.00060632988368204,0.00048014481319261,"VIM/IL18BP/PTGER3/PECAM1/VWF/ICAM1/GLI3/AGTR1/PAPPA/CYBB/POSTN/ATXN1/HLA-DOA/TGFBR1/AKT3/SOX7/SERPINE1/CCL5/GJA1/AKAP12/TNC/TIMP2/CAV1/SERPING1/VCAM1/F2R/CSRP1/CCL2/PDPN/GBP5/SERPINF1/MMP2/TFPI/FSTL1/LGALS1/C3/THBD/CDH2/CTLA4/MTHFR/ABCA1/ABCC9/ADO/ATG7/BCL2L11/C1QL1/CASR/CCL22/CD6/CHDH/CREBZF/CSE1L/CYP2B6/DMD/DRAM1/EGR1/EHMT1/ESM1/F5/FASTK/FGB/FLT1/FOXP3/GATA3/GATA4/HAMP/HFE/HMGA1/HOOK2/HSPA5/HSPD1/ILK/ITGA2/ITGB1/ITGB3/KCNQ1/LIPG/LPL/MAPK14/MAPK8/MEFV/MTNR1A/NDUFS7/NFE2L2/PCSK9/PIK3CD/PNPLA2/PPP1R1A/PRDX2/PRKAA2/PROC/PTEN/PTGS2/SH2D1A/SIRT5/SLC22A8/SLC6A2/SLC7A1/SLC8A1/SMARCA4/SOX6/STAB1/TMTC3/TOMM40/USE1/VAPA/VLDLR/WNK1/ZMYM2/CD27",110
"C0023787","Lipodystrophy","43/2069","226/21671",0.190265486725664,1.99286774423966,4.87463502509461,8.72856121289098e-06,0.000608402814161825,0.000481786340098613,"COL3A1/LAMA4/SGCD/FGFR1/SYNE1/EBF1/CD38/SERPINE1/PTPRC/LDB3/FERMT2/CAV1/PLN/FHL1/CLMP/NEXN/NR3C1/CRYAB/CAP2/DES/CCL2/FLNA/MTHFR/TYMS/ABCC9/AKT2/ATP6V0A2/DMD/HFE/HLA-B/LMF1/LMNA/LMNB2/LPL/PDAP1/PIK3CD/PML/PNPLA2/PSEN2/PSMB8/PSMB9/PTPN6/TPM1",43
"C0018818","Ventricular Septal Defects","69/2069","426/21671",0.161971830985915,1.69651597356007,4.717012435434,8.91006081851133e-06,0.000617147797448209,0.000488711379552243,"FLI1/GLI3/PCSK5/SSPN/RAB23/AKT3/FGFR1/GJA1/ZFPM2/PLN/GPC6/MASP1/ZEB2/MEF2C/MEIS2/MGP/MMP2/VEGFC/NFATC1/THBS1/DTNA/ELN/PRKCB/CDH5/MTRR/MTR/MTHFR/ACVR2B/ADO/ATRX/CAMK2A/CANT1/CEP290/CHDH/CTU2/DHCR7/DNTT/DYNC2LI1/EGFR/GATA4/GNAO1/IFT81/KAT6A/KMT2A/LIMK1/NDUFS7/NEK9/NRXN1/NSD1/NTRK3/PKD1L1/PLAGL1/PNKP/PRKCA/RAC1/RREB1/SCN4A/SLC25A1/SLC25A22/SOX4/TBL2/TBX18/TBX3/TMEM260/TRIM33/UBR1/VAC14/WDFY3/YAP1",69
"C0020557","Hypertriglyceridemia","58/2069","340/21671",0.170588235294118,1.78676541665482,4.75049232631034,9.47437580506116e-06,0.000652133129632116,0.000516415812795603,"HAVCR2/PDE5A/APOC1/VWF/LIPA/ICAM1/AGTR1/POSTN/IL6ST/SYNE1/SERPINE1/CAV1/FHL1/VCAM1/NR3C1/C3/BCHE/AKR1B1/MTRR/MTR/MTHFR/ABCA1/AKT2/ARNT/ATP6V0A2/CASR/CCL22/CHPT1/DHCR7/EAF2/EHMT1/HSPA5/INSIG1/JPH3/KLK3/LMF1/LMNA/LPL/LRP6/MCPH1/MECP2/PCSK9/PLTP/PNPLA2/PSMB8/PSMB9/SLC15A1/SMPD1/SOCS3/SREBF2/STXBP2/TBL1X/TBL2/TCF7L2/TOMM40/VLDLR/XIAP/XPR1",58
"C0600033","Acquired Kyphoscoliosis","32/2069","149/21671",0.214765100671141,2.24948018204171,4.97210969408896,9.58108652610969e-06,0.000655382024298422,0.000518988570570897,"TPM2/POSTN/RAB23/SETBP1/PMP22/EGR2/COL12A1/FLNA/MMP2/ELN/COL13A1/ERCC1/AGRN/ATP6V0A2/ATRX/DNMT3A/HGSNAT/HLA-B/KY/LAMA2/LMNA/MECP2/MRPS34/MYH3/MYO9A/PNKP/POMT1/RAB3GAP1/SLC25A1/SUFU/TONSL/WDR45B",32
"C0020542","Pulmonary Hypertension","33/2069","156/21671",0.211538461538462,2.21568390526825,4.95075915831967,9.81649722030552e-06,0.000667340023995214,0.000528457956271808,"COL4A1/PDE5A/CLU/PECAM1/VWF/CYBB/TGFBR1/FGFR1/EDNRA/SERPINE1/GJA1/PRKG1/PTGIS/TNC/KCNMA1/CAV1/HTR2B/VCAM1/CCL2/TACR2/GREM1/ATP7A/ANGPT2/ATP2A2/CASR/EGR1/GATA4/HIF3A/PTGS2/SMAD4/SMPD3/TACR1/TGFA",33
"C0442874","Neuropathy","76/2069","484/21671",0.15702479338843,1.64469999880167,4.66020611592823,1.00411104969777e-05,0.000678421778547336,0.000537233454746274,"AOC3/HSPB8/IL18BP/ADAMTS12/ATXN1/HLA-DOA/IGLV1-44/PMP22/IGHM/CCL5/GJA1/EGR2/LDB3/PTGIS/SERPING1/TNS1/ACTG2/GAP43/CCL2/MMP2/C3/BCHE/AKR1B1/ERCC1/CTLA4/ABCA2/APRT/ATXN3/CANX/CDC42/CNTN1/CYP3A4/DKK2/DNM2/DST/DYNC1H1/EHMT1/GRM2/GSN/HFE/HMBS/IKBKE/IL24/IRF3/ITIH4/LMNA/MAPK14/MED25/MPZL1/NEFL/NFE2L2/NPBWR1/NTRK3/OCLN/PAPOLA/PART1/PDAP1/PDK3/PGP/PIK3CD/PRPH/RAB7A/RPS6KA6/SARM1/SCN11A/SLC11A2/SNCA/SOX1/SOX4/SPG11/SPTLC2/TUSC2/USE1/USP14/VAC14/WNK1",76
"C0345967","Malignant mesothelioma","68/2069","420/21671",0.161904761904762,1.69581348247371,4.67829181175735,1.04636020895611e-05,0.000702656401294733,0.000556424539871717,"VIM/ICAM1/PDLIM4/IL2RB/OSMR/DKK3/LATS2/CCL5/GJA1/COL12A1/TNC/EFEMP1/NRP2/VCAM1/ZEB2/CSRP1/DES/LTBP1/PDPN/MMP2/VEGFC/MCAM/GREM1/PDLIM7/C3/ADAMTS2/THBD/ABCC2/ERCC1/AXIN2/CDH1/TYMS/ACVR1B/CDC42/CFLAR/CREB1/CXCL9/DDX3X/DICER1/DKK1/EGFR/EWSR1/FCN2/FLT1/GATA3/HDAC4/HLA-G/IL24/ILK/LGALS9/LIMS2/MCL1/METRN/MSLN/MTMR4/NFE2L2/PIK3CD/PKP3/PLK1/PTEN/PTGS2/RGCC/SCAF11/SUFU/TCF3/TNFRSF4/ULK2/YAP1",68
"C0240543","Bulbous nose","28/2069","123/21671",0.227642276422764,2.38435755068039,5.00215165669273,1.07726209592996e-05,0.000719023482574341,0.000569385420400619,"TRPS1/TWIST2/ZEB2/MPDZ/MMP2/EFEMP2/ABCC9/ACTL6B/ALG3/AP4E1/AP4S1/CDC42/CUL4B/CUL7/DDX3X/DYNC1H1/DYRK1A/KAT6A/KDM5B/MECP2/MRAS/OBSL1/RREB1/RUSC2/SLC35C1/SOX5/STAG2/TONSL",28
"C0023487","Acute Promyelocytic Leukemia","96/2069","651/21671",0.147465437788018,1.54457394988117,4.58342901504034,1.09413981307248e-05,0.000723374222766366,0.00057283071543385,"VIM/HAVCR2/ASB2/PECAM1/ICAM1/CD84/ATXN1/RUNX1T1/FGFR1/CD38/CCL5/CD2/PTPRC/MEIS1/UBE2E2/HOXB2/PDPN/LGALS1/PDLIM7/THBS1/DTNA/PRKCB/THBD/TYMS/ABCC11/APRT/ATG7/ATP6AP2/ATRX/CD47/CD6/CEBPA/CENPV/CHPT1/CREB1/CYP2B6/DKK1/DNMT3A/EGFR/EGR1/ELAVL1/EML4/EPS15/ERBB2/FANCB/FEN1/FLT1/HES1/HFE/HTR3A/ID2/IRF2BP2/KMT2A/LAMP1/LMNA/LMNB2/MAPK14/MAPK8/MCL1/MYB/NCAM1/NFE2L2/PBX1/PEG10/PIK3CD/PML/PNPLA2/PRKAR1A/PRKCA/PTEN/PTGS2/PTPN6/RARB/RGCC/RHOF/RNF34/SET/SHB/SMAD4/SMARCA4/SMPD1/STAT1/STAT2/STAT5B/SUZ12/TACR1/TFRC/TGFA/UBE2I/WDFY3/WIPI2/WNK1/WT1-AS/XPR1/ZMYM2/ZNF451",96
"C1853242","Midface retrusion","43/2069","228/21671",0.18859649122807,1.97538644823756,4.81017499748657,1.09691723601183e-05,0.000723374222766366,0.00057283071543385,"MAF/RAB23/SETBP1/FGFR1/YME1L1/DDR2/ANTXR1/FLNA/MGP/FAM20C/CDH11/ELN/CTSK/ALG13/ATP6V0A2/ATRX/CANT1/CDC42/CLCN4/CUL7/DMD/EHMT1/HDAC4/IFT81/KCNQ1/LMNA/MECP2/MID2/MRAS/NFIX/OBSL1/PDE4D/PRKAR1A/RAB3GAP1/SMAD4/SMCHD1/SOS2/SOX11/TCF12/TONSL/ZBTB20/ZNF81/ZNHIT3",43
"C0278876","Adult Medulloblastoma","109/2069","762/21671",0.143044619422572,1.49826967013367,4.54919774530908,1.12864950962783e-05,0.0007379929197319,0.000584407072978708,"VIM/EPHA3/PECAM1/FLI1/GLI3/MAP4K4/TCF4/IL2RB/DKK3/IL6ST/MIR100HG/SLIT2/EDNRA/SERPINE1/GJA1/ACKR3/AKAP12/CYP1B1/GPR161/CTSB/CLDN11/EFS/NRP2/MEIS1/F2R/SPARC/CCL2/MMP2/COL1A2/THBS1/C3/CDH5/CDH2/ATP7A/DHFR/CDH1/TYMS/ADRA1A/APRT/BARHL1/BRD3/CADM1/CASR/CHPT1/CREBZF/CSNK1A1/CYP2B6/DCDC2/DDX3X/DKK1/DNMT3A/EBF3/EGFR/EHMT1/ELAVL1/ERBB2/ESRRB/FZR1/GAB1/GPR137/GRK5/GRK6/GSN/HELLS/HES1/HMGA1/ITGA2/ITGB1/KAT6A/KDM6B/L3MBTL3/LPAR2/MAP2/MAP2K2/MAPK14/MAPK8/MCL1/MNT/MYB/MYCN/NTRK3/PAWR/PIK3CD/PLK1/PRDM2/PRKAR1A/PTEN/PTGS2/RAC1/RBPJ/SCARB1/SCN8A/SET/SLC8A1/SMARCA4/SNCA/SOCS3/SOX11/SOX4/SUFU/TCF3/TCF7L2/TFRC/TNKS/TNPO1/TP53BP1/WNK1/YAP1/ZMYM3",109
"C0036857","Severe intellectual disability","69/2069","429/21671",0.160839160839161,1.68465222549321,4.65329382869009,1.132487091934e-05,0.0007379929197319,0.000584407072978708,"FRMD4A/GLI3/TCF4/EML1/TUSC3/AP1S2/TUBA1A/ITPR1/ZEB2/MEF2C/MTHFR/ACOX1/AFF3/ALG13/AP4E1/AP4S1/ATRX/CACNA1G/CAMK2A/CC2D1A/CLCN4/CUL4B/DBT/DDX3X/DMD/DNMT3A/DYNC1H1/DYRK1A/EHMT1/IBA57/KAT6A/KDM5B/KIRREL3/KMT2A/LMAN2L/MBTPS2/MCPH1/MECP2/MED23/MED25/MID2/NALCN/NDUFS7/NFIX/NRXN1/PAK1/PAX8/PLEKHG2/PNKP/POMT1/POMT2/PRMT7/RAB3GAP1/SCAF11/SCN8A/SLC25A1/SLC35C1/SLC6A17/SOBP/SPTAN1/SUFU/TADA2A/THOC2/TMEM67/TRAPPC6B/UBE3A/WIPI2/ZNF81/ZNHIT3",69
"C0278510","Childhood Medulloblastoma","110/2069","771/21671",0.142671854734112,1.49436527981775,4.5411047130449,1.15676954522496e-05,0.000749382529503678,0.000593426358030268,"VIM/EPHA3/PECAM1/FLI1/GLI3/MAP4K4/TCF4/IL2RB/DKK3/IL6ST/MIR100HG/SLIT2/EDNRA/SERPINE1/GJA1/ACKR3/AKAP12/CYP1B1/GPR161/CTSB/CLDN11/EFS/NRP2/MEIS1/F2R/SPARC/CCL2/MMP2/COL1A2/THBS1/C3/CDH5/CDH2/ATP7A/DHFR/CDH1/TYMS/ADRA1A/APRT/BARHL1/BRD3/CADM1/CANX/CASR/CHPT1/CREBZF/CSNK1A1/CYP2B6/DCDC2/DDX3X/DKK1/DNMT3A/EBF3/EGFR/EHMT1/ELAVL1/ERBB2/ESRRB/FZR1/GAB1/GPR137/GRK5/GRK6/GSN/HELLS/HES1/HMGA1/ITGA2/ITGB1/KAT6A/KDM6B/L3MBTL3/LPAR2/MAP2/MAP2K2/MAPK14/MAPK8/MCL1/MNT/MYB/MYCN/NTRK3/PAWR/PIK3CD/PLK1/PRDM2/PRKAR1A/PTEN/PTGS2/RAC1/RBPJ/SCARB1/SCN8A/SET/SLC8A1/SMARCA4/SNCA/SOCS3/SOX11/SOX4/SUFU/TCF3/TCF7L2/TFRC/TNKS/TNPO1/TP53BP1/WNK1/YAP1/ZMYM3",110
"C0345905","Intrahepatic Cholangiocarcinoma","74/2069","470/21671",0.157446808510638,1.64912024515903,4.62227115619136,1.18901322773727e-05,0.000765766238425179,0.000606400405774287,"VIM/COL3A1/LRRFIP1/PECAM1/PTPN14/POSTN/AKT3/FGFR1/IL6ST/SLIT2/LATS2/PEG3/WWTR1/MFAP5/ZEB2/SPARC/CCL2/SDC2/MMP2/VEGFC/PDLIM7/HLA-DQB1/CDH2/MTHFR/CDH1/TYMS/ABCC3/ALDH1A1/BCL2L11/CISH/CXCL9/EGFR/EHMT1/ERBB2/ESRRB/FOXP3/GAB1/GLS/H6PD/HDLBP/HGD/HLA-B/HLA-C/ITGB3/KAT6A/MAGI1/MAPK14/MAPK6/MAPK8/MSLN/NCAM1/NFE2L2/NUMB/PIK3CD/PPFIBP2/PPHLN1/PRKACA/PTEN/PTGS2/RCOR3/SATB1/SCAF11/SMAD4/SOX4/STK11/TAP2/TBX3/TEP1/TFDP1/TPM1/TRAF4/USP14/WDR20/YAP1",74
"C0026351","Moderate intellectual disability","46/2069","251/21671",0.183266932270916,1.91956389040262,4.76067511843206,1.19996172907503e-05,0.00076832433269205,0.000608426127624638,"TCF4/TUSC3/NLGN4X/RUNX1T1/AP1S2/ITPR1/MITF/RGMA/MEF2C/CDH11/ALG13/ARID2/ATRX/BRWD3/CC2D1A/CC2D2A/CLCN4/CUL4B/DDC/DDX3X/DMD/DNMT3A/EHMT1/HOOK2/KDM5B/LAMA2/LMAN2L/MECP2/MED13/MED23/MED25/MID2/NACC1/NFIX/PDE4D/POMT1/PPP2R5D/SCAPER/STAG2/TFRC/THOC2/TMEM67/WDFY3/ZMIZ1/ZMYND11/ZNF81",46
"C0037052","Sick Sinus Syndrome","16/2069","51/21671",0.313725490196078,3.28600536396289,5.30999359107522,1.25584333755792e-05,0.000796857090117236,0.000631020850155204,"ICAM1/CACNA2D1/GNB5/VCAM1/MEF2C/KCNJ8/CCL2/COL1A2/THBS1/ABCC9/HDAC4/LMNA/MECP2/SCN2B/TBX18/TRPM4",16
"C0019348","Herpes Simplex Infections","95/2069","645/21671",0.147286821705426,1.54270309965118,4.54593621657189,1.27568329625127e-05,0.000796857090117236,0.000631020850155204,"VIM/HAVCR2/EPHA3/PECAM1/VWF/ICAM1/TCF4/STON1/AKT3/PRKD1/CD38/CCL5/GJA1/PTPRC/CTSB/CLDN11/TIMP2/ITPR1/HSPB6/NR3C1/SPARC/CCL2/SERPINF1/LGALS1/PDLIM7/HLA-DQB1/THBS1/C3/AKR1B1/THBD/CTLA4/TYMS/CES2/ATRX/BCLAF1/CD47/CISH/CXCL9/CYP2B6/DCLRE1C/DDX3X/EGFR/EGR1/ELAVL3/ERBB2/FLT3LG/FUT6/GRIN2D/HDAC4/HES1/HLA-C/HLA-G/HMGA1/HNRNPC/HSPD1/IRF3/ITIH4/KLK3/LGALS9/LGR4/LMNA/MAPK14/MED23/MED25/MICB/MON1B/MTMR4/NFE2L2/NFIC/NFIX/NFKB1/PAX8/PDZD8/PIK3CD/PML/PSMB8/PTGS2/RAB3GAP1/RHOV/RPAIN/SENP7/SLC6A2/SMAD4/SMPD1/SNCA/SOCS3/SPR/STAT1/TAP1/TNKS/TRAF3/TRIM14/TRIM69/UNG/PILRA",95
"C0345392","Congenital kyphoscoliosis","32/2069","151/21671",0.211920529801325,2.21968574254447,4.8862400142417,1.27894585005435e-05,0.000796857090117236,0.000631020850155204,"TPM2/POSTN/RAB23/SETBP1/PMP22/EGR2/COL12A1/FLNA/MMP2/ELN/COL13A1/ERCC1/AGRN/ATP6V0A2/ATRX/DNMT3A/HGSNAT/HLA-B/KY/LAMA2/LMNA/MECP2/MRPS34/MYH3/MYO9A/PNKP/POMT1/RAB3GAP1/SLC25A1/SUFU/TONSL/WDR45B",32
"C0271084","Exudative age-related macular degeneration","33/2069","158/21671",0.208860759493671,2.18763727355599,4.86767285640018,1.29992503068026e-05,0.000796857090117236,0.000631020850155204,"VWF/SERPING1/CRYAB/HTRA1/CCL2/SERPINF1/CFH/MCAM/COL1A2/GREM1/C3/ELN/COL8A1/RORA/MTHFR/ABCA1/ACAD10/ADAMTS9-AS2/ANGPT2/ARIH2/DKK1/EXOC5/FLT1/FUT6/KCNT2/NCAM1/PLEKHA1/PNPLA2/RAC1/SMAD4/TOMM40/VLDLR/PILRA",33
"C0013264","Muscular Dystrophy, Duchenne","62/2069","375/21671",0.165333333333333,1.73172482680844,4.64380434867977,1.30717554381623e-05,0.000796857090117236,0.000631020850155204,"VIM/PDE5A/ADAMTS5/ST8SIA4/CYBB/POSTN/SSPN/SGCD/PMP22/SYNE1/CD38/SERPINE1/GJA1/CTSB/TNC/TIMP2/TUBB6/DCN/PLN/FHL1/ITPR1/ACTG2/VCAM1/NR3C1/SYNM/CCL2/THBS4/MMP2/LGALS1/THBS1/EFEMP2/CTSC/PRKCB/ITGA4/DHFR/ACVR2B/ADCY1/APRT/ATP2A2/DENR/DMD/EIF3K/ERBB2/HLA-B/HLA-C/KDM6B/LAMA2/LIPG/MAPK14/NCAM1/NFE2L2/NFKB1/PART1/PDE4A/PRKAA2/PRKCA/RGS12/SDC3/SNTG1/SRY/TGFA/WNK1",62
"C1332201","Adult Diffuse Large B-Cell Lymphoma","78/2069","504/21671",0.154761904761905,1.62099818177634,4.58284797168315,1.3138402586123e-05,0.000796857090117236,0.000631020850155204,"VIM/DOCK2/HAVCR2/RDX/FLI1/JAK3/SLIT2/CD300A/CD38/CCL5/ACKR3/PTPRC/SLAMF7/CHRDL1/CCL2/LGALS1/NFATC1/MSN/PDLIM7/CDH11/IL10RA/MTR/MTHFR/CES2/ALDH1A1/ARNT/BCLAF1/CASR/CCAR1/CFLAR/CIITA/CUL4B/CXCL9/DICER1/EML4/FLT1/FOXN3/FOXP3/HDAC4/HLA-B/HLA-C/IL21R/IL24/KDM6B/KMT2A/LAMP1/LMNA/MAP4/MCL1/MIXL1/MSI2/NCAM1/NFE2L2/NFKB1/NSD1/PARP9/PER3/PIK3CD/PLAGL1/PLK1/PRDM1/PRKAA2/PRKAR1A/PSMB9/PTEN/PTGS2/PTPN6/RNF34/SLC8A1/SMURF2/SOCS3/SRM/STAT1/TAP2/UBR1/USP34/ZC3H12D/CD27",78
"C0017658","Glomerulonephritis","64/2069","391/21671",0.163682864450128,1.71443758119803,4.63155010723433,1.32399546891851e-05,0.000796857090117236,0.000631020850155204,"VIM/RGS2/COL3A1/MMP11/PDE5A/CD74/FLI1/LAYN/ICAM1/AGTR1/CYBB/IL2RB/CD38/SERPINE1/CCL5/AXL/DCN/FHL1/SERPING1/MASP1/TAGLN/VCAM1/CNN1/MYL9/DES/LTBP1/CCL2/TGFB1I1/MMP2/CFH/GREM1/MSN/PDGFC/HLA-DQB1/C3/AKR1B1/THBD/CTLA4/ABCA1/ADAM10/CADM1/CCL22/CXCL9/CYP2B6/DGKE/ERBB2/ERN1/FOXP3/HBEGF/HSPA5/ITGA2/ITGB1/ITGB3/JUNB/MAX/MEFV/PRKCA/PRKCD/RHOV/SH2D1A/STAT1/TCF3/TFRC/ZMYM2",64
"C0423110","Downward slant of palpebral fissure","64/2069","391/21671",0.163682864450128,1.71443758119803,4.63155010723433,1.32399546891851e-05,0.000796857090117236,0.000631020850155204,"FLI1/GLI3/SETBP1/FGFR1/GJA1/FHL1/MASP1/TWIST2/ZEB2/FLNA/FAM20C/MPDZ/CDH11/EFEMP2/ADAMTS2/ATP7A/UMPS/ACTL6B/ALG13/AP4E1/ARID2/ATP6V0A2/ATRX/BBS10/CAMK2A/CDC42/CEP290/CLCN4/CUL4B/DDX3X/DHCR7/DMD/DYNC1H1/DYNC2LI1/EBF3/FBXL4/GATA4/GLE1/GRIN2D/KDM5B/KMT2A/LMNA/MAP2K2/MECP2/MED25/MID2/MRAS/MYH3/NALCN/NFIX/NSD1/PCNT/PPP2R5D/PTEN/RREB1/SCN8A/SOS2/SOX5/SPRED1/SUZ12/TRAK1/UBE3A/ZBTB20/ZNF81",64
"C1290884","Inflammatory disorder","64/2069","391/21671",0.163682864450128,1.71443758119803,4.63155010723433,1.32399546891851e-05,0.000796857090117236,0.000631020850155204,"VIM/VWF/FLI1/ICAM1/CYBB/POSTN/IL6ST/GEM/MYLK/ANGPTL2/VCAM1/NR3C1/GAP43/F2R/CCL2/PRELP/THBS1/ELN/RORA/CTLA4/MTHFR/ABCC11/ARHGEF28/BHMT/CACUL1/CCL22/CIITA/CXCL9/EGFR/FOXP3/GATA3/HAMP/HLA-B/HLA-C/KDM6B/KLK3/MAPK14/MCL1/MEFV/NFE2L2/NFKB1/OPRL1/PCSK9/PDE4A/PDE4D/PIK3CD/PLD4/PRDX2/PROC/PSMB10/PSMB8/PSMB9/PTGES/PTGS2/PTPN6/RHOF/SDC3/STK11/TNFRSF18/TRAF4/USP47/XIAP/XPR1/RAB11FIP2",64
"C0947751","Vascular inflammations","53/2069","305/21671",0.173770491803279,1.82009682352289,4.68611504018679,1.32633936959417e-05,0.000796857090117236,0.000631020850155204,"VIM/PECAM1/VWF/ICAM1/AGTR1/CYBB/DKK3/IL6ST/SLIT2/EDNRA/SERPINE1/CAV1/SERPING1/ANGPTL2/MFGE8/TAGLN/VCAM1/MYOCD/CCL2/PDPN/THBS4/MMP2/ELN/PRKCB/THBD/ABCA1/ABCC11/ADAM10/AKT2/ANGPT2/CLCN3/CPB2/ESRRB/GGCX/HDAC4/HOXA11-AS/HSPD1/JUNB/LRP1/MEFV/NFE2L2/PAWR/PCSK9/PIK3CD/PRKAA2/PTEN/PTGS2/RGS5/SMARCA4/SMPD1/SRF/TBXA2R/YAP1",53
"C0220597","Adult Hodgkin Lymphoma","65/2069","399/21671",0.162907268170426,1.70631387555404,4.62636114995138,1.32874719006111e-05,0.000796857090117236,0.000631020850155204,"HAVCR2/EPHA3/PDE5A/ICAM1/HLA-DOA/PMP22/EBF1/CD38/SERPINE1/CCL5/PTPRC/GLIS2/GEM/CHRDL1/SERPING1/VEGFC/LGALS1/PDLIM7/HLA-DQB1/IL10RA/CTLA4/ADAM10/BCL2L11/CADM1/CASR/CCL22/CFLAR/DICER1/EGR1/ERBB2/FOXN3/GATA3/HAMP/HFE/HLA-G/IKBKE/IL3RA/KDM6B/LGALS9/MBTPS2/MEFV/MIB1/NFKB1/PART1/PIK3CD/PML/PPP1R1A/PRDM1/PRKAR1A/PSMB9/PTGS2/SATB1/SH2D1A/SLC27A4/SOX1/STAT1/STAT5B/TCF3/TERF2IP/TIGIT/TNFRSF4/TRAF3/TRIM33/XIAP/CD27",65
"C0013221","Drug toxicity","22/2069","86/21671",0.255813953488372,2.67943169939416,5.0698493434858,1.33135117208364e-05,0.000796857090117236,0.000631020850155204,"CLU/HTR2B/HSPB6/NR3C1/C3/BCHE/THBD/ABCC2/MTRR/DHFR/MTR/SLC19A1/MTHFR/TYMS/CES2/HLA-B/HLA-C/NFE2L2/ORM1/PLK2/PTGS2/SLC34A2",22
"C0025362","Mental Retardation","78/2069","505/21671",0.154455445544554,1.61778828438668,4.56378808204646,1.41168491628859e-05,0.000840372215301959,0.000665479916441022,"SMARCA1/TCF4/TUSC3/NLGN4X/TGFBR1/RUNX1T1/AP1S2/CD38/TUBA1A/ZEB2/MRGPRF/MEF2C/MEIS2/DES/FLNA/ELN/BCHE/ATP1A2/EDIL3/MTHFR/AFF3/AP1S1/ARHGAP1/ATRX/CADM1/CASR/CC2D1A/CC2D2A/CDC42/CLCN4/CLN8/CUL4B/DHCR7/DICER1/DMD/DSCAM/DYNC1H1/DYRK1A/FCN2/FLT1/FXR1/FXR2/IDS/LAD1/LAMA2/LAMP2/LGR4/MCPH1/MECP2/NEFL/NPAS3/NRXN1/NSD1/NUFIP2/POMT1/POMT2/PPP1R12A/PRRG4/PTEN/RAB3GAP1/RAB7A/RAC1/RNPS1/SCN8A/SMARCA4/SPG11/SRGAP1/TBX3/TCF12/THOC2/TOR3A/UBE3A/UBR1/VAMP2/VLDLR/WT1-AS/ZMYND11/ZNF81",78
"C1858127","Limb-girdle muscle weakness","14/2069","41/21671",0.341463414634146,3.57653632602058,5.36487301831331,1.46926126867124e-05,0.000869944857627763,0.000688898110409804,"TPM2/LDB3/CFL2/CRYAB/COL6A2/COL6A1/COL13A1/AGRN/LMNA/MYO9A/POMT1/POMT2/SGCB/SLC25A1",14
"C0020295","Hydronephrosis","46/2069","253/21671",0.181818181818182,1.90438947229667,4.70095192960547,1.48263759339342e-05,0.000873170471446081,0.000691452432381901,"VWF/FLI1/GLI3/RAB23/SETBP1/FGFR1/BNC2/KCNMA1/CLMP/MASP1/ACTG2/ZEB2/CCL2/FLNA/ATP7A/CTLA4/ARID2/ARL3/ATRX/CDC42/CISH/COG7/CRTAP/DHCR7/EGR1/EHMT1/ERBB3/FANCB/GATA3/GSS/KAT6A/MAP2K2/MBTPS2/MECP2/PIGN/PTGES/PTGS2/RAB3GAP1/SMARCA4/SOCS3/SOX11/SOX4/TBX18/UBR1/ZCCHC14/HLA-DPA1",46
"C0270824","Visual seizure","40/2069","209/21671",0.191387559808612,2.00462049715439,4.74132353198202,1.53232569314871e-05,0.000897633130779082,0.000710824096737797,"CHRNA3/CLU/TCF4/MAP1B/FGFR1/IL6ST/CCL5/GJA1/NRP2/PRICKLE1/NR3C1/GAP43/MPDZ/ADAMTS1/BCHE/C7/ABCC2/ATP7A/CHRNA4/DKK1/EGR1/HRH3/HSPA5/MBD1/MECP2/MIB1/NFE2L2/PAWR/PDE4A/PIGM/PNKP/PRKCD/PTGS2/PTPRZ1/SCN2B/SLC38A2/SLC6A2/SLC8A1/SREBF2/SYN2",40
"C0041755","Adverse reaction to drug","22/2069","87/21671",0.252873563218391,2.64863363388388,5.00584415057113,1.62288821351731e-05,0.000945654386003501,0.000748851509272678,"CLU/HTR2B/HSPB6/NR3C1/C3/BCHE/THBD/ABCC2/MTRR/DHFR/MTR/SLC19A1/MTHFR/TYMS/CES2/HLA-B/HLA-C/NFE2L2/ORM1/PLK2/PTGS2/SLC34A2",22
"C3495559","Juvenile arthritis","71/2069","450/21671",0.157777777777778,1.652586864293,4.54486691515945,1.65043558706731e-05,0.000949586161029213,0.000751965031195384,"VIM/SLC11A1/CLU/ICAM1/POSTN/IL2RB/IL6ST/CCL5/PTPRC/CALD1/GEM/GNG11/TIMP2/VCAM1/CCL2/PGM5/MMP2/FNBP1/TFPI/MSN/HLA-DQB1/THBS1/CTLA4/SLC19A1/MTHFR/ABCC3/AFF3/AVL9/CACNA1I/CASR/CIITA/DCLRE1C/DGKZ/DHCR7/EGR1/ELF2/FAXDC2/FCHSD2/FCN2/FOSL2/FOXP3/GATA3/HBEGF/HFE/HLA-B/HLA-C/HLA-G/HSPD1/LILRA5/LPP/MAP2/MECP2/MEFV/NAA25/NCAM1/NRBF2/PLK2/PRDX2/PRKAR1A/PSMB9/STAB1/STAT1/STXBP2/TAP1/TAP2/TCF7L2/TFDP1/TTLL5/ZMIZ1/ADGRL2/HLA-DPA1",71
"C0042345","Varicosity","37/2069","188/21671",0.196808510638298,2.06140030644879,4.7486501819161,1.65550297755025e-05,0.000949586161029213,0.000751965031195384,"VIM/COL3A1/ICAM1/EBF1/GJA1/CAV2/TNC/MFAP5/TIMP2/KANK2/SYNM/DES/MYOCD/CCL2/MGP/MMP2/VEGFC/LBH/ELN/PRKCB/PAPLN/THBD/MTR/MTHFR/CACYBP/EHMT1/FLT1/GLG1/HFE/ITGB3/JUNB/LAD1/PGP/PRKCA/PTGS2/RREB1/SNCA",37
"C0152421","Macrotia","37/2069","188/21671",0.196808510638298,2.06140030644879,4.7486501819161,1.65550297755025e-05,0.000949586161029213,0.000751965031195384,"TRPS1/AP1S2/YME1L1/FLNA/MGP/AEBP1/ELN/DENND5A/ACTL6B/ADAMTSL1/ALG3/BRWD3/CTU2/DDX3X/DYRK1A/KDM6B/KMT2A/LIMK1/LMNA/MAP2K2/MBTPS2/MECP2/NALCN/NSD1/PSMB8/PTEN/RAB3GAP1/RHOBTB2/SET/SLC6A17/SUZ12/TBL2/TENM3/THOC2/UBA1/ZBTB20/ZNHIT3",37
"C3553764","Joint hyperflexibility","36/2069","181/21671",0.198895027624309,2.0832547818494,4.75456953280409,1.68348183314124e-05,0.000960631369346345,0.000760711589177811,"COL3A1/TGFBR1/TRPS1/C1S/C1R/ANTXR1/FLNA/COL1A2/EFEMP2/ELN/ADAMTS2/ATP7A/ABCC9/ARID2/CANT1/CUL4B/CUL7/HDAC4/LIMK1/LMNA/MRAS/NFIX/NSD1/OBSL1/PCNT/PTEN/RREB1/SMARCA4/SOS2/SOX11/SOX4/SUZ12/TBL2/TONSL/TRIP11/UBE3A",36
"C0015625","Fanconi Anemia","64/2069","394/21671",0.16243654822335,1.70138348794018,4.56465501389935,1.69316436210406e-05,0.00096117624329134,0.000761143067825943,"ICAM1/ATXN1/SETBP1/CD38/CTSB/CAV1/VCAM1/MEF2C/MMP2/FSTL1/EDIL3/ABCC2/ERCC1/DHFR/MTHFR/CDH1/ALDH1A1/ATRX/BRAP/BRIP1/CDC42/CHMP1A/CIITA/COX4I1/CUL4B/CYP2B6/DKK1/EGR1/ERBB2/FANCB/FANCC/FANCM/FEN1/GATA3/HES1/IL17RB/IL3RA/ITGB1/KMT2A/LPL/MAPK14/MAPK8/MECP2/NCAM1/PAK1/PKNOX2/PLK2/PMS1/PRKAA2/PTEN/RAC1/RAD51D/RAD52/SLX4/SMAD4/SMARCA4/SPTAN1/STAT1/STAT5B/TAP2/TP53BP1/WNK1/XPR1/ZNF276",64
"C4721453","Peripheral Nervous System Diseases","83/2069","549/21671",0.151183970856102,1.58352239363102,4.4992040414327,1.70502255994153e-05,0.000962944279622362,0.000762543152988694,"HSPB8/ICAM1/TCF4/MAP1B/ATXN1/PMP22/IL6ST/EGR2/LDB3/CAV1/ACTG2/GAP43/DES/CCL2/SERPINF1/WIPF1/BCHE/PRKCB/AKR1B1/MYO5A/THBD/ERCC1/MTR/CTLA4/MTHFR/TYMS/ABCA1/AP1S1/ATXN3/BACE1/CUL4B/CYP3A4/DNM2/DYNC1I1/EGFR/EHMT1/EIF2B5/FA2H/HFE/HMBS/ITIH4/KMT2A/LAMA2/LMNA/LRP1/LYST/MAP4/MAPK14/NCAM1/NDUFAF3/NDUFS7/NEDD4L/NEFL/NFE2L2/NIPA1/PART1/PDE4D/PDK3/PIK3CD/PNKP/PNPLA2/PPOX/PRKAR1A/PRKCA/PRPH/PTEN/RAB3GAP1/RAB7A/RHOBTB2/SARM1/SCN11A/SCN4A/SLC46A1/SMPD1/SOX4/SPG11/SPR/SPTLC2/STK11/TACR1/TTBK2/WNK1/ZFR",83
"C0011265","Presenile dementia","103/2069","718/21671",0.143454038997214,1.50255798893602,4.44922947194487,1.73551207664498e-05,0.000975162984698529,0.000772218987916416,"COL4A1/HSPB8/CLU/APOC1/VWF/ICAM1/AGTR1/SMARCA1/ATXN1/RUNX1T1/CD38/SERPINE1/ACKR3/CTSB/TIMP2/MYLK/CAV1/SERPING1/MFGE8/ACTG2/VCAM1/NR3C1/GAP43/MEF2C/SRPX/CCL2/MMP2/TFPI/A2M/THBS1/ADAMTS1/BCHE/ADAMTS2/PRKCB/AKR1B1/STC1/ATP7B/ATP7A/MTR/MTHFR/TYMS/ABCA1/ADAM10/AKAP6/BACE1/CACUL1/CD2AP/CHPT1/CHRNA4/CLN6/CREB1/CRTAP/CSPG4/DPYSL2/DST/DYRK1A/EGFR/EHMT1/EPM2A/FANCB/FASTK/FLT1/GLS/GRK5/H6PD/HAMP/HFE/HLA-C/INPP5D/ITIH4/JPH3/LAD1/LIMK1/LIPG/LMNA/LPL/MAP2/MECP2/NDUFAB1/NEFL/NFATC3/PART1/PAWR/PCSK9/PDE9A/PNN/PSEN2/PTGS2/SET/SMPD1/SNCA/SORD/SPG11/STAT1/TAOK2/TFAM/THOP1/TOM1L2/TOMM40/UBQLN2/USE1/VLDLR/WNK1",103
"C0015300","Exophthalmos","42/2069","225/21671",0.186666666666667,1.95517319155792,4.67907214617136,1.78705259343647e-05,0.000999025899061716,0.000791115721967466,"COL3A1/FLI1/ICAM1/TGFBR1/RUNX1T1/FGFR1/ZFPM2/DDR2/FLNA/FAM20C/MMP2/CDH11/EFEMP2/CTSK/CTLA4/AFF4/ATXN3/BRIP1/CANT1/CRTAP/CSE1L/DHCR7/DMD/FANCB/FANCC/FANCM/GATA4/IFT81/KCNQ1/LMNA/MRAS/NFIX/PTEN/SLX4/SOS2/STAG2/SUFU/TCF12/TGFB3/VAC14/HLA-DPA1/CDON",42
"C0036920","Sezary Syndrome","38/2069","196/21671",0.193877551020408,2.0307010189286,4.70927078607064,1.82775047666736e-05,0.00101661696967362,0.000805045863859069,"SMARCA1/NKG7/JAK3/TRAC/FGFR1/CCL5/CTSB/PRKG1/HLA-DQB1/THBS1/CTLA4/CADM1/CD47/CDO1/DNMT3A/ERBB2/FOXP3/GATA3/HELLS/HLA-G/IL21R/JUNB/KLHL42/NEDD4L/NFKB1/PAK1/PIK3CD/PPP1R1A/PRKAR1A/PTEN/PTPN6/SATB1/SLC8A1/SMARCA4/SOCS3/STAT5B/TCF3/TIGIT",38
"C0279986","Childhood Leiomyosarcoma","30/2069","140/21671",0.214285714285714,2.24445902092108,4.79923510991715,1.87870643427886e-05,0.00103970823923181,0.000823331542343314,"VIM/SERPINE1/CALD1/AXL/MYLK/TNS1/ZEB2/LMOD1/DES/MYOCD/ARL4C/ELN/CDH2/CDH1/CDO1/CETN1/COIL/EWSR1/MBD1/NACC1/NPAS2/PEG10/PIK3CD/PNPLA2/PPP1R12A/PTEN/SOCS3/SRF/TP53BP1/WDR20",30
"C0220668","Congenital contractural arachnodactyly","84/2069","559/21671",0.150268336314848,1.57393190733643,4.46643577673152,1.90887548148967e-05,0.00105112228388228,0.000832370177060099,"VIM/PDLIM3/FILIP1L/PECAM1/ICAM1/POSTN/FGFR1/IGFBP7/EBF1/SERPINE1/ACKR3/PEG3/PKD2/CTSB/WWTR1/MFAP5/RECK/ACTG2/ALDH1A3/F2R/LGALS1/COL1A2/LUM/PRIMA1/ABCC2/MTHFR/CDH1/TYMS/CES2/ABCC3/ABCA1/AKT2/APRT/CBX5/CD47/CUL4B/DICER1/EGFR/ELK1/ERBB2/GLS/HAMP/HES1/HGD/HIF3A/HMGA1/KMT2A/LAMP1/MAPK8/MCL1/MSLN/NFE2L2/OSBP2/OSBPL7/PAWR/PDK3/PIK3CD/PLA2G4A/PLK1/PPFIBP2/PRDM2/PRKAR1A/PTEN/PTGES/PTGS2/PTPN6/RAB7A/RAC1/RARB/RPAIN/SLC15A1/SMAD4/SOCS3/SOX4/STAT1/STK11/SUZ12/TACR1/TFRC/TPM1/UNG/WDR20/XIAP/YAP1",84
"C0233794","Memory impairment","108/2069","763/21671",0.141546526867628,1.48257843583778,4.40893243250674,1.95552341513842e-05,0.00107145170999599,0.000848468787348614,"FYN/PDE5A/CLU/CD74/AGTR1/CYBB/ATXN1/AKT3/TIAM1/IGFBP7/EDNRA/GJA1/ACKR3/PTPRC/CYP1B1/CTSB/PRKG1/CAV1/ITPR1/SERPING1/NR3C1/SYNM/CCL2/LGALS1/HLA-DQB1/BCHE/PRKCB/CTSK/IGSF6/CDH1/ABCA1/ADAM10/ADRA1A/AKAP13/AKT2/APH1A/ARHGAP32/ATXN3/BACE1/BHMT/CADM1/CALY/CETN1/CHRNA4/CREB1/DKK1/DNMT3A/DPYSL2/DYRK1A/EGR1/EHMT1/EIF2B5/GRM2/HDAC4/HGSNAT/HLA-B/HRH3/IDS/ILK/ING1/JPH3/KALRN/KIDINS220/KLF9/KMT2A/LPAR2/MAP2/MAPK14/MAPK8/MECP2/MEFV/NFE2L2/NFIC/NFIX/NFKB1/NRBF2/NUFIP2/PDE4A/PDE4D/PIK3CD/PLA2G4A/PLXNA4/PMS1/PRKAA2/PRKCA/PRKCD/PSEN2/PTEN/PTGS2/PTPRG/PTPRZ1/RAC1/RNF34/RPS6KB1/SCN8A/SMPD1/SNCA/STAT1/STAT5B/STX2/TACR1/TFAM/TOMM40/TRPC1/UBQLN2/XPR1/ZDHHC17/SLC25A27",108
"C0858252","Breast adenocarcinoma","41/2069","219/21671",0.187214611872146,1.96091244750183,4.64335075365376,2.08140872169219e-05,0.00113163258038461,0.000896125242272198,"EPHA3/PDLIM4/FGFR1/SERPINE1/GJA1/CYP1B1/CTSB/CAV1/MFGE8/CSRP1/LGALS1/PDLIM7/AKR1B1/DHFR/AKT2/BRIP1/CADM1/CANX/EGFR/EGR1/ELK1/ERBB2/ERBB3/FLT1/GATA3/INPP4B/ITGB3/KLK3/LYNX1/MAPK14/MCL1/NFE2L2/PLP2/PTEN/PTGS2/PTPN6/ROR1/RPS6KA6/TBL1X/TBX3/XIAP",41
"C0019156","Hepatic Veno-Occlusive Disease","13/2069","37/21671",0.351351351351351,3.68010398024898,5.30082664590257,2.08591132133003e-05,0.00113163258038461,0.000896125242272198,"THBD/ERCC1/MTHFR/TYMS/F5/FCN2/FOXP3/HFE/HSPD1/NFE2L2/OCLN/PML/SP110",13
"C0852949","Arteriopathic disease","24/2069","101/21671",0.237623762376238,2.48890505290258,4.87261532389785,2.10936612509841e-05,0.00113406504630976,0.000898051480659348,"COL3A1/COL4A1/VWF/POSTN/CD84/TGFBR1/SERPINE1/ACTA2/CAV1/MYH11/HTRA1/FLNA/EFEMP2/ELN/MTR/MTHFR/ATP6V0A2/CHDH/CPB2/F5/NFKB1/PCSK9/PROC/TCF7L2",24
"C0020097","HTLV-I Infections","29/2069","134/21671",0.216417910447761,2.26679194650238,4.77886318773058,2.11099005260601e-05,0.00113406504630976,0.000898051480659348,"VIM/ICAM1/IL6ST/CD38/CCL2/MMP2/LGALS1/THBS1/AKAP13/BCL2L11/CADM1/CENPV/CNKSR3/CXCL9/EGR1/FOXP3/GATA3/HLA-C/HLA-G/ING1/ITGB1/LRP1/MAGI1/PBK/PIK3CD/PTPN6/TNFRSF18/TNFRSF4/HLA-DMB",29
"C1849367","Nasal bridge wide","68/2069","429/21671",0.158508158508158,1.66023697584838,4.48735362391479,2.12144498984839e-05,0.00113414920743691,0.000898118126770255,"TPM2/FLI1/GLI3/MAF/TCF4/FGFR1/TRPS1/EDNRA/GJA1/GPC6/MITF/TWIST2/ZEB2/KCNJ8/FLNA/CDH11/ELN/ERCC1/UMPS/ABCC9/ACOX1/ADAMTSL1/ALG3/AP4E1/AP4S1/ARID2/ARL3/ATP6V0A2/ATRX/CDC42/DHCR7/EHMT1/GATA4/HGSNAT/KDM6B/KMT2A/LIMK1/LMNA/MYCN/MYH3/NALCN/NEK1/PBX1/PCNT/PDE4D/PIGN/PRKAR1A/PRMT7/RAB3GAP1/RARB/RGR/RREB1/SCAPER/SCN8A/SET/SMARCA4/SOX11/SOX4/SOX5/STAG2/SUFU/TBL2/TRMT1/TUBGCP4/UBA1/VPS33A/ZNF292/ZNF408",68
"C3806482","Recurrent respiratory infections","54/2069","318/21671",0.169811320754717,1.77862790337142,4.54436892925037,2.15991439929404e-05,0.0011491370666389,0.000909986819127949,"TPM2/FLI1/CYBB/IL2RB/TRPS1/CD8A/IGHM/CD3D/FLNA/NDN/WIPF1/MSN/ELN/CTSC/MYO5A/COL13A1/CTLA4/UMPS/AGRN/AK2/ARID2/CDC42/CIITA/CLCN7/DNAAF1/EHMT1/EPG5/FOXP3/GATA4/HELLS/HLA-B/LIMK1/LYST/MBTPS2/MECP2/MYO9A/NFE2L2/PCNT/SCN11A/SLC25A1/SLC25A22/SLC46A1/SMARCA4/SMPD1/SOX11/SOX4/SP110/STAT1/TBL2/TCF3/VPS33A/XIAP/ZNHIT3/HLA-DPA1",54
"C0278607","Adult Leiomyosarcoma","30/2069","141/21671",0.212765957446809,2.22854087183653,4.75484823171307,2.17147331470518e-05,0.00114973248148308,0.000910458320462166,"VIM/SERPINE1/CALD1/AXL/MYLK/TNS1/ZEB2/LMOD1/DES/MYOCD/ARL4C/ELN/CDH2/CDH1/CDO1/CETN1/COIL/EWSR1/MBD1/NACC1/NPAS2/PEG10/PIK3CD/PNPLA2/PPP1R12A/PTEN/SOCS3/SRF/TP53BP1/WDR20",30
"C0024143","Lupus Nephritis","77/2069","503/21671",0.153081510934394,1.603397498047,4.44843339845606,2.19469527598093e-05,0.0011564678982956,0.000915792010148679,"HAVCR2/COL4A1/IL18BP/CLU/PECAM1/CD74/FLI1/ICAM1/AGTR1/POSTN/CD38/SERPINE1/CCL5/AXL/C1S/SERPING1/VCAM1/NR3C1/CCL2/SDC2/MMP2/CFH/TFPI/FSTL1/NFATC1/C3/IL10RA/PRKCB/CTLA4/AXIN2/ABCC11/ANGPT2/CMIP/CMKLR1/CXCL9/CYP2B6/DKK1/ERBB2/FCN2/FEN1/FGB/FLT3LG/FOSL2/FOXP3/GATA3/GPRC5B/HAMP/HES1/HLA-C/HLA-G/IL17B/IRF3/KLK3/LGALS9/MAPK14/MCL1/MECP2/MEFV/MTNR1A/NFE2L2/NFKB1/PCSK9/PIK3CD/PRKAA2/PSMB8/PSMB9/PSME3/PTEN/PTGS2/PTPRZ1/RAC1/RARB/SCARB1/SLC8A1/STAT1/TNFRSF4/LAPTM5",77
"C0024433","Macrostomia","31/2069","148/21671",0.209459459459459,2.19390814207151,4.73488981857924,2.21125738944285e-05,0.00115964655380639,0.000918309146442809,"TCF4/SETBP1/AP1S2/TWIST2/KCNJ8/DACT1/ELN/ABCC9/ACTL6B/AP4E1/AP4S1/ARID2/ATRX/CC2D2A/CDC42/CUL4B/DHCR7/KDM6B/LIMK1/MECP2/NALCN/NRXN1/PIGN/SET/SMARCA4/SOX11/SOX4/TBL2/TMEM67/UBE3A/ZMYND11",31
"C0206656","Embryonal Rhabdomyosarcoma","27/2069","121/21671",0.223140495867769,2.33720526145501,4.79210839712583,2.25330226034052e-05,0.00117609563000617,0.000931334957691257,"ICAM1/WWTR1/CAV1/MEF2C/DES/MMP2/EDIL3/DICER1/DMD/EGFR/EIF3K/ERBB2/EWSR1/ILK/KIDINS220/MAPK14/MAPK8/MYCN/NCOA2/PIK3CD/PTEN/SMAD4/SMARCA4/SMPD1/SPRY1/SUFU/YAP1",27
"C0333516","Tumor necrosis","58/2069","350/21671",0.165714285714286,1.73571497617897,4.5081602178689,2.28698348926774e-05,0.00118804477204272,0.000940797329125285,"VIM/HSPB8/CHST15/PECAM1/ICAM1/DKK3/FGFR1/SERPINE1/CCL5/PTPRC/CTSB/TIMP2/ANTXR1/SPARC/CALU/MMP2/VEGFC/THBS1/CTSK/ABCC2/MTHFR/TYMS/BACE1/BCL2L11/CASR/CETN1/CHPT1/CISH/CXCL9/CYP2B6/EGFR/ERBB2/F5/FLT3LG/FOXP3/GATA3/MAPK8/MEFV/MIB1/MYCN/NCAM1/NFE2L2/NFKB1/PDE4A/PIK3CD/PLK1/PPP1R1A/PRKAA2/PRKAR1A/PTEN/PTGS2/SLC27A4/STAT1/STK11/TGFA/TRAF3/TRPM4/WNK1",58
"C4049446","Neointimal hyperplasia","38/2069","198/21671",0.191919191919192,2.01018888742427,4.63925589632429,2.31768383362124e-05,0.00119766938441792,0.000948418935507079,"DOCK2/S1PR3/CLU/PECAM1/VWF/AGTR1/JAK3/SERPINE1/GJA1/PRKG1/DCN/CAV1/ANGPTL2/MYH11/TAGLN/CCL2/SERPINF1/LGALS1/ELN/CTSK/AKT1S1/ANGPT2/DDX5/GATA4/KDM6B/MAPK14/MAPK6/NFAT5/NFE2L2/NFKB1/PEA15/PIK3CD/PNPLA2/PRKAA2/PTEN/PTGS2/SPRY1/TRPC1",38
"C0032181","Platelet Count measurement","47/2069","265/21671",0.177358490566038,1.85767803241015,4.56392996789192,2.33813599972626e-05,0.00119766938441792,0.000948418935507079,"PDE5A/FLI1/MN1/HLA-DOA/TRPS1/NREP/ZFPM2/ZCCHC24/HSD17B6/MEF2C/PDGFC/ACAD10/ACTN1/ANKRD26/ARHGEF3/BRAP/BRD3/CHRNE/DDO/EFHC1/EHD4/ETV7/EWSR1/FABP6/FEN1/GPR137/HFE/HLA-B/IGF2BP2/IPP/KALRN/KIAA0232/MAST4/MEF2D/MPHOSPH9/MYO9B/NAA25/PAK2/RBPMS/RGS12/RHOF/STON2/TBC1D22B/TNPO1/TP53BP1/TPM1/PDZRN4",47
"C1854114","Short nose","47/2069","265/21671",0.177358490566038,1.85767803241015,4.56392996789192,2.33813599972626e-05,0.00119766938441792,0.000948418935507079,"FLI1/GLI3/MAF/TCF4/SETBP1/FGFR1/GJA1/DDR2/GPC6/MEF2C/FLNA/FAM20C/ELN/CCDC88A/AFF4/ATP6V0A2/ATRX/CACNA1G/CANT1/COG7/DHCR7/EHMT1/GATA4/GGCX/KMT2A/LIMK1/MAP2K2/MECP2/MYH3/NALCN/NFIX/PDE4D/PIGN/PRKAR1A/PTEN/RAB3GAP1/RPS29/SMCHD1/SOX11/SUFU/TBL2/TONSL/TRIP11/UBA1/UBR1/ZNHIT3/CDON",47
"C1388233","Aneurysm of descending thoracic aorta","8/2069","15/21671",0.533333333333333,5.58620911873691,5.77257880181692,2.36931079901572e-05,0.00120245252670784,0.000952206644183614,"TGFBR1/PRKG1/MFAP5/ACTA2/MYLK/MYH11/ELN/TGFB3",8
"C4022878","Descending aortic dissection","8/2069","15/21671",0.533333333333333,5.58620911873691,5.77257880181692,2.36931079901572e-05,0.00120245252670784,0.000952206644183614,"TGFBR1/PRKG1/MFAP5/ACTA2/MYLK/MYH11/ELN/TGFB3",8
"C0018133","Graft-vs-Host Disease","70/2069","447/21671",0.156599552572707,1.64024596607208,4.44371812100033,2.42380780811373e-05,0.00122446767847507,0.000969640158871187,"VIM/HAVCR2/AOC3/PECAM1/ICAM1/JAK3/HLA-DOA/IL6ST/CCL5/PTPRC/GEM/MYLK/CAV1/VCAM1/NR3C1/F2R/CCL2/MCAM/HLA-DQB1/C3/BCHE/THBD/CTLA4/MTHFR/TYMS/ALDH1A1/ANGPT2/CASR/CD47/CD6/CYP3A4/DHX15/DOT1L/EGFR/FOSL2/FOXP3/GATA3/GLCCI1/HBEGF/HLA-B/HLA-C/HLA-G/IL3RA/INPP5D/ITGA2/ITIH4/KMT2A/MAPK14/MCL1/MYO1G/NCAM1/PIK3CD/PLK1/PRKAR1A/PROC/PTGES/PTGS2/RARB/SNCA/SRY/STAT1/STAT5B/STK11/SUFU/TIGIT/WNK1/XIAP/CD27/LILRB4/HLA-DPA1",70
"C0520679","Sleep Apnea, Obstructive","74/2069","480/21671",0.154166666666667,1.61476357338489,4.42499238677001,2.47397961219673e-05,0.00124410673374989,0.000985192073398216,"COL3A1/CLU/PTGER3/VWF/ICAM1/AGTR1/PAPPA/SGCD/EDNRA/SERPINE1/GJA1/CAV1/VCAM1/NR3C1/GAP43/F2R/COL6A1/CCL2/MGP/KCNMB1/MMP2/HLA-DQB1/C3/ELN/ADAMTS2/COL13A1/MTHFR/ABCA1/ABCC11/AGRN/ANGPT2/ARRB1/ATP6AP2/CDH4/CPB2/CSPG4/DNAJC5/DYNC1H1/EGFR/ESM1/FASTK/FOXP3/GSN/HAMP/HES1/HLA-B/IDS/KLK3/KMT2A/LPL/MAPK14/MCL1/MECP2/MYO9A/NFE2L2/NFIX/PAPOLA/PART1/PDAP1/PIK3CD/PRDX2/PRKAA2/PTGS2/SCN8A/SH2D1A/SLC25A1/SLC6A2/TACR1/TFRC/TUSC2/WNK1/XIAP/XPR1/FPR3",74
"C0019158","Hepatitis","95/2069","656/21671",0.144817073170732,1.51683460255337,4.36715205557118,2.51476861420547e-05,0.00125060427835903,0.00099033739515544,"VIM/IL18BP/CLU/RDX/PECAM1/LSAMP/ICAM1/FGL2/POSTN/TCF4/STON1/SETBP1/JAM3/IGFBP7/IGHM/GJA1/CD3D/CYP1B1/C1S/DCLK1/TIMP2/ACTG2/VCAM1/NR3C1/F2R/SPARC/CCL2/LGALS1/BCHE/ABCC2/ATP7B/ATP7A/CTLA4/MTHFR/RRM2/AKR1D1/ALDH1L1/ARID2/ATG7/CHPT1/CMKLR1/CREB1/CSE1L/CXCL9/CYP2B6/CYP3A4/DDX3X/EHMT1/ESM1/ESRRB/FLT3LG/FOXP3/GSPT1/HAMP/HFE/HLA-C/HLA-G/HMGA1/IL12RB1/JUNB/KDM6B/LGALS9/MAPK14/MAPK8/MEFV/MYCN/NAV2/NCAM1/NFE2L2/NFKB1/PBK/PCSK9/PDLIM5/PIK3CD/PLD4/PLP2/PML/PRKCD/PTEN/PTGES/PTGS2/RHOF/RNF34/SMPD1/SOCS3/SOX11/SPAG9/STAT1/TCF3/TGFA/TNFRSF4/WNK1/XIAP/YAP1/SLAMF8",95
"C0017654","Glomerular Filtration Rate","64/2069","399/21671",0.160401002506266,1.68006289285321,4.45441701757835,2.52645470646572e-05,0.00125060427835903,0.00099033739515544,"SORBS1/COL4A1/JPH2/SETBP1/SVIL/KCNMA1/APOL3/RERG/NFATC1/ACVR2B/AFF4/ALDH1L1/ANGPT2/ARFRP1/ARNT/BRD3/CHMP1A/DCDC2/DNAJC16/EPB41L5/ERBB2/FARSA/GAB1/GATM/GSS/HAGLR/HLA-B/HLA-C/IQCH/ITIH4/KCNQ1/L3MBTL3/LARP4B/LPIN3/LPP/LRIG1/MCPH1/MYO19/NAA25/NFAT5/NFE2L2/NFKB1/OGFR/OSBP2/PIK3R3/PPDPF/PRMT7/RGS12/RNF128/RRAGD/RREB1/SCAPER/SKIL/SLC8A1/SOX5/STON2/SUFU/SYN2/USP34/USP38/WWP2/ZNF585A/ZNF641/ZNF260",64
"C0220644","Childhood Hodgkin Lymphoma","64/2069","399/21671",0.160401002506266,1.68006289285321,4.45441701757835,2.52645470646572e-05,0.00125060427835903,0.00099033739515544,"HAVCR2/EPHA3/PDE5A/ICAM1/HLA-DOA/PMP22/EBF1/CD38/SERPINE1/CCL5/PTPRC/GLIS2/GEM/CHRDL1/SERPING1/VEGFC/LGALS1/PDLIM7/HLA-DQB1/IL10RA/CTLA4/ADAM10/BCL2L11/CADM1/CASR/CCL22/CFLAR/DICER1/EGR1/ERBB2/FOXN3/GATA3/HFE/HLA-G/IKBKE/IL3RA/KDM6B/LGALS9/MBTPS2/MEFV/MIB1/NFKB1/PART1/PIK3CD/PML/PPP1R1A/PRDM1/PRKAR1A/PSMB9/PTGS2/SATB1/SH2D1A/SLC27A4/SOX1/STAT1/STAT5B/TCF3/TERF2IP/TIGIT/TNFRSF4/TRAF3/TRIM33/XIAP/CD27",64
"C0339573","Glaucoma, Primary Open Angle","62/2069","383/21671",0.161879895561358,1.69555302885944,4.46191929704282,2.53232320052722e-05,0.00125060427835903,0.00099033739515544,"OGN/PDE5A/GAS7/CLU/EBF1/EDNRA/SERPINE1/GJA1/IGKC/CYP1B1/CACNA2D1/AXL/CAV2/DCLK1/EFEMP1/TIMP2/DCN/CAV1/MFGE8/COL8A2/ACTG2/NR3C1/CRYAB/SPARC/CCL2/MMP2/VEGFC/HLA-DQB1/THBS1/C3/LOXL1/ELN/COL8A1/CDH5/MTHFR/CDH1/ABCA1/ANGPT2/ARHGEF12/CHDH/COCH/DDX3X/EGFR/EGR1/FASTKD1/FZR1/GLCCI1/GMDS/HES1/HSPA5/HSPD1/HYAL3/IL17B/ITIH4/MTNR1A/NFKB1/PLA2G4A/PTEN/PTGS2/RTCA/TAP1/TGFB3",62
"C0595989","Carcinoma of larynx","71/2069","456/21671",0.155701754385965,1.63084230028915,4.42324727383133,2.57934620250509e-05,0.0012673637048946,0.00100360896883127,"VIM/MMP11/ADAMTS5/MAP4K4/TCF4/IL2RB/PMP22/FGFR1/PRKD1/ACKR3/CYP1B1/CTSB/TIMP2/DCN/CAV1/ZEB2/CRYAB/MMP2/LGALS1/PDLIM7/ERCC1/CDH1/ADAM10/ARRB1/CADM1/CMAS/CNOT7/CREB1/CYP2B6/DICER1/DKK1/EGFR/ELAVL1/ERBB2/FLT1/FOXN3/HES1/HLA-B/ILK/INPP4B/INTS2/ITGB1/KMT2A/LAD1/LARP6/MAPK8/MCL1/MIB1/MTNR1A/MYCT1/NFE2L2/NLK/PIK3CD/PLK1/PLK2/PTEN/PTGS2/RARB/RBPJ/SLC22A23/STK11/TCF3/TCF7L2/TGFA/TGFB3/ULK2/USE1/WNK1/XIAP/ZNF654/ZYX",71
"C1378703","Renal carcinoma","96/2069","665/21671",0.144360902255639,1.51205660356789,4.35729156980378,2.58927479888573e-05,0.0012673637048946,0.00100360896883127,"VIM/QKI/HAVCR2/EPHA3/DERL3/CD74/ICAM1/AGTR1/SMARCA1/POSTN/TCF4/DKK3/JAM3/IGFBP7/ACKR3/CTSB/CAV2/DCLK1/CHRDL1/CAV1/FEZ1/MITF/TWIST2/ZEB2/SPARC/HOXB2/CCL2/MMP2/MCAM/CDH11/CTSK/RORA/ABCC2/CTLA4/TYMS/ACVR2B/ADAM10/ADAM9/AKT1S1/APH1A/CACYBP/CCNG2/CFLAR/CHPT1/CREB1/CRYZ/DKK1/DKK2/EGFR/EGR1/EPB41L5/ESM1/FOSL2/GATA3/GIPC1/HLA-C/HLA-G/HOXA11-AS/HOXB8/HSPD1/JUNB/KDM6B/KLK3/LARP6/MAPK8/MCL1/MCPH1/MMP16/MYB/NFE2L2/NPAS2/NPRL2/PAK1/PAX8/PIK3CD/PLK1/PRKCA/PTEN/PTGS2/RADIL/ROR1/RPS6KA6/SET/SLC11A2/SORD/STAT5B/STXBP4/TBX3/TGFA/THOP1/TMEM106A/TRIP11/TTBK2/WNK1/ZFX/ZNF99",96
"C0266464","Polymicrogyria","38/2069","199/21671",0.190954773869347,2.00008743572867,4.60455610123389,2.60525941899127e-05,0.00126954522041375,0.00100533648282919,"COL3A1/COL4A1/MAP1B/EML1/TUSC3/MN1/AKT3/PMP22/CTSB/TUBA1A/PRICKLE1/FLNA/ATP1A2/CCDC88A/ERCC1/ARL3/ATP6V0A2/CC2D1A/DDX3X/DYNC1H1/EHMT1/IBA57/KDM5B/LAMA2/LMAN2L/MECP2/MED23/MED25/NEDD4L/OCLN/PIK3CD/POMT1/POMT2/PTEN/RAC1/TMEM67/TMTC3/ZNHIT3",38
"C0240379","Open mouth (finding)","23/2069","96/21671",0.239583333333333,2.5094298775576,4.81540328869748,2.70108534120231e-05,0.00131044285738595,0.00103772279396527,"TCF4/AP1S2/MEF2C/ELN/DENND5A/CCDC88A/ACTL6B/ATRX/DST/LAMA2/MED25/NFIX/PDE4D/PIGN/POMT2/PPP2R5D/PRKAR1A/RAC1/SCN8A/SOX11/SOX5/UBA1/ZNHIT3",23
"C0006413","Burkitt Lymphoma","83/2069","556/21671",0.149280575539568,1.56358596061768,4.37382625703278,2.71877782460721e-05,0.00131324123607014,0.00103993879394602,"VIM/FLI1/ICAM1/SMARCA1/DLC1/MLLT11/CD38/IGLC1/PTPRC/NR3C1/MRGPRF/LGALS1/PDLIM7/ELN/PRKCB/BCL2L11/CASR/CD47/CD6/CRYZ/CSE1L/DCLRE1C/DDX3X/DOK1/E2F4/EGFR/ERBB2/ERN1/FANCB/FANCM/FTCD/GATA3/GNA13/HELLS/HLA-C/HMGA1/HSPA5/ID4/IL24/ING1/JUNB/KMT2A/LGALS9/LMO4/MAPK14/MAX/MCL1/MIB1/MIXL1/MYCN/NAAA/NCAM1/NFKB1/NLK/PBK/PBX1/PIK3CD/PLK1/PLK2/POLI/PRDM1/PRKAR1A/PRKCA/PRKCD/PSMB8/PTEN/PTGS2/PTPN6/SH2D1A/SMARCA4/SOX11/SPAG9/SRM/TAP1/TAP2/TCF3/TFRC/TGFA/TRAF3/WWP2/XIAP/ZC3H12D/BMS1P20",83
"C0278488","Carcinoma breast stage IV","85/2069","573/21671",0.148342059336824,1.55375580854921,4.36449972315196,2.76226800839997e-05,0.00132388171414206,0.00104836485126831,"VIM/SORBS1/MMP11/ST8SIA4/ICAM1/PCDH7/FGFR1/GJA1/PTPRC/CTSB/TNC/KCNMA1/DCN/CAV1/HSD17B6/ACTG2/VCAM1/ALDH1A3/NR3C1/ANTXR1/SPARC/CCL2/MMP2/ADAMTS1/CDH11/BCHE/PRKCB/CDH5/CTSK/TK1/CTLA4/RRM2/CDH1/TYMS/ACOX1/AGRN/AKAP13/ALDH1A1/ANGPT2/CASR/CBX1/CBX5/CD47/CEBPA/CHPT1/CSPG4/DDX3X/EGFR/ERBB2/ERBB3/F5/FOXP3/GATA3/HEXIM1/HMGA1/IFIT3/ILK/INPP4B/ITGB1/JUNB/KLK6/MAGI2-AS3/MOSPD2/NFKB1/NTRK3/PAK2/PARVA/PGP/PIK3CD/PLK1/PML/PRDX2/PRKCA/PSME3/PTEN/PTGS2/RAC1/RARB/RHOBTB2/SERPINB6/SLC39A10/SLC6A2/SOX4/STK11/TBX3",85
"C1865014","Long philtrum","49/2069","282/21671",0.173758865248227,1.81997504533317,4.50287050946401,2.76484876285003e-05,0.00132388171414206,0.00104836485126831,"FLI1/MAF/FGFR1/TRPS1/GJA1/GPC6/KCNJ8/ANTXR1/MEIS2/CDH11/ELN/ATP7A/ABCC9/ALG13/ATP6V0A2/CDC42/CLCN4/CRTAP/CUL7/DDX3X/DHCR7/DMD/EBF3/IFT81/KMT2A/LIMK1/MAP2K2/MECP2/MID2/MYH3/NALCN/NEK9/NRXN1/NSD1/OBSL1/OCLN/PIGN/PPP2R3C/PRMT7/PTEN/RREB1/SLC6A17/STAG2/SUZ12/TBL2/TENM3/TRIP11/UBA1/ZNF81",49
"C0521158","Recurrent tumor","104/2069","735/21671",0.141496598639456,1.48205548048122,4.3196976284935,2.81588647428512e-05,0.00134248301910398,0.0010630949847096,"VIM/SLC11A1/MMP11/CLU/PECAM1/AGTR1/POSTN/OSMR/PMP22/PRKD1/SLIT2/EDNRA/CCL5/ACKR3/CYP1B1/CTSB/TNC/FERMT2/CAV1/HSPB6/F2R/CCL2/PDPN/MMP2/VEGFC/TFPI/THBS1/AKR1B1/STC1/CTLA4/UMPS/CDH1/TYMS/ADAMTS8/ADRA1A/AKT2/ALDH1A1/ANGPT2/ATRX/CADM1/CANX/CASR/CD47/CD6/CDC14B/CDC42/CHPT1/CIRBP/CISH/CMIP/COX5B/DKK1/EGFR/ERBB2/EWSR1/GATA3/HES1/HSPA5/HSPD1/IL17RB/IL21R/INTS2/KLK3/KLK6/LPAR2/MAPK8/MCPH1/MIB1/MYCN/NACC1/NFE2L2/NLK/NR2F6/NUMB/PART1/PAWR/PEG10/PER3/PIK3CD/PLK1/PRDM2/PRKAR1A/PSEN2/PTEN/PTGS2/RASSF6/SFXN1/SLC22A17/SLC27A4/SLC34A2/SMAD4/STAB1/STAT1/TGFB3/THOP1/TINCR/TPM1/WNK1/WNK2/WWP2/XIAP/YAP1/ZNF654/LCP1",104
"C1519680","Tumor Immunity","56/2069","337/21671",0.166172106824926,1.74051025954711,4.45112092994634,2.89790011438188e-05,0.00137562818791757,0.00108934221631823,"HAVCR2/PDE5A/ICAM1/CD38/CCL5/WWTR1/DCLK1/ANTXR1/FSTL1/LGALS1/THBS1/IL10RA/PRKCB/LCP2/CTLA4/ADAM10/ADAM9/BCL2L11/CASR/CD47/CFLAR/CIITA/CISH/DKK2/EGFR/ERBB2/FOXP3/HLA-G/HSPD1/IRF3/JUNB/KLK3/KMT2A/LAMP1/LGALS9/MICB/MSLN/PIK3CD/PLK1/PRDM1/PRKAR1A/PRKCA/PTGS2/SATB1/SOCS3/SPAG9/STK11/TFAM/TGFB3/TIGIT/TNFRSF18/TNFRSF4/TRPC1/XIAP/YAP1/CD27",56
"C0027809","Neurilemmoma","37/2069","193/21671",0.191709844559585,2.00799615343198,4.56983078363218,3.02324737172198e-05,0.00142897095728644,0.00113158366725623,"RDX/IL2RB/PMP22/LATS2/SERPINE1/ACKR3/WWTR1/AXL/TNC/GAP43/DES/MSN/ABCA2/AGAP2/AKT2/ALDH1A1/ANGPT2/CASR/DMD/EGFR/ERBB2/FLT1/MAP2K2/MIB1/MVD/NCAM1/PAK1/PIK3CD/PRKAR1A/PRKCD/PTEN/PTGS2/RAC1/SNCA/STAT5B/SUZ12/TCF3",37
"C0024530","Malaria","98/2069","685/21671",0.143065693430657,1.49849040228892,4.30721708678276,3.0751880329998e-05,0.00144730964989004,0.00114610584135868,"SLC11A1/HAVCR2/S1PR3/LAIR1/CLU/PECAM1/LSAMP/VWF/ICAM1/MAF/CYBB/DLC1/HLA-DOA/EDNRA/CCL5/ACKR3/PTPRC/PRKG1/GEM/CPQ/ACTG2/CCL2/ATP2B4/CFH/C3/CTSC/IL10RA/THBD/DHFR/CTLA4/UMPS/MTHFR/TYMS/ABCA1/ADRA1A/AKAP13/ANGPT2/CASR/CBX5/CCL22/CD9/CFC1/CISH/CRYZ/CXCL9/CYP2B6/CYP3A4/DNAJC5/EHD1/ELK4/FCN2/FLT1/FLT3LG/FOXP3/GRK5/GSN/H6PD/HAMP/HLA-B/HLA-G/IL12RB1/ING1/LMAN1/LPAR2/MAP2/MAPK14/MCPH1/MECP2/MEFV/MVD/NFE2L2/PCSK9/PDXK/PGD/PGLS/PKLR/PPP1R1A/PRDM1/PRKAR1A/PROC/PSMB9/PTGS2/RAB14/RAB7A/RBM25/RHOF/RNF34/RNPS1/SET/TADA2A/TAP1/TEP1/TFRC/TIRAP/TNFRSF18/TOLLIP/TRPC1/CD27",98
"C0278764","Adult Burkitt Lymphoma","73/2069","475/21671",0.153684210526316,1.60971025921498,4.36518707522195,3.11070355388251e-05,0.00145779481867694,0.00115440891126166,"VIM/FLI1/ICAM1/SMARCA1/DLC1/MLLT11/CD38/IGLC1/PTPRC/NR3C1/MRGPRF/LGALS1/PDLIM7/ELN/PRKCB/BCL2L11/CASR/CD47/CD6/CRYZ/CSE1L/DCLRE1C/DDX3X/DOK1/E2F4/EGFR/ERN1/FANCB/FANCM/GNA13/HMGA1/HSPA5/ID4/IL24/JUNB/KMT2A/LGALS9/LMO4/MAPK14/MAX/MCL1/MIB1/MIXL1/MYCN/NAAA/NCAM1/NFKB1/NLK/PBK/PIK3CD/PLK1/PLK2/PRDM1/PRKAR1A/PRKCA/PSMB8/PTEN/PTGS2/PTPN6/SH2D1A/SMARCA4/SOX11/SPAG9/SRM/TAP1/TAP2/TCF3/TFRC/TGFA/TRAF3/XIAP/ZC3H12D/BMS1P20",73
"C0476403","Electromyogram abnormal","28/2069","130/21671",0.215384615384615,2.25596906718221,4.66634879472093,3.18625819241246e-05,0.0014868754861457,0.00117743751668766,"LAMA4/SGCD/COL12A1/LDB3/PLN/NEXN/CRYAB/CAP2/COL6A2/DES/COL6A1/ABCA1/ABCC9/ATXN3/CASR/DMD/GNA11/LAMA2/LGI4/LMNA/POMT1/POMT2/PSEN2/SCN4A/SMAD4/SMCHD1/SPG11/TPM1",28
"C0035078","Kidney Failure","61/2069","378/21671",0.161375661375661,1.69027160834797,4.39852426514633,3.22274485675421e-05,0.00149755650242338,0.00118589567569215,"PDLIM3/VWF/FLI1/AGTR1/SERPINE1/CCL5/BNC2/GLIS2/PKD2/FERMT2/TIMP2/DCN/CAV1/MASP1/CCL2/SDC2/KCNMB1/MMP2/FBXO32/CFH/TFPI/HLA-DQB1/C3/LAMB2/AKR1B1/THBD/MTHFR/ANGPT2/APRT/ATP6AP2/CASR/CD2AP/CD6/CISH/COL4A6/CUBN/CYP3A4/DGKE/EGFR/EGR1/EHMT1/EPOR/F5/FLT1/GATA3/GSN/HAMP/HLA-B/IL17B/ILK/ITGB1/MECP2/MYB/PAX8/PDLIM5/PTGS2/RAC1/SLC34A2/SREBF2/STX2/TBXA2R",61
"C0234146","Absent reflex","38/2069","201/21671",0.189054726368159,1.98018606820898,4.5357597256929,3.28042429727907e-05,0.00151160304543659,0.00119701895190298,"COL4A1/HSPB8/TPM2/ATXN1/PMP22/EGR2/COL12A1/CFL2/FHL1/COL6A1/LAMB2/COL13A1/AGRN/CNTN1/DCAF8/DNM2/DST/GOSR2/IBA57/IRF2BPL/LAMA2/LGI4/LMNA/LYST/MED25/MTMR14/MYO9A/NEFL/PDXK/PNKP/PNPLA2/POMT1/POMT2/RAB7A/SLC25A1/SPG11/UBA1/WNK1",38
"C0745103","Hyperlipoproteinemia Type IIa","38/2069","201/21671",0.189054726368159,1.98018606820898,4.5357597256929,3.28042429727907e-05,0.00151160304543659,0.00119701895190298,"PDE5A/LIPA/ICAM1/IL2RB/SERPINE1/PLN/MITF/NR3C1/MYL9/SDC2/MMP2/THBD/CTLA4/MTHFR/ABCA1/ABCA2/ATP2A2/CHDH/FGB/GSS/HLA-C/JPH3/KMT2A/LIPG/LPL/LRP1/MYCN/PCSK9/PEA15/PPP1R17/SCN8A/SLA2/SMARCA4/SREBF2/STAT1/TCF3/TPM1/VLDLR",38
"C0018552","Hamartoma","22/2069","91/21671",0.241758241758242,2.53221017744942,4.75853017136791,3.45263330182723e-05,0.00158309859129297,0.00125363535236943,"VIM/GLI3/LAMA4/GREM1/AKT1S1/CD6/CLCN7/DICER1/DKK1/DYNC2LI1/EGFR/GOPC/HMGA1/LPP/NEK9/PIK3CD/PTEN/PTGS2/SMAD4/STK11/SUFU/TEP1",22
"C0153381","Malignant neoplasm of mouth","106/2069","756/21671",0.14021164021164,1.46859664331873,4.26079505598841,3.46433088623996e-05,0.00158309859129297,0.00125363535236943,"VIM/MMP11/FILIP1L/ST8SIA4/ICAM1/SMARCA1/POSTN/MCC/TGFBR1/DKK3/TIAM1/SLIT2/SERPINE1/CCL5/CYP1B1/CTSB/TNC/TIMP2/DCN/CAV1/FHL1/RECK/ANGPTL2/RGMA/CRYAB/CCL2/PDPN/MMP2/VEGFC/MCAM/LGALS1/MSN/HLA-DQB1/PRKCB/AKR1B1/THBD/ATP7B/ERCC1/CTLA4/UMPS/MTHFR/AXIN2/CDH1/ADAM9/ALDH1A1/APRT/ATP2A2/CCNG2/CD47/CPB2/CXCL9/DDX3X/DICER1/DKK1/DST/EGFR/ELAVL1/ERBB2/ESM1/F5/FLT1/FOXN3/FOXP3/GLS/GOPC/HBEGF/HSPD1/INTS2/JUNB/KDM5B/MAPK14/MAPK8/MAU2/MCL1/MMP25/MTNR1A/NFE2L2/NFKB1/OAS2/OAZ1/PAK1/PART1/PBK/PDLIM5/PIK3CD/PLK1/PRKAA2/PRKCA/PSME3/PTEN/PTGS2/PTPRZ1/RARB/SMAD4/SMARCA4/SOCS3/STAB1/STAG2/STAT5B/TCF7L2/TFRC/TGFA/THOP1/TRAM2/WNK1/LCP1",106
"C0279671","Cervical Squamous Cell Carcinoma","60/2069","371/21671",0.161725067385445,1.69393133654421,4.37999042849643,3.49280869481916e-05,0.00158951661801832,0.00125871770494027,"VIM/OGN/CYBB/OSMR/SYNE1/ACKR3/PDPN/MMP2/LGALS1/MSN/HLA-DQB1/THBS1/RASSF2/IL10RA/IGFBP6/ERCC1/CTLA4/CDH1/TYMS/AKT2/ALDH1A1/ANGPT2/CANX/CEBPA/CFLAR/CHPT1/CISH/CLCN3/DDC/DNM2/EGFR/EPOR/ERBB2/ERBB3/FLT1/HLA-B/HLA-G/ITGB1/MAGI2-AS3/MAPK14/MIB1/MSLN/NFE2L2/NFKB1/NLK/PAX8/PIK3CD/PRKCD/PSMB8/PSMB9/PTEN/RARB/SMAD4/SOS2/STAT1/TAP1/TCF3/TINCR/WT1-AS/ZNF268",60
"C0278879","Childhood Burkitt Lymphoma","73/2069","477/21671",0.153039832285115,1.60296094995202,4.3261484656857,3.58129170962275e-05,0.00161574978143704,0.00127949140864202,"VIM/FLI1/ICAM1/SMARCA1/DLC1/MLLT11/CD38/IGLC1/PTPRC/NR3C1/MRGPRF/LGALS1/PDLIM7/ELN/PRKCB/BCL2L11/CASR/CD47/CD6/CRYZ/CSE1L/DCLRE1C/DDX3X/DOK1/E2F4/EGFR/ERN1/FANCB/FANCM/GNA13/HMGA1/HSPA5/ID4/IL24/JUNB/KMT2A/LGALS9/LMO4/MAPK14/MAX/MCL1/MIB1/MIXL1/MYCN/NAAA/NCAM1/NFKB1/NLK/PBK/PIK3CD/PLK1/PLK2/PRDM1/PRKAR1A/PRKCA/PSMB8/PTEN/PTGS2/PTPN6/SH2D1A/SMARCA4/SOX11/SPAG9/SRM/TAP1/TAP2/TCF3/TFRC/TGFA/TRAF3/XIAP/ZC3H12D/BMS1P20",73
"C0311394","Difficulty walking","41/2069","224/21671",0.183035714285714,1.91714208037009,4.48267096416962,3.59166801476068e-05,0.00161574978143704,0.00127949140864202,"HSPB8/TPM2/SGCD/FHL1/CRYAB/COL6A2/DES/COL13A1/ATP7B/ACTL6B/ADCY5/AGRN/AP4E1/AP4S1/ATRX/DDHD1/DMD/DNM2/EHMT1/FA2H/GLE1/GOSR2/GRIN2D/IBA57/KY/LMNA/MTMR14/MYO9A/NACC1/PDK3/PNPLA2/POMT1/POMT2/RAB11B/SCN8A/SGCB/SLC25A1/SPG11/SUFU/TRAK1/TTBK2",41
"C0235833","Congenital diaphragmatic hernia","43/2069","239/21671",0.179916317991632,1.88446908032704,4.4669363478487,3.59446741534618e-05,0.00161574978143704,0.00127949140864202,"CRISPLD2/GLI3/AGTR1/TCF4/SOX7/TRPS1/EDNRA/ZFPM2/ACTA2/TIMP2/CAV1/NR3C1/ZEB2/RGMA/DES/CCL2/FLNA/DACT1/MMP2/FSTL1/EFEMP2/ELN/EDIL3/AXIN2/ARID2/CASR/CHDH/DHCR7/ERN1/GATA4/HDAC4/KMT2A/PBX1/PIGN/RAC1/RARB/SLC11A2/SMARCA4/SOX11/SOX4/SUFU/TCF7L2/TGFA",43
"C0027708","Nephroblastoma","86/2069","586/21671",0.146757679180887,1.53716078565926,4.28278047675601,3.69550474498933e-05,0.00165441438034827,0.00131010940574397,"VIM/COL4A1/PECAM1/LSAMP/FLI1/SETBP1/RUNX1T1/CD38/SERPINE1/BASP1/EGR2/PTPRC/FZD1/ZFPM2/EFS/RECK/MYH11/MEIS1/DES/SERPINF1/SMTN/THBS1/CDH11/LAMB2/THBD/SLC19A1/MTHFR/CDH1/ACVR2B/ALDH1A1/APRT/CD151/CD2AP/CEBPA/CFLAR/CMIP/DICER1/DKK1/DNMT3A/EGFR/EGR1/ERBB2/EWSR1/FANCB/FEN1/FXR1/GATA4/HDAC4/HLA-C/IBTK/INTS2/KCNQ1/KLK3/KMT2A/MAX/MIB1/MSLN/MYCN/NAP1L4/NCAM1/NEFL/NFE2L2/NSD1/PAWR/PAX8/PCSK9/PIK3CD/PNPLA2/PRDM2/PRKCA/PTEN/PTGS2/ROR1/SET/SLC38A2/SLC8A1/SMAD4/SPRY1/SRF/SRY/STAT1/STK11/TBXA2R/TGFA/THOP1/WT1-AS",86
"C0026106","Mild Mental Retardation","56/2069","340/21671",0.164705882352941,1.72515281608052,4.37847522942685,3.73953430747142e-05,0.00166734782705193,0.00132035123534629,"GLI3/TCF4/TUSC3/SETBP1/PMP22/CD38/KCNMA1/MASP1/ZEB2/KCNJ8/FLNA/MGP/CDH11/DTNA/ABCC9/ATP2A2/ATRX/BRWD3/CC2D1A/CDK19/CEP290/CHRNA4/CLCN4/DHCR7/DMD/DNAJC12/DNMT3A/GATA4/GNAO1/IRAK1BP1/KDM5B/LMAN2L/MECP2/MED23/MED25/NFE2L2/NFIX/NSD1/PNPLA2/POMT1/POMT2/PSMB8/PTEN/RREB1/SCAPER/SOX1/SOX11/SOX5/SPG11/SRY/SUFU/THOC2/USP34/WDFY3/ZFR/ZMYND11",56
"C1854882","Absent speech","42/2069","232/21671",0.181034482758621,1.89618089698505,4.45858367070051,3.79282406731626e-05,0.00167786441062869,0.00132867918221611,"FRMD4A/TCF4/SETBP1/YME1L1/ZEB2/DENND5A/CCDC88A/ACTL6B/ATRX/CAMK2A/CDC42/CHMP1A/CLCN4/CUL4B/DYRK1A/EARS2/EBF3/GNAO1/GRIN2D/IRF2BPL/KAT6A/MECP2/MID2/MRPS34/NACC1/NEDD4L/NRXN1/PIGG/PIGN/POMT1/PPP2R5D/RAB11B/RAC1/RHOBTB2/SCN8A/SLC6A17/SOX5/TMEM67/TMTC3/UBE3A/WDR45B/ZMIZ1",42
"C1837260","Prominent forehead","32/2069","159/21671",0.20125786163522,2.1080034410328,4.55573847588362,3.79359155767315e-05,0.00167786441062869,0.00132867918221611,"SETBP1/PRKD1/TRPS1/AP1S2/FLNA/MAB21L2/EFEMP2/ABCC9/ACTL6B/ADAT3/BRWD3/CDC42/CLCN7/DYNC1H1/DYRK1A/EARS2/EBF3/FARSB/GCDH/GLE1/IFT81/KCNQ1/KDM6B/KIDINS220/LMNA/MECP2/MYH3/NALCN/NFIX/NSD1/TRIP11/VPS33A",32
"C0340643","Dissection of aorta","31/2069","152/21671",0.203947368421053,2.13617371728015,4.56683161002888,3.81304613197411e-05,0.00167837576193924,0.00132908411472247,"COL3A1/IL18BP/PECAM1/TGFBR1/RUNX1T1/IL6ST/PKD2/PRKG1/ACTA2/MYLK/FHL1/MYH11/TAGLN/CCL2/THBS4/MMP2/THBS1/EFEMP2/ELN/ANGPT2/ATG7/NFE2L2/PCSK9/RAB7A/RRAD/SMAD4/SMARCA4/SOCS3/STAT1/TRO/YAP1",31
"C2678065","Myofibrillar Myopathy","17/2069","61/21671",0.278688524590164,2.9190232075367,4.87615238689153,3.82522760598157e-05,0.00167837576193924,0.00132908411472247,"HSPB8/TPM2/LDB3/CFL2/PLN/FHL1/SYNM/CRYAB/DES/DMD/GSN/HMBS/KY/LMNA/NRAP/PDLIM5/PTEN",17
"C0542476","Forgetful","67/2069","429/21671",0.156177156177156,1.63582172620355,4.32141341913948,3.90687040164157e-05,0.00170739538624122,0.00135206438085215,"FYN/PDE5A/CLU/AGTR1/CYBB/ATXN1/TIAM1/IGFBP7/EDNRA/GJA1/ACKR3/CTSB/PRKG1/ITPR1/NR3C1/SYNM/LGALS1/HLA-DQB1/BCHE/PRKCB/IGSF6/CDH1/ADRA1A/AKT2/ARHGAP32/ATXN3/BACE1/CADM1/CHRNA4/CREB1/DKK1/DPYSL2/DYRK1A/EGR1/EHMT1/EIF2B5/GRM2/HDAC4/HLA-B/JPH3/KLF9/KMT2A/LPAR2/MAP2/MAPK14/MAPK8/MECP2/MEFV/NFE2L2/PIK3CD/PLA2G4A/PLXNA4/PMS1/PRKAA2/PRKCA/PRKCD/PSEN2/PTGS2/RAC1/RNF34/SCN8A/SNCA/STAT1/TFAM/TOMM40/XPR1/SLC25A27",67
"C0027796","Neuralgia","107/2069","767/21671",0.139504563233377,1.46119061857444,4.22496345333566,3.93311581281026e-05,0.00171207132199523,0.00135576719405588,"PDE5A/CD74/APOC1/GPR34/ICAM1/CYBB/ADARB1/MCC/AKT3/PMP22/CD38/EDNRA/CCL5/GJA1/ACKR3/CTSB/PRKG1/CACNA2D1/KCNMA1/CAV1/HTR2B/RGS10/NR3C1/ZEB2/SYNM/GAP43/RGMA/CCL2/THBS4/MMP2/LGALS1/A2M/NFATC1/HLA-DQB1/PRKCB/RORA/P2RY13/ATP7A/CDH1/TYMS/AAK1/ADAM10/ADRA1A/ANGPT2/APRT/BACE1/BRAP/CD6/CEBPA/CHRNA4/CLCN3/CMKLR1/CREB1/CTSZ/CXCL9/DAGLB/DNMT3A/DPYSL2/EGFR/EHD2/FOXP3/FZR1/GRM2/HDAC4/HES1/HLA-B/HLA-C/IKBKE/IRF3/ITGB1/ITIH4/KPNB1/LAMP2/LPAR2/LRP1/MAP2K2/MAPK14/MAPK6/MAPK8/MBD1/METRN/NEFL/NFAT5/NFE2L2/NPBWR1/OPRL1/PDAP1/PDLIM5/PGP/PIK3CD/PRKCA/PTEN/PTGS2/RNF34/SCN11A/SCN8A/SLC11A2/SOCS3/STAT1/TACR1/TAP2/TCF12/TNFAIP1/TNPO1/UBE2I/USE1/ZDHHC3",107
"C1298820","Aneurysm of aortic root","13/2069","39/21671",0.333333333333333,3.49138069921057,5.05922006385758,3.96424241045191e-05,0.00171607292703897,0.00135893601346905,"COL3A1/TPM2/TGFBR1/PRKG1/MFAP5/ACTA2/MYLK/MYH11/ELN/DNMT3A/LMNA/PIGN/TGFB3",13
"C0010823","Cytomegalovirus Infections","71/2069","462/21671",0.153679653679654,1.60966253015552,4.30338205371301,3.97347313533949e-05,0.00171607292703897,0.00135893601346905,"VIM/SLC11A1/AOC3/ICAM1/HLA-DOA/CD300A/EDNRA/CCL5/GJA1/ACKR3/PTPRC/GEM/VCAM1/CCL2/FLNA/THBS1/BCHE/CTLA4/MTHFR/CDH1/TYMS/ADRA1A/ANAPC5/APRT/ATG7/BCLAF1/CD9/CEBPA/CISH/CREB1/CSE1L/DDX3X/DOT1L/EGFR/FCN2/FOXP3/HES1/HLA-B/HLA-C/HLA-G/HSPA5/INSIG1/IRF3/ITGB1/JUNB/LAMP1/LGALS9/LMNA/LPAR2/LPL/LRP1/MAPK14/MNT/NAAA/NCAM1/NFE2L2/NFKB1/PIK3CD/PML/PRKCD/PTEN/PTGS2/SNCA/SOCS3/SREBF2/STAT1/STAT2/TNFRSF4/USP24/WNK1/CD27",71
"C0740457","Malignant neoplasm of kidney","95/2069","664/21671",0.143072289156627,1.49855948685996,4.23914737503658,4.03992403924473e-05,0.00173795638453915,0.0013762652411654,"VIM/QKI/HAVCR2/EPHA3/CLU/DERL3/CD74/ICAM1/AGTR1/SMARCA1/POSTN/TCF4/DKK3/IGFBP7/ACKR3/CYP1B1/CTSB/AXL/CAV2/DCLK1/TIMP2/CHRDL1/CAV1/FEZ1/MITF/TWIST2/ZEB2/CCL2/MMP2/MCAM/CTSK/RORA/ABCC2/ATP7B/CTLA4/TYMS/ADAM10/ADAM9/AKT1S1/APH1A/ATP1B1/BRAP/CACYBP/CCNG2/CDC42/CREB1/CRYZ/CYP3A4/DKK1/DKK2/EGFR/EGR1/EPB41L5/ERBB2/ESM1/FLT1/GATA3/GIPC1/GLS/HAMP/HOXA11-AS/HSPD1/KDM6B/KLK3/LARP6/MAPK8/MCPH1/MMP16/MYB/NFE2L2/NPAS2/NPRL2/PAK1/PAX8/PIK3CD/PRKCA/PTEN/PTGS2/RADIL/RANBP1/RHOV/ROR1/SLC11A2/SNCA/SORD/STAT5B/STXBP4/TGFA/THOP1/TMEM106A/TRIP11/UNC5C/WNK1/ZFX/ZNF99",95
"C0024305","Lymphoma, Non-Hodgkin","103/2069","733/21671",0.140518417462483,1.47180987183638,4.22192896269102,4.07721065053058e-05,0.0017471720192332,0.00138356298339733,"HAVCR2/PDLIM3/LAIR1/ADAM12/GPR34/ICAM1/DLC1/TGFBR1/FGFR1/CD38/CCL5/PTPRC/CYP1B1/TNC/TIMP2/SERPING1/VCAM1/PLEKHO1/MMP2/LGALS1/PDLIM7/HLA-DQB1/DIXDC1/BCHE/IL10RA/PRKCB/RORA/EDIL3/MTRR/MTR/CTLA4/SLC19A1/MTHFR/TYMS/CES2/ALDH1A1/ALDH1L1/APRT/BAG5/BCL2L11/BCLAF1/BHMT/CADM1/CASR/CCAR1/CD47/CEBPA/CFC1/CRTAP/CYP2B6/DYRK2/ERBB2/FCN2/FLT1/FLT3LG/FOXP3/GOPC/HLA-B/HLA-G/HSPD1/ID4/IL12RB1/ITGB3/KLK3/KMT2A/LMNA/MAPK14/MAPK8/MCL1/MIB1/MIXL1/MYCN/NCAM1/NFKB1/NPAS2/PART1/PER3/PIK3CD/PLEKHG2/PLK1/PML/PMS1/PRKAR1A/PRKCA/PSMB9/PTEN/PTGS2/PTPN6/RNF34/SH2D1A/SOCS3/TAP2/TCF3/TFDP1/TFRC/TIGIT/TIRAP/TMEM260/TRAF3/UBE2I/WT1-AS/XIAP/ZMYM2",103
"C0020445","Hypercholesterolemia, Familial","38/2069","203/21671",0.187192118226601,1.96067684586209,4.46775199808778,4.11175775148948e-05,0.00175514682624626,0.00138987813019544,"PDE5A/LIPA/ICAM1/IL2RB/SERPINE1/PTPRC/KANK2/NR3C1/SDC2/MMP2/CFH/THBD/MTHFR/ABCA1/CDC37/CHDH/EGFR/FARSA/FGB/GSS/ICAM3/KIDINS220/KMT2A/LIPG/LPL/LRP1/PCSK9/PDE4A/PEA15/PRKCSH/RAVER1/SCN8A/SMARCA4/SREBF2/STAT1/TCF3/VLDLR/ZNF562",38
"C2931384","Moyamoya disease 1","22/2069","92/21671",0.239130434782609,2.5046861537815,4.69876461240615,4.13325130012126e-05,0.00175750952000909,0.00139174911690732,"CLU/CCL5/GJA1/ACTA2/TIMP2/MYLK/CAV1/CCL2/MMP2/JAZF1/CFH/HLA-DQB1/ELN/THBD/MTHFR/ANGPT2/DFFA/DOCK9/LRP1/OGFR/SPTAN1/TSC22D2",22
"C0410702","Adolescent idiopathic scoliosis","94/2069","656/21671",0.143292682926829,1.50086792252649,4.23223670904535,4.17350344504032e-05,0.00176173730498908,0.00139509704529428,"DOCK2/ADAMTS12/FRMD4A/AGTR1/PCDH7/DIP2C/TSHZ2/NREP/LATS2/IGFBP7/EDNRA/BNC2/CACNA2D1/TIMP2/MYLK/BOC/ANK2/DOK5/DPYSL3/MEIS2/JAZF1/COL1A2/A2M/PDGFC/PALLD/PRICKLE2/RORA/COL13A1/CDH2/ABCC9/ADCY2/AFF3/AKAP6/ALDH1L1/APH1A/ARHGEF3/CAND1/CAPZB/CCNG2/CDH7/CDH8/CDO1/CNTLN/DMD/DPP9/DRAM1/DYRK1A/EGFR/FBXL18/GABPB1-AS1/GRID1/GUCY1A2/HSD17B12/ITGB8/KAZN/KCNC2/KCNT2/KIF9/LDLRAD4/LIG3/LONRF1/MAGI1/MAPK6/MTNR1A/MYO16/NALCN/NPNT/NRXN1/NUCKS1/NUFIP2/NUMB/PARD3B/PDE4D/PKD1L1/PLCL1/PRKCD/RFX3/RHOBTB3/RHOT1/SCML4/SEC16B/SNTG1/SOCS3/SOX6/SPRED1/SPRY4/SRGAP1/SSBP2/STXBP4/SYN2/TENM3/TMEM182/TRAM2/WDR59",94
"C1847835","VITILIGO-ASSOCIATED MULTIPLE AUTOIMMUNE DISEASE SUSCEPTIBILITY 1 (finding)","51/2069","302/21671",0.16887417218543,1.76881207609012,4.37110336868679,4.18909809960984e-05,0.00176173730498908,0.00139509704529428,"HAVCR2/ICAM1/IL2RB/HLA-DOA/CCL5/TNC/MITF/PDLIM7/HLA-DQB1/ELN/BCHE/CCDC88A/MTRR/ERCC1/CTLA4/MTHFR/CDH1/CANX/CIITA/DDX6/DKK1/FOXD3/FOXP3/GATA3/HLA-B/HLA-C/HLA-F/HLA-G/IL17B/IL24/KIDINS220/KLK3/LMNA/MAPK14/MBD1/NFE2L2/PGD/PGP/PIK3CD/PRDX2/PSMB10/PSMB8/PSMB9/PTGS2/RNASET2/RPS6KB1/SH2D1A/STRN3/TAP1/TRPC1/ZMIZ1",51
"C0007820","Cerebrovascular Disorders","42/2069","233/21671",0.180257510729614,1.88804278154735,4.42771057014813,4.20718161456578e-05,0.00176173730498908,0.00139509704529428,"COL4A1/CLU/PECAM1/VWF/ICAM1/AGTR1/PAPPA/EDNRA/SERPINE1/ACTA2/DCN/MFGE8/ACTG2/VCAM1/MMP2/THBS1/LOXL1/BCHE/THBD/MTRR/MTHFR/ABCA1/ANGPT2/ATP6AP2/BACE1/CHDH/CPB2/EHMT1/F5/FGB/JPH3/LPL/MEFV/NEFL/NFE2L2/PCNT/PCSK9/PDE4D/PROC/PSEN2/PTGS2/SNCA",42
"C0235031","Neurologic Symptoms","42/2069","233/21671",0.180257510729614,1.88804278154735,4.42771057014813,4.20718161456578e-05,0.00176173730498908,0.00139509704529428,"CLU/VWF/TCF4/ATXN1/TRPS1/HIP1/ACTA2/CCL2/CFH/ATP7B/ATP7A/MTHFR/ATXN3/CASR/CD9/CLCN7/CUBN/CYP2B6/DFFA/EGFR/ERBB2/GCDH/GSS/GTPBP3/IDS/IRF2BPL/ITGA2/ITIH4/LIMK1/LMNA/LSS/MECP2/NFE2L2/OPA3/PIK3CD/PRKAR1A/PTEN/RPS6KB1/SNCA/SOX1/STAT1/STAT2",42
"C1134719","Invasive Ductal Breast Carcinoma","65/2069","414/21671",0.157004830917874,1.64449090904846,4.30155508314598,4.29834450759246e-05,0.00177729188628881,0.00140741451757041,"HAVCR2/COL4A1/MMP11/ADAM12/PECAM1/APOC1/VWF/POSTN/DKK3/FGFR1/PRKD1/TIAM1/SLIT2/SERPINE1/ACKR3/TIMP2/MYLK/DCN/CAV1/CCL2/PDPN/SERPINF1/MMP2/MCAM/LGALS1/THBS1/PRKCB/CDH1/ALDH1A1/ARHGDIA/ATP6AP2/COX5B/DDX5/EGFR/ELP3/ERBB2/ERBB3/FOXP3/GATA3/HSD17B12/HSPA5/IGSF1/KDM5B/LMNA/LMO4/LPAR2/MAPK8/MCPH1/NAA25/PAK2/PIK3CD/PIP5K1C/PLCB2/PRKCA/PTGS2/RAC1/RHOBTB2/SATB1/SMAD4/SMARCA4/SMURF2/SNCA/TIGIT/TNFRSF18/XIAP",65
"C0220641","Lip and Oral Cavity Carcinoma","103/2069","734/21671",0.140326975476839,1.46980468127529,4.20695292045448,4.30834699824986e-05,0.00177729188628881,0.00140741451757041,"VIM/MMP11/FILIP1L/SAMD4A/ST8SIA4/ICAM1/SMARCA1/POSTN/MCC/TGFBR1/DKK3/SLIT2/SERPINE1/CCL5/CTSB/TNC/TIMP2/DCN/CAV1/FHL1/RECK/ANGPTL2/ZEB2/RGMA/CRYAB/CCL2/PDPN/MMP2/VEGFC/MCAM/LGALS1/MSN/HLA-DQB1/AKR1B1/THBD/CTLA4/MTHFR/AXIN2/CDH1/ADAM9/ALDH1A1/APRT/ATG2B/ATP2A2/CCNG2/CD47/CPB2/CXCL9/DDX3X/DICER1/DKK1/DST/EGFR/ELAVL1/ERBB2/ESM1/F5/FLT1/FOXN3/FOXP3/GLS/GOPC/HBEGF/HSPD1/IGSF1/INTS2/KDM5B/MAPK14/MAPK8/MAU2/MCL1/MMP25/MTNR1A/NAA25/NFE2L2/NFKB1/OAS2/OAZ1/PAK1/PART1/PBK/PDLIM5/PIK3CD/PLK1/PRKAA2/PSME3/PTEN/PTGS2/PTPRZ1/RARB/SCAF11/SMAD4/SMARCA4/SOCS3/STAG2/STAT5B/TCF7L2/TFRC/TGFA/THOP1/TRAM2/WNK1/LCP1",103
"C0034013","Precocious Puberty","29/2069","139/21671",0.20863309352518,2.18525266785122,4.55444712674993,4.32862089846988e-05,0.00177729188628881,0.00140741451757041,"FLI1/GLI3/RAB23/CAV1/NR3C1/ELN/C1QL1/CHDH/CREBRF/CYP3A4/DDX3X/DHCR7/DMD/GNAO1/H6PD/IPP/LIMK1/LMNA/NRXN1/NSD1/PCNT/PLAGL1/PNKP/PTEN/PTGS2/SLC25A22/SMAD4/TBL2/TGFA",29
"C0239174","Late tooth eruption","29/2069","139/21671",0.20863309352518,2.18525266785122,4.55444712674993,4.32862089846988e-05,0.00177729188628881,0.00140741451757041,"SETBP1/TRPS1/GJA1/TWIST2/ZEB2/ANTXR1/FLNA/MMP2/CDH11/CTSK/ALG13/ATP6V0A2/CLCN4/CLCN7/CUL7/DMD/DYNC2LI1/EHMT1/IDS/KMT2A/LMNA/MECP2/MID2/OBSL1/PDE4D/PRKAR1A/TRIP11/UBR1/ZNF81",29
"C0013405","Dyspnea, Paroxysmal","8/2069","16/21671",0.5,5.23707104881585,5.50815499353967,4.34115606475701e-05,0.00177729188628881,0.00140741451757041,"TGFBR1/PRKG1/MFAP5/ACTA2/MYLK/MYH11/ELN/TGFB3",8
"C1851712","Dural ectasia","8/2069","16/21671",0.5,5.23707104881585,5.50815499353967,4.34115606475701e-05,0.00177729188628881,0.00140741451757041,"TGFBR1/PRKG1/MFAP5/ACTA2/MYLK/MYH11/ELN/TGFB3",8
"C0013537","Eclampsia","43/2069","241/21671",0.178423236514523,1.86883033277246,4.40648117405138,4.40661215373121e-05,0.0017974081351497,0.00142334431554242,"IGFBP5/ADAM12/AGTR1/PAPPA/SERPINE1/ACKR3/GEM/F2R/CCL2/MMP2/CFH/PRKCB/THBD/MTHFR/ABCA1/ATP6AP2/CUL3/F5/FLT1/FOXP3/HBEGF/HIF3A/HLA-B/HLA-C/HLA-G/IGF2BP2/ILK/INO80B/INTS6/JUNB/LMNA/LPL/PART1/PRKCD/PTGS2/SNCA/SORD/SRY/STAT1/TAP1/TAP2/WNK1/XIAP",43
"C0426790","Narrow thorax","25/2069","112/21671",0.223214285714286,2.33797814679279,4.61214798723535,4.43742645386887e-05,0.00180329806407593,0.00142800847427864,"TPM2/CFL2/ACTG2/KCNJ8/FLNA/CTSK/ATP7A/ABCC9/AGRN/BBS10/CANT1/CASR/CC2D2A/CLCN7/CRTAP/DYNC2LI1/IFT81/IHH/LMNA/NEK1/NEK9/PIGN/TRIP11/UBA1/ZBTB20",25
"C0810364","Cleft Lip with or without Cleft Palate","23/2069","99/21671",0.232323232323232,2.43338654793464,4.64403222266724,4.55200835908004e-05,0.00184306132568193,0.00145949648819575,"EPHA3/CRISPLD2/TGFBR1/TIMP2/GREM1/PDGFC/DHFR/MTHFR/AXIN2/CDH1/BHMT/BHMT2/BRIP1/CLPTM1/CUBN/DNTT/EGFR/GLRB/HLA-B/SLC39A3/TGFA/TGFB3/TPM1",23
"C0333463","Senile Plaques","44/2069","249/21671",0.176706827309237,1.85085241885861,4.38715938398191,4.59139798605504e-05,0.00185220022052836,0.00146673346113229,"HSPB8/CLU/ICAM1/AGTR1/RUNX1T1/DCN/C1R/ACTG2/HSPB6/GAP43/SRPX/CCL2/AEBP1/A2M/BCHE/RTN1/CTSK/ABCA1/ADAM10/BACE1/CETN1/CHRNA4/CTSZ/DSCAM/HOOK1/HOOK2/LPL/LRP1/MAP2/MAPK14/MAPK8/PIK3CD/PIK3R3/PPP1R1A/PSEN2/PTEN/RAB3GAP1/SCARB1/SLC25A1/SNCA/TAOK2/TFDP1/TRPC1/WNK1",44
"C1840077","Anteverted nostril","64/2069","407/21671",0.157248157248157,1.64703954360793,4.28119544436066,4.67728237951929e-05,0.00187996024984109,0.00148871627023885,"FRMD4A/FLI1/GLI3/TCF4/SETBP1/FGFR1/GJA1/GPC6/MITF/ACTG2/TWIST2/MEF2C/KCNJ8/ANTXR1/FAM20C/CDH11/ABCC9/ALG13/ARID2/ARL3/ATP6V0A2/ATRX/CANT1/CC2D2A/CEP290/CUL7/DDX3X/DHCR7/EBF3/EHMT1/GNAO1/HDAC4/HGSNAT/KMT2A/MAP2K2/MYCN/NFIX/NSD1/OBSL1/OCLN/PBX1/PDE4D/PIGN/PNKP/PRKAR1A/PTEN/RAB3GAP1/RAC1/RGR/SCAPER/SCN4A/SLC25A22/SMARCA4/SOX11/SOX4/SUFU/TMEM67/TONSL/TRIP11/TUBGCP4/VAC14/ZNF408/ZNHIT3/CDON",64
"C1861403","Variable expressivity","53/2069","319/21671",0.166144200626959,1.7402179660642,4.32708265908727,4.70071013314624e-05,0.00188250620713962,0.00149073238098054,"HAVCR2/COL4A1/TPM2/VWF/GLI3/PMP22/EGR2/KCNMA1/TUBB6/CAV1/MITF/COL6A2/COL6A1/MPDZ/VEGFC/ERCC1/DHFR/AGRN/ATP6AP2/CANT1/CHRNE/FOXP3/GLE1/GM2A/GTPBP3/HGSNAT/IBA57/LAMA2/LAMB1/LMNA/MBTPS2/MRPL44/NEFL/NFKB1/NIPA1/PBX1/PIGH/PIGN/PNPLA2/POMT1/POMT2/PROC/RHOBTB2/RPS29/SCN4A/SLX4/SPR/SPTAN1/STAT2/SUFU/VPS13D/CD27/CDON",53
"C0221355","Macrocephaly","59/2069","367/21671",0.160762942779292,1.68385390670373,4.29264818545865,4.81312027027289e-05,0.00191992276198933,0.00152036206809002,"COL4A1/FLI1/GLI3/SMARCA1/EML1/AKT3/FGFR1/AP1S2/GJA1/YME1L1/MITF/KCNJ8/MPDZ/ABCC9/ALG13/BRWD3/CC2D2A/CCDC28B/CLCN4/CLCN7/CUL4B/DICER1/DMD/DNMT3A/DYRK1A/EIF2B5/GCDH/HDAC4/HELLS/IDS/IHH/LAMB1/MAP2K2/MCL1/MECP2/MID2/NFIX/NSD1/PAK1/PARVB/PIGM/PIGN/PIK3CD/POMT1/POMT2/PPP2R5D/PTEN/RAC1/RNASET2/SPRED1/SUFU/SUZ12/TCF12/TMEM67/TRIP11/UBE3A/WDFY3/ZBTB20/ZNF81",59
"C1960398","HER2-positive carcinoma of breast","49/2069","288/21671",0.170138888888889,1.78205889855539,4.34071124477267,4.8290075825937e-05,0.00191992276198933,0.00152036206809002,"MMP11/AKT3/FGFR1/SERPINE1/CCL5/GJA1/AXL/MYLK/ALDH1A3/SPARC/MMP2/CTLA4/TYMS/ABCC3/ADAM10/AKT2/CDC37/CLCN3/CUL3/EGFR/EML4/EPOR/ERBB2/ERBB3/FEN1/FOXP3/GSDMB/IL24/INPP4B/LMO4/MAPK8/MCL1/MPZL1/NDUFS7/NPAS2/PAK2/PIK3CD/PIK3R3/PLK1/PRKAA2/PTEN/PTGS2/RAC1/ROR1/SRY/STAT1/STK11/TAP1/YAP1",49
"C0747845","early pregnancy","47/2069","273/21671",0.172161172161172,1.80324058091095,4.33910222748864,5.05431415464464e-05,0.00200018078726253,0.00158391736297008,"HAVCR2/PECAM1/AGTR1/PCSK5/FGFR1/SLIT2/SERPINE1/CCL5/GJA1/ACKR3/PTGIS/DCN/CCL2/SPARCL1/MMP2/PALLD/THBS1/MTRR/DHFR/MTR/MTHFR/ANGPT2/CHDH/CMKLR1/CREBRF/DKK1/DST/EGFR/ERN1/F5/FOXP3/FXR1/HLA-F/IL24/ILK/KDM5B/LGALS9/NCAM1/NCOA2/PARVB/PIK3CD/PML/PRDX2/PRKAR1A/PTGS2/STX2/WDR20",47
"C0575081","Gait abnormality","52/2069","312/21671",0.166666666666667,1.74569034960528,4.31027391720629,5.06719730905516e-05,0.00200018078726253,0.00158391736297008,"PMP22/FGFR1/AP1S2/GJA1/LDB3/CFL2/HTRA1/COL6A1/FLNA/MMP2/MTRR/MTR/MTHFR/ACOX1/ADCY5/ARL3/ATP6AP2/ATP8A2/CC2D2A/DKK1/DYNC1H1/DYRK1A/EIF2B5/EPM2A/FA2H/GCDH/GLRB/HLA-B/IL17RD/JPH3/LAMA2/LAMP2/LMNA/LYST/MECP2/MEFV/MMADHC/MYH3/NIPA1/OPA3/PMS1/POMT1/POMT2/SCN4A/SPG11/SPRY4/THOC2/TMEM67/TONSL/UBA1/VLDLR/ZBTB20",52
"C0409959","Osteoarthritis, Knee","59/2069","368/21671",0.160326086956522,1.67927821673987,4.26983135381669,5.20952491216762e-05,0.00204901778063221,0.00162259074801913,"AOC3/ADAM12/ADAMTS5/AGTR1/CYBB/POSTN/TGFBR1/SERPINE1/DDR2/EFEMP1/TIMP2/LTBP1/CCL2/MGP/THBS4/MMP2/GREM1/LUM/CTSK/STC1/CDH2/ACLY/ADAMTS9/AKNA/ANGPT2/CIRBP/CREB1/CSE1L/DKK1/DOT1L/DYNC1I1/EIF3K/FOXK1/FOXP3/GMDS/GRK5/HFE/HSPD1/KALRN/MAGI1/MAPK8/NFAT5/PCSK6/PIK3CD/PLK2/PRDX2/PRKAR1A/PTGES/PTGS2/SBNO1/SLC14A1/SLC8A1/SOCS3/SREBF2/TACR1/TGFA/TRAF3/WNK1/WWP2",59
"C1836653","Ascending aortic dissection","10/2069","25/21671",0.4,4.18965683905268,5.18423461617432,5.23964198818878e-05,0.00205352943828907,0.00162616347151691,"TGFBR1/SERPINE1/PRKG1/MFAP5/ACTA2/MYLK/MYH11/EFEMP2/ELN/TGFB3",10
"C0409974","Lupus Erythematosus","82/2069","558/21671",0.146953405017921,1.53921084588853,4.19237626290061,5.30037403903284e-05,0.00206996522311591,0.00163917875749858,"VIM/MMP11/VWF/FLI1/ICAM1/CYBB/RUNX1T1/CD38/EGR2/CD2/PTPRC/GEM/C1R/MASP1/MFGE8/VCAM1/CCL2/SDC2/MMP2/CFH/C3/LBH/C1QC/BCHE/PRKCB/CTLA4/MTHFR/ABCA1/ADAM10/C1QL1/CASR/CENPV/CIITA/CPD/CTBP2/CYP2B6/DKK1/DNMT3A/EGFR/ELOF1/ERBB2/ERN1/F5/FCN2/FOXP3/GATA3/HAMP/HIVEP3/HLA-C/HNRNPC/HSPA5/IL21R/IL3RA/JUNB/KDM6B/KLK3/LARP6/LGALS9/MAPK14/MCL1/MECP2/NFKB1/PBX1/PDE8A/PIK3CD/PRDM1/PRKAR1A/PRKCA/PRKCD/PROC/PSME3/PTGS2/PTPN6/SH2D1A/SNCA/STAT1/TGFB3/TIGIT/TP53BP1/WNK1/XPR1/LILRB4",82
"C0003886","Arthrogryposis","37/2069","198/21671",0.186868686868687,1.95728917986047,4.39631590432445,5.35661618827217e-05,0.00208453760005093,0.00165071843480881,"TPM2/IL2RB/SETBP1/KIF26B/SYNE1/CFL2/SDC2/ATP1A2/COL13A1/ERCC1/AGRN/ALG3/CHRNA4/CHRNE/CNTN1/DYNC1H1/ERBB2/ERBB3/FZD3/GFM2/GLE1/IBA57/LGI4/LMNA/MECP2/MYH3/MYO9A/NALCN/NEK9/PIP5K1C/PLAGL1/PSMB8/RAB14/SCN8A/SLC25A1/UBA1/ZNHIT3",37
"C4521042","Complete Trisomy 21 Syndrome","95/2069","669/21671",0.142002989536622,1.48735949069509,4.15998407587229,5.38904272462052e-05,0.00208977209599457,0.00165486356462124,"FYN/CLU/ICAM1/PAPPA/JAK3/TIAM1/IGFBP7/CD38/EDNRA/GJA1/EGR2/ACKR3/GLIS2/EFS/ANGPTL2/SYNM/GAP43/COL6A2/COL6A1/CCL2/FLNA/CFH/A2M/NFATC1/THBS1/BCHE/MTRR/DHFR/MTR/SLC19A1/MTHFR/TYMS/ADRA1A/APH1A/ARNT/BACE1/BHMT/CD6/CHD5/CHDH/CNOT7/CSE1L/CYP2B6/DCAF7/DENR/DICER1/DMD/DNMT3A/DPYSL2/DSCAM/DYRK1A/EGFR/ELK1/ERBB2/FANCB/FLT1/FXR2/GATA4/GSN/HLA-B/HSPD1/IFIT3/INPP5D/KIF21A/KMT2A/LPAR2/MECP2/MED25/MYO9B/NCAM1/NEFL/NFE2L2/NFIC/NFIX/NFKB1/NUFIP2/PAX8/PCNT/PDE9A/PDXK/PGD/PIK3CD/PLSCR4/PLTP/PRDX2/PSEN2/PTGS2/SET/SLC25A1/STAT1/STX17/TAF8/TFAM/UBE3A/WNK1",95
"C2267233","Neonatal Hypotonia","33/2069","169/21671",0.195266272189349,2.04524668178607,4.43182118970088,5.44189620154507e-05,0.00210198382876378,0.00166453387826902,"TPM2/FGFR1/EGR2/COL12A1/CFL2/COL6A2/COL6A1/FLNA/NDN/CCDC88A/ACOX1/AP4E1/CHRNE/CLCN4/CNTN1/DST/EARS2/EBF3/GLS/IRAK1BP1/KAT6A/KCNQ1/LAMA2/LMNA/MECP2/NFIX/NSD1/POMT1/PRKAR1A/SCN4A/SLC25A22/TGFB3/TRIP11",33
"C0022821","Kyphosis deformity of spine","51/2069","305/21671",0.167213114754098,1.75141392452202,4.29365410535597,5.4587067558925e-05,0.00210198382876378,0.00166453387826902,"TPM2/GLI3/SYNE1/IGFBP7/CD38/COL12A1/CFL2/FHL1/MEIS2/COL6A2/COL6A1/NDN/LGALS1/COL1A2/THBS1/ELN/CTSK/ATP7A/APH1A/ARID2/ATP6V0A2/CANT1/CD6/CHPT1/CUL4B/CUL7/DHCR7/DKK1/DMD/FA2H/GLE1/HGD/HLA-B/IDS/KY/LIMK1/LMNA/MBTPS2/MECP2/OBSL1/PRKAR1A/PTEN/RAB3GAP1/SMARCA4/SOX11/SOX4/TBL2/TONSL/UBA1/WIPI2/ZBTB20",51
"C0026948","Mycosis Fungoides","44/2069","251/21671",0.175298804780877,1.8361045908199,4.328597896749,5.5857303366876e-05,0.00214340237623486,0.0016973326917094,"HAVCR2/NKG7/JAK3/FGFR1/CCL5/PTPRC/CTSB/MEF2C/PDPN/MMP2/VEGFC/LGALS1/HLA-DQB1/CTLA4/CADM1/CDO1/CFLAR/CREB1/FOXP3/GATA3/GNAO1/HELLS/HLA-B/HLA-G/ICAM3/INTS1/INTS2/JUNB/LPP/MAPK14/MIB1/NCAM1/PAK1/PART1/PIK3CD/PPP1R1A/PTEN/PTGS2/RHOF/RNF34/SATB1/SOCS3/TNFRSF4/USP14",44
"C0003504","Aortic Valve Insufficiency","60/2069","377/21671",0.159151193633952,1.66697221712971,4.24433155569749,5.61030797108035e-05,0.00214535839185791,0.00169888163524856,"COL3A1/EPHA3/CLU/ICAM1/CYBB/MAP1B/TGFBR1/EDNRA/CCL5/GJA1/EGR2/ACKR3/PRKG1/MFAP5/ACTA2/MYLK/CAV1/MYH11/NR3C1/FLNA/PDPN/TFPI/FSTL1/COL1A2/ELN/AXIN2/ADRA1A/ATP6AP2/DKK1/DST/EGFR/EGR1/EHMT1/ELK1/ERBB2/GREB1/HLA-B/IL17B/JUNB/KLK3/LGR4/LPAR2/MAPK14/MAPK8/MAZ/MCL1/MEFV/MIXL1/NEDD4L/NFKB1/PBK/PIK3CD/PLA2G4A/PLCL1/PLK1/PPP1R1A/PTEN/TGFB3/TMED10/TMTC3",60
"C0026010","Microphthalmos","55/2069","337/21671",0.163204747774481,1.70942971919805,4.26429942156328,5.64028572894531e-05,0.00214935871048009,0.0017020494359611,"COL4A1/TFEC/GLI3/FGFR1/CD38/GJA1/FZD1/CYP1B1/YME1L1/TUBA1A/MITF/ALDH1A3/ZEB2/MEIS1/DES/SERPINF1/DACT1/MAB21L2/MMP2/CTSK/ERCC1/APRT/BRIP1/CC2D2A/CEP290/DYRK1A/E2F4/EGR1/FANCB/FANCC/FANCM/GATA3/MBTPS2/MYO10/PIGN/PNPLA2/POMT1/POMT2/RAB3GAP1/RARB/RBPJ/RREB1/SLX4/SMARCA4/SMCHD1/SOX11/SOX6/SUFU/SYCE1/TENM3/TMEM67/TMX3/TRPC1/TUBGCP4/YAP1",55
"C4552766","Miscarriage","66/2069","426/21671",0.154929577464789,1.62275440949224,4.21747728021476,5.70243002313064e-05,0.00216554696016337,0.0017148687020558,"HAVCR2/MMP11/LAIR1/AGTR1/LAMA4/POSTN/CD84/TGFBR1/AP1S2/CD8A/SLIT2/SERPINE1/PTPRC/CYP1B1/PTGIS/GEM/TIMP2/VCAM1/NR3C1/COL6A1/CCL2/MGP/LGALS1/COL1A2/HLA-DQB1/IGFBP6/COL13A1/THBD/DHFR/CTLA4/SLC19A1/MTHFR/ANGPT2/APRT/ARNT/COL4A6/CPB2/DKK1/DST/EGFR/F5/FGB/FLT1/FOXP3/FXR1/GLS/HLA-C/HLA-G/HSPD1/IL24/KCNQ1/LMNA/MAP2/NCAM1/NFKB1/PGD/PIK3CD/PLAGL1/PROC/PTEN/RNH1/TFRC/THOP1/TINCR/TOX3/USE1",66
"C0339467","Proliferative retinopathy","16/2069","57/21671",0.280701754385965,2.94011006249311,4.76492128910561,5.83205999134925e-05,0.00219852211280505,0.00174098130005112,"VWF/AGTR1/HLA-DOA/JAM3/SERPINE1/CCL5/GJA1/FLNA/AKR1B1/MTHFR/ANGPT2/ID2/LIPG/LPL/TP53BP1/VLDLR",16
"C0021053","Immune System Diseases","69/2069","451/21671",0.152993348115299,1.60247406815208,4.20062050824717,5.84385763080652e-05,0.00219852211280505,0.00174098130005112,"HAVCR2/PECAM1/CD74/FLI1/CYBB/IL2RB/JAK3/PMP22/CCL5/GJA1/PTPRC/GEM/TIMP2/NR3C1/CFH/FSTL1/LGALS1/MSN/THBS1/CTSC/LILRB2/IGSF6/CTLA4/AFF3/CASR/CCL22/CISH/CLEC12A/DDX6/EGFR/ERN1/FOXP3/GATA3/GSDMB/HES1/HLA-C/HSPA5/HSPD1/IRF3/JUNB/KDM6B/LMNA/LPP/MCL1/NFE2L2/NUDT15/NUP85/PDE4A/PIK3CD/PLEKHA1/PRKAR1A/PSD3/PTEN/PTGS2/SATB1/SH2D1A/SMPD1/SNCA/SOCS3/SRF/STAT1/STAT5B/TAP1/TAP2/TIGIT/TRAF3/XIAP/ZMIZ1/SLAMF8",69
"C0856863","Broad-based gait","19/2069","75/21671",0.253333333333333,2.65344933140003,4.66009072369017,5.849150813147e-05,0.00219852211280505,0.00174098130005112,"HSPB8/TCF4/KCNMA1/ITPR1/ACTL6B/CUL4B/DDX3X/DNAJC12/DYNC1H1/DYRK1A/EBF3/KMT2A/LMNA/MECP2/NSD1/SGCB/TOP3A/UBE3A/VLDLR",19
"C0152021","Congenital heart disease","46/2069","267/21671",0.172284644194757,1.8045338445358,4.29746141949561,5.93518472062013e-05,0.00222327174585679,0.0017605802151929,"COL4A1/VWF/SMARCA1/DLC1/ADARB1/RUNX1T1/AKT3/FGFR1/NREP/IGFBP7/AKAP12/ZFPM2/TIMP2/TAGLN/ZEB2/MEF2C/SRPX/MYOCD/FLNA/NFATC1/MTRR/MTR/MTHFR/AXIN2/ADAM9/CFC1/CHD5/CHDH/DSCAM/EGFR/EGR1/FIGN/GALNT1/GATA4/IHH/MAPK14/MIB1/NFKB1/NPHP3/NTRK3/PART1/PBX1/PNN/SLC8A1/SMARCA4/SOCS3",46
"C0011884","Diabetic Retinopathy","92/2069","645/21671",0.142635658914729,1.4939861596622,4.13786023174919,5.95932295699763e-05,0.00222474656696322,0.0017617481070018,"VIM/AOC3/ST8SIA4/PECAM1/CD74/VWF/ICAM1/AGTR1/CYBB/POSTN/AKT3/NID1/SERPINE1/GJA1/TNC/SERPING1/VCAM1/PLXDC1/NR3C1/SPARC/HTRA1/CCL2/SERPINF1/FAM20C/MMP2/VEGFC/CFH/LGALS1/HLA-DQB1/THBS1/C3/PRKCB/AKR1B1/CDH5/EMCN/ITGA4/ERCC1/MTHFR/AFF3/ANGPT2/ATP6AP2/ATP6V0A2/CNKSR3/EGFR/EHMT1/ERBB3/FLT1/GNAT1/HFE/HMGA1/HSPA5/ID2/ITGA2/ITGB3/JUNB/KCNQ1/LIPG/LRP1/LRP6/MAN2A1/MAPK14/MEFV/MYO5C/NFAT5/NFE2L2/NFKB1/OCLN/PIK3CD/PNPLA2/PRKAA2/PRKCA/PRKCD/PTEN/PTGS2/RAC1/RBPMS/RGCC/SIRT5/SLC6A2/SMPD1/SOCS3/SORD/TCF7L2/TRPC1/TUBD1/UBE2I/VLDLR/VPS26A/WNK1/XPR1/YAP1/ZNRF1",92
"C0240912","Vertical Talus","18/2069","69/21671",0.260869565217391,2.73238489503436,4.6825396277854,5.99402568147047e-05,0.00223014205506873,0.0017660207244304,"TPM2/SERPINE1/HSD17B6/FLNA/ERCC1/MTHFR/CPB2/CUL7/F5/GLE1/LGI4/LMNA/MYH3/NALCN/OBSL1/VAC14/ZNF407/ZNF516",18
"C0001973","Alcoholic Intoxication, Chronic","84/2069","577/21671",0.145580589254766,1.52483177851137,4.15133774270494,6.03399952174028e-05,0.00223745578225339,0.00177181237064038,"CHRNA3/FYN/ST8SIA4/PECAM1/VWF/SMARCA1/NLGN4X/NPL/SGCE/NR3C1/MRGPRF/GAP43/MEF2C/FLNA/MPDZ/MMP2/CDH11/HLA-DRA/CDH5/MTHFR/ABLIM1/ADAMTSL1/ADCY1/ADCY5/ALDH1A1/APRT/BHMT/BRAP/CAMK2A/CDH8/CHRNA4/CREB1/CYP2B6/DBI/DCLRE1C/DKK2/DPYSL2/DST/EGFR/EPHA8/GATA4/GM2A/GRK5/GRM2/GSS/HAMP/HLA-B/HTR3A/IRF2BP2/KDM6B/MAPK8/MICB/NAP1L4/NCAM1/NFKB1/NRXN1/NRXN3/OPA3/OPRL1/PARP9/PDE4A/PDLIM5/PER3/PHF3/PIK3CD/PKNOX2/PML/PPP1R16B/PRDM2/PRKAR1A/SCN11A/SLC46A1/SLC6A2/SMPD1/SNCA/STAT5B/STON2/SYN2/TACR1/THOP1/TMEM260/TTC12/WDR20/ZCCHC14",84
"C0026499","Monosomy","39/2069","214/21671",0.182242990654206,1.90883898040952,4.34079064484874,6.0676135278897e-05,0.00224237005982044,0.00177570392365122,"VIM/DERL3/PECAM1/SETBP1/HLA-DOA/PMP22/CSF2RA/GLIS2/EFS/MYH11/TFPI/EDIL3/ATRX/CEBPA/CNKSR3/CREBRF/EGFR/EGR1/ERBB2/EWSR1/FANCB/GATA4/GNA11/HLA-F/HLA-J/HMBS/IL3RA/KMT2A/LRRC17/MECP2/NCAM1/PML/PTEN/SMAD4/SRY/STAT1/STAT5B/TMED10/TNFRSF4",39
"C1333015","Childhood Kidney Wilms Tumor","55/2069","338/21671",0.162721893491124,1.70437223482173,4.24027594830861,6.12294383835435e-05,0.00225525018367212,0.00178590352757493,"VIM/FLI1/RUNX1T1/CD38/SERPINE1/BASP1/EGR2/PTPRC/FZD1/ZFPM2/EFS/RECK/DES/SERPINF1/THBS1/MTHFR/CDH1/ALDH1A1/CD151/DICER1/DKK1/EGFR/EGR1/ERBB2/EWSR1/FEN1/FXR1/INTS2/KCNQ1/KMT2A/MIB1/MYCN/NAP1L4/NCAM1/NEFL/NFE2L2/PAWR/PAX8/PIK3CD/PNPLA2/PRDM2/PRKCA/PTEN/PTGS2/ROR1/SET/SLC38A2/SLC8A1/SMAD4/SRY/STAT1/STK11/TBXA2R/TGFA/WT1-AS",55
"C0038273","Stereotypic Movement Disorder","36/2069","192/21671",0.1875,1.96390164330594,4.35848759844233,6.24115193468819e-05,0.00229112687522403,0.00181431381680322,"LAIR1/TCF4/TUSC3/NLGN4X/MITF/MEF2C/IGHD/AP4E1/AP4S1/ARID2/ATRX/CC2D1A/DDX3X/EBF3/EHMT1/HDAC4/HGSNAT/IRF2BPL/KDM5B/KMT2A/LMAN2L/MECP2/MED23/MED25/MEFV/NACC1/NRXN1/RAB11B/RAC1/SCN8A/SNCA/SOX5/STX2/THOC2/TRAPPC6B/BMS1P20",36
"C0343401","MRSA - Methicillin resistant Staphylococcus aureus infection","40/2069","222/21671",0.18018018018018,1.88723281038409,4.31688088176804,6.39140776382084e-05,0.00233849082069631,0.00185182071422471,"SORBS1/EPHA3/ST8SIA4/VWF/TGFBR1/EDNRA/RECK/TWIST2/CCL2/MMP2/TFPI/CTSC/DHFR/TYMS/APRT/BRD3/CDC42/CHPT1/DLGAP4/ERN1/FARSA/FER/HSPD1/IL17B/MAU2/NFKB1/NUCB1/OSBP2/PAPOLA/PARP9/PDAP1/PGP/PRKCD/RARB/RHOF/RNF34/SCAF11/SERPINB6/SLC6A2/TUSC2",40
"C4551915","Gait Disturbance, CTCAE","50/2069","299/21671",0.167224080267559,1.75152877886818,4.25126459563793,6.41469228449893e-05,0.00233923861354923,0.00185241288173836,"PMP22/FGFR1/AP1S2/GJA1/LDB3/CFL2/HTRA1/FLNA/MMP2/MTRR/MTR/MTHFR/ACOX1/ADCY5/ARL3/ATP6AP2/ATP8A2/CC2D2A/DKK1/DYNC1H1/DYRK1A/EIF2B5/EPM2A/GCDH/GLRB/HLA-B/IL17RD/JPH3/LAMA2/LAMP2/LMNA/LYST/MECP2/MEFV/MMADHC/MYH3/NIPA1/OPA3/PMS1/POMT1/POMT2/SCN4A/SPG11/SPRY4/THOC2/TMEM67/TONSL/UBA1/VLDLR/ZBTB20",50
"C0008073","Developmental Disabilities","57/2069","355/21671",0.16056338028169,1.6817636607465,4.2077960163603,6.63732266617739e-05,0.00241243678292448,0.00191037756780544,"GLI3/TCF4/RAB23/SETBP1/AKT3/PMP22/EDNRA/GJA1/ACKR3/FZD1/KCNMA1/ITPR1/MASP1/ZEB2/MEIS1/CPXM2/NDN/ELN/MTHFR/ADAM10/ADRA1A/ATP2A2/ATRX/CDC42/CHRNA4/DENR/DHCR7/DNMT3A/DYRK1A/EGFR/EHMT1/KCNQ1/KDM5B/KMT2A/LPAR2/MAP2K2/MECP2/NRXN1/NUFIP2/PART1/PDE4D/PIK3CD/PLAGL1/PNKP/POLR3K/PTEN/PTGS2/PTPRG/RAC1/SET/SMAD4/SMCHD1/SOX11/TBX3/UBE3A/ZBTB20/ZMYND11",57
"C0023827","liposarcoma","37/2069","200/21671",0.185,1.93771628806187,4.32832467177161,6.67959341321324e-05,0.00241981454801702,0.00191621992480858,"VIM/IGFBP5/CRISPLD2/FGFR1/CD38/WWTR1/CAV2/DDR2/MYOCD/MMP2/A2M/STC1/ATP2A2/CD6/CDK19/CENPV/CPM/DYRK1B/E2F4/EGFR/EML4/EWSR1/HBEGF/HMBS/HMGA1/IGF2BP2/LPP/MAPK14/MAZ/MBTPS2/OSBP/PAX8/PIK3CD/PLK1/PML/PNPLA2/PTEN",37
"C0013421","Dystonia","69/2069","453/21671",0.152317880794702,1.59539912745384,4.16068254476249,6.71780103433525e-05,0.00241999145139051,0.00191636001230798,"ATXN1/TUSC3/AP1S2/SGCE/ATP2B4/HLA-DQB1/ATP1A2/MYO5A/ATP7B/ACOX1/ADCY5/AP4E1/AP4S1/ATXN3/CACNA1G/CC2D1A/CHRNA4/COX20/DBT/DDC/DNAJC12/DNTT/DST/EARS2/EIF2B5/FA2H/GCDH/GFM2/GIGYF2/GLUD2/GM2A/GNAL/GNAO1/GSN/HLA-B/HSPA5/IRF2BPL/JPH3/KAT6A/KDM5B/LMAN2L/MECP2/MED23/MED25/MMADHC/MR1/MRPS34/NDUFAF3/NDUFS7/NHLRC2/PLEKHG2/PNKP/PTEN/RAB11B/RARB/RHOBTB2/SAR1A/SCN8A/SLC25A22/SLC46A1/SNCA/SPR/TFDP1/TRAF3/TTBK2/UBQLN2/VAC14/VPS13D/ZNF292",69
"C0406810","Carney Complex","20/2069","82/21671",0.24390243902439,2.55466880430042,4.58234787101097,6.75345327020358e-05,0.00241999145139051,0.00191636001230798,"TRAC/EDNRA/ACKR3/CAV1/NR3C1/ADO/ADRA1A/APRT/CASR/CETN1/CYP2B6/CYP3A4/DICER1/GNA11/LPAR2/PRKAR1A/PTEN/SLC8A1/SMARCA4/STK11",20
"C3887461","Head and Neck Carcinoma","108/2069","786/21671",0.137404580152672,1.43919509738451,4.07484435967927,6.77205747705126e-05,0.00241999145139051,0.00191636001230798,"CHRNA3/HAVCR2/IGFBP5/CYGB/EPHA3/ADAM12/PDE5A/PECAM1/CYBB/POSTN/TGFBR1/FGFR1/IGFBP7/SERPINE1/ACKR3/PTPRC/CYP1B1/PKD2/CTSB/PTGIS/AXL/TNC/DCLK1/TIMP2/ZEB2/HOPX/MYL9/SPARC/CCL2/PDPN/MMP2/TFPI/LGALS1/COL1A2/NFATC1/PDLIM7/CDH11/CDH19/RASSF2/RORA/ATP7B/ERCC1/DHFR/CTLA4/MTHFR/AXIN2/CDH1/TYMS/ALDH1A1/APRT/BCL2L11/CD151/CISH/CYP2B6/DCDC2/DICER1/DOK1/EGFR/EGR1/ERBB2/ERBB3/ESM1/HDAC4/HLA-C/HOOK2/HSPA5/HSPD1/IGF2BP2/ING1/ITGB1/JUNB/KDM5B/KLK3/KMT2A/LRIG1/MAPK14/MAPK6/MAPK8/MCL1/NEFL/NFE2L2/PAK2/PART1/PAWR/PIK3CD/PKN2/PPP1R1A/PTEN/PTGES/PTGS2/RAC1/RAD52/RARB/SHQ1/SLC6A2/SMAD4/SOCS3/SOX11/STAT1/STAT5B/STK11/TCF12/TFRC/TGFA/TNFRSF4/XIAP/YAP1/ZNF654",108
"C1292769","Precursor B-cell lymphoblastic leukemia","72/2069","478/21671",0.150627615062762,1.57769504399473,4.14930997010036,6.77394302147453e-05,0.00241999145139051,0.00191636001230798,"LAIR1/GAS7/ICAM1/JAK3/FGFR1/IGFBP7/IGHM/EBF1/CD38/SERPINE1/CSF2RA/PTPRC/CSRP2/AXL/NR3C1/F2R/HOXB2/PBX3/HLA-DQB1/C3/ELN/LCP2/DHFR/SLC19A1/MTHFR/AFF3/AFF4/BCL2L11/CASR/CD47/CD6/CEBPA/DCLRE1C/DNMT3A/EGR4/EPOR/ETV7/FCN2/FLT3LG/FZR1/GATA3/GOPC/HDAC4/HLA-C/HOXB8/IL3RA/INPP5D/KMT2A/LMNA/MEF2D/MYCN/NCAM1/PBX1/PCM1/PEG10/PIK3CD/PLA2G4A/PLEKHG2/PLK1/PRKAR1A/PTEN/RASSF6/ROR1/SET/SSBP2/STAT5B/TACR1/TCF3/TERF2IP/TFRC/LAPTM5/CD27",72
"C0085110","Severe Combined Immunodeficiency","48/2069","284/21671",0.169014084507042,1.77027753762789,4.24512983339538,6.7946738591625e-05,0.00241999145139051,0.00191636001230798,"VIM/DOCK2/EPHA3/PECAM1/PAPPA/CYBB/IL2RB/JAK3/TGFBR1/CD38/CD3D/PTPRC/ANGPTL2/SPARC/PDPN/LGALS1/PDLIM7/DHFR/CTLA4/ADO/AK2/DCLRE1C/DMD/ERBB2/FOXP3/HIF3A/HLA-B/HLA-C/IL21R/ITGB3/KLK3/KLK6/LMNA/NCAM1/PAPOLA/PDAP1/PIK3CD/PTEN/PTGS2/SLC46A1/SOX1/SP110/STAT1/STAT5B/TAPBP/TFRC/TUSC2/WDTC1",48
"C0271650","Impaired glucose tolerance","86/2069","596/21671",0.144295302013423,1.51136949730927,4.11276283153227,6.81192545111286e-05,0.00241999145139051,0.00191636001230798,"OGN/IGFBP5/CLU/APOC1/ICAM1/GLI3/AGTR1/MAP4K4/EDNRA/SERPINE1/CCL5/CYP1B1/MYLK/DCN/CAV1/VCAM1/NR3C1/CCL2/SERPINF1/HLA-DQB1/THBS1/CDH11/C3/ELN/LUM/PRKCB/CD300LF/CES2/ABCA1/ACVR2B/AKT2/ANGPT2/APRT/ARNT/BACE1/CASR/CD6/CISH/CUL4B/DNMT3A/DYNC1H1/EGFR/EHMT1/ERN1/HAMP/HFE/HLA-B/HSPD1/IGF2BP2/KLF10/KLF9/LMNA/LPL/LPP/LRP6/MAPK14/MAPK8/METRN/METTL14/NCAM1/NSD1/NUCKS1/PAK1/PCNT/PCSK9/PGP/PIK3CD/PLIN5/PRKAA2/PRKCA/PSEN2/RAC1/RPS6KB1/SERPINB1/SLC11A2/SLC2A2/SLC46A1/SMARCA4/SOCS3/SREBF2/TCF7L2/TERF2IP/USP14/VLDLR/WNK1/HLA-DMB",86
"C0087031","Juvenile-Onset Still Disease","33/2069","171/21671",0.192982456140351,2.02132566796401,4.35614753922126,6.92644380324524e-05,0.00245237204991001,0.00194200179056373,"SLC11A1/CLU/IL2RB/CALD1/GNG11/PGM5/JAZF1/TFPI/MSN/THBS1/PRICKLE2/CTLA4/AVL9/EGR1/ELF2/ERBB2/FAXDC2/FCHSD2/FOSL2/HBEGF/HLA-B/KMT2A/LILRA5/LPP/MAP2/PLK2/STAB1/STAT1/TAPBP/TCF7L2/TFDP1/TTLL5/ZFP36L1",33
"C0751690","Malignant Peripheral Nerve Sheath Tumor","45/2069","261/21671",0.172413793103448,1.80588656855719,4.25544857037431,6.96987607029721e-05,0.00245237204991001,0.00194200179056373,"HAVCR2/PMP22/CD38/TNC/DCN/RECK/PDGFRL/TAGLN/MEIS1/HTRA1/SERPINF1/LGALS1/IGFBP6/CTLA4/RRM2/ABCC3/ATRX/COIL/DDX5/EGFR/ERBB2/EWSR1/EZH1/HMGA1/ITGB8/KPNB1/LIMK1/MAPK8/MCL1/MSI2/MVD/MYCN/NCAM1/PAK1/PAX8/PIK3CD/PLK1/PRKAR1A/PTEN/RAC1/SH3PXD2A/STAT1/SUZ12/TGFA/YAP1",45
"C0856975","Autistic behavior","45/2069","261/21671",0.172413793103448,1.80588656855719,4.25544857037431,6.96987607029721e-05,0.00245237204991001,0.00194200179056373,"TCF4/TUSC3/NLGN4X/AP1S2/MEF2C/MEIS2/RORA/ALG13/CC2D1A/CC2D2A/CEP290/CLCN4/DDX3X/DMD/DNMT3A/EBF3/GNAO1/HOOK2/KDM5B/KDM6B/LMAN2L/MECP2/MED13/MED23/MED25/MEFV/MID2/NRXN1/NUFIP2/PIGG/PNKP/POMT1/POU3F3/PRRG4/PTEN/SLC25A1/SLC25A22/SRY/STAG2/TFRC/THOC2/VAMP2/ZBTB20/ZMIZ1/ZNF81",45
"C0149940","Sciatic Neuropathy","25/2069","115/21671",0.217391304347826,2.27698741252863,4.46078156877817,7.04000690356782e-05,0.0024613205088569,0.00194908795976807,"ICAM1/PCSK5/PMP22/FGFR1/JAM3/SERPINE1/CCL5/AKAP12/CAV1/RGMA/KCNJ8/CCL2/C3/ABCC9/CACNA1I/CREB1/GFRA3/HRH3/LAMP2/LRP1/MAP2/NEFL/OPRL1/RANBP1/RARB",25
"C1963943","Atherothrombosis","25/2069","115/21671",0.217391304347826,2.27698741252863,4.46078156877817,7.04000690356782e-05,0.0024613205088569,0.00194908795976807,"VWF/CYBB/EDNRA/SERPINE1/ACKR3/VCAM1/F2R/SERPINF1/CALU/CFH/TFPI/THBD/MTR/MTHFR/ABCA1/ADRA1A/CPB2/F5/ITGA2/LIPG/LPAR2/PRKAA2/PROC/PTGS2/TBXA2R",25
"C0343641","Human papilloma virus infection","66/2069","429/21671",0.153846153846154,1.61140647655872,4.15547321436418,7.07230983179986e-05,0.00246478949929152,0.00195183500854303,"VIM/MMP11/PECAM1/FGFR1/TIAM1/CCL5/PEG3/CYP1B1/CTSB/GEM/TNC/CAV1/MFGE8/HSPB6/SPARC/HOXB2/CCL2/MGP/MMP2/PDLIM7/HLA-DQB1/THBS1/MTHFR/CDH1/TYMS/CCL22/CFLAR/CLCN3/CXCL9/EGFR/ERBB2/ERBB3/FOSL2/FOXP3/GNAO1/HLA-C/HLA-G/HSPD1/INTS2/JUNB/MAGI2-AS3/MCL1/MIB1/NFKB1/PAPOLA/PDAP1/PIK3CD/PML/POLI/PSMB8/PSMB9/PTEN/PTGS2/PTPN6/RBM25/RNPS1/SOS2/STK11/TAP1/TAP2/TFRC/TUSC2/WNK1/WT1-AS/YAP1/ZNF516",66
"C0872084","Sarcopenia","32/2069","164/21671",0.195121951219512,2.04373504344033,4.35894892398272,7.10984170039965e-05,0.00247005320651424,0.00195600327039054,"SORBS1/CLU/DKK3/CD38/FZD1/CAV1/ANGPTL2/MFGE8/NR3C1/FAM20C/FBXO32/BCHE/MTHFR/ACLY/ATP6AP2/CD6/CMAS/DKK1/DMD/EGFR/EIF2B5/EIF3K/HFE/ILK/LMNA/NCAM1/NFE2L2/PIK3CD/PRKAA2/SERPINB6/WNK1/ZMYM2",32
"C0162872","Aortic Aneurysm, Thoracic","13/2069","41/21671",0.317073170731707,3.32106944559054,4.83293897956115,7.16994298960793e-05,0.00248310006743875,0.0019663349112513,"SERPINE1/PRKG1/MFAP5/ACTA2/MYLK/MYH11/FLNA/MMP2/THBS1/ELN/PRKCB/ADAM10/SMAD4",13
"C0036202","Sarcoidosis","64/2069","413/21671",0.154963680387409,1.62311160834971,4.15373872200136,7.28328730155327e-05,0.0025144464906585,0.00199115773942811,"VIM/SLC11A1/HAVCR2/COL3A1/ST8SIA4/AGTR1/CYBB/POSTN/RAB23/HLA-DOA/FGFR1/CCL5/IGKC/TNC/TIMP2/RECK/NR3C1/F2R/LMOD1/CCL2/MMP2/MCAM/LGALS1/COL1A2/GREM1/HLA-DQB1/HLA-DRA/RTN1/ADAM9/APEH/ATP8A2/CCL22/CDH4/CIITA/CXCL9/EGR1/FLT1/FOXP3/GNAO1/HFE/HLA-B/HLA-C/HLA-G/KALRN/MEFV/NCAM1/ORM1/PARP9/PIK3CD/PIK3R3/PSMB8/PSMB9/PTGS2/PTPN23/RREB1/SNCA/STAT1/TACR1/TAP1/TAP2/TGFB3/XIAP/HLA-DMB/HLA-DPA1",64
"C0017601","Glaucoma","106/2069","770/21671",0.137662337662338,1.44189488616748,4.05639570530922,7.31684478893652e-05,0.00251813786439243,0.00199408089066905,"COL3A1/COL4A1/OGN/CYGB/CLU/VWF/AGTR1/LAMA4/CYBB/POSTN/TGFBR1/RUNX1T1/EDNRA/GJA1/CYP1B1/CACNA2D1/WWTR1/CAV2/DCLK1/MYLK/CHRDL1/CAV1/MASP1/COL8A2/NR3C1/DOK5/CRYAB/ANTXR1/SPARC/SRPX/CCL2/MGP/SERPINF1/MMP2/THBS1/C3/LOXL1/ELN/BCHE/ITGA4/MTHFR/ABCA1/ADAMTSL1/ALDH1A1/ANGPT2/APRT/ARHGEF12/ARID2/ARL3/CANT1/CCDC28B/CD47/CISH/COCH/CREB1/CYP2B6/DENR/DHCR7/EPOR/FOXD3/FOXP3/GLCCI1/GSN/HGSNAT/HSPD1/HYAL3/IL17B/KMT2A/LGALS9/LGR4/LIMK1/MAPK8/MTNR1A/NEFL/NFATC3/NFE2L2/NFKB1/NRG2/PART1/PBX1/PCNT/PIK3CD/PLA2G4A/POMT1/POMT2/PRDX2/PTEN/RGR/RREB1/SCAPER/SH2D1A/SLC6A2/SMAD4/SNCA/SUFU/TAF8/TAP1/TAP2/TBL2/TFRC/TMEM182/WNK1/WNK2/XPR1/YAP1/ZNF408",106
"C0079924","Oligohydramnios","27/2069","129/21671",0.209302325581395,2.19226229950431,4.41248421009523,7.38234746723412e-05,0.00253276612637537,0.0020056648226278,"GLI3/AGTR1/BNC2/PDPN/ATRX/BRIP1/CC2D2A/CEP290/COQ7/DHCR7/EBF3/FANCB/FANCC/FANCM/FARSB/GCDH/MBTPS2/MYH3/NALCN/NEK9/NPHP3/PBX1/PLAGL1/POMT1/SLX4/TMEM67/TXNDC15",27
"C0752156","Dural Arteriovenous Fistula","8/2069","17/21671",0.470588235294118,4.92900804594433,5.26499327996648,7.51302490793389e-05,0.0025576037658053,0.00202533342888519,"CD38/SERPINE1/MMP2/TSPAN2/COIL/F5/NFE2L2/PTEN",8
"C0080178","Spina Bifida","34/2069","179/21671",0.189944134078212,1.9895018509468,4.31881120071564,7.54358287326593e-05,0.0025576037658053,0.00202533342888519,"FLI1/CD38/GPR161/TIMP2/CCL2/MMP2/PRKCB/PRICKLE2/CCDC88A/ABCC2/MTRR/DHFR/MTR/SLC19A1/MTHFR/TYMS/ALDH1L1/BHMT/BHMT2/BRIP1/CUBN/FANCB/FANCC/FANCM/FKBP8/FZD3/JUNB/LRP6/PCSK9/PRKCA/SLC25A1/SLX4/SUFU/SUZ12",34
"C0022679","Cystic kidney","21/2069","89/21671",0.235955056179775,2.47142678708164,4.51905186583257,7.54716026534129e-05,0.0025576037658053,0.00202533342888519,"PRKD1/SLIT2/GLIS2/PKD2/CPQ/TNS1/PDE1A/CYS1/BBS10/CC2D2A/CEP290/DNAAF1/DNM2/GLS/ILK/NPHP3/PDE4A/POMT2/STAT1/TMEM67/YAP1",21
"C0027947","Neutropenia","61/2069","389/21671",0.15681233933162,1.64247472482142,4.15416877335336,7.54763664656972e-05,0.0025576037658053,0.00202533342888519,"ICAM1/DKK3/IGHM/CYP1B1/YME1L1/GEM/BOC/CCL2/MMP2/WIPF1/MSN/HLA-DQB1/C3/BCHE/ABCC2/ERCC1/DHFR/MTR/CTLA4/UMPS/MTHFR/TYMS/ATRX/CASR/CDC42/CHPT1/CIITA/CREBZF/CYP2B6/CYP3A4/DNM2/EGFR/ELAVL1/ERBB2/FANCC/FLT3LG/GSS/HLA-B/IRF2BP2/KAT6A/LYST/MCL1/MCPH1/NCAM1/NUDT15/PARP9/PIK3CD/PLK1/PML/PRKAR1A/SEC61A1/SERPINB1/SLC46A1/SOCS3/STAT2/STAT5B/TCF3/TFRC/TMTC3/TNFRSF4/ZRSR2",61
"C1565489","Renal Insufficiency","88/2069","615/21671",0.143089430894309,1.49873903185624,4.07645345950832,7.63147798463726e-05,0.0025780818111905,0.00204154972885759,"COL4A1/CLU/PECAM1/VWF/ICAM1/AGTR1/TCF4/DKK3/EDNRA/SERPINE1/CSF2RA/ACKR3/CAV1/C1R/MASP1/CCL2/PLEKHO1/SERPINF1/DACT1/SDC2/MMP2/CFH/C3/ELN/LAMB2/PRKCB/AKR1B1/THBD/CTLA4/MTHFR/ADRA1A/ANGPT2/APRT/BBS10/BRIP1/C1QL1/CASR/CC2D2A/CD2AP/CDH4/CEP290/CMKLR1/CPM/CYP3A4/DENR/DNTT/DYNC2LI1/EHMT1/FABP1/FANCB/FANCC/FANCM/GATA3/GSN/HAMP/HLA-B/HMBS/KCNQ1/KMT2A/LIMK1/LPAR2/MEFV/MSLN/MTNR1A/NEDD4L/NFE2L2/NFKB1/NPHP3/OCLN/PBK/PBX1/PCSK9/PEA15/PML/PRKAA2/PRKCD/PTGS2/SLC22A8/SLC2A2/SLX4/SRY/STX2/TBL2/TGFB3/TMEM260/TMEM67/UFL1/HLA-DPA1",88
"C0038013","Ankylosing spondylitis","99/2069","710/21671",0.13943661971831,1.46047896854301,4.05314819756819,7.70733993905541e-05,0.00259574724002499,0.00205553875406644,"VIM/HAVCR2/PDLIM3/RDX/ST8SIA4/CD74/PAPPA/POSTN/IL2RB/OSMR/JAK3/HLA-DOA/ITGA1/TRAC/DKK3/CD38/GJA1/CYP1B1/PTGIS/GEM/TNC/ACTA2/CPQ/NR3C1/SPARC/CCL2/MMP2/VEGFC/FNBP1/JAZF1/CFH/MCAM/NFATC1/PDLIM7/HLA-DQB1/C3/IL10RA/PRKCB/EDIL3/CTLA4/MTHFR/BRWD1/CD6/CDC37/CISH/DKK1/DMD/DNMT3A/EGFR/ERN1/FOXP3/GATA3/HIPK1/HLA-B/HLA-C/HSPA5/HSPD1/IFIT3/ITGB1/JMY/LINC00598/LRP6/LSS/MAPK14/MEFV/NFKB1/PIK3CD/PIK3R3/PPM1A/PPP1R1A/PPP2R3C/PRDM1/PROC/PSMB8/PSMB9/PTEN/PTGS2/RARB/RAVER1/RPS6KB1/SBNO2/SMAD4/SNCA/SOCS3/SPAG9/STAT5B/STK11/TAP1/TAP2/TAPBP/TCF3/TGFA/TRAF4/USP34/WNK1/ZMIZ1/HLA-DMB/ADGRL2/HLA-DPA1",99
"C0033377","Ptosis","87/2069","607/21671",0.14332784184514,1.50123618203288,4.0693574931716,7.88228139414492e-05,0.00264657210346701,0.00209578630778211,"COL3A1/TPM2/FLI1/GLI3/MAF/SETBP1/FGFR1/SYNE1/CALD1/TUBB6/DCN/CFL2/FHL1/MASP1/MITF/ZEB2/FLNA/EFEMP2/ELN/COL13A1/ACSL3/ACTL6B/AGRN/ARID2/ARL3/ATRX/ATXN3/BRIP1/CC2D2A/CDC42/CEP290/CHRNE/COX20/DDC/DHCR7/DNM2/EARS2/EIF3K/FANCB/FANCC/FANCM/GLE1/GRIN2D/IDS/IL17RD/KAT6A/KDM5B/KIF21A/KMT2A/LGI4/LMNA/MAP2K2/MARK3/MECP2/MED25/MEFV/MRAS/MRPS34/MTMR14/MYH3/MYO9A/NALCN/NDUFAF3/NDUFS7/PTEN/RAB3GAP1/RREB1/SCN4A/SCN8A/SLC25A1/SLX4/SMAD4/SMARCA4/SOS2/SOX11/SOX4/SPR/SPRED1/SPRY4/TENM3/TMEM67/TOP3A/TRAK1/UBA1/YAP1/ZBTB20/ZMYND11",87
"C0003486","Aortic Aneurysm","47/2069","278/21671",0.169064748201439,1.77080819636219,4.20235159133212,7.98434491457316e-05,0.00267269272170803,0.00211647088840949,"VIM/COL3A1/AOC3/ADAMTS5/PECAM1/AGTR1/MAP1B/TGFBR1/CD38/SERPINE1/TNC/ACTA2/MYLK/ANGPTL2/MYH11/TAGLN/CCL2/FLNA/PDPN/MMP2/THBS1/LOXL1/EFEMP2/ELN/CDH5/CTSK/ATP7A/TYMS/ANGPT2/BICD1/CHDH/DNMT3A/EGR1/ERBB2/HBEGF/HGD/HSPD1/MAPK14/MAPK8/MYH3/NEDD4L/NFKB1/PTEN/PTGS2/SMAD4/TGFB3/TMTC3",47
"C0042580","Vesico-Ureteral Reflux","35/2069","187/21671",0.18716577540107,1.96040092736422,4.28524158463243,8.13506079893516e-05,0.00271489165389918,0.00214988767844267,"COL4A1/AGTR1/TRPS1/SLIT2/CCL5/GJA1/BNC2/ACTG2/CCL2/FLNA/DACT1/EFEMP2/ELN/AFF4/ANGPT2/ATRX/DDX3X/EBF3/EHMT1/FARSB/GATA3/IL17B/KCNQ1/KMT2A/LIMK1/MBTPS2/MCPH1/MEFV/NSD1/PART1/PBX1/PIGN/RARB/RREB1/TBL2",35
"C0302142","Deformity","56/2069","350/21671",0.16,1.67586273562107,4.14141018753135,8.43416885115275e-05,0.00280620850627629,0.00222220031584673,"PDLIM3/COL3A1/GJC1/PECAM1/LIPA/CRISPLD2/GLI3/EML1/AKT3/FGFR1/TRPS1/AKAP12/KCNMA1/ITPR1/MASP1/MEF2C/FLNA/PDPN/GREM1/ADAMTS1/THBD/EDIL3/MTRR/MTR/SLC19A1/MTHFR/AXIN2/ACVR2B/ANGPT2/CDH7/CFC1/CHDH/COL4A6/CREB1/CSE1L/DHCR7/DNTT/EGFR/GATA4/IHH/INPP4A/LAMB1/MECP2/NFE2L2/NPHP3/PIK3CD/PTEN/RAB3GAP1/RAC1/RARB/SMCHD1/TGFA/TP53BP1/TRAF4/VLDLR/YAP1",56
"C0948089","Acute Coronary Syndrome","67/2069","440/21671",0.152272727272727,1.59492618304846,4.09603542987388,8.58176249973883e-05,0.00284473906321483,0.00225271216683966,"VIM/CLU/PECAM1/VWF/ICAM1/AGTR1/PAPPA/SERPINE1/CTSB/GEM/TIMP2/ANGPTL2/VCAM1/NR3C1/F2R/CCL2/SERPINF1/MMP2/TFPI/FSTL1/GREM1/THBD/MTHFR/ABCC11/ADAM10/ANGPT2/CAPZB/CIITA/CPB2/CUBN/CYP2B6/CYP3A4/DKK1/ECHDC3/EGFR/EGR1/EHMT1/FGB/FLT1/FOXD3/FOXP3/GLCCI1/GLS/GSN/HAMP/HLA-B/HSPD1/ITGB3/KIF6/LIPG/LRP1/MAPK14/MAPK8/MAZ/MRAS/NFKB1/PCSK9/PLA2G4A/PTGS2/SCARB1/SH2D1A/SREBF2/STAT5B/TERF2IP/TNFRSF4/TP53BP1/WDTC1",67
"C0013720","Ehlers-Danlos Syndrome","19/2069","77/21671",0.246753246753247,2.58452856954549,4.52520644185556,8.601635413153e-05,0.00284473906321483,0.00225271216683966,"COL3A1/COL4A1/VWF/TGFBR1/COL12A1/ACTA2/TIMP2/DCN/C1R/ZEB2/FLNA/AEBP1/COL1A2/ELN/ADAMTS2/ATP7A/ATP6V0A2/PDE4A/PTGS2",19
"C1866231","Full cheeks","23/2069","103/21671",0.223300970873786,2.33888609947116,4.42503608043799,8.75680545593805e-05,0.00288738618222293,0.00228648387023154,"TCF4/FLNA/EFEMP2/ELN/CCDC88A/ATP7A/CC2D2A/CEP290/GATA4/KDM6B/KIDINS220/LMNA/MAP2K2/MECP2/NALCN/NEK9/PCNT/PIGN/SCN8A/SOX11/STAG2/TMEM67/ZNHIT3",23
"C0004610","Bacteremia","41/2069","233/21671",0.175965665236052,1.8430893819867,4.20357650078272,9.02011559989359e-05,0.00296532934631726,0.00234820605640592,"VIM/SORBS1/VWF/ATXN1/SERPINE1/CCL5/SERPING1/CCL2/KCNMB1/CFH/THBS1/C3/HLA-DRA/ABCC2/ANGPT2/APRT/BRAP/CHPT1/CISH/CPB2/CXCL9/FOXD3/HAMP/IL12RB1/MAP2/OCLN/PAPOLA/PCSK9/PDAP1/PLA2G4A/PTGS2/PTPRG/RARB/SERPINB6/SET/SLC25A1/SUFU/TIRAP/TUSC2/XRN1/CDON",41
"C0007789","Cerebral Palsy","42/2069","241/21671",0.174273858921162,1.82536916224287,4.18605743593237,9.33316956881686e-05,0.00304475427820727,0.0024111016353828,"PDLIM3/COL4A1/IGFBP7/SERPINE1/TUBA1A/MMP2/CTLA4/MTHFR/ACSM2A/ADCY5/AP4E1/AP4S1/APH1A/ATG7/ATP8A2/CYP3A4/DDC/DMD/EIF3K/F5/GMDS/IRF2BPL/ITGA2/ITGB3/MECP2/MLEC/OCLN/PAX8/PIK3CD/PROC/PTGS2/RBM33/SCN4A/SCN8A/SPAG9/SPR/TGFA/TOMM40/VLDLR/WIPI2/XIAP/ZNF292",42
"C1511789","Desmoplastic","25/2069","117/21671",0.213675213675214,2.23806455077601,4.36246332502914,9.46294669938669e-05,0.00304475427820727,0.0024111016353828,"ADAM12/PECAM1/POSTN/ETV1/MFAP5/TIMP2/DCN/CAV1/GBP1/MMP2/COL1A2/GREM1/PALLD/ELN/CD6/DMD/ERBB2/EWSR1/FOXP3/GATA3/MIB1/MYCN/SMARCA4/TGFA/YAP1",25
"C0399526","Class III malocclusion","34/2069","181/21671",0.187845303867403,1.96751840507999,4.24658502163903,9.47870286897034e-05,0.00304475427820727,0.0024111016353828,"FGFR1/AP1S2/GJA1/CAV1/TWIST2/ANTXR1/ADAMTS1/CDH11/LAMB2/ADAMTSL1/ATRX/CACNA1G/CHRNE/CLCN4/CUL4B/CUL7/DNMT3A/EHMT1/IHH/KDM6B/MYH3/NFIX/NRXN1/NSD1/PDE4D/PRKAR1A/PTEN/RUSC2/SLC6A17/SMAD4/STAG2/SUFU/TONSL/UBE3A",34
"C2717836","Steroid Sulfatase Deficiency Disease","34/2069","181/21671",0.187845303867403,1.96751840507999,4.24658502163903,9.47870286897034e-05,0.00304475427820727,0.0024111016353828,"VIM/PECAM1/FGFR1/CD8A/SERPINE1/STOM/TIMP2/MITF/CCL2/MMP2/VEGFC/CFH/LGALS1/PRIMA1/PRKCB/THBD/ERCC1/TYMS/CD47/CFLAR/CSPG4/DHCR7/DMD/EGFR/ERBB2/EWSR1/FOXP3/HIF3A/LAMB1/MAPK8/MIB1/PIK3CD/PLAGL1/PTEN",34
"C4021792","Abnormality of the clavicle","13/2069","42/21671",0.30952380952381,3.24199636355267,4.72498938627083,9.48251472438403e-05,0.00304475427820727,0.0024111016353828,"GLI3/SETBP1/FGFR1/GJA1/ANTXR1/CTSK/ARID2/DYNC2LI1/SMARCA4/SOX11/SOX4/SUFU/TBX3",13
"C0027726","Nephrotic Syndrome","60/2069","384/21671",0.15625,1.63658470275495,4.08906570357318,9.5355515075407e-05,0.00304475427820727,0.0024111016353828,"COL4A1/PDE5A/CLU/AGTR1/MAF/EDNRA/SERPINE1/CD2/ZFPM2/CTSB/STOM/C1S/C1R/KANK2/NR3C1/CCL2/MGP/CFH/TFPI/A2M/HLA-DQB1/C3/LAMB2/MTHFR/ANGPT2/ARHGDIA/BBS10/CD2AP/CEP290/CMIP/CNTN1/CYP3A4/DCLRE1C/DDC/DGKE/F5/FLT1/FOXP3/GATA3/GATA4/GLCCI1/GSN/HBEGF/HMBS/LAMP1/LMNB2/LPL/MAPK14/MEFV/NPNT/PCSK9/PIK3CD/PLCL1/PRKCD/PTGS2/RAC1/SOCS3/SRY/TBX18/VLDLR",60
"C0677932","Progressive Neoplastic Disease","60/2069","384/21671",0.15625,1.63658470275495,4.08906570357318,9.5355515075407e-05,0.00304475427820727,0.0024111016353828,"HAVCR2/PECAM1/CD74/VWF/ATXN1/PMP22/CD38/SERPINE1/CCL5/PTPRC/GEM/TIMP2/MEF2C/CCL2/PDPN/MMP2/CFH/PDLIM7/HLA-DQB1/ELN/ITGA4/ERCC1/TK1/TYMS/ANGPT2/ARRB1/BACE1/BCL2L11/CASR/CHPT1/CXCL9/DKK1/EGFR/ERBB2/ERBB3/FLT3LG/HDAC4/HLA-B/HLA-C/HLA-G/HSPA5/ITIH4/KLK3/KLK6/MCL1/MEFV/MSLN/MYCN/NCAM1/NFKB1/PIK3CD/PRKAR1A/PTGS2/ROR1/SLC6A2/SMPD1/TGFA/WIPF3/XIAP/ZNF654",60
"C3539781","Progressive cGVHD","60/2069","384/21671",0.15625,1.63658470275495,4.08906570357318,9.5355515075407e-05,0.00304475427820727,0.0024111016353828,"HAVCR2/PECAM1/CD74/VWF/ATXN1/PMP22/CD38/SERPINE1/CCL5/PTPRC/GEM/TIMP2/MEF2C/CCL2/PDPN/MMP2/CFH/PDLIM7/HLA-DQB1/ELN/ITGA4/ERCC1/TK1/TYMS/ANGPT2/ARRB1/BACE1/BCL2L11/CASR/CHPT1/CXCL9/DKK1/EGFR/ERBB2/ERBB3/FLT3LG/HDAC4/HLA-B/HLA-C/HLA-G/HSPA5/ITIH4/KLK3/KLK6/MCL1/MEFV/MSLN/MYCN/NCAM1/NFKB1/PIK3CD/PRKAR1A/PTGS2/ROR1/SLC6A2/SMPD1/TGFA/WIPF3/XIAP/ZNF654",60
"C0026850","Muscular Dystrophy","47/2069","280/21671",0.167857142857143,1.75815956638818,4.14842840803679,9.53818420032241e-05,0.00304475427820727,0.0024111016353828,"COL4A1/HSPB8/SSPN/IL2RB/SGCD/RUNX1T1/SYNE1/CD38/SERPINE1/PEG3/COL12A1/LDB3/GEM/DCN/FHL1/ITPR1/SGCE/CRYAB/COL6A2/DES/COL6A1/SDC2/MSN/DTNA/EFEMP2/BCHE/LAMB2/PRIMA1/ACVR2B/APRT/DMD/GOSR2/HAMP/HLA-C/KIDINS220/LAMA2/LIMS2/LMNA/MCL1/PCSK9/PNKP/PNN/POMT1/POMT2/SGCB/SMCHD1/TRAF3",47
"C0085413","Polycystic Kidney, Autosomal Dominant","47/2069","280/21671",0.167857142857143,1.75815956638818,4.14842840803679,9.53818420032241e-05,0.00304475427820727,0.0024111016353828,"AGTR1/POSTN/DKK3/PRKD1/EDNRA/SERPINE1/CALD1/GLIS2/PKD2/WWTR1/TNC/DCN/PDE1A/SPARC/CCL2/CFH/PRKCB/ATP7B/ADAM10/ANGPT2/APRT/CDH8/CREB1/CXCL9/EGFR/ERBB2/EXOC5/FABP1/GLS/ID2/ILK/JUNB/NFE2L2/OCLN/PGD/PGP/PIK3CD/PRKAA2/PRKCA/PRKCSH/PTGS2/SEC63/STAT1/STAT5B/TGFA/USP14/YAP1",47
"C0235480","Paroxysmal atrial fibrillation","40/2069","226/21671",0.176991150442478,1.85383045975782,4.19201035462731,9.58550524833227e-05,0.00305101645375385,0.00241606057141566,"EPHA3/VWF/AGTR1/SSPN/ATXN1/CAV2/CAV1/CFL2/PLN/VCAM1/PHLDB2/NR3C1/DES/MYOCD/CALU/FBXO32/GNB4/WIPF1/THBD/ABCC9/AKAP6/CEP68/GATA4/GOPC/GOSR2/IRF2BPL/LAD1/LRIG1/MCL1/NAV2/NUCKS1/PAK2/PKD1L1/SCN2B/SH3PXD2A/SLC6A2/SNCA/SOX5/TBX3/USP34",40
"C0521525","Short neck","48/2069","288/21671",0.166666666666667,1.74569034960528,4.13885257444053,9.66626316573859e-05,0.00306579709948011,0.00242776517409499,"TPM2/FLI1/TCF4/RAB23/SETBP1/FGFR1/COL12A1/CFL2/FHL1/GPC6/KCNJ8/COL6A2/COL6A1/FAM20C/AEBP1/CDH11/ERCC1/ABCC9/ATRX/BBS10/CANT1/CEP290/COG7/CUL4B/CUL7/DHCR7/GATA4/GLE1/HDAC4/IDS/KMT2A/MAP2K2/MECP2/MYH3/NACC1/NALCN/NEK9/OBSL1/PIGN/PRMT7/RREB1/SMAD4/SOS2/SPRED1/TRIP11/TRMT10A/UBA1/VPS33A",48
"C1527349","Ductal Breast Carcinoma","36/2069","196/21671",0.183673469387755,1.92382201793235,4.22094085547717,9.69095476921536e-05,0.00306579709948011,0.00242776517409499,"VIM/AOC3/DLC1/RAB23/DKK3/SERPINE1/CAV2/TNC/MFAP5/MFGE8/PDPN/THBS1/ELN/CDH1/CREB1/CSE1L/EGFR/ERBB2/FLT1/GATA3/HLA-G/HMGA1/IGSF1/KDM5B/KLK3/LMNA/MIB1/MSLN/MUC3B/NAA25/PRKAA2/PTEN/SATB1/SMAD4/TGFA/UBE2I",36
"C0239676","High forehead","38/2069","211/21671",0.180094786729858,1.88633838725121,4.20325207817021,9.7154561674254e-05,0.00306579709948011,0.00242776517409499,"FLI1/GLI3/MAF/SETBP1/AKT3/FGFR1/TRPS1/AP1S2/GJA1/MEF2C/ANTXR1/CDH11/ELN/CTSK/ATP7A/CDH1/ACTL6B/ADAT3/AP1S1/ARID2/CUL4B/DHCR7/EBF3/GATA4/GRIN2D/KMT2A/LIMK1/MAP2K2/MED25/MRAS/NFIX/NSD1/SCN8A/SOS2/TBL2/THOC2/TRAK1/VAC14",38
"C1176475","Ductal Carcinoma","46/2069","273/21671",0.168498168498169,1.76487376004051,4.13184482309828,0.000102601850667216,0.00322844051828013,0.00255656039933197,"VIM/AOC3/COL4A1/MMP11/PECAM1/AGTR1/RAB23/SERPINE1/TNC/MFAP5/TIMP2/CAV1/MFGE8/SPARC/MMP2/STC1/CDH2/ERCC1/CDH1/ALDH1A1/ANGPT2/CD9/CISH/CREB1/EGFR/ERBB2/ERBB3/FLT1/FOXD3/HLA-G/HMGA1/IGSF1/INTS2/KDM5B/LARP6/LMNA/MAPK8/MCPH1/NAA25/NTRK3/PIK3CD/PTEN/PTGS2/SMAD4/SMURF2/TGFA",46
"C0005745","Blepharoptosis","85/2069","595/21671",0.142857142857143,1.49630601394739,3.98816790565109,0.00010621835430901,0.00333185398059671,0.00263845218610004,"COL3A1/TPM2/FLI1/GLI3/MAF/SETBP1/FGFR1/SYNE1/TUBB6/CFL2/FHL1/MASP1/MITF/ZEB2/FLNA/EFEMP2/COL13A1/ACSL3/ACTL6B/AGRN/ARID2/ARL3/ATRX/ATXN3/BRIP1/CC2D2A/CDC42/CEP290/CHRNE/COX20/DDC/DHCR7/DMD/DNM2/EARS2/EIF3K/FANCB/FANCC/FANCM/GLE1/GRIN2D/IDS/IL17RD/KAT6A/KDM5B/KIF21A/KMT2A/LGI4/LMNA/MAP2K2/MARK3/MECP2/MED25/MEFV/MRAS/MRPS34/MTMR14/MYH3/MYO9A/NALCN/NDUFAF3/NDUFS7/PTEN/RAB3GAP1/RREB1/SCN4A/SCN8A/SLC25A1/SLX4/SMAD4/SMARCA4/SOS2/SOX11/SOX4/SPR/SPRED1/SPRY4/TENM3/TMEM67/TOP3A/TRAK1/UBA1/YAP1/ZBTB20/ZMYND11",85
"C0242231","Coronary Stenosis","24/2069","111/21671",0.216216216216216,2.26467937246091,4.33987334026559,0.000106554115482673,0.00333185398059671,0.00263845218610004,"PECAM1/VWF/ICAM1/AGTR1/SERPINE1/ANGPTL2/WIPF1/ELN/MTHFR/ABCA1/ADCY2/CPB2/CSE1L/DFFA/DYRK1B/F5/IRF3/LAD1/LPL/PTEN/SLC25A1/SREBF2/STAT1/ZNF606",24
"C1837461","SCOLIOSIS, ISOLATED, SUSCEPTIBILITY TO, 3","83/2069","578/21671",0.143598615916955,1.50407230813742,3.99068171401796,0.000106853774348049,0.00333185398059671,0.00263845218610004,"DOCK2/ADAMTS12/FRMD4A/AGTR1/PCDH7/DIP2C/TSHZ2/NREP/LATS2/EDNRA/BNC2/CACNA2D1/MYLK/BOC/ANK2/DOK5/DPYSL3/MEIS2/JAZF1/A2M/PDGFC/PALLD/PRICKLE2/COL13A1/CDH2/ABCC9/ADCY2/AFF3/AKAP6/ALDH1L1/ARHGEF3/CAND1/CAPZB/CCNG2/CDH7/CDH8/CDO1/CNTLN/DRAM1/DYRK1A/EGFR/FBXL18/GABPB1-AS1/GRID1/GUCY1A2/HSD17B12/ITGB8/KAZN/KCNC2/KCNT2/KIF9/LDLRAD4/LIG3/LONRF1/MAGI1/MAPK6/MYO16/NALCN/NPNT/NRXN1/NUFIP2/NUMB/PARD3B/PDE4D/PKD1L1/PLCL1/PRKCD/RFX3/RHOBTB3/RHOT1/SCML4/SEC16B/SNTG1/SOX6/SPRED1/SRGAP1/SSBP2/STXBP4/SYN2/TENM3/TMEM182/TRAM2/WDR59",83
"C0038002","Splenomegaly","55/2069","345/21671",0.159420289855072,1.66979076918766,4.07430476282414,0.000107098548000657,0.00333185398059671,0.00263845218610004,"LIPA/CYBB/TCF4/IL2RB/PTPRC/CAV1/HLA-DQB1/CTSK/ATP7B/CTLA4/UMPS/TYMS/ABCA1/ABCB11/AKR1D1/ATRX/CASR/CC2D2A/CLCN7/COG7/DCDC2/DCLRE1C/DNASE2/DYNC2LI1/ERBB3/F5/FOXP3/HAMP/HFE/HGSNAT/HLA-B/IDS/LMNA/LPL/LYST/MEFV/NFE2L2/NFKB1/OCLN/PIGM/PIK3CD/PKLR/PRKCD/PSMB8/PSMB9/PTEN/RREB1/SH2D1A/SMPD1/STAT5B/TMEM67/TNFRSF4/VPS33A/XIAP/CD27",55
"C0521620","Dilatation of ureter","18/2069","72/21671",0.25,2.61853552440793,4.46921420538167,0.00010921824205718,0.00338822675993161,0.0026830930628428,"GLI3/AGTR1/RAB23/SETBP1/MYLK/MYH11/ACTG2/LMOD1/FLNA/BRIP1/DYNC2LI1/FANCB/FANCC/FANCM/MBTPS2/PIGN/SLX4/TBX18",18
"C0039685","Tetralogy of Fallot","46/2069","274/21671",0.167883211678832,1.75843261493087,4.10464259252432,0.00011211194681161,0.00345130888742361,0.00273304698584014,"VIM/PECAM1/LSAMP/RAB23/FGFR1/NID1/EDNRA/GJA1/ACKR3/ZFPM2/PLN/MEIS2/DACT1/PBX3/MMP2/ELN/MTHFR/ADRA1A/BRIP1/CHDH/DICER1/DMD/DNTT/EHMT1/F5/FANCB/FANCC/FANCM/GATA4/LIMK1/LPAR2/MAP4/NAA25/NTRK3/PBX1/PIGN/RBPJ/RREB1/SLX4/SUFU/TADA2A/TBL2/TPM1/VAC14/WWP2/CDON",46
"C3489413","Lipomatosis, Multiple","15/2069","54/21671",0.277777777777778,2.90948391600881,4.56430525478068,0.000112352187764728,0.00345130888742361,0.00273304698584014,"SETBP1/DCN/MSRB3/PDPN/CDH5/CD6/CKMT2/CPM/DYRK2/E2F4/HMGA1/LPP/MAZ/PTEN/STAT5B",15
"C1332198","Adult Clear Cell Sarcoma of Soft Parts","6/2069","10/21671",0.6,6.28448525857902,5.43028905967528,0.000112505211167264,0.00345130888742361,0.00273304698584014,"CD151/CD6/CREB1/EGFR/ERBB3/EWSR1",6
"C1332964","Childhood Clear Cell Sarcoma of Soft Parts","6/2069","10/21671",0.6,6.28448525857902,5.43028905967528,0.000112505211167264,0.00345130888742361,0.00273304698584014,"CD151/CD6/CREB1/EGFR/ERBB3/EWSR1",6
"C1858085","Malar flattening","35/2069","190/21671",0.184210526315789,1.9294472285111,4.18055362138587,0.00011322928182517,0.00346387244650165,0.00274299590620331,"MAF/RAB23/SETBP1/TGFBR1/FGFR1/TRPS1/DDR2/GPC6/FLNA/MGP/FAM20C/CDH11/CTSK/ATP6V0A2/ATRX/CANT1/CUL7/EHMT1/LMNA/MECP2/MYH3/NFIX/OBSL1/PDE4D/PRKAR1A/PRMT7/RAB3GAP1/RDH11/RREB1/SCARF2/SMAD4/STAG2/TONSL/ZBTB20/ZNHIT3",35
"C0024591","Malignant hyperpyrexia due to anesthesia","16/2069","60/21671",0.266666666666667,2.79310455936846,4.51859395444384,0.000114377842920216,0.00348931629939153,0.00276314456507943,"COL4A1/EPHA3/CACNA2D1/SLC24A3/FLNA/BCHE/DMD/DNM2/EIF3K/GCDH/HTR3A/MTMR14/MYH3/NALCN/SCN4A/SPAG9",16
"C0241005","Creatine phosphokinase serum increased","40/2069","228/21671",0.175438596491228,1.83756878905819,4.13051919583528,0.000116727725762956,0.00354707092101574,0.00280887970490525,"COL4A1/TPM2/LAMA4/SGCD/SYNE1/COL12A1/LDB3/CFL2/PLN/FHL1/NEXN/CRYAB/CAP2/COL6A2/DES/COL6A1/ELN/ABCC9/COG7/DMD/DNM2/GOSR2/KY/LAMA2/LAMP2/LIMK1/LIMS2/LMNA/NEFL/PDK3/PHKA1/PNPLA2/POMT1/POMT2/PSEN2/SCN4A/SGCB/SMCHD1/TBL2/TPM1",40
"C1328504","Hormone refractory prostate cancer","95/2069","683/21671",0.13909224011713,1.45687188766473,3.94165644463508,0.000116915167922338,0.00354707092101574,0.00280887970490525,"VIM/RGS2/PDE5A/CLU/PCDH7/FGFR1/HECTD2/IGFBP7/EDNRA/ACKR3/RPS6KA2/CYP1B1/CAV1/HTR2B/NR3C1/MEIS2/COL6A1/CCL2/FLNA/TGFB1I1/TFPI/LGALS1/CDH11/IGFBP6/CTSK/CDH2/ATP7A/ERCC1/CTLA4/ABCB11/ACSL3/ADAM9/ADRA1A/ALDH1A1/APH1A/ATP1B1/CBX2/CCAR2/CDK19/CFLAR/CREB1/CYP2B6/CYP3A4/DDX5/DHX15/DNM2/EGFR/EGR1/ELK1/EPOR/ERBB2/ERBB3/ESRRB/GREB1/HAGLR/HES6/HNRNPC/HSPA5/ID4/INTS6/KDM6B/KIDINS220/KLK3/KMT2A/LAMP1/LMNA/LPAR2/MAPK8/MBTPS2/MCL1/MYCN/NCOA2/NPRL2/NSD1/PAWR/PIK3CD/PLCL1/PLK1/PRDX2/PRKAA2/PRKCD/PTEN/PTGS2/SESN3/SET/SOCS3/SRF/STAT5B/STEAP2/STK11/TMED10/XIAP/YAP1/YIPF6/ZFX",95
"C1853246","Eversion of lower lip","23/2069","105/21671",0.219047619047619,2.29433588805266,4.31932965141991,0.000119450270823838,0.00361402701259047,0.00286190137008531,"FRMD4A/EDNRA/FHL1/ANTXR1/ELN/ADAMTS2/ERCC1/ABCC9/ATRX/CUL7/EHMT1/FBXL4/HGSNAT/LIMK1/MECP2/MED25/MYCN/NFIX/OBSL1/RAB3GAP1/SCARF2/SOX11/TBL2",23
"C0275518","Acute infectious disease","36/2069","198/21671",0.181818181818182,1.90438947229667,4.15337591232462,0.000119938782304724,0.00361886523156692,0.00286573269327942,"SORBS1/CD74/ICAM1/CYBB/ITGA1/CLEC4A/CD38/CCL5/CCL2/CFH/PDLIM7/HLA-DQB1/THBS1/EFEMP2/BCHE/CTLA4/CD9/FANCC/GNAO1/HAMP/HGSNAT/HLA-B/IRF3/ITGB1/ITIH4/JUNB/MEFV/NCAM1/NFIC/PARP9/SERPINB6/SRY/STAT1/TAP1/TAP2/TFRC",36
"C1314691","Age at menarche","45/2069","267/21671",0.168539325842697,1.76530484791546,4.08791759402892,0.000120598062212996,0.00362881546216318,0.00287361215252997,"CHRNA3/RBMS3/TCF4/AKT3/PRKD1/NREP/HIP1/SLC24A3/HSD17B6/RORA/AAK1/AFF3/BEND6/BRWD1/CADM1/CTBP2/DST/ECE2/GCDH/GREB1/HELQ/IGSF1/MYO10/NFAT5/NRBF2/NUCKS1/OSBP2/PDE4D/PML/PRDM2/PRPF40A/RSF1/SATB1/SEC16B/SLX4/SOX5/STXBP4/TBC1D16/USP34/USP49/VAC14/WSCD2/WWP2/XYLB/ZBTB20",45
"C0279070","Adult Oligodendroglioma","30/2069","154/21671",0.194805194805195,2.04041729174644,4.2095587069341,0.000121466209022462,0.00363507434772926,0.00287856848326972,"VIM/IL2RB/FGFR1/LATS2/TNC/DES/EMP3/LGALS1/ACLY/ATRX/BCAN/BEX2/CREB1/CSE1L/CSPG4/CUL3/DYRK1A/EGFR/FLT1/HES1/LRIG1/MIB1/PIK3CD/PTEN/PTGS2/PTPN6/PTPRZ1/RAC1/SMARCA4/WT1-AS",30
"C0280475","Childhood Oligodendroglioma","30/2069","154/21671",0.194805194805195,2.04041729174644,4.2095587069341,0.000121466209022462,0.00363507434772926,0.00287856848326972,"VIM/IL2RB/FGFR1/LATS2/TNC/DES/EMP3/LGALS1/ACLY/ATRX/BCAN/BEX2/CREB1/CSE1L/CSPG4/CUL3/DYRK1A/EGFR/FLT1/HES1/LRIG1/MIB1/PIK3CD/PTEN/PTGS2/PTPN6/PTPRZ1/RAC1/SMARCA4/WT1-AS",30
"C0280324","Laryngeal Squamous Cell Carcinoma","74/2069","504/21671",0.146825396825397,1.53787006989037,3.96937838332345,0.000123576879624472,0.00368510943812643,0.0029181906258993,"VIM/ADAMTS5/ST8SIA4/PECAM1/MAF/POSTN/ZNF667-AS1/FGFR1/TIAM1/MIR100HG/GJA1/PTPRC/PKD2/CLDN11/TIMP2/MYLK/CAV1/ZEB2/CRYAB/CMTM3/FLNA/MMP2/TFPI/LGALS1/MSN/THBS1/RASSF2/STC1/MYO5A/PCDH17/ERCC1/CTLA4/CDH1/ALG3/ARRB1/CADM1/CCNG2/CD47/CD9/CHD5/CNOT7/CYP3A4/DIAPH3/EGFR/ERBB2/ERBB3/FOXP3/HLA-B/HMGA1/HOXA11-AS/ILK/ING1/INTS2/MIB1/MMP25/MTNR1A/MYCT1/OCLN/PIK3CD/PLK2/PRKAA2/PTEN/PTGS2/SLC22A23/SOX1/SOX4/SRY/STK11/WNK1/YAP1/ZFX/ZNF107/ZNF654/ZNF667",74
"C1842878","Short 5th finger","8/2069","18/21671",0.444444444444444,4.65517426561409,5.04016565423588,0.000123919814339993,0.00368510943812643,0.0029181906258993,"TRPS1/GJA1/MASP1/MEIS2/CUL7/OBSL1/RAC1/ZMYND11",8
"C4551649","Congenital Dysplasia Of The Hip","29/2069","147/21671",0.197278911564626,2.06632735259401,4.2145114084159,0.000124141977803042,0.00368510943812643,0.0029181906258993,"VIM/COL3A1/IGFBP5/TPM2/TIMP2/FHL1/FLNA/ATP2B4/MMP2/COL13A1/AGRN/AP4E1/AP4S1/ATP6V0A2/BMP2K/CHDH/CUL7/DICER1/DKK1/F5/MAPK8/MYO9A/NSD1/OBSL1/PPP2R5D/SLC25A1/TACR1/TENM3/VPS33A",29
"C0877015","Pelvic Organ Prolapse","25/2069","119/21671",0.210084033613445,2.20045002051086,4.26612212235409,0.000126045704710703,0.00373156275800798,0.00295497641066262,"VIM/COL3A1/CALD1/DCN/ACTG2/DES/MMP2/LGALS1/THBS1/LOXL1/POPDC2/ELN/LUM/SLC19A1/CHPT1/FHAD1/HOXA11-AS/ITGB1/ITGB3/MARK3/NFE2L2/PTGS2/TFAM/TPM1/WNK1",25
"C0278877","Adult Meningioma","62/2069","405/21671",0.153086419753086,1.60344891371152,3.98276447991294,0.00013298320617435,0.00392639155388235,0.00310925882081131,"VIM/OGN/RBMS3/DLC1/FGFR1/IGFBP7/ACKR3/AKAP12/CYP1B1/CTSB/TNC/TIMP2/ALDH1A3/NR3C1/MEIS1/SYNM/SPARC/CCL2/MMP2/LGALS1/PRELP/TSPAN2/HLA-DQB1/THBS1/MTRR/MTR/CTLA4/MTHFR/CDH1/ABCA2/ARNT/BRIP1/CADM1/CD9/DOT1L/EGFR/ELAVL1/ERBB2/HES1/HNRNPC/KLK3/KMT2A/MIB1/MYCN/NEK9/NFKB1/PIK3CD/PRDM2/PRKCD/PTEN/PTGS2/RAC1/SET/SMAD4/SRSF11/SUFU/TCF12/TGFB3/TNKS/UBE2I/WNK2/YAP1",62
"C1270972","Mild cognitive disorder","65/2069","430/21671",0.151162790697674,1.583300549642,3.96916033387937,0.000134711153067158,0.00396677521050431,0.00314123811753843,"RGS2/IL18BP/CLU/APOC1/SMARCA1/RUNX1T1/SYNE1/SERPINE1/CTSB/FERMT2/CFL2/MFGE8/ACTG2/VCAM1/SYNM/GAP43/SRPX/CCL2/C3/BCHE/ADAMTS2/MS4A6A/MTHFR/ABCA1/ADAM10/BACE1/BCAN/BRAP/CAMK2A/CHRNA4/CXCL9/CYP2B6/DKK1/DMD/DNMT3A/FABP6/FANCB/FASTK/HDAC4/HFE/KIF6/KLC1/KLK3/LAMA2/LGALS9/LRP1/NDUFS7/NEFL/NFE2L2/NFKB1/NPTXR/NRXN3/PDE4A/PIK3CD/PLK2/PNN/PSEN2/RAB7A/RGCC/SCN8A/SNCA/TOMM40/TPM1/UBE2I/PILRA",65
"C1839758","Narrow forehead","23/2069","106/21671",0.216981132075472,2.27269120986348,4.26737446846971,0.000138960970398474,0.00407015203988935,0.00322310089516058,"FRMD4A/TCF4/SETBP1/MEIS2/NDN/CDH11/ELN/CCDC88A/AP4E1/AP4S1/ATRX/CDC42/COG7/CTU2/DHCR7/DYRK1A/KAT6A/LGI4/MAP2K2/PIGN/PPP2R5D/ZNF292/ZNHIT3",23
"C2676033","Hepatoblastoma Caused By Somatic Mutation","23/2069","106/21671",0.216981132075472,2.27269120986348,4.26737446846971,0.000138960970398474,0.00407015203988935,0.00322310089516058,"IL6ST/CTSB/A2M/C3/AKR1B1/CDH1/ABCC3/ABCA1/AKT2/APRT/CADM1/DNMT3A/GMPS/HAMP/MECP2/PPP1R9A/PTEN/PTGS2/SMAD4/SRF/TFRC/TGFA/UACA",23
"C4551860","Ullrich congenital muscular dystrophy","5/2069","7/21671",0.714285714285714,7.48153006973693,5.5720723297227,0.000140595617248216,0.00410710751393794,0.00325236545833162,"VWF/COL6A2/COL6A1/DMD/LAMA2",5
"C0040128","Thyroid Diseases","40/2069","230/21671",0.173913043478261,1.82158993002291,4.06964021080519,0.000141625905970184,0.00412625953029003,0.00326753169301858,"ICAM1/SERPINE1/CCL5/CTSB/NRP2/CCL2/TFPI/LGALS1/CTLA4/MTHFR/CAPZB/CD47/CEP128/CHDH/CISH/CXCL9/DICER1/DMD/ERBB2/FOXP3/HFE/HMGA1/ID2/INPP4B/JUNB/KLF9/MECP2/MTNR1A/MYO9B/NFE2L2/PAX8/PDE4D/PTEN/PTGS2/RNASET2/SOCS3/SPTAN1/TBX3/UACA/XIAP",40
"C0740391","Middle Cerebral Artery Occlusion","88/2069","626/21671",0.140575079872204,1.4724033619674,3.89659429046556,0.000142652220503523,0.00413939710152092,0.00327793516620079,"VIM/HSPB8/PECAM1/LSAMP/VWF/ICAM1/JAK3/TGFBR1/FGFR1/PRKD1/IL6ST/SLIT2/SERPINE1/GJA1/FZD1/CTSB/CAV1/NR3C1/GAP43/RGMA/DPYSL3/CRYAB/F2R/SPARC/CCL2/SERPINF1/THBS4/MMP2/CFH/ADAMTS1/C3/RTN1/AXIN2/ABCA1/AKAP1/ANGPT2/APEH/CFLAR/CIRBP/DCDC2/DENR/DPYSL2/DRAM1/EGFR/EGR1/ELK1/HMGA1/HSPA5/HSPD1/JUNB/KIF21A/KLK3/KMT2A/LAMP1/LRP1/MAP2/MAPK14/MAPK8/MCL1/NCAM1/NFE2L2/NSD1/OCLN/ORM1/PAWR/PBK/PCSK9/PDAP1/PEA15/PIK3CD/PLA2G4A/PLK2/PNN/PRKAA2/PROC/PTEN/PTGS2/RAC1/SAR1A/SLC11A2/SLC8A1/STAT1/STAT5B/TGFA/TRAF3/TRPC1/UBE2I/WNK1",88
"C0151718","Hypocholesterolemia","24/2069","113/21671",0.212389380530973,2.22459655170939,4.24021158921704,0.000142828557030595,0.00413939710152092,0.00327793516620079,"RGS2/AGTR1/CYBB/CAV2/CAV1/PRKCB/ABCA1/ADAM10/APRT/BACE1/CDC42/DHCR7/ERN1/HTR3A/ITIH4/MAPK14/MAPK8/MVD/OSBP/PCSK9/PIK3CD/PRKCA/SREBF2/XPR1",24
"C0206708","Cervical Intraepithelial Neoplasia","61/2069","398/21671",0.153266331658291,1.60533333657169,3.95987307997059,0.000145118667095871,0.00418803581387944,0.00331645153507493,"VIM/HAVCR2/IGFBP5/PDE5A/PTGER3/LIPA/TGFBR1/TIAM1/SLIT2/ACKR3/PEG3/GEM/TNC/KCNMA1/EFEMP1/ANGPTL2/TWIST2/PDPN/MMP2/VEGFC/TFPI/HLA-DQB1/EFEMP2/LAMB2/MTRR/MTR/MTHFR/CDH1/APRT/CADM1/CANX/CFLAR/CTDSPL/EGFR/EI24/ERBB2/FOXP3/GATA3/GNAO1/HLA-G/LGALS9/MIB1/NFE2L2/NUMB/PAPOLA/PART1/PDAP1/PPP2R1B/PSMB8/PSMB9/PTEN/PTGS2/RARB/SLC6A2/SMAD4/TAP1/TERF2IP/TP53BP1/TUSC2/UBE3A/XIAP",61
"C0027832","Neurofibromatosis 2","26/2069","127/21671",0.204724409448819,2.14431255542066,4.20187241957859,0.000145647663371999,0.00418803581387944,0.00331645153507493,"RDX/POSTN/MN1/LATS2/SERPINE1/MSN/CADM1/DNMT3A/EGFR/ERBB2/FLT1/GOPC/LIMK1/LRP6/MAP2K2/MEFV/MIB1/PAK1/PDLIM5/PIK3CD/PRKAR1A/PTGS2/RAC1/TEAD2/YAP1/BMS1P20",26
"C0040021","Thromboangiitis Obliterans","26/2069","127/21671",0.204724409448819,2.14431255542066,4.20187241957859,0.000145647663371999,0.00418803581387944,0.00331645153507493,"HAVCR2/ICAM1/HLA-DOA/SLIT2/SERPINE1/CCL5/PTPRC/ACTA2/VCAM1/NR3C1/HOXB2/PRKCB/ADAM10/CSE1L/FLT1/GATA3/HES1/HLA-B/IL21R/LGALS9/MAPK8/PIK3CD/PRKCA/PTGS2/SLC38A2/STAT1",26
"C0279680","Transitional cell carcinoma of bladder","53/2069","333/21671",0.159159159159159,1.66705564917261,3.98535338192381,0.000147661486653868,0.00423488529301835,0.00335355103324368,"VIM/IGFBP5/DLC1/FGFR1/CD8A/DDR2/TIMP2/CAV1/ANGPTL2/HTRA1/CCL2/MMP2/LGALS1/PCDH17/ERCC1/MTR/MTHFR/AXIN2/CDH1/ABCC3/ATG7/CREB1/EGFR/ELAVL3/ELK1/ERBB2/ERBB3/FLT1/GATA3/ILK/KLK3/LGALS9/LRP1/MAPK14/MAPK8/NFE2L2/NFKB1/PBK/PIK3CD/PLCL1/PLK2/PRKCA/PSEN2/PTEN/PTGS2/RSF1/SATB1/SFXN1/SOCS3/SPAG9/TINCR/TP53BP1/TPM1",53
"C0003857","Congenital arteriovenous malformation","31/2069","163/21671",0.190184049079755,1.99201475476431,4.13020329242297,0.000149500463855729,0.00426541090270245,0.00337772386977016,"PECAM1/VWF/ICAM1/PTPN14/TGFBR1/EDNRA/VCAM1/CRYAB/MGP/MMP2/THBS1/ELN/CDH5/ABCA2/ANGPT2/BRIP1/CD6/FANCB/FANCC/FANCM/FLT1/ITGB8/MYB/PART1/PIK3CD/PTEN/RBPJ/SLX4/SMAD4/SNCA/TGFB3",31
"C0162298","Joint stiffness","31/2069","163/21671",0.190184049079755,1.99201475476431,4.13020329242297,0.000149500463855729,0.00426541090270245,0.00337772386977016,"TPM2/SYNE1/COL12A1/FHL1/ACTG2/COL6A2/COL6A1/FLNA/COL1A2/ELN/ADAMTS2/ERCC1/ATRX/EPG5/GLRB/HGD/HGSNAT/KMT2A/LIMK1/LMNA/MECP2/MYH3/NALCN/NSD1/PSMB8/PTEN/RAB3GAP1/SMAD4/SUZ12/TBL2/UBA1",31
"C1261502","Finding of Mean Corpuscular Hemoglobin","91/2069","653/21671",0.139356814701378,1.45964307945557,3.87472719580937,0.000150872646039764,0.00429343785745715,0.00339991805369085,"TCEA2/IL2RB/DLC1/MN1/NREP/PTPRC/HSD17B6/ZEB2/MEF2C/F2R/EVL/MTRR/TK1/MTHFR/CDH1/TYMS/ACLY/AFF3/AKAP13/ALDH1L1/BANP/BEND3/BMP2K/BRD3/BRIP1/CC2D2A/CEP57L1/CHMP1A/CNPPD1/DDO/DPP8/DYRK1A/E2F4/EPG5/FAM222B/FARSA/GCDH/GPLD1/HAMP/HFE/HNRNPAB/HOOK2/KIRREL3/LIN52/LRIG1/LYST/MAX/MCL1/MORN1/MOSPD3/MYB/MYO16/NAP1L1/NAV2/NFIX/NOL4L/NPHP3/PARP10/PDAP1/PIK3R3/PKN2/PLCL1/PPA2/PPP2R1B/RALGAPA1/RARB/RBPMS/SBNO2/SCARB1/SENP7/SH3PXD2A/SLC22A23/SOX5/SOX6/SPATA6L/STAT1/TFDP1/TFRC/TMEM134/TNRC6B/TRIM33/USP34/USP49/WDR83/WIPI2/YTHDC1/ZAN/ZNF101/ZNF638/ZNF652/ZNF654",91
"C4025690","Prenatal maternal abnormality","9/2069","23/21671",0.391304347826087,4.09857734255154,4.83033084321859,0.000152737704200012,0.00433531014524414,0.00343307617823412,"TGFBR1/PRKG1/MFAP5/KCNMA1/ACTA2/MYLK/MYH11/ELN/TGFB3",9
"C0524702","Pulmonary Thromboembolisms","11/2069","33/21671",0.333333333333333,3.49138069921057,4.65316031929394,0.000155203372708552,0.00439397106334006,0.00347952900254459,"SERPINE1/EFEMP2/THBD/MTHFR/CPB2/F5/GSN/PROC/TBXA2R/TRO/USP14",11
"C0002170","Alopecia","72/2069","491/21671",0.146639511201629,1.53592307745312,3.9024714580428,0.000157572081207147,0.00444959315470337,0.00352357541916657,"COL3A1/APOC1/ICAM1/TCF4/SSPN/SETBP1/FGFR1/PRKD1/TRPS1/EBF1/EDNRA/GJA1/CTSB/DCN/C1R/TWIST2/ANTXR1/HTRA1/CCL2/MGP/MSN/HLA-DQB1/HLA-DRA/RORA/ABCC2/CTLA4/SLC19A1/MTHFR/TYMS/ANGPT2/ATP6V0A2/CASR/DCLRE1C/DKK1/DKK2/DMD/DPP8/EGFR/ERBB2/FOXN3/FOXP3/GATA3/GNA11/HFE/HLA-C/HLA-G/HOXB8/KLK3/LGR4/LMNA/LSS/MBTPS2/MED25/MYB/NFE2L2/NUDT15/PAK1/PRDM6/PRDX2/PRKACA/PRKAR1A/PTGS2/RBPJ/SOCS3/SRY/STAT1/TAP1/TCF12/TIRAP/UBR1/XPR1/ZFHX4-AS1",72
"C0154723","Migraine with Aura","20/2069","87/21671",0.229885057471264,2.40784875807625,4.27473474133989,0.000162445010737184,0.00457546522569976,0.00362325188843066,"VWF/AGTR1/EDNRA/HTR2B/MMP2/TSPAN2/HLA-DQB1/ATP1A2/MTRR/MTR/CTLA4/MTHFR/DDC/F5/GNAO1/LRP1/MEF2D/MMP16/NEDD4L/SPTAN1",20
"C0205699","Carcinomatosis","34/2069","186/21671",0.182795698924731,1.91462812537354,4.06998542269603,0.000164160044728397,0.00461197595049448,0.00365216426040486,"FILIP1L/CD74/TRPS1/IL6ST/BASP1/CCL5/ACKR3/EFEMP1/DES/SPARC/MGP/NDN/ATP7B/CDH1/ADCY5/CAPZB/CDC42/DBI/EGFR/GATA3/GATM/GSS/HLA-G/ID4/INSIG1/LPL/MPZL1/PLK2/PRDX2/PTEN/PTGS2/SCARB1/TMEM37/UBE2I",34
"C3250443","MYOTONIC DYSTROPHY 1","33/2069","179/21671",0.184357541899441,1.93098709062484,4.06341581965204,0.000172313731393265,0.00482873059499754,0.00382380946723772,"PDLIM3/IGFBP5/ASB2/SYNE1/LDB3/GEM/TIMP2/CAV1/CCL2/MMP2/HLA-DQB1/LILRB2/PRKCB/CTLA4/ANGPT2/ATP2A2/CEBPA/DDX6/DMD/ERBB2/ERBB3/FZD3/HFE/HLA-B/HNRNPC/HSPD1/KCNQ1/MORF4L1/PRKAA2/PRKCA/PSMB8/ROR1/TRIM33",33
"C1845847","Coarse facial features","35/2069","194/21671",0.180412371134021,1.8896648114284,4.04389600380479,0.000173126630839583,0.00483919691735109,0.00383209761289326,"TCF4/SETBP1/AP1S2/GJA1/KCNJ8/FLNA/MMP2/ELN/DENND5A/ABCC9/AFF4/AP4E1/AP4S1/ARID2/ATRX/CLCN4/CUL4B/DNMT3A/EHMT1/HGSNAT/IDS/KCNQ1/LIMK1/MAP2K2/MECP2/NSD1/PAX8/PIGN/SLC35C1/SMARCA4/SOX11/SOX4/SUFU/TBL2/VPS33A",35
"C0042974","von Willebrand Disease","16/2069","62/21671",0.258064516129032,2.70300441229205,4.36268434791813,0.00017392781200133,0.00484928352802695,0.00384008506976954,"EPHA3/VWF/CRISPLD2/SERPINE1/ANTXR1/FAM20C/THBS1/MTHFR/ANGPT2/ATP6V0A2/CANX/COCH/ITGA2/RBPJ/SET/TERF2IP",16
"C1504336","Polypoidal choroidal vasculopathy","15/2069","56/21671",0.267857142857143,2.80557377615135,4.39532649117878,0.00017572773157003,0.00488709471661803,0.003870027262248,"SERPING1/HTRA1/SERPINF1/CFH/COL1A2/C3/LOXL1/ELN/COL8A1/ABCA1/ANGPT2/LPL/NCAM1/PNPLA2/TOMM40",15
"C0036529","Myocardial Diseases, Secondary","22/2069","101/21671",0.217821782178218,2.28149629849404,4.19384600071537,0.000181247020947721,0.00502789280024498,0.00398152344836769,"SGCD/TIMP2/DES/CCL2/ADAM10/ADCY5/APRT/CASR/DMD/EPG5/HSPD1/ITGB1/LAMP2/LPL/LRP1/MAPK14/MGA/PPP1R1A/PRKAA2/PTGS2/SGCB/YWHAH",22
"C0018916","Hemangioma","43/2069","256/21671",0.16796875,1.75932855546158,3.97054556464574,0.000182163188978496,0.00504061105582958,0.0039915948708988,"VIM/PDE5A/CLU/PECAM1/AKT3/DKK3/FGFR1/PTPRC/TIMP2/GPC6/NRP2/ANTXR1/CCL2/PDPN/SERPINF1/MMP2/VEGFC/THBS1/PAPLN/EMCN/THBD/ANGPT2/CASR/DKK1/FLT1/GNA11/HMGA1/ITGB1/KAT6A/KDM6B/MAX/MIB1/OIP5-AS1/PAX8/PIK3CD/PNPLA2/PRKAR1A/PTEN/SUFU/XIAP/YAP1/ZMYM2/CDON",43
"C0278608","Adult Liposarcoma","28/2069","143/21671",0.195804195804196,2.05088097016565,4.09618169647756,0.000183863980201013,0.00506223503488438,0.00400871862096155,"VIM/IGFBP5/FGFR1/WWTR1/CAV2/DDR2/MYOCD/MMP2/A2M/ATP2A2/CD6/CDK19/CPM/DYRK1B/E2F4/EGFR/EML4/EWSR1/HMGA1/LPP/MAZ/MBTPS2/OSBP/PAX8/PIK3CD/PLK1/PNPLA2/PTEN",28
"C0279984","Childhood Liposarcoma","28/2069","143/21671",0.195804195804196,2.05088097016565,4.09618169647756,0.000183863980201013,0.00506223503488438,0.00400871862096155,"VIM/IGFBP5/FGFR1/WWTR1/CAV2/DDR2/MYOCD/MMP2/A2M/ATP2A2/CD6/CDK19/CPM/DYRK1B/E2F4/EGFR/EML4/EWSR1/HMGA1/LPP/MAZ/MBTPS2/OSBP/PAX8/PIK3CD/PLK1/PNPLA2/PTEN",28
"C0007117","Basal cell carcinoma","23/2069","108/21671",0.212962962962963,2.23060433560675,4.16519401519316,0.000186636623667935,0.00511413309315376,0.00404981602381672,"FRMD4A/TRPS1/CCL5/CYP1B1/GREM1/EFEMP2/CFLAR/EGFR/FOXP3/HAUS6/HLA-B/ING1/LPP/MCL1/MYCN/PLAGL1/PRKCA/PTGS2/RAC1/SLC6A17/STAT5B/ZBTB7B/ZFHX4-AS1",23
"C0019880","Homocystinuria","12/2069","39/21671",0.307692307692308,3.22281295311745,4.51384242246786,0.00018667769939597,0.00511413309315376,0.00404981602381672,"VWF/TFPI/BCHE/THBD/MTRR/MTR/MTHFR/ATXN3/DDC/F5/MMADHC/PROC",12
"C1969372","Tubulointerstitial fibrosis","52/2069","328/21671",0.158536585365854,1.66053472279527,3.91619537917975,0.000187332249706523,0.00511933018863013,0.00405393153668159,"VIM/LAYN/ICAM1/AGTR1/CYBB/TGFBR1/DKK3/NREP/SERPINE1/CCL5/FERMT2/DDR2/CAV1/ZEB2/ANTXR1/F2R/SPARC/CCL2/MMP2/VEGFC/THBS1/ADAMTS1/C3/CDH1/ABCC11/ANGPT2/ARRB1/ATG7/CD2AP/CUBN/CUL3/EGFR/EGR1/EPOR/HES1/ID2/ILK/MAPK14/MAPK8/NFE2L2/NPHP3/PBK/PIK3CD/PNPLA2/PTEN/RAC1/RGCC/RHOF/RNF34/SMAD4/SOCS3/STAT1",52
"C0333068","Flexion contracture","37/2069","210/21671",0.176190476190476,1.84544408386844,3.99971519660661,0.000188734210814244,0.00514487590024075,0.00407416085616469,"TPM2/GLI3/TRPS1/AP1S2/COL12A1/CAV1/FHL1/CRYAB/COL6A2/COL6A1/ELN/AP4E1/AP4S1/ATRX/COQ7/DDX3X/DMD/DNM2/DST/FA2H/HSPD1/IDS/IRF2BPL/LAMA2/LMNA/MRPS34/MTMR14/MYH3/NACC1/NEFL/PMS1/POMT1/POMT2/PSMB9/SCN4A/VPS33A/WDR45B",37
"C0030809","Pemphigus Vulgaris","24/2069","115/21671",0.208695652173913,2.18590791602749,4.1426220197491,0.000189672201645371,0.0051449752628583,0.00407423954013974,"POSTN/GEM/NR3C1/ZEB2/HLA-DQB1/C3/HLA-DRA/CTLA4/CDH1/ADAM10/CFLAR/DST/EGFR/FOXP3/HLA-B/HLA-C/HLA-G/MAPK14/MAPK8/NFKB1/PKP3/PRKCA/TAP1/TAP2",24
"C4021726","EMG: myopathic abnormalities","24/2069","115/21671",0.208695652173913,2.18590791602749,4.1426220197491,0.000189672201645371,0.0051449752628583,0.00407423954013974,"TPM2/FGFR1/SYNE1/COL12A1/LDB3/FHL1/CRYAB/COL6A2/DES/COL6A1/COL13A1/AGRN/CHRNE/DMD/DNM2/LAMP2/LMNA/MTMR14/MYO9A/POMT1/SCN4A/SLC25A1/SUFU/CDON",24
"C3278923","Dilated ventricles (finding)","64/2069","427/21671",0.149882903981265,1.56989483430545,3.86411479659275,0.000192703137389065,0.00521434803947364,0.00412917494702806,"COL3A1/FLI1/EML1/SETBP1/AKT3/FGFR1/TRPS1/AP1S2/JAM3/ACTA2/TUBA1A/CAV1/ZEB2/MEF2C/COL6A1/NDN/MPDZ/CCDC88A/AP4E1/BRIP1/CC2D2A/CDC42/CLCN4/CUL4B/DDX3X/DHCR7/DNAAF1/DNMT3A/DYRK1A/EBF3/EHMT1/FANCB/FANCC/FANCM/GFM2/GNAO1/ISCA1/KIDINS220/KMT2A/LMNB2/MBTPS2/MCPH1/MECP2/MED25/NDUFAF3/NFIX/NSD1/OCLN/PCNT/PIGN/PNKP/POMT1/POMT2/PPP2R5D/PTEN/RHOBTB2/SLC25A1/SLX4/SPG11/TMTC3/TRAPPC6B/WDR45B/XPR1/ZNHIT3",64
"C0026838","Muscle Spasticity","82/2069","580/21671",0.141379310344828,1.4808269862169,3.81341221874561,0.000196671290540812,0.00530867873217148,0.00420387420570337,"COL4A1/EML1/ATXN1/TUSC3/SETBP1/FGFR1/AP1S2/JAM3/GJA1/ZEB2/HTRA1/HLA-DQB1/ELN/DENND5A/MYO5A/ATP7A/ACTL6B/AP4S1/ATP6AP2/ATP6V0A2/ATRX/ATXN3/CACNA1G/CAMK2A/CC2D1A/CC2D2A/CHMP1A/DDHD1/DDX3X/EIF2B5/EPM2A/FA2H/FOXP3/GCDH/GFM2/GLE1/GLRB/GNAO1/GRIN2D/GRM2/HLA-C/IRF2BPL/ISCA1/KAT6A/KDM5B/LIMK1/LMAN2L/MECP2/MED17/MED23/MED25/MRPS34/NACC1/NDUFAF3/NEFL/NEK1/NIPA1/NSD1/OCLN/OPA3/PART1/PIGN/PNKP/PRPH/RAB11B/RAB3GAP1/RNASET2/RUSC2/SCN8A/SFXN1/SLC25A22/SMPD1/SNCA/SPG11/SPR/SUZ12/TBL2/TMEM67/TMTC3/TRAK1/UBQLN2/VPS13D",82
"C0011991","Diarrhea","88/2069","632/21671",0.139240506329114,1.45842484903733,3.79991298330589,0.000198021384777084,0.00531904758670737,0.00421208516785145,"ST8SIA4/LIPA/IL2RB/JAK3/IGHM/EDNRA/SERPINE1/ACKR3/CD3D/PTPRC/CAV2/CAV1/C1R/SERPING1/ACTG2/DES/SPARC/CFH/TSPAN2/HLA-DQB1/THBS1/BCHE/ABCC2/DHFR/CTLA4/UMPS/MTHFR/TYMS/CES2/ABCB11/ADAM10/ADRA1A/AK2/AKR1D1/ALG3/AP1S1/C1QL1/CASR/CHPT1/CPB2/CYP3A4/DCLRE1C/DDC/EGFR/EHMT1/ERBB2/ERBB3/FLT1/FOXP3/GSN/H6PD/HAMP/HGSNAT/HLA-B/HMBS/HTR3A/IDS/IKBKE/INTS1/KALRN/KTN1/LPAR2/LYST/MAMLD1/MEFV/NAA25/NAP1L1/NCAM1/NHLRC2/OCLN/PART1/PEA15/PIK3CD/PRKAA2/PRKCD/PTGS2/SCN11A/SLC46A1/SNCA/SP110/SPTLC2/STAT1/STX2/TAPBP/TCF3/TMED10/USE1/WDR18",88
"C4048329","Immunosuppression","88/2069","632/21671",0.139240506329114,1.45842484903733,3.79991298330589,0.000198021384777084,0.00531904758670737,0.00421208516785145,"HAVCR2/PDE5A/VWF/ICAM1/FGL2/CYBB/POSTN/JAK3/STON1/PMP22/CD8A/IGFBP7/CD38/SERPINE1/CCL5/GEM/AXL/TNC/TIMP2/DCN/CAV1/MITF/VCAM1/NR3C1/CCL2/CFH/LGALS1/MSN/PDLIM7/HLA-DQB1/HLA-DRA/BCHE/LILRB2/PRKCB/ITGA4/CTLA4/MTHFR/ABCA1/ABCB11/ADO/ANGPT2/APRT/ATP6V0A2/CASR/CCL22/CD47/CFLAR/CISH/DMD/EGFR/ERBB2/ERN1/FOXP3/HLA-C/HLA-G/HSPD1/ICAM3/LAMA2/LGALS9/LPL/LRP1/MAPK14/MAPK8/NFE2L2/OCLN/PDE4A/PIK3CD/PRKAR1A/PRKCA/PSME3/PTEN/PTGES/PTGS2/SEC61A1/SERPINB6/SLC6A2/SOCS3/STAT1/TAP1/TAPBP/TFRC/TIGIT/TNFRSF18/TNFRSF4/XIAP/YAP1/LILRB4/SLAMF8",88
"C0037284","Skin lesion","80/2069","563/21671",0.142095914742451,1.48833280250539,3.81422282852391,0.000198860562675446,0.00532859215752965,0.00421964339036002,"CLU/CD74/ICAM1/SMARCA1/POSTN/TCF4/IL2RB/SETBP1/SLIT2/CCL5/ACKR3/PTPRC/GLIS2/TNC/DCN/VCAM1/CCL2/FLNA/MCAM/PDLIM7/THBS1/ELN/CTSK/ITGA4/EDIL3/MTRR/ERCC1/DHFR/MTHFR/CDH1/TYMS/CADM1/CCL22/CETN1/DST/EGFR/EGR1/EHMT1/ERBB2/FOXP3/GATA3/HFE/HLA-B/HLA-C/HMGA1/HSPD1/IL12RB1/IL17B/IL21R/IL24/ITIH4/MAPK8/MCL1/MYB/NCAM1/NFE2L2/PAK1/PGP/PIK3CD/PRDX2/PROC/PTEN/PTGS2/PTPN6/SH2D1A/SLC7A1/SLC7A2/SOX11/SRF/SRY/STAB1/STAT1/STAT5B/SUFU/TACR1/TAP1/TAP2/TGFA/XIAP/CD27",80
"C0013132","Drooling","21/2069","95/21671",0.221052631578947,2.31533667421332,4.17419538674676,0.000202684355659285,0.00541787089532938,0.00429034207112206,"TCF4/PMP22/ZEB2/ATP7B/ALG13/AP4E1/AP4S1/ATP6AP2/ATRX/CLCN4/DMD/GFM2/HLA-B/IRF2BPL/MECP2/MID2/NRXN1/SCN8A/UBE3A/VAC14/ZNF81",21
"C0007273","Carotid Artery Diseases","17/2069","69/21671",0.246376811594203,2.58058573419912,4.27223497313676,0.000203333131986463,0.00542205274229277,0.00429365362178627,"ICAM1/CCL2/IL10RA/MTHFR/F5/FGB/HSPD1/LRP1/MRAS/NFKB1/PLTP/PTGES/PTGS2/SREBF2/TNFRSF4/TOMM40/VLDLR",17
"C4721698","Metastatic Renal Cell Carcinoma","28/2069","144/21671",0.194444444444444,2.03663874120617,4.05486532459106,0.000207795338532298,0.00552528961770582,0.00437540557166341,"VIM/ICAM1/DLC1/HLA-DOA/SERPINE1/PEG3/AXL/TIMP2/NRP2/VCAM1/MMP2/CTLA4/TYMS/ACLY/APRT/CUBN/CYP3A4/FLT1/FOXP3/HLA-G/HMGA1/PAX8/PIK3CD/PKLR/PRDM6/PTEN/PTGS2/SNCA",28
"C1843367","Poor school performance","37/2069","211/21671",0.175355450236967,1.83669790337618,3.96784371719851,0.000208208044252058,0.00552528961770582,0.00437540557166341,"COL4A1/TCF4/GJA1/TUBA1A/MEF2C/COL6A1/MYOCD/ABCC9/ACTL6B/ADAT3/ATRX/BBS10/CAMK2A/CDC42/CLCN4/CUL4B/DDX3X/DYRK1A/EBF3/EHMT1/HGSNAT/ISCA1/KAT6A/KMT2A/MECP2/NFIX/PCDHB4/PTEN/SCAPER/SOX11/STX7/TENM3/TMEM67/UBE3A/ZMYND11/ZNF292/ZNF407",37
"C0231807","Dyspnea on exertion","22/2069","102/21671",0.215686274509804,2.25912868772449,4.14109037030529,0.000210555119953516,0.00557414311550018,0.00441409202635345,"TGFBR1/PRKG1/MFAP5/ACTA2/MYLK/MYH11/ELN/LAMB2/COL13A1/AGRN/CHRNE/COX20/DPP9/EPOR/GATA4/IRF2BP2/PML/PRKAR1A/RARB/SCN4A/STAT5B/TGFB3",22
"C0270960","Congenital myopathy (disorder)","16/2069","63/21671",0.253968253968254,2.66009958035091,4.2870311335912,0.000212706817863618,0.00561760236242693,0.00444850684336761,"TPM2/COL12A1/CFL2/FHL1/DES/DTNA/CNTN1/DMD/DNM2/DYNC1H1/EIF3K/KY/LMNA/NEFL/POMT1/SCN4A",16
"C0151889","Hyperreflexia","77/2069","539/21671",0.142857142857143,1.49630601394739,3.79081969145461,0.000219598902800681,0.0057796781213577,0.00457685254607699,"ATXN1/PMP22/AP1S2/JAM3/GJA1/ITPR1/HTRA1/ELN/DENND5A/CCDC88A/ERCC1/ACOX1/ADCY5/ALG3/AP4E1/AP4S1/ARL3/ATP8A2/ATRX/ATXN3/BRIP1/CACNA1G/CC2D2A/CHMP1A/DDC/DDHD1/DDX3X/FANCB/FANCC/FANCM/GLRB/GM2A/HGSNAT/HLA-B/HSPD1/IBA57/IRF2BPL/ISCA1/JPH3/KIDINS220/LIMK1/MCPH1/MECP2/MEFV/MRPS34/NALCN/NDUFAF3/NDUFS7/NEK1/NSD1/OCLN/OPA3/PIGN/PRPH/RAB3GAP1/RGR/RUSC2/SCAPER/SCN8A/SLC25A22/SLC46A1/SLX4/SNCA/SPG11/SPR/SPTAN1/TBL2/TMEM67/TRAPPC6B/TTBK2/UBE3A/VAC14/VLDLR/VPS13D/ZFR/ZNF408/ZNHIT3",77
"C1762616","Meningioma, benign, no ICD-O subtype","61/2069","404/21671",0.150990099009901,1.58149175236518,3.83301602404763,0.00021989331997175,0.0057796781213577,0.00457685254607699,"VIM/OGN/RBMS3/DLC1/FGFR1/IGFBP7/ACKR3/AKAP12/CYP1B1/CTSB/TNC/TIMP2/ALDH1A3/NR3C1/MEIS1/SYNM/SPARC/CCL2/MMP2/LGALS1/PRELP/TSPAN2/HLA-DQB1/THBS1/MTRR/CTLA4/MTHFR/CDH1/ABCA2/ARNT/BRIP1/CADM1/CD9/DOT1L/EGFR/ELAVL1/ERBB2/HES1/HNRNPC/KLK3/KMT2A/MIB1/MYCN/NEK9/NFKB1/PIK3CD/PRDM2/PRKCD/PTEN/PTGS2/RAC1/SET/SMAD4/SRSF11/SUFU/TCF12/TGFB3/TNKS/UBE2I/WNK2/YAP1",61
"C0037286","Skin Neoplasms","56/2069","363/21671",0.154269972451791,1.61584561285778,3.84426510057011,0.000224224752301541,0.00587949332642112,0.00465589491934403,"MMP11/ADAM12/CLU/RAB23/TGFBR1/TIAM1/SLIT2/GJA1/ACKR3/AXL/TNC/TIMP2/CLIC4/VCAM1/PDPN/MMP2/VEGFC/GREM1/THBS1/CTLA4/AKT2/CCL22/CEBPA/CMKLR1/CYP2B6/DICER1/EGFR/ERBB2/ERBB3/FLT1/GPR143/GSTA4/HLA-G/HMGA1/KLK3/KLK6/LMNA/LRIG1/MAPK14/MBTPS2/MYB/NCAM1/NFE2L2/NTRK3/PCSK6/PEA15/PML/PRKCD/PTGES/PTGS2/RAC1/SOCS3/SOS2/TP53BP1/YAP1/ZMIZ1",56
"C0080174","Spina Bifida Occulta","18/2069","76/21671",0.236842105263158,2.48071786522856,4.20109030245468,0.000228314623427878,0.00595836243557161,0.00471835034946363,"DLC1/RAB23/MASP1/CCL2/DACT1/ELN/SLC19A1/MTHFR/ARID2/CUL7/LIMK1/MYH3/NEK9/PRKAR1A/SMARCA4/SOX11/SOX4/TBL2",18
"C2363973","Chronic thromboembolic pulmonary hypertension","18/2069","76/21671",0.236842105263158,2.48071786522856,4.20109030245468,0.000228314623427878,0.00595836243557161,0.00471835034946363,"PDE5A/PECAM1/ICAM1/TGFBR1/PTGIS/F2R/CCL2/PDPN/MGP/MMP2/CDH5/THBD/CD6/CPB2/DST/F5/HLA-B/NCAM1",18
"C0023485","Precursor B-Cell Lymphoblastic Leukemia-Lymphoma","28/2069","145/21671",0.193103448275862,2.02259295678405,4.01388235030168,0.000234456751838289,0.00606887759230371,0.00480586587642702,"EPHA3/NR3C1/HOXB2/PBX3/AFF3/AFF4/CD47/CD6/DCLRE1C/DNMT3A/DNTT/EPS15/GATA3/GOPC/HOXB8/KMT2A/MGA/PAX8/PBX1/PCM1/PDLIM5/PIK3CD/PLA2G4A/PTEN/RASSF6/ROR1/TACR1/TCF3",28
"C0278678","Metastatic Renal Cell Cancer","28/2069","145/21671",0.193103448275862,2.02259295678405,4.01388235030168,0.000234456751838289,0.00606887759230371,0.00480586587642702,"VIM/ICAM1/DLC1/HLA-DOA/SERPINE1/PEG3/AXL/TIMP2/NRP2/VCAM1/MMP2/CTLA4/TYMS/ACLY/APRT/CUBN/CYP3A4/FLT1/FOXP3/HLA-G/HMGA1/PAX8/PIK3CD/PKLR/PRDM6/PTEN/PTGS2/SNCA",28
"C0524910","Hepatitis C, Chronic","64/2069","430/21671",0.148837209302326,1.55894207964751,3.80340929360439,0.00023488553774619,0.00606887759230371,0.00480586587642702,"VIM/SLC11A1/HAVCR2/AOC3/IL18BP/AGTR1/CD38/SERPINE1/CCL5/YME1L1/GEM/TNC/RECK/BOC/CYBRD1/F2R/CCL2/MMP2/HLA-DQB1/C3/LAMB2/ADAMTS2/ABCC2/DHFR/CTLA4/MTHFR/ABCB11/BRIP1/CMKLR1/CXCL9/CYP2B6/CYP3A4/DDX5/DHCR7/EGFR/FOXP3/HAMP/HFE/HLA-B/HLA-C/IL21R/LGALS9/LPL/MAPK14/NCAM1/NFE2L2/NFKB1/OAS2/PIK3R3/POLR2L/PSMB8/PTGS2/SCARB1/SMPD1/SOCS3/SOCS7/STAT1/STAT5B/TAP1/TAP2/TFRC/TGFA/CD27/HLA-DPA1",64
"C0017665","Membranous glomerulonephritis","35/2069","197/21671",0.177664974619289,1.86088818993457,3.94350955333452,0.000235276561960013,0.00606887759230371,0.00480586587642702,"CLU/PTGER3/PECAM1/JAK3/SERPINE1/CHRDL1/SPARC/CCL2/SDC2/CFH/A2M/PDGFC/HLA-DQB1/C3/C7/PRKCB/CTLA4/MTHFR/ABCA1/CDC42BPG/CNTN1/EGFR/F5/FOXP3/GLS/GNAO1/HLA-B/MTNR1A/NFE2L2/NPNT/PRKCA/PRKCD/PSMB8/TAP1/HLA-DMB",35
"C0742343","Acute Chest Syndrome","61/2069","405/21671",0.150617283950617,1.57758683445811,3.81207468615117,0.000235304706430008,0.00606887759230371,0.00480586587642702,"COL3A1/PECAM1/VWF/LIPA/ICAM1/GLI3/AGTR1/PAPPA/EDNRA/SERPINE1/CCL5/TIMP2/ANGPTL2/VCAM1/NR3C1/CCL2/MGP/SERPINF1/MMP2/TFPI/FSTL1/GREM1/THBS1/THBD/MTHFR/ABCC11/ANGPT2/CHDH/CIITA/CPB2/CUBN/CYP3A4/EGFR/EHMT1/FGB/FOXD3/FOXP3/HAMP/HLA-B/HLA-C/HSPD1/JPH3/LIPG/LPL/MAPK8/MAZ/MRAS/MVD/NFE2L2/NFIC/NFKB1/PCSK9/PLA2G4A/PRKAR1A/PTGS2/RBPJ/RNH1/STAT5B/TERF2IP/TGFB3/TNFRSF4",61
"C0040028","Thrombocythemia, Essential","38/2069","220/21671",0.172727272727273,1.80916999868184,3.91910455391194,0.000236444481094055,0.00608402586516081,0.00481786159828885,"HAVCR2/CYGB/FLI1/RUNX1T1/DKK3/IL6ST/SERPINE1/MFGE8/NR3C1/MMP2/MCAM/TFPI/THBS1/MTHFR/ATXN3/CISH/DAAM1/DKK1/EPOR/F5/FANCB/FLT1/HAMP/HFE/HLA-B/ITGB3/LIG3/MVD/MYB/NAAA/PROC/SLC14A1/SMAD4/SOCS3/STAT1/STAT5B/TERF2IP/USP14",38
"C0205698","Undifferentiated carcinoma","46/2069","283/21671",0.162544169611307,1.70251072965038,3.86474283185855,0.00024115676874143,0.00619081467167684,0.0049024262765863,"SMARCA1/TRPS1/IL6ST/BASP1/ACKR3/EFEMP1/DES/SPARC/MGP/NDN/MSN/PDLIM7/ATP7B/CDH1/TYMS/ADCY5/CADM1/CAPZB/CCL22/CDC42/CIRBP/DBI/EGFR/EGR1/ERBB2/GATA3/GATM/GPLD1/GSS/ID4/INSIG1/LMNA/LPL/MPZL1/MSLN/PAX8/PLK2/PRDX2/PTEN/PTGS2/SCARB1/SMARCA4/SRF/TMED10/TMEM37/UBE2I",46
"C2936380","Neointima","12/2069","40/21671",0.3,3.14224262928951,4.40575013110506,0.000243700671589879,0.00624157092144033,0.00494261949601505,"CYBB/FGFR1/SERPINE1/PTPRC/AXL/MMP2/TFPI/ATP7A/FLT1/MYB/PAK1/SSH1",12
"C4316903","Absence Seizures","36/2069","205/21671",0.175609756097561,1.8393615390963,3.922924427639,0.000244489159922221,0.00624723693323299,0.00494710633766174,"CHRNA3/CLU/TCF4/KCNMA1/NRP2/MPDZ/BCHE/ABCC2/ATP7A/DHFR/ALG13/CHRNA4/CLCN4/DMD/DYRK1A/EFHC1/EHMT1/EPM2A/GNAO1/GOSR2/LAMA2/MECP2/MIB1/MID2/PIGM/PNKP/PRKCD/PTGS2/SCN8A/SLC25A22/SLC6A2/SLC8A1/SMPD1/SYN2/UBE3A/ZNF81",36
"C0004604","Back Pain","23/2069","110/21671",0.209090909090909,2.19004789314117,4.06523673299025,0.000248225150472745,0.00632116696163024,0.00500565057344732,"OGN/CD74/FLI1/SYNE1/CD38/FHL1/SPARC/CCL2/CFH/PALLD/ATP7B/CD6/CLCN7/DMD/HGD/HLA-B/HLA-C/LMNA/PRKCSH/SEC63/SMAD4/SOX5/SUFU",23
"C0340427","Familial dilated cardiomyopathy","19/2069","83/21671",0.228915662650602,2.39769517897593,4.14481181469266,0.000248530399926078,0.00632116696163024,0.00500565057344732,"LAMA4/SGCD/GJA1/CALD1/LDB3/MYLK/PLN/NEXN/CRYAB/CAP2/DES/PDLIM7/ABCC9/DMD/GATA4/LMNA/MYEF2/PSEN2/TPM1",19
"C3900098","Adult Myelodysplastic Syndrome","52/2069","332/21671",0.156626506024096,1.64052828035195,3.82102454981647,0.000253807386855229,0.00644050864386322,0.0051001557120921,"HAVCR2/SETBP1/MLLT11/TSHZ2/RUNX1T1/SOX7/EBF1/CD38/GEM/MEIS1/SPARC/MMP2/THBD/CDH1/ANGPT2/ANKRD26/ATG7/ATRX/CD6/CEBPA/CFLAR/CLEC12A/CSNK1A1/CYP3A4/DICER1/DNMT3A/EGR1/FANCB/FLT1/HAMP/HFE/ID4/IL3RA/ITGB3/KDM6B/KMT2A/MAPK14/MAPK8/MEFV/MVD/MYB/NCAM1/PAK1/PCM1/PDE4A/PIK3CD/PRDM2/SCN4A/SUZ12/TRIM33/WT1-AS/ZRSR2",52
"C0011644","Scleroderma","50/2069","316/21671",0.158227848101266,1.65730096481514,3.82399690188133,0.000258277118737469,0.00653886415782929,0.00517804217480926,"COL3A1/PDE5A/FLI1/ICAM1/POSTN/TGFBR1/SERPINE1/CCL5/EGR2/GEM/TNC/DDR2/CAV1/SPARC/CCL2/COL1A2/HLA-DQB1/THBS1/PRKCB/CTLA4/CYP2B6/DKK1/EGFR/EGR1/HFE/HLA-B/HLA-G/ITGB3/LMNA/MAPK14/MBD1/MECP2/MYB/OXCT1/PAPOLA/PCM1/PDAP1/PIK3CD/PRKCA/PRKCD/PTGS2/RNPS1/RTCA/SLC25A1/SMAD4/SMURF2/SRF/SRY/TUSC2/WNK1",50
"C4049796","Abnormality of cardiovascular system morphology","35/2069","198/21671",0.176767676767677,1.85148976473288,3.91043592032478,0.00026004234286759,0.00656845486697424,0.00520147467565906,"GLI3/FGFR1/TRPS1/GJA1/ZFPM2/ITPR1/GPC6/ACTG2/FLNA/EFEMP2/ELN/ARID2/CC2D2A/CEP290/CHDH/DAAM1/FANCB/FANCC/GATA4/HSPA5/IL17RD/NFIX/NSD1/PDLIM5/PTEN/RARB/SMARCA4/SMCHD1/SOX11/SOX4/SPRY4/SRY/SUZ12/TRIP11/UBE3A",35
"C0022680","Polycystic Kidney Diseases","45/2069","276/21671",0.16304347826087,1.70774055939647,3.84443027943869,0.000261123875659573,0.00658068018910498,0.00521115575054693,"EPHA3/GLI3/POSTN/PRKD1/EDNRA/ACKR3/PKD2/CTSB/WWTR1/TNC/CCL2/ADRA1A/ANGPT2/APRT/BBS10/CASR/CC2D2A/CENPV/CEP290/DNAAF1/DYNC1H1/EGFR/ERBB2/FABP1/GATA3/ILK/JUNB/LPAR2/NEK1/NPHP3/PIK3CD/PLA2G4A/PRKCSH/PTGS2/RPS6KB1/RREB1/SEC63/STAT5B/STK11/TGFA/TMEM67/TRAF3/TRIP11/TXNDC15/YAP1",45
"C1843057","Calf muscle hypertrophy","13/2069","46/21671",0.282608695652174,2.96008363628722,4.32349508226671,0.000263128364078606,0.00659300800160779,0.00522091798623832,"TPM2/SGCD/PMP22/DMD/DNM2/LAMA2/LIMS2/LMNA/MTMR14/POMT1/POMT2/SGCB/SLC25A1",13
"C1860493","Abnormality of the sternum","13/2069","46/21671",0.282608695652174,2.96008363628722,4.32349508226671,0.000263128364078606,0.00659300800160779,0.00522091798623832,"TGFBR1/PRKG1/MFAP5/ACTA2/MYLK/MYH11/ELN/CDC42/DYNC2LI1/MAP2K2/OBSL1/SUFU/TGFB3",13
"C3714757","Juvenile rheumatoid arthritis","33/2069","183/21671",0.180327868852459,1.88877972252375,3.92266475543563,0.000263696359342611,0.00659300800160779,0.00522091798623832,"VIM/SLC11A1/POSTN/IL6ST/CCL5/CCL2/HLA-DQB1/CTLA4/MTHFR/ABCC3/AFF3/CASR/CCL22/CIITA/DCLRE1C/DGKZ/FOXP3/GATA3/HLA-B/HLA-C/HLA-G/HSPD1/LPP/MECP2/MEFV/NAA25/PRKAR1A/PSMB8/PSMB9/TAP1/TAPBP/ZMIZ1/HLA-DMB",33
"C0029434","Osteogenesis Imperfecta","20/2069","90/21671",0.222222222222222,2.32758713280705,4.10022807890361,0.000264007675357217,0.00659300800160779,0.00522091798623832,"COL3A1/CD38/WWTR1/TNC/DCN/SPARC/SERPINF1/COL1A2/EFEMP2/ACVR2B/CRTAP/DMD/GPATCH8/LRP6/MBTPS2/PNPLA2/PTGS2/SLC6A2/SMAD4/SMPD3",20
"C4721414","Mantle cell lymphoma","68/2069","466/21671",0.145922746781116,1.52841558506214,3.74635515958555,0.000272567584007292,0.00679137285672467,0.00537800055608577,"SORBS1/LAIR1/PECAM1/CD74/SMARCA1/JAK3/IL6ST/LATS2/CD38/PTPRC/GLIS2/CCDC50/VEGFC/PRELP/GREM1/CTSC/IGHD/ACLY/ADAM10/APRT/BCL2L11/CASR/CD47/CD6/DLEU2L/EGFR/EZH1/GOPC/HAGLROS/HSPA5/IBTK/KDM5B/KLK3/KMT2A/LPL/MAP2/MAPK8/MCL1/MCPH1/MIB1/MYCN/NFKB1/PBK/PCNT/PIK3CD/PLK1/PMS1/PPP2R1B/PRDM1/PRDX2/PRKAR1A/PRKCD/PSMB9/PTEN/PTGS2/RAC1/ROR1/SERPINB6/SOCS3/SOX11/SOX4/SRY/STAT1/STAT5B/SUZ12/TUBGCP4/XIAP/BMS1P20",68
"C1857276","Trichohepatoenteric Syndrome","63/2069","424/21671",0.148584905660377,1.55629941544999,3.7583933543115,0.000274219079351104,0.00681709869276231,0.005398372513779,"COL3A1/VWF/GLI3/AGTR1/SETBP1/TRPS1/EDNRA/SERPINE1/GJA1/GEM/TSHZ3/MYLK/TUBA1A/MYH11/SGCE/ACTG2/NR3C1/ZEB2/LMOD1/MMP2/TFPI/COL1A2/LOXL1/ELN/ACSL3/ARHGEF3/ATRX/CD6/CDC42/CEP290/CHDH/CYP2B6/DHCR7/DICER1/EHMT1/EPPK1/FANCC/FLT1/FOXP3/GATA3/GOSR2/GRK5/IDS/KCNQ1/LPL/LYST/MECP2/NDUFAB1/NSD1/NUFIP2/PDLIM5/PTEN/PTGS2/SCN4A/SH2D1A/STK11/SYCE1/TFRC/TMEM67/TNKS/UBE3A/UBR1/ZBTB20",63
"C0025289","Meningitis","34/2069","191/21671",0.178010471204188,1.86450697025905,3.8987694367506,0.000276051511359733,0.00684719660947013,0.00542220666575483,"VIM/SLC11A1/LSAMP/ICAM1/CYBB/JAK3/IGHM/SERPINE1/CFH/WIPF1/THBS1/CTLA4/APRT/ARHGEF28/CADM1/CD47/CXCL9/EGFR/ERBB2/FOXP3/HLA-B/HLA-G/KLK3/MECP2/MEFV/OAS2/PRDX2/SH2D1A/SLC46A1/STAG2/TCF12/TCF3/XIAP/HLA-DPA1",34
"C1853487","Thick eyebrow","22/2069","104/21671",0.211538461538462,2.21568390526825,4.03740183481515,0.000281935315154485,0.00696177943003663,0.00551294332323555,"FRMD4A/TRPS1/MEF2C/KCNJ8/CDH11/ABCC9/AFF4/ARID2/ATRX/CUL7/DNMT3A/FBXL4/KMT2A/NACC1/NFIX/OBSL1/RUSC2/SMAD4/SMARCA4/SOX11/SOX4/CDON",22
"C4021085","Abnormality of brain morphology","22/2069","104/21671",0.211538461538462,2.21568390526825,4.03740183481515,0.000281935315154485,0.00696177943003663,0.00551294332323555,"SMARCA1/SYNE1/SVIL/ZEB2/CDC42/CDH4/CEP290/CLN6/DHCR7/FBXL4/HELZ/MCPH1/PIGN/PLEKHG2/POMT1/POMT2/SOX5/SPG11/SPTAN1/ULK2/VLDLR/CDON",22
"C0428474","Serum LDL cholesterol measurement","44/2069","269/21671",0.163568773234201,1.71324257359032,3.82424517225388,0.000282600167345095,0.0069625853310325,0.00551358150583801,"COL4A1/LAIR1/APOC1/ICAM1/AGTR1/TGFBR1/AKT3/GPC6/TAGLN/HTR2B/F2R/LMOD1/MYOCD/PBX3/TFPI/HLA-DRA/ATP1A2/ABCC3/ABCB11/ADCY2/ARRB1/CUBN/CYP2B6/DHCR7/GMIP/HFE/IRF3/ITGB3/KLC1/LRP1/MAU2/MED23/NAA25/PCSK9/PRIMPOL/PSMB10/SMARCA4/SOX6/TCF7L2/TIRAP/TOMM40/TPM1/USP24/VLDLR",44
"C0027059","Myocarditis","46/2069","285/21671",0.16140350877193,1.69056328593354,3.81259472374123,0.000283759510320251,0.00697554349811813,0.00552384291119191,"CLU/FGL2/GJA1/PTPRC/CTSB/F2R/SPARC/CCL2/MMP2/TFPI/MSN/HLA-DQB1/PRKCB/CTLA4/ADAM9/AKT2/CASR/CHRNA4/CXCL9/DENR/DMD/F5/FOXP3/GLS/GNAO1/GPRC5B/HBEGF/HMGA1/IDS/IL21R/ILK/IRF3/LGALS9/MAPK14/MAPK8/MEFV/NCAM1/NFE2L2/PAWR/PPA2/PRKAR1A/PRKCA/PTGS2/TERF2IP/TGFB3/TRIM69",46
"C0008031","Chest Pain","29/2069","154/21671",0.188311688311688,1.97240338202156,3.93437244451202,0.000286215495809108,0.00702024778473432,0.00555924365907505,"PAPPA/TGFBR1/CD38/PRKG1/MFAP5/ACTA2/MYLK/PLN/C1R/MYH11/WIPF1/ELN/CDH2/CTLA4/MTHFR/F5/HLA-B/MAX/MEFV/NPNT/OXCT1/PART1/PCSK9/PGP/PRKAR1A/SCN4A/TGFB3/XRN1/HLA-DPA1",29
"C0079588","Ichthyosis, X-Linked","35/2069","199/21671",0.175879396984925,1.84218579606588,3.8775527090011,0.000287110242936751,0.00702654467880541,0.0055642300882596,"VIM/PECAM1/NLGN4X/FGFR1/CD8A/SERPINE1/STOM/TIMP2/MITF/CCL2/MMP2/VEGFC/CFH/LGALS1/PRIMA1/PRKCB/THBD/ERCC1/TYMS/CD47/CFLAR/CSPG4/DMD/EGFR/ERBB2/EWSR1/FOXP3/HIF3A/IDS/LAMB1/MAPK8/MIB1/PIK3CD/PLAGL1/PTEN",35
"C0153452","Malignant neoplasm of gallbladder","63/2069","425/21671",0.148235294117647,1.55263753447246,3.73814172927716,0.000292611078873909,0.00714529004797862,0.00565826301428483,"VIM/ST8SIA4/DLC1/DKK3/LATS2/CYP1B1/AXL/STOM/DDR2/TIMP2/TAGLN/ALDH1A3/EMP3/MMP2/VEGFC/THBS1/MTHFR/AXIN2/CDH1/AKT1S1/AKT2/ALDH1A1/APRT/CDO1/CFLAR/CREBRF/CYP2B6/DKK2/E2F7/EGFR/ERBB2/ERBB3/FEN1/HLA-B/HLA-C/HSPD1/IL24/ILK/LPP/MAPK8/MBD1/NEDD4L/NFE2L2/NLK/PIK3CD/PKLR/PML/PTEN/PTGS2/RPAIN/SGCB/SLC25A22/SMAD4/SSBP2/STK11/TACR1/TCF12/TENM3/TRAF3/TRO/VLDLR/YAP1/ZFX",63
"C1844505","Pointed chin","17/2069","71/21671",0.23943661971831,2.50789317830618,4.13458937081955,0.000293790489774964,0.00715821828294619,0.00566850071678057,"SETBP1/ZEB2/MEIS2/FLNA/CDH11/ELN/AP4E1/CLCN4/CUL7/LIMK1/MYH3/NFIX/NRXN1/NSD1/OBSL1/TBL2/TUBGCP4",17
"C0266052","Precocious exfoliation of primary tooth","8/2069","20/21671",0.4,4.18965683905268,4.63638495788921,0.000299648110048292,0.00726877673119347,0.00575605052573637,"COL3A1/PRKD1/GJA1/C1S/C1R/CTSC/CLCN7/VAC14",8
"C2697932","Loeys-Dietz Syndrome","8/2069","20/21671",0.4,4.18965683905268,4.63638495788921,0.000299648110048292,0.00726877673119347,0.00575605052573637,"COL3A1/TGFBR1/GREM1/ELN/PRKAR1A/SLC2A11/SLC8A1/TGFB3",8
"C0151786","Muscle Weakness","76/2069","536/21671",0.141791044776119,1.48513955115673,3.69494058587438,0.000302794261620645,0.00731785645418471,0.00579491612524149,"COL4A1/TPM2/ATXN1/SGCD/PMP22/FGFR1/SYNE1/GJA1/COL12A1/TUBB6/CAV1/CFL2/FHL1/C1R/CRYAB/COL6A2/DES/SPARC/COL6A1/CCL2/COL1A2/HLA-DQB1/COL13A1/ATP7A/MTHFR/ACTL6B/AGRN/CHRNA4/COQ7/DMD/DNM2/DYNC1H1/HAMP/HEXA/HLA-B/HMBS/IL17RD/IRF2BP2/IRF2BPL/LAMA2/LIMS2/LMNA/MECP2/MRAS/MTMR14/MYH3/MYO9A/NDUFAF3/NEFL/PAX8/PGD/PHKA1/PLA2G4A/PLEKHM3/PML/POMT1/POMT2/PPOX/PPP1R1A/PRKAA2/PRKACA/PRKAR1A/PRPH/PSMB8/RAB7A/SCN11A/SCN4A/SCN8A/SMCHD1/SMPD1/SNCA/SOS2/SPR/SPRY4/STAT5B/TPM1",76
"C0041956","Ureteral obstruction","55/2069","359/21671",0.153203342618384,1.60467358041711,3.75332025749319,0.000303000321720533,0.00731785645418471,0.00579491612524149,"VIM/RGS2/COL3A1/CLU/PECAM1/AGTR1/SMARCA1/POSTN/TGFBR1/SERPINE1/CCL5/TNC/DDR2/ACTA2/VCAM1/F2R/CCL2/FLNA/SERPINF1/VEGFC/MSN/THBS1/ADAMTS1/STC1/EMCN/ATP7A/CDH1/ADAM10/AKT2/ANGPT2/ARRB1/ATG7/ATP6AP2/EGFR/FABP1/HAMP/HES1/HSPD1/MAPK14/MAPK8/MEFV/NFE2L2/NFKB1/PIK3CD/PLA2G4A/PRKAA2/PTGES/PTGS2/RAC1/RGCC/SLC11A2/SMAD4/SMARCA4/STX2/WNK1",55
"C0002895","Anemia, Sickle Cell","64/2069","434/21671",0.147465437788018,1.54457394988117,3.72318531055189,0.000304128314419042,0.00732902653544182,0.00580376156849422,"COL4A1/PDE5A/VWF/ICAM1/PAPPA/CYBB/MCC/CD38/SERPINE1/CCL5/MFGE8/VCAM1/NR3C1/HOPX/ANTXR1/CCL2/ATP2B4/CFH/TFPI/HLA-DQB1/THBS1/CTSC/PRKCB/CTSK/ITGA4/THBD/CTLA4/UMPS/MTHFR/ABCA1/AKAP1/AKT2/ANGPT2/ATP2A2/BRAP/CASR/CD47/CD6/CLCN7/CRYZ/EGR1/F5/HAMP/HEXA/HFE/HLA-G/INSIG1/JUNB/KLF10/LIPG/MAPK14/MAPK8/MCL1/MYB/NFE2L2/OXCT1/PLA2G4A/PRDX2/PRKAR1A/PRKCA/SAR1A/SLC14A1/SMPD1/TACR1",64
"C0041408","Turner Syndrome","30/2069","162/21671",0.185185185185185,1.93965594400587,3.90010025812881,0.000306784372226242,0.00737689146578079,0.00584166518936891,"VWF/PAPPA/CD38/CSF2RA/ZFPM2/SERPING1/NR3C1/F2R/MTR/CTLA4/MTHFR/TYMS/BCL2L11/DMD/EGFR/FOXP3/GLS/HLA-C/IL3RA/LHX9/MAMLD1/MCL1/MYO9B/NDUFS7/PGD/PPP2R3C/SOS2/SRY/XIAP/ZFX",30
"C0276501","Human immunodeficiency virus II infection","10/2069","30/21671",0.333333333333333,3.49138069921057,4.43630676104452,0.000308573300838285,0.00738764730898268,0.00585018260284941,"CCL5/GEM/PDPN/PRKCB/CFLAR/HLA-B/ITIH4/MAPK8/PRKCA/XIAP",10
"C0854094","HIV-2 infection","10/2069","30/21671",0.333333333333333,3.49138069921057,4.43630676104452,0.000308573300838285,0.00738764730898268,0.00585018260284941,"CCL5/GEM/PDPN/PRKCB/CFLAR/HLA-B/ITIH4/MAPK8/PRKCA/XIAP",10
"C0220633","Uveal melanoma","57/2069","376/21671",0.151595744680851,1.58783537118353,3.73568564603845,0.000313271081527857,0.00748384906912426,0.00592636353569652,"VIM/ICAM1/AKT3/EDNRA/ACKR3/AHNAK2/CACNA2D1/EFS/CAV1/KCTD12/HTR2B/DES/SPARC/CCL2/SERPINF1/MMP2/MCAM/TFPI/LBH/PRKCB/CTLA4/ABTB1/ADAM10/ADRA1A/ANGPT2/BRAP/BTNL9/CANT1/CCL22/CD47/CIITA/CNKSR3/CTDSPL/DICER1/DPYSL2/EGFR/ERBB2/FOXP3/GNA11/HDAC4/HLA-G/HOXA11-AS/JPX/KTN1/LGR4/LIPG/LPAR2/MAGI1/NFKB1/PAK1/PIK3CD/PRKCA/PTEN/RARB/XIAP/YAP1/ZNF654",57
"C1658953","tumor vasculature","35/2069","200/21671",0.175,1.83297486708555,3.84485767611428,0.000316663324742322,0.00753776354269282,0.00596905771181522,"ADAM12/PECAM1/VWF/ICAM1/PAPPA/HLA-DOA/FGFR1/SERPINE1/CCL5/ACKR3/CALD1/TNC/TIMP2/VCAM1/ANTXR1/DES/MMP2/THBS1/CDH11/CDH5/THBD/ANGPT2/CASR/EGFR/EPOR/FLT1/FOXP3/KLK3/NFE2L2/PRDM1/PRKAR1A/PTGS2/STAB1/STK11/TFRC",35
"C2347761","Childhood Myelodysplastic Syndrome","52/2069","335/21671",0.155223880597015,1.62583698231895,3.75047810033697,0.000316896805617613,0.00753776354269282,0.00596905771181522,"HAVCR2/SETBP1/MLLT11/TSHZ2/RUNX1T1/SOX7/EBF1/CD38/GEM/MEIS1/SPARC/MMP2/THBD/CDH1/ANGPT2/ANKRD26/ATG7/ATRX/CD6/CEBPA/CFLAR/CLEC12A/CSNK1A1/CYP3A4/DICER1/DNMT3A/EGR1/FANCB/FLT1/HAMP/HFE/ID4/IL3RA/ITGB3/KDM6B/KMT2A/MAPK14/MAPK8/MEFV/MVD/MYB/NCAM1/PAK1/PCM1/PDE4A/PIK3CD/PRDM2/SCN4A/SUZ12/TRIM33/WT1-AS/ZRSR2",52
"C4553743","Spasticity, CTCAE","69/2069","477/21671",0.144654088050314,1.51512747324232,3.69595730565495,0.000317997127200916,0.00754763440056829,0.0059768743168321,"COL4A1/EML1/ATXN1/TUSC3/SETBP1/FGFR1/AP1S2/JAM3/GJA1/HTRA1/HLA-DQB1/ELN/DENND5A/MYO5A/ATP7A/ACTL6B/AP4S1/ATP6V0A2/ATRX/ATXN3/CACNA1G/CAMK2A/CC2D1A/CC2D2A/CHMP1A/DDX3X/EIF2B5/EPM2A/GCDH/GFM2/GLE1/GLRB/GNAO1/GRIN2D/IRF2BPL/ISCA1/KDM5B/LIMK1/LMAN2L/MECP2/MED17/MED23/MED25/MRPS34/NACC1/NDUFAF3/NEK1/NSD1/OCLN/OPA3/PIGN/PNKP/PRPH/RAB11B/RAB3GAP1/RUSC2/SCN8A/SLC25A22/SMPD1/SNCA/SPG11/SPR/SUZ12/TBL2/TMEM67/TMTC3/TRAK1/UBQLN2/VPS13D",69
"C0019284","Diaphragmatic Hernia","18/2069","78/21671",0.230769230769231,2.41710971483809,4.07336936504437,0.000322149382270784,0.00761337155997457,0.00602893072535227,"IGFBP5/ICAM1/AGTR1/SOX7/EDNRA/GJA1/ZFPM2/KCNMA1/TIMP2/DCN/VCAM1/ELN/EDIL3/ATP7A/GATA4/LRP1/RAC1/RARB",18
"C0270823","Petit mal status","18/2069","78/21671",0.230769230769231,2.41710971483809,4.07336936504437,0.000322149382270784,0.00761337155997457,0.00602893072535227,"IGFBP7/KCNMA1/GAP43/MEF2C/CCL2/ABCC2/CDH2/ATP2A2/DMD/GATA3/JUNB/LAMP2/NTRK3/PDXK/PTGS2/SCN8A/SLC8A1/UBE3A",18
"C0023479","Acute myelomonocytic leukemia","22/2069","105/21671",0.20952380952381,2.1945821537895,3.98644136004219,0.000325003640157789,0.00766437920569107,0.0060693230219932,"CYBB/SETBP1/MLLT11/RUNX1T1/FGFR1/CD38/MYH11/FLNA/DHFR/CD6/CEBPA/DNMT3A/FANCB/KAT6A/KMT2A/MCL1/MYB/NCOA2/NSD1/TFRC/HLA-DMB/LILRB4",22
"C0007124","Noninfiltrating Intraductal Carcinoma","70/2069","486/21671",0.1440329218107,1.50862128978234,3.68432509219749,0.000327496514638984,0.00770121695047664,0.00609849435687957,"VIM/MMP11/CLU/PECAM1/VWF/ICAM1/AGTR1/POSTN/FGFR1/PRKD1/TRPS1/TIAM1/SLIT2/IGFBP7/SERPINE1/CTSB/TNC/DDR2/TIMP2/MYLK/CAV1/SPARC/MMP2/LGALS1/THBS1/CDH11/ITGA4/CTLA4/CDH1/ALDH1A1/ATP6AP2/BRIP1/CADM1/CISH/CPD/CUL3/DBT/EGFR/ERBB2/ERBB3/FLT1/FOXP3/GATA3/GATA4/GSN/HDLBP/INPP4B/INTS2/KLK3/LMNA/MIB1/MUC3B/MYB/NCOA2/NEFL/PART1/PBK/PEG10/PIK3CD/PTEN/PTGS2/RAC1/RARB/SMAD4/SMARCA4/SOX11/STAT1/STAT5B/TBX3/XPR1",70
"C4707243","Familial thoracic aortic aneurysm and aortic dissection","15/2069","59/21671",0.254237288135593,2.66291748244874,4.15536075763217,0.000327964292179564,0.00770121695047664,0.00609849435687957,"COL3A1/COL4A1/TGFBR1/PKD2/PRKG1/MFAP5/ACTA2/MYLK/MYH11/FLNA/COL1A2/EFEMP2/ELN/SMAD4/TGFB3",15
"C1443924","Severe diarrhea","13/2069","47/21671",0.276595744680851,2.89710313338749,4.22991229435241,0.000332262713413661,0.00778555162303117,0.0061652778961527,"CFH/ABCC2/ERCC1/CTLA4/MTHFR/CES2/ABCB11/CHPT1/CUL3/CYP3A4/ERBB2/SLC2A5/STX2",13
"C0004623","Bacterial Infections","85/2069","616/21671",0.137987012987013,1.44529558165373,3.64267669912798,0.000338989438430449,0.0079263071877591,0.00627674041210475,"DOCK2/COL4A1/CLU/ICAM1/RBMS3/CYBB/JAK3/TGFBR1/RUNX1T1/SERPINE1/CCL5/PTPRC/GBP2/MASP1/ACTG2/CSRP1/CCL2/CFH/MCAM/TFPI/MSN/C3/POPDC2/BCHE/LILRB2/DHFR/CTLA4/ABCB11/ADAM10/APRT/ARHGEF28/ATP6AP2/CFLAR/CHRNA4/CISH/CPD/DNASE2/EGFR/FCN2/GRK6/GSN/HAMP/HDLBP/HLA-B/HSPD1/IL24/INPP4A/IRF3/ITGB1/ITIH4/LAMP2/MAPK14/MAPK8/NFATC3/NFE2L2/NFKB1/PARP9/PCSK9/PIK3CD/PLA2G4A/PML/PRKAA2/PTEN/PTGS2/RAC1/SET/SH2D1A/SLC22A17/SLC46A1/SLC6A2/SMPD1/SOCS3/SREBF2/STAT1/STX6/TIRAP/TOLLIP/TRAF3/TRIM33/UBE2I/VTI1B/WNK1/XIAP/ZNF292/LILRB4",85
"C4025008","Reduced systolic function","5/2069","8/21671",0.625,6.54633881101982,5.09743384469199,0.000345303318606678,0.00805683357587997,0.00638010257505871,"TPM2/SGCD/PLN/DES/LIMS2",5
"C0220756","Niemann-Pick Disease, Type C","35/2069","201/21671",0.174129353233831,1.82385558913985,3.81234861645761,0.000348896392884946,0.008123458720596,0.00643286216769061,"VIM/HAVCR2/S1PR3/LIPA/POSTN/TGFBR1/DKK3/NEGR1/CCL5/CAV1/CCL2/PDLIM7/THBS1/IGFBP6/ATP7B/ERCC1/CTLA4/CDH1/ABCA1/BACE1/EGR1/FCN2/FOXP3/JUNB/LAMP1/LGALS9/NLK/PAK1/PSMB9/PTPN6/SATB1/SCARB1/SEZ6L/SMPD1/WNK1",35
"C0234119","Neuromuscular inhibition","17/2069","72/21671",0.236111111111111,2.47306132860749,4.06752061720687,0.000350840093615006,0.00815148090924486,0.00645505257739357,"RGS2/PDLIM3/PDE5A/AGTR1/PRKG1/AXL/KCNMA1/MYLK/PLN/HSPB6/BCHE/ABCC9/PDE4A/PPP1R12A/RNF111/SCN4A/TPM1",17
"C0595921","Intraocular pressure disorder","48/2069","304/21671",0.157894736842105,1.65381191015237,3.72972964952992,0.000356158246891928,0.00825762268004379,0.00653910487645345,"GAS7/PECAM1/AGTR1/RUNX1T1/DKK3/IGFBP7/CD38/EDNRA/CYP1B1/CACNA2D1/GEM/CAV2/TNC/CAV1/NR3C1/GAP43/SPARC/CCL2/TGFB1I1/MMP2/LOXL1/LUM/AKR1B1/STC1/ABCA1/ARHGEF12/CASR/CHRNA4/COCH/DHX15/ELAVL1/GGA3/GLCCI1/HLA-B/HSPD1/IL17B/LAMP1/LIMK1/MAPK14/MAPK8/MYO10/NFE2L2/PBX1/PIK3CD/PRKAR1A/PTGS2/RBPMS/SLC6A2",48
"C2585653","Persistent atrial fibrillation","29/2069","156/21671",0.185897435897436,1.94711615917512,3.85704209680572,0.00035845803660096,0.00829348394345876,0.00656750294833912,"EPHA3/VWF/SSPN/ATXN1/CAV2/CAV1/CFL2/PLN/PHLDB2/NR3C1/DES/MYOCD/CALU/FBXO32/GNB4/WIPF1/AKAP6/CEP68/GATA4/GOPC/GOSR2/IRF2BPL/LRIG1/NAV2/NUCKS1/PAK2/SH3PXD2A/SOX5/USP34",29
"C0027868","Neuromuscular Diseases","31/2069","171/21671",0.181286549707602,1.8988210820268,3.83364226268442,0.000362112643342451,0.00836047492899457,0.00662055224559683,"COL4A1/HSPB8/ATXN1/SGCD/PMP22/SYNE1/LDB3/CAV2/TIMP2/MEF2C/DES/SYNC/MMP2/ATP7A/APRT/DMD/DNM2/EIF3K/FBXL4/HSPD1/JPH3/KY/LAMA2/LMNA/NEFL/PIK3CD/POMT1/SCN4A/SCN8A/SGCB/USP14",31
"C1691215","Penile hypospadias","25/2069","127/21671",0.196850393700787,2.06183899559679,3.89903262748962,0.000364684332054468,0.00840223545798296,0.00665362186978917,"MMP11/SETBP1/TGFBR1/BNC2/CYP1B1/MYH11/ZEB2/ELN/EDIL3/MTHFR/CHPT1/CYP2B6/DKK1/DYRK1A/EPG5/JUNB/MAMLD1/MAPK8/NFE2L2/PIK3CD/RNF128/SCARB1/SF1/SRY/WT1-AS",25
"C0042900","Vitiligo","59/2069","395/21671",0.149367088607595,1.5644921107855,3.67850154049478,0.000367398294977948,0.00844709274027587,0.00668914377297506,"HAVCR2/FLI1/ICAM1/IL2RB/HLA-DOA/CCL5/PTPRC/TNC/MITF/UBE2E2/PDLIM7/HLA-DQB1/ELN/BCHE/CCDC88A/MTRR/ERCC1/CTLA4/MTHFR/CDH1/CANX/CIITA/DCLRE1C/DDX6/DKK1/FARP2/FOXD3/FOXP3/GATA3/HLA-B/HLA-C/HLA-F/HLA-G/IKZF4/IL17B/IL24/IRF3/KIDINS220/KLK3/LMNA/LPP/MAPK14/MBD1/NFE2L2/PGD/PGP/PIK3CD/PRDX2/PSMB10/PSMB8/PSMB9/PTGS2/RNASET2/RPS6KB1/SH2D1A/STRN3/TAP1/TRPC1/ZMIZ1",59
"C0016667","Fragile X Syndrome","34/2069","194/21671",0.175257731958763,1.83567438824473,3.79848711075705,0.000372045752621451,0.00853612473670842,0.00675964706243141,"ST8SIA4/RBMS3/ADARB1/SPARC/SDC2/ADAM10/ADCY1/APRT/ATXN3/CD47/DICER1/DSCAM/FXR1/FXR2/GSN/IDS/LIMK1/LMNA/MECP2/NFE2L2/NRXN1/NUFIP2/PAK1/PCSK9/PDE4D/PDLIM5/PGD/PIK3CD/PPP1R12A/PTEN/RAC1/RPS6KB1/SRY/UBE3A",34
"C0037268","Skin Abnormalities","22/2069","106/21671",0.207547169811321,2.17387854856507,3.93605244414959,0.000373729101285227,0.00853916720426184,0.00676205635323894,"APOC1/TGFBR1/SERPINE1/AKAP12/ANGPTL2/ANTXR1/MMP2/CTSC/CTSK/ATP7A/MTHFR/B4GALT6/ERBB2/IL17B/LMNA/LSS/MAPK14/MECP2/MYH3/RAB3GAP1/SLC27A4/SMAD4",22
"C1280433","Lipoatrophy","22/2069","106/21671",0.207547169811321,2.17387854856507,3.93605244414959,0.000373729101285227,0.00853916720426184,0.00676205635323894,"COL3A1/LAMA4/SGCD/CD38/LDB3/FERMT2/CAV1/PLN/CLMP/NEXN/CRYAB/CAP2/DES/FLNA/ABCC9/DMD/HFE/LMNA/LMNB2/PSEN2/PSMB8/TPM1",22
"C0221354","Frontal bossing","50/2069","321/21671",0.155763239875389,1.63148630804232,3.70319877111281,0.000376411191985647,0.00858264276881559,0.00679648409197142,"FLI1/GLI3/SETBP1/FGFR1/TRPS1/NID1/GJA1/DDR2/GPC6/MITF/ANTXR1/FLNA/MPDZ/MMP2/COL1A2/DENND5A/CTSK/ACOX1/ACTL6B/ARID2/ATP6V0A2/BRIP1/BRWD3/CLCN7/CUL7/DICER1/FANCB/FANCC/FANCM/HDAC4/KMT2A/MAP2K2/MBTPS2/NFIX/NRXN1/NSD1/OBSL1/PAK1/PIGN/PRMT7/PTEN/SCN8A/SIK3/SLX4/SOX5/STAG2/SUFU/TCF12/TONSL/TRIP11",50
"C0017168","Gastroesophageal reflux disease","65/2069","446/21671",0.145739910313901,1.5265005299239,3.65007594869001,0.000380351715972573,0.00858493915534095,0.00679830257083731,"COL3A1/POSTN/TCF4/MAP1B/CAV1/SERPING1/MEIS2/SPARC/FLNA/ELN/ADAMTS2/COL13A1/ATP7A/TYMS/ACTL6B/AFF3/AFF4/AGRN/ARID2/ATRX/CLCN4/COG7/CYP3A4/DDC/DHCR7/DKK1/DPP9/EBF3/EGFR/FARSB/FBXL4/FLT1/FOXP3/GLRB/GRIN2D/KAT6A/KMT2A/LAMA2/LIMK1/MAP2K2/MECP2/MRPS34/MYO9A/NALCN/NEDD4L/NFE2L2/NPNT/NRXN1/PAK1/PIGN/PRDM6/PRKCSH/PTGS2/RREB1/SCN8A/SEC63/SLC25A1/SLC46A1/SOX5/TBL2/TMTC3/TRAK1/TSPYL1/WNK1/ZNF569",65
"C0241240","Tall stature","18/2069","79/21671",0.227848101265823,2.38651338933381,4.01098175310971,0.000380499066902796,0.00858493915534095,0.00679830257083731,"GLI3/TCF4/TGFBR1/PRKG1/MFAP5/ACTA2/MYLK/MYH11/ELN/ABCC9/DNMT3A/NFIX/NSD1/PTEN/SRY/SUFU/SUZ12/TGFB3",18
"C0265010","Ruptured thoracic aortic aneurysm","4/2069","5/21671",0.8,8.37931367810537,5.36131238697694,0.000382748127238028,0.00858493915534095,0.00679830257083731,"AOC3/SERPINE1/EFEMP2/ATP7A",4
"C0265012","Ruptured abdominal aortic aneurysm","4/2069","5/21671",0.8,8.37931367810537,5.36131238697694,0.000382748127238028,0.00858493915534095,0.00679830257083731,"AOC3/SERPINE1/EFEMP2/ATP7A",4
"C0521533","Atrial septal aneurysm","4/2069","5/21671",0.8,8.37931367810537,5.36131238697694,0.000382748127238028,0.00858493915534095,0.00679830257083731,"VWF/ATP1A2/F5/GATA4",4
"C1305122","Thoracoabdominal aortic aneurysm, ruptured","4/2069","5/21671",0.8,8.37931367810537,5.36131238697694,0.000382748127238028,0.00858493915534095,0.00679830257083731,"AOC3/SERPINE1/EFEMP2/ATP7A",4
"C2931117","Fetal megacystis","4/2069","5/21671",0.8,8.37931367810537,5.36131238697694,0.000382748127238028,0.00858493915534095,0.00679830257083731,"ACTA2/MYLK/ACTG2/LMOD1",4
"C4225202","LAMB-SHAFFER SYNDROME","4/2069","5/21671",0.8,8.37931367810537,5.36131238697694,0.000382748127238028,0.00858493915534095,0.00679830257083731,"SOX11/SOX4/SOX5/SOX6",4
"C0019209","Hepatomegaly","74/2069","523/21671",0.141491395793499,1.48200098513336,3.62513035619493,0.000384374609314569,0.00860389750484013,0.00681331544324177,"CYGB/ADAMTS5/LIPA/CYBB/TCF4/IL2RB/JAM3/PTPRC/IGKC/CYP1B1/CAV1/ANTXR1/CTSK/ABCC2/ATP7B/DHFR/CTLA4/ABCC3/ABCA1/ABCB11/ACOX1/AKR1D1/AKT2/ALG13/ATRX/CAMK2A/CASR/CC2D2A/CLCN7/COG7/COX20/DCDC2/DCLRE1C/DSCAM/DYNC2LI1/ERBB3/EWSR1/F5/GCDH/HAMP/HEXA/HFE/HGSNAT/IDS/KCNQ1/LMNA/LYST/MAPK14/MECP2/MEFV/MRAS/NDUFAF3/NDUFS7/NFE2L2/NHLRC2/NPHP3/OCLN/PIGM/PLAGL1/PNPLA2/PRKCD/PRKCSH/PSMB8/PSMB9/SEC63/SH2D1A/SMPD1/SOS2/SP110/TMEM67/VPS33A/XIAP/XPR1/CD27",74
"C0812413","Malignant Pleural Mesothelioma","62/2069","421/21671",0.147268408551069,1.54251023765598,3.65198535611293,0.000388128654901904,0.00867030603739283,0.00686590350349583,"VIM/HAVCR2/CD74/ICAM1/PAPPA/FGFR1/CD38/PTPRC/TNC/DCLK1/KCNMA1/EFEMP1/CAV1/CLIC4/ACTG2/ALDH1A3/F2R/CCL2/PDPN/MMP2/MCAM/COL1A2/THBS1/THBD/CDH2/DHFR/CTLA4/TYMS/ADAM10/APRT/CACUL1/CD47/CFLAR/CHRNA4/DENR/EGFR/ERBB2/FEN1/FOXK1/FOXP3/IL24/KDM6B/LMNA/MSLN/MTNR1A/PEA15/PIK3CD/PKP3/PLK1/PRKAA2/PTGS2/RARB/ROR1/SLC46A1/SOCS3/STAT1/TUSC2/USP22/WNK1/XIAP/YAP1/CD27",62
"C0027498","Nausea and vomiting","42/2069","257/21671",0.163424124513619,1.7117275023367,3.72898742714322,0.000390909921268625,0.00871475903427401,0.00690110525827947,"FLI1/LIPA/IGFBP7/CD38/MYLK/CHRDL1/CAV1/MYH11/ACTG2/NR3C1/LMOD1/PALLD/ELN/ATP7A/CTLA4/ATRX/CHDH/EHMT1/EWSR1/GLE1/HLA-B/HMBS/HTR3A/LIMK1/MEFV/NEK1/PBK/PDE4A/PMS1/PPOX/PRPH/PTEN/PTGS2/SCN8A/SLC46A1/SMAD4/STK11/SUFU/TACR1/TBL2/UBQLN2/HLA-DPA1",42
"C0751495","Seizures, Focal","36/2069","210/21671",0.171428571428571,1.79556721673686,3.76375250287942,0.000394306242004073,0.00877271645089062,0.00694700098884369,"CHRNA3/CLU/TCF4/MAP1B/TUSC3/NRP2/FLNA/FAM20C/MPDZ/BCHE/ABCC2/ATP7A/BACE1/CC2D1A/CHRNA4/DYNC1H1/KCNT2/KDM5B/LAMA2/LMAN2L/MECP2/MED23/MED25/MIB1/NEDD4L/PIGM/PNKP/PRKCD/PTEN/PTGS2/SCN8A/SLC6A2/SLC8A1/SUFU/SYN2/TMTC3",36
"C3468561","familial atrial fibrillation","29/2069","157/21671",0.184713375796178,1.93471414542242,3.81880574921339,0.000400290004202121,0.00884055827769322,0.00700072405632466,"EPHA3/VWF/SSPN/ATXN1/CAV2/CAV1/CFL2/PLN/PHLDB2/NR3C1/DES/MYOCD/CALU/FBXO32/GNB4/WIPF1/AKAP6/CEP68/GATA4/GOPC/GOSR2/IRF2BPL/LRIG1/NAV2/NUCKS1/PAK2/SH3PXD2A/SOX5/USP34",29
"C0235782","Gallbladder Carcinoma","71/2069","498/21671",0.142570281124498,1.49330138339729,3.61822287154506,0.000401370409416558,0.00884055827769322,0.00700072405632466,"VIM/ST8SIA4/PECAM1/DLC1/DKK3/LATS2/CYP1B1/CTSB/AXL/STOM/TIMP2/TAGLN/EMP3/SDC2/MMP2/VEGFC/THBS1/ABCC2/MTHFR/AXIN2/TYMS/AKT1S1/AKT2/ALDH1A1/APRT/CDO1/CFLAR/CHD5/CREBRF/DKK2/E2F7/EGFR/ELAVL1/ERBB2/ERBB3/FEN1/GOPC/HLA-B/HLA-C/HSPD1/IGF2BP2/IL24/LPP/MAPK8/MBD1/MPZL1/NEDD4L/NFE2L2/NLK/PIK3CD/PKLR/PML/PTEN/PTGS2/RAC1/SET/SGCB/SLC25A22/SMAD4/SSBP2/STAT1/STK11/TACR1/TCF12/TENM3/TFDP1/TRAF3/TRO/VLDLR/YAP1/ZFX",71
"C0038271","Stereotyped Behavior","26/2069","135/21671",0.192592592592593,2.01724218176611,3.85183994116303,0.000401625704576976,0.00884055827769322,0.00700072405632466,"TUSC3/NLGN4X/MEF2C/AP4E1/AP4S1/ARID2/ATRX/CC2D1A/EBF3/EHMT1/HDAC4/KDM5B/KMT2A/LMAN2L/MECP2/MED23/MED25/NACC1/NRXN1/RAB11B/RAC1/SCN8A/SOX5/THOC2/TRAPPC6B/VAMP2",26
"C0494261","Combined immunodeficiency","19/2069","86/21671",0.22093023255814,2.31405464947677,3.96685325420353,0.000402441816349248,0.00884055827769322,0.00700072405632466,"DOCK2/TRAC/ANGPTL2/WIPF1/MSN/CTLA4/AK2/CDC42/DCLRE1C/HLA-C/IL21R/NFKB1/PIK3CD/SP110/STAT1/STAT5B/TFRC/TNFRSF4/CD27",19
"C0234860","Weak cry","12/2069","42/21671",0.285714285714286,2.99261202789477,4.1994138954977,0.000402892979964701,0.00884055827769322,0.00700072405632466,"TPM2/KCNMA1/CRYAB/LAMB2/COL13A1/AGRN/CHRNE/EBF3/LAMA2/MYO9A/NSD1/SLC25A1",12
"C1332965","Congenital Mesoblastic Nephroma","12/2069","42/21671",0.285714285714286,2.99261202789477,4.1994138954977,0.000402892979964701,0.00884055827769322,0.00700072405632466,"SMARCA1/CALD1/ACTA2/THBS1/CD6/EGFR/EIF3K/EML4/EWSR1/KMT2A/NTRK3/PAX8",12
"C0024668","Mammary Neoplasms, Experimental","37/2069","218/21671",0.169724770642202,1.77772136519437,3.74945174658762,0.000402974689494415,0.00884055827769322,0.00700072405632466,"IL18BP/AGTR1/TRPS1/IL6ST/BASP1/EFEMP1/DES/MGP/MMP2/THBS1/CDH1/TYMS/ADCY5/CAPZB/CDC42/DBI/EGFR/EPOR/ERBB2/GATA3/GATM/GSN/GSS/HNRNPAB/ID4/INSIG1/ITGB3/LPL/MPZL1/NFE2L2/PLK2/PRDX2/PTGS2/SCARB1/TGFA/UBE2I/XIAP",37
"C0376544","Hematopoietic Neoplasms","50/2069","322/21671",0.15527950310559,1.62641958037759,3.67928983048176,0.000405170955883265,0.00887106905992525,0.00702488515118312,"DOCK2/HSPB8/EPHA3/CYBB/JAK3/PMP22/FGFR1/CD38/HIP1/AXL/CLEC2B/THBD/ABCC2/AKAP13/AKT2/CASR/CD47/CD6/CIITA/DDX6/DICER1/DKK1/DNMT3A/EGR1/ETV7/GLS/HMGA1/HSPA5/IL21R/IL24/KDM6B/KMT2A/MCL1/MIXL1/MYB/NCAM1/NFKB1/PBX1/PCM1/PIK3CD/PLK1/PML/PRKAR1A/RAC1/SMCHD1/SOX11/STAT5B/TFRC/ZNF10/HLA-DPA1",50
"C0013146","Drug abuse","60/2069","405/21671",0.148148148148148,1.5517247552047,3.6413848923894,0.00040872858097619,0.00893120607597376,0.00707250687842049,"SORBS1/SAMD4A/ST8SIA4/FRMD4A/SYNE1/EDNRA/ACKR3/HTR2B/NR3C1/MMP2/LGALS1/A2M/MSN/BCHE/PRKCB/RORA/MTHFR/ABLIM1/ADRA1A/AFF3/ARRB1/ATP1B1/CBX1/CHPT1/CHRNA4/CREB1/CSE1L/CYP2B6/CYP3A4/DBT/DSCAM/FANCB/FARP1/FKBP15/GCC1/GLS/GSN/HAMP/HTR3A/LPAR2/MORN4/MYO5C/MYO6/NFE2L2/NFKB1/NKTR/NME7/NRXN3/OPRL1/PARP9/PART1/PARVA/PBX1/PSEN2/RHBDD3/SARM1/SERPINB6/TACR1/XPO6/ZNF606",60
"C0027055","Myocardial Reperfusion Injury","38/2069","226/21671",0.168141592920354,1.76113893676993,3.73692724098245,0.000410092746955937,0.00894327014302125,0.00708206025748814,"PTGER3/PECAM1/ICAM1/AGTR1/CYBB/EDNRA/SERPINE1/GJA1/PRKG1/TNC/PLN/ANK2/VCAM1/KCNJ8/CCL2/MMP2/THBS1/C3/LUM/PRKCB/AKT2/ANGPT2/ATP2A2/CASR/CFLAR/HRH3/HSPA5/MAPK8/PAWR/PRKCD/PTEN/PTGS2/SLC8A1/SMAD4/SORD/STAT1/TFRC/XIAP",38
"C0541794","Skeletal muscle atrophy","48/2069","306/21671",0.156862745098039,1.64300268198144,3.68028589842137,0.000414526681422378,0.00900832738743071,0.00713357825009328,"COL4A1/TPM2/ATXN1/PMP22/AP1S2/FHL1/COL6A2/DES/COL6A1/FLNA/LAMB2/COL13A1/CTLA4/AGRN/ATP8A2/BBS10/CEP290/CHRNE/COG7/DMD/DYNC1H1/ERBB3/FBXL4/GLE1/KY/LIMS2/LMNA/MECP2/MYH3/NALCN/NEK1/NIPA1/PHKA1/PIP5K1C/PNKP/POMT1/POMT2/PRKACA/PRKAR1A/PRPH/PSMB8/PTEN/SCN4A/SLC46A1/SMCHD1/UBQLN2/VLDLR/WNK1",48
"C0027092","Myopia","70/2069","490/21671",0.142857142857143,1.49630601394739,3.61022156634907,0.000414711884629744,0.00900832738743071,0.00713357825009328,"COL4A1/MMP11/MAF/TCF4/TGFBR1/GJA1/YME1L1/KCNMA1/TIMP2/DCN/MYH11/TWIST2/ZEB2/ANTXR1/HTRA1/COL6A1/SERPINF1/MMP2/CFH/ELN/LUM/LAMB2/ADAMTS2/COL8A1/MYO5A/ACOX1/ADAMTSL1/ATP6V0A2/ATRX/BMP2K/CABP4/CANT1/CCDC28B/CHMP1A/CREBZF/DKK1/EGR1/EHMT1/GLE1/GLRB/GOSR1/GPR143/IRF2BPL/JUNB/KDM5B/KMT2A/LAMA2/LIMK1/LRP1/LYPLAL1/MAP2K2/MBTPS2/MECP2/NSD1/POMT1/POMT2/PPP2R5D/PRIMPOL/PTEN/PTPN23/RARB/RGR/SENP6/SOX5/TBL2/TCF7L2/TMTC3/UBE3A/ZNF292/ZNF408",70
"C0020255","Hydrocephalus","68/2069","473/21671",0.143763213530655,1.50579632693225,3.61341885349835,0.000416800107366465,0.00900952065528546,0.00713452318351423,"COL4A1/GLI3/SMARCA1/EML1/AKT3/FGFR1/AP1S2/NID1/PKD2/ITPR1/F2R/CCL2/FLNA/MPDZ/COL1A2/CDH5/CTSK/ADAMTS9/ARL3/BRIP1/CC2D2A/CCDC28B/CDC42/CEP290/CHPT1/CLCN7/DCDC2/DHCR7/DNAAF1/DNAH3/F5/FANCB/FANCC/FANCM/FZD3/HBEGF/HSPD1/IDS/IL24/ITGB1/LAMB1/MAP2K2/MBTPS2/NAPA/NCAM1/NFIX/NME7/PAK1/PCM1/PIK3CD/POMT1/POMT2/PPP2R5D/PRKAR1A/PTEN/RBPJ/RHOF/RNF34/RREB1/SIK3/SLC25A1/SLX4/SMARCA4/SUFU/TMEM67/VAC14/ZBTB20/ZNHIT3",68
"C0038450","Stridor","10/2069","31/21671",0.32258064516129,3.37875551536507,4.30587616452415,0.000416823125319634,0.00900952065528546,0.00713452318351423,"FLNA/COL13A1/AGRN/MECP2/MYO9A/PAX8/SCARF2/SCN4A/SLC25A1/TSPYL1",10
"C0409338","Flexion contracture - elbow","17/2069","73/21671",0.232876712328767,2.43918377616081,4.00157005827213,0.000417221060037736,0.00900952065528546,0.00713452318351423,"TPM2/SYNE1/COL12A1/DDR2/FHL1/COL6A2/COL6A1/FLNA/IRF2BPL/KY/LGI4/LMNA/MYH3/NALCN/PSMB8/SCARF2/SIK3",17
"C4721579","Secondary malignant neoplasm of colon and/or rectum","59/2069","397/21671",0.148614609571788,1.55661053843897,3.63648339786677,0.000419001784531833,0.00903026742279663,0.00715095228107166,"SGCD/PRKD1/SERPINE1/CCL5/PTPRC/GEM/MYH11/ACTG2/MEIS2/CCL2/ARL4C/THBS1/THBD/ABCC2/ERCC1/TK1/CTLA4/SLC19A1/UMPS/MTHFR/CDH1/TYMS/CES2/AKT2/ANGPT2/APRT/CD2AP/CHPT1/CMAS/CYP3A4/DICER1/EGFR/EGR1/ERBB2/ERBB3/FLT1/FOXP3/FUT6/HBEGF/KIDINS220/LMNA/MAX/NCAM1/PART1/PBK/PIK3CD/PIK3R3/PTEN/PTGS2/PTPN6/RBFOX3/SET/SMAD4/SMARCA4/SNCA/SOCS3/TGFA/TP53BP1/YAP1",59
"C0392525","Nephrolithiasis","40/2069","242/21671",0.165289256198347,1.73126315663334,3.71654958991105,0.000419997956628193,0.00903405761005134,0.007153953681465,"VIM/SETBP1/EDNRA/ACKR3/ANTXR1/PDE1A/CCL2/FLNA/MGP/ELN/PRKCB/ATP7B/CDH1/ADAMTSL1/ADRA1A/APPBP2/APRT/CASR/CLCN7/CRYZ/DMD/HGD/HOXA11-AS/KCNQ1/KLK3/LIMK1/LPAR2/MAPK8/MECP2/MED25/MTNR1A/NFE2L2/PBX1/PIK3CD/PLIN5/PRKCA/SMAD4/TBL2/TCF7L2/XPR1",40
"C0014877","Esotropia","24/2069","121/21671",0.198347107438017,2.07751578796001,3.86146585296886,0.000421493311699102,0.00904854939910762,0.00716542954227364,"COL12A1/KCNMA1/ZEB2/COL6A2/COL6A1/RORA/COL13A1/ADAT3/AGRN/CHMP1A/DDX3X/DNMT3A/EBF3/GLRB/IRF2BPL/KDM6B/KIDINS220/KIF21A/LGI4/MECP2/MYO9A/PIGN/SLC25A1/TENM3",24
"C0022548","Keloid","30/2069","165/21671",0.181818181818182,1.90438947229667,3.78858607048571,0.000424283069993419,0.00909071877400297,0.00719882292626557,"VIM/COL3A1/POSTN/SERPINE1/CTSB/TNC/DDR2/DCN/CAV1/TAGLN/NR3C1/HTRA1/FLNA/SERPINF1/MMP2/LGALS1/HLA-DQB1/CDH11/ATP7A/ARHGDIA/ATP6AP2/EGFR/HUS1B/KLF10/PIK3CD/PRDX2/PTEN/SMAD4/TPM1/YAP1",30
"C0011168","Deglutition Disorders","58/2069","389/21671",0.149100257069409,1.5616972793384,3.63187096356779,0.000429214800068587,0.00917852930709777,0.00726835895466172,"TPM2/ATXN1/SETBP1/TUBB6/CAV1/SERPING1/ACTG2/CRYAB/SRPX/LAMB2/COL13A1/ATP7B/ATP7A/ACOX1/AGRN/ATXN3/CACNA1G/CHRNE/DKK1/DMD/DYNC1H1/EBF3/FA2H/FBXL4/GIGYF2/GLUD2/GNAO1/GRIN2D/GSS/HGSNAT/HLA-B/IRF2BPL/KMT2A/KY/LAMA2/MAP2K2/MCL1/MECP2/MED17/MYO9A/NDUFAF3/NEK1/NPNT/NRXN1/PART1/PIGN/PNN/SCN4A/SCN8A/SLC25A1/SLC25A22/SNCA/SOX4/SPG11/TOP3A/TTBK2/UBQLN2/VAC14",58
"C0338106","Adenocarcinoma of colon","60/2069","406/21671",0.147783251231527,1.54790277304902,3.6207065721269,0.000435961039899762,0.00929102787864578,0.00735744512223165,"MMP11/LAYN/TGFBR1/FGFR1/IGFBP7/EDNRA/SERPINE1/ACKR3/CTSB/WWTR1/MFAP5/DCLK1/CAV1/F2R/FLNA/SDC2/MMP2/VEGFC/AEBP1/GREM1/LUM/AKR1B1/COL8A1/AXIN2/CDH1/TYMS/ADRA1A/CDC42/CETN1/CFLAR/CSE1L/CUL4B/CYP3A4/EGFR/ERBB2/FOXP3/FUT6/GSN/HSPD1/ITGA2/JUNB/KLK6/LAMB1/LPAR2/MAPK8/MCL1/PAK1/PGP/PIK3CD/PLK1/PML/PPP2R1B/PTGS2/RAC1/SEC61A1/SLC2A5/SMAD4/SRF/TFAM/TGFA",60
"C1879321","Acute Myeloid Leukemia (AML-M2)","27/2069","143/21671",0.188811188811189,1.97763522123116,3.81068038410443,0.00043616284511576,0.00929102787864578,0.00735744512223165,"RGS2/TCEA2/MN1/RUNX1T1/SVIL/MYH11/FXYD6/SPARC/LCP2/CDH1/AGRN/ATP1B1/CD9/CEBPA/CTSZ/DHX15/DNMT3A/GAS2L1/ID2/INPP4B/KMT2A/LPP/NCAM1/NSD1/NTRK3/SPRY4/SYNGR1",27
"C3714514","Infection","70/2069","491/21671",0.142566191446029,1.49325854752387,3.59179793543398,0.000439559534367322,0.00934530724321875,0.00740042825082963,"VIM/SLC11A1/APOC1/ICAM1/CD38/CCL5/CD2/PTPRC/CAV2/CAV1/VCAM1/ANTXR1/F2R/CCL2/FLNA/MMP2/CFH/MSN/HLA-DQB1/LRRC15/IL10RA/CTLA4/MTHFR/CDH1/BCL2L11/CIITA/CXCL9/DNM2/EGFR/FLT3LG/FOXP3/HAMP/HFE/HLA-B/HLA-C/HLA-G/HSPD1/IKBKE/IL12RB1/IRF3/KPNB1/LMAN1/LPL/MAPK14/MICB/NEFL/NFATC3/NFKB1/NMT1/PAK1/PML/PRKCA/PSMB8/PTGS2/SCARB1/SH2D1A/SMAD5/SOCS3/SP110/STAT1/TAP1/TAP2/TIAL1/TIRAP/TNFRSF4/TP53AIP1/UBE3A/XIAP/CD27/PILRA",70
"C0263401","Cutis marmorata","18/2069","80/21671",0.225,2.35668197196713,3.94953691465244,0.000447785549802782,0.00949669870590857,0.00752031319717391,"TGFBR1/AKT3/PRKG1/MFAP5/ACTA2/MYLK/MYH11/ELN/ARID2/DHCR7/KMT2A/NFIX/PTEN/RBPJ/SMARCA4/SOX11/SOX4/TGFB3",18
"C0002888","Anemia, Megaloblastic","9/2069","26/21671",0.346153846153846,3.62566457225713,4.35217782473183,0.00044840491483451,0.00949669870590857,0.00752031319717391,"MTRR/DHFR/MTR/UMPS/MTHFR/CUBN/FTCD/MMADHC/SLC46A1",9
"C0000772","Multiple congenital anomalies","41/2069","251/21671",0.163346613545817,1.71091564144582,3.6804820642244,0.000459854045719273,0.00972048484742102,0.00769752655578175,"VWF/RAB23/MN1/SETBP1/TRPS1/GJA1/PKD2/TUBA1A/ITPR1/NRP2/ACTG2/TWIST2/ZEB2/MEF2C/COL1A2/ABCC9/AFF4/ATRX/BBS10/CANT1/CDC42/CHMP1A/CUL3/DDX3X/DHCR7/DNMT3A/DYRK1A/GLE1/IRF2BPL/KMT2A/NRXN1/NSD1/PTEN/RAB3GAP1/RARB/RBPJ/SMARCA4/SOX11/SPRED1/TMEM67/ZMYND11",41
"C0017606","Primary angle-closure glaucoma","19/2069","87/21671",0.218390804597701,2.28745632017244,3.90918003672427,0.00046949974732909,0.00988642584576534,0.00782893309172087,"PDE5A/RUNX1T1/CYP1B1/FERMT2/DCN/SPARC/CCL2/THBS1/C3/LOXL1/ELN/MTHFR/ABCA1/CDC42/CYP2B6/OPA3/PCMTD1/RAC1/HLA-DPA1",19
"C1837463","Narrow face","19/2069","87/21671",0.218390804597701,2.28745632017244,3.90918003672427,0.00046949974732909,0.00988642584576534,0.00782893309172087,"TPM2/CFL2/MITF/ELN/ATP7A/AP4E1/ATRX/DDX3X/FBXL4/IRF2BPL/LIMK1/LMNA/MYH3/NALCN/NFIX/PBX1/PCNT/TBL2/TRIP11",19
"C0553723","Squamous cell carcinoma of skin","66/2069","458/21671",0.14410480349345,1.50937418874169,3.57954755092214,0.000470866496267799,0.00989628382327723,0.00783673949694398,"VIM/FYN/DLC1/RAB23/TGFBR1/TRPS1/SLIT2/EDNRA/ACKR3/CLDN11/EFS/TNC/EFEMP1/FHL1/NR3C1/PDPN/SDC2/VEGFC/THBS1/C3/ERCC1/CTLA4/MTHFR/CDH1/ADRA1A/APRT/CADM1/CYP3A4/DENR/EGFR/ERBB2/FAM114A2/HBEGF/IRF3/ITGB1/KTN1/LIMK1/LMNA/LPAR2/LPP/MAPK8/MCL1/NCAM1/NFE2L2/OCLN/OVOL1/PCSK6/PIK3CD/PLK1/PPP1R11/PTEN/PTGS2/RAC1/RBPJ/SLC6A2/SMAD4/SOX4/STAT1/STAT2/TCF7L2/TINCR/WNK1/XIAP/YAP1/ZMIZ1/ZNF654",66
"C0007570","Celiac Disease","74/2069","527/21671",0.140417457305503,1.47075240080597,3.55437941195885,0.000481048732772152,0.010091027988609,0.00799095488925771,"LSAMP/ICAM1/TCF4/IL2RB/PPP1R12B/HLA-DOA/CD8A/CD38/CCL5/PTPRC/CTSB/GEM/CCL2/GBP5/SERPINF1/PBX3/FNBP1/LGALS1/HLA-DQB1/ELN/CTLA4/MTHFR/ADRA1A/AFF3/CADM1/CIITA/CXCL9/DMD/EGFR/EHMT1/ERBB2/FOXP3/GATA3/GLS/GNA13/GNAO1/GTF2A1/HFE/HLA-B/HLA-C/HLA-G/HSPD1/IL12RB1/LPL/LPP/MCL1/MEFV/MICB/MYO9B/NCAM1/NFKB1/NFKBIB/NRXN1/OCLN/PIK3CD/PLA2G4A/PML/PNPLA2/PRKCD/PTEN/SLC11A2/STAT1/TAP1/TAP2/TFRC/TGFA/TGFB3/TOLLIP/TRIM69/ZFP36L1/ZMIZ1/HLA-DMB/ADGRL2/HLA-DPA1",74
"C0016781","Fuchs Endothelial Dystrophy","20/2069","94/21671",0.212765957446809,2.22854087183653,3.87808669909664,0.000483215874678813,0.0100980197871684,0.00799649160434228,"CLU/TCF4/COL8A2/CFH/HLA-DRA/COL8A1/CDH2/CDH1/AKAP13/ATP1B1/CHDH/CUL3/DENR/DICER1/FEN1/LIG3/NFE2L2/PBK/PIK3CD/PTPRG",20
"C0017605","Angle Closure Glaucoma","20/2069","94/21671",0.212765957446809,2.22854087183653,3.87808669909664,0.000483215874678813,0.0100980197871684,0.00799649160434228,"PDE5A/CLU/RUNX1T1/CYP1B1/FERMT2/DCN/SPARC/CCL2/THBS1/C3/LOXL1/ELN/MTHFR/ABCA1/CDC42/CYP2B6/OPA3/PCMTD1/RAC1/HLA-DPA1",20
"C0021368","Inflammation","67/2069","467/21671",0.143468950749465,1.50271417674802,3.56804385567965,0.000484318601382343,0.010101895373151,0.00799956063088659,"PDE5A/CLU/PECAM1/VWF/ICAM1/AGTR1/ITGA1/CD38/SERPINE1/CCL5/CTSB/SERPING1/VCAM1/NR3C1/CRYAB/F2R/CCL2/PDPN/SERPINF1/MMP2/VEGFC/A2M/THBS1/C3/STC1/THBD/ATP7B/CDH1/ACSL3/ANGPT2/CAMK2A/CD47/CHRNA4/CLEC12A/CLN6/CPB2/EGFR/EGR1/FLT1/FLT3LG/FOXP3/GATA3/GTF2A1/HAMP/HSPD1/LIMK1/MAPK14/MAZ/MEFV/NCAM1/NFE2L2/NFKB1/NPFF/PLA2G4A/PRKCD/PROC/PTEN/PTGES/PTGS2/SLC15A1/SOCS3/TACR1/TFAM/TFRC/TGFA/TNFRSF18/YWHAH",67
"C0206655","Alveolar rhabdomyosarcoma","23/2069","115/21671",0.2,2.09482841952634,3.82446247072004,0.000486385012986402,0.0101124754434171,0.00800793885204668,"FLI1/FGFR1/WWTR1/CAV1/MMP2/CCDC88A/DICER1/EGFR/ERBB2/ERBB3/EWSR1/HES6/IL24/ILK/KIDINS220/MAPK8/MYCN/NCAM1/NCOA2/PLK1/RAC1/SPRY1/YAP1",23
"C0035126","Reperfusion Injury","47/2069","300/21671",0.156666666666667,1.64094892862897,3.63187706489491,0.000486662306820218,0.0101124754434171,0.00800793885204668,"VIM/AOC3/PDE5A/PECAM1/ICAM1/CYBB/IL6ST/CCL5/CTSB/CAV1/VCAM1/KCNJ8/CCL2/VEGFC/CFH/THBS1/C3/STC1/ERCC1/AKT1S1/CD2AP/CDC42/CSPG4/EGR1/FOSL2/HBEGF/HRH3/HSPA5/INPP5D/ITGB3/LIG3/MAP2/MAPK14/MAPK8/NFE2L2/PKLR/PLA2G4A/PRKCA/PTEN/PTGES/PTGS2/SLC8A1/SOCS3/STAT1/STAT2/STAT5B/TFAM",47
"C1257925","Mammary Carcinoma, Animal","27/2069","144/21671",0.1875,1.96390164330594,3.77035045517395,0.000488863038942713,0.0101380416840095,0.00802818442816561,"TRPS1/IL6ST/BASP1/EFEMP1/DES/MGP/NDN/CDH1/ADCY5/CAPZB/CDC42/DBI/EGFR/ERBB2/GATA3/GATM/GSS/ID4/INSIG1/LPL/MPZL1/PLK2/PRDX2/SCARB1/TGFA/TMEM37/UBE2I",27
"C0206623","Adenosquamous carcinoma","21/2069","101/21671",0.207920792079208,2.17779192128976,3.85446133912413,0.000489926559792933,0.0101380416840095,0.00802818442816561,"VIM/IL2RB/FGFR1/CAV1/CDH1/TYMS/EGFR/EML4/ERBB2/ERBB3/FLT1/GOPC/HES1/LMO4/NACC1/NLK/PAX8/PTEN/SATB1/STK11/TCF3",21
"C0033141","Cardiomyopathies, Primary","22/2069","108/21671",0.203703703703704,2.13362153840646,3.83693890119165,0.000490654337381009,0.0101380416840095,0.00802818442816561,"AGTR1/SGCD/TIMP2/MEF2C/DES/CCL2/ADAM10/ADCY5/CASR/DMD/EPG5/HSPD1/ITGB1/LAMP2/LPL/LRP1/MAPK14/PPP1R1A/PRKAA2/PTGS2/SGCB/YWHAH",22
"C0275524","Coinfection","41/2069","252/21671",0.162698412698413,1.7041262936623,3.65267259034261,0.000499591189455761,0.0102966123238912,0.00815375447231631,"SORBS1/EPHA3/CD38/SERPINE1/CCL5/GJA1/CAV2/CCL2/FLNA/CFH/PDLIM7/HLA-DQB1/DHFR/ABCA1/C1QL1/CXCL9/CYP2B6/CYP3A4/DENR/DHCR7/DNAJC5/EGR1/ELAVL1/H6PD/HAMP/HDLBP/HLA-B/HLA-G/IRF3/LPL/MRPL41/NFE2L2/NFKB1/PIK3CD/PRDX2/PSMB8/RHOF/RNF34/SERPINB6/TAP1/TRIM69",41
"C0276496","Familial Alzheimer Disease (FAD)","42/2069","260/21671",0.161538461538462,1.69197680038666,3.64686125692166,0.000500198637363279,0.0102966123238912,0.00815375447231631,"VIM/CLU/APOC1/CTSB/ITPR1/CCL2/A2M/ADAMTS1/BCHE/PRKCB/MTHFR/ADAM10/AKT2/ALG3/BACE1/CD2AP/CREB1/DENR/DPYSL2/EHMT1/FCN2/HFE/INPP5D/MAPK8/NCAM1/NEFL/NFIC/NFIX/NRXN3/PIK3CD/PRKCA/PSEN2/PTGS2/RAB7A/RPS21/SDC3/SNCA/TERF2IP/TFAM/TMED10/TOMM40/UBE2I",42
"C0175754","Agenesis of corpus callosum","84/2069","615/21671",0.136585365853659,1.43061453040823,3.51963648336062,0.000505973201434955,0.0103876823552842,0.00822587165536705,"VIM/COL4A1/PECAM1/FRMD4A/FLI1/GLI3/SMARCA1/EML1/AKT3/DKK3/FGFR1/PRKD1/ACKR3/PTPRC/TUBA1A/ACTG2/PRICKLE1/TWIST2/NR3C1/ZEB2/MEF2C/DACT1/VEGFC/MCAM/CDH2/ERCC1/CTLA4/RRM2/AXIN2/CDH1/TYMS/ADAT3/ATRX/CYP2B6/DGKZ/DICER1/EARS2/EGFR/EHMT1/EPG5/ERBB2/FZD3/HLA-G/HRH3/HSPD1/JUNB/KMT2A/MAPK8/MBTPS2/MCPH1/MED25/MYB/NEFL/NFIX/PBK/PCSK9/PIGN/PIK3CD/POMT1/POMT2/PPP2R3C/PRKAA2/PRKACA/PRKAR1A/PTEN/PTGS2/RAB3GAP1/RAB7A/RFX3/RPS6KB1/SCAF11/SF1/SLC25A1/SMAD4/SORD/SOX4/SPG11/STK11/SUFU/TGFA/TMEM67/VAC14/XIAP/CDON",84
"C1389016","ATRIOVENTRICULAR CANAL DEFECT","14/2069","55/21671",0.254545454545455,2.66614526121534,4.01944462374327,0.000506509164150332,0.0103876823552842,0.00822587165536705,"GLI3/GJA1/FLNA/NFATC1/MTR/SLC19A1/ACVR2B/CFC1/CHDH/DHCR7/DYNC2LI1/FANCB/GATA4/NEK1",14
"C0079772","T-Cell Lymphoma","69/2069","485/21671",0.142268041237113,1.49013567986925,3.5466816863152,0.000510074755602834,0.0104413629803978,0.00826838064991094,"HAVCR2/EPHA3/MAF/IL2RB/JAK3/HLA-DOA/FGFR1/TIAM1/GLIS2/CAV1/TWIST2/SPARC/LGALS1/WIPF1/NFATC1/PDLIM7/HLA-DQB1/EMCN/MTRR/CTLA4/MTHFR/TYMS/AKAP13/AKT2/BCL2L11/CADM1/CASR/CD47/DDX3X/DICER1/DNMT3A/EGFR/EGR1/FOXP3/GATA3/HLA-G/ICAM3/ID2/JUNB/KMT2A/LMO4/LRP1/MAPK8/MCL1/MGA/NCAM1/NFE2L2/NFKB1/PIK3CD/PLA2G4A/PLK1/PLK2/PRDM1/PRKAR1A/PRKCD/PSMB9/PTEN/PTPN6/SATB1/SNCA/SOCS3/SOX11/SOX4/STAT5B/SUZ12/TCF3/TFRC/ZMYM2/CD27",69
"C1861324","Short philtrum","32/2069","182/21671",0.175824175824176,1.8416074017814,3.704218922839,0.000513714777906291,0.0104963652116549,0.00831193620731105,"COL3A1/TCF4/SETBP1/FGFR1/AP1S2/TWIST2/MEF2C/MEIS2/CDH11/DENND5A/ERCC1/ADAMTSL1/AP4E1/AP4S1/ARID2/CDC42/CUL4B/DYRK1A/EHMT1/MED25/NACC1/NFIX/RAB3GAP1/RREB1/SMAD4/SMARCA4/SOX11/SOX4/STAG2/SUFU/VAC14/CDON",32
"C3241937","Nonalcoholic Steatohepatitis","63/2069","434/21671",0.145161290322581,1.52043998191428,3.55818433127392,0.000515574273000101,0.0105148508676854,0.00832657475985544,"HAVCR2/ADAMTS5/CLU/RDX/LIPA/AGTR1/CYBB/SMARCA1/IL6ST/CD38/CTSB/WWTR1/TNC/CCL2/SERPINF1/AEBP1/ELN/LUM/AKR1B1/RORA/ABCC2/MTHFR/ABCA1/ALDH1A1/ARNT/CFLAR/CMKLR1/CYP2B6/DDC/DICER1/EGFR/EHMT1/GSTA4/HAMP/HFE/HSPA5/IBTK/MAPK14/MAPK8/NCOA2/NFE2L2/PCSK9/PDE4A/PIK3CD/PNPLA2/PRKACA/PRKCA/PRKCD/PTEN/SCARB1/SESN3/SLC11A2/SMAD4/SMARCA4/SMPD1/SREBF2/STK11/TCF7L2/TNFRSF4/TRIM69/VLDLR/XPR1/YAP1",63
"C1855285","Protruding ear","28/2069","152/21671",0.184210526315789,1.9294472285111,3.73589788116145,0.000522417027156247,0.0106347111276742,0.00842149055353538,"COL3A1/COL4A1/TPM2/FRMD4A/FGFR1/TRPS1/AP1S2/EDNRA/GJA1/ANTXR1/COL6A2/COL6A1/FLNA/ELN/CUL7/FBXL4/LGI4/LIMK1/MBTPS2/MYH3/NALCN/NEK1/OBSL1/POMT1/POMT2/SCARF2/TBL2/TUBGCP4",28
"C0017612","Glaucoma, Open-Angle","25/2069","130/21671",0.192307692307692,2.01425809569841,3.76831099273527,0.000526019696651807,0.0106882932089047,0.00846392151244945,"PTGER3/CD38/SERPINE1/GJA1/CYP1B1/ZFPM2/CAV2/CAV1/MMP2/FBXO32/LOXL1/ELN/AKR1B1/MTHFR/CDH1/ADAMTS16/ARHGEF12/GMDS/LPP/NRG2/PTGS2/RARB/SLC6A2/TAP1/TAP2",25
"C0239137","Coxa valga","16/2069","68/21671",0.235294117647059,2.46450402297217,3.92959236321433,0.000539755773037267,0.0109472013415459,0.00866894752275615,"GLI3/RAB23/KCNJ8/FLNA/COL1A2/ADAMTS2/ATP7A/ABCC9/ARID2/ATRX/CANT1/NFIX/SMARCA4/SOX11/SOX4/TRIP11",16
"C0019572","Hirsutism","19/2069","88/21671",0.215909090909091,2.2614624983523,3.85229274957268,0.000546020558012216,0.0110539051569642,0.00875344489769971,"FRMD4A/CAV1/NR3C1/FLNA/MMP2/ADAMTS2/ABCC9/CACNA1G/CCDC28B/DDX3X/H6PD/HGSNAT/KMT2A/LMNA/LMNB2/PRKACA/PRKAR1A/SMARCA4/VPS33A",19
"C1839739","Thick lower lip vermilion","27/2069","145/21671",0.186206896551724,1.95035749404177,3.73034367829773,0.00054707464700898,0.0110549230963484,0.00875425099076658,"FRMD4A/ANTXR1/CDH11/ELN/ABCC9/ALG13/ARID2/ATRX/CLCN4/CUL4B/CUL7/DMD/DYRK1A/IDS/LIMK1/MECP2/MID2/MRAS/PSMB8/RPS29/SMARCA4/SOS2/SOX11/SOX4/TBL2/ZBTB20/ZNF81",27
"C0031117","Peripheral Neuropathy","53/2069","351/21671",0.150997150997151,1.58156561588171,3.56876694985596,0.000548459584430213,0.0110626106288094,0.00876033864855276,"HSPB8/TCF4/MAP1B/ATXN1/PMP22/EGR2/ACTG2/DES/PRKCB/AKR1B1/MYO5A/THBD/MTR/CTLA4/MTHFR/TYMS/ATXN3/CUL4B/CYP3A4/DNM2/DYNC1I1/EGFR/EHMT1/EIF2B5/HFE/HMBS/ITIH4/LAMA2/LMNA/LRP1/MAP4/MAPK14/NCAM1/NEFL/NFE2L2/NIPA1/PDK3/PIK3CD/PRKCA/PRPH/PTEN/RAB3GAP1/RAB7A/RHOBTB2/SARM1/SCN4A/SOX11/SPG11/SPR/SPTLC2/STK11/TACR1/WNK1",53
"C0037274","Dermatologic disorders","84/2069","617/21671",0.13614262560778,1.42597720616056,3.48755561669869,0.000559937899970928,0.0112734846295792,0.00892732704947396,"FYN/LAIR1/PECAM1/FLI1/AGTR1/POSTN/OSMR/JAK3/ITGA1/CCL5/GJA1/GEM/TNC/DCN/CAV1/MITF/VCAM1/NR3C1/HOPX/F2R/DES/CCL2/SERPINF1/VEGFC/MCAM/ELN/RORA/EMCN/MTHFR/ATP2A2/CCL22/CDC42/CETN1/CXCL9/CYP2B6/CYP2S1/DPP9/DST/EGFR/EIF2B5/ERBB2/FOXP3/GATA3/HLA-B/HLA-C/HLA-G/ID2/ID4/IL17B/IL24/ITGB1/JUNB/KLK6/KMT2A/LAD1/LIMK1/LMNA/LRP1/MAPK14/MAPK8/MEFV/NFE2L2/NUDT15/PART1/PDE4A/PIK3CD/PLA2G4A/PTEN/PTGS2/PTPN6/RAC1/RARB/RFX3/RUFY3/SKIL/SLC27A4/SMPD1/SRF/STK11/TACR1/TINCR/WNK1/YAP1/ZC3H12D",84
"C1531647","Cerebral ventriculomegaly","60/2069","410/21671",0.146341463414634,1.53280128258025,3.53854607435144,0.000561944069802141,0.0112809266781116,0.00893322031170384,"COL3A1/FLI1/EML1/SETBP1/AKT3/FGFR1/TRPS1/AP1S2/JAM3/ACTA2/TUBA1A/CAV1/ZEB2/MEF2C/NDN/MPDZ/CCDC88A/AP4E1/BRIP1/CC2D2A/CDC42/CLCN4/CUL4B/DDX3X/DHCR7/DNAAF1/DNMT3A/EHMT1/FANCB/FANCC/FANCM/GFM2/GNAO1/ISCA1/KIDINS220/KMT2A/LMNB2/MBTPS2/MCPH1/MECP2/MED25/NDUFAF3/NFIX/NSD1/OCLN/PCNT/PIGN/PNKP/POMT1/POMT2/PPP2R5D/RHOBTB2/SLC25A1/SLX4/SPG11/TMTC3/TRAPPC6B/WDR45B/XPR1/ZNHIT3",60
"C0686377","CNS metastases","21/2069","102/21671",0.205882352941176,2.15644102010065,3.80336562803554,0.000562356192343891,0.0112809266781116,0.00893322031170384,"CD74/SMARCA1/DDR2/TIMP2/CCL2/FLNA/MMP2/C3/AGAP3/CHPT1/CLCN7/CNOT7/DGKE/DMD/EGFR/ERBB2/MYCN/NCAM1/OCLN/PIK3CD/PTEN",21
"C0000737","Abdominal Pain","47/2069","302/21671",0.155629139072848,1.63008171718109,3.58234788730788,0.000564866226335973,0.011310675910251,0.00895677834486801,"TCF4/DCN/C1R/SERPING1/MITF/ACTG2/NR3C1/CFH/PALLD/HLA-DQB1/ELN/ABCC2/CTLA4/ABCA1/CASR/DST/EPOR/ERBB2/EWSR1/F5/FASTK/FLT1/GNA11/HFE/HLA-B/HMBS/IRF2BP2/LIMK1/LPL/MECP2/MEFV/OCLN/PML/PMS1/POMT1/PPOX/PRKAR1A/PRKCSH/PTEN/PTGS2/SEC63/SMAD4/STAT5B/STK11/TBL2/TRPM4/HLA-DPA1",47
"C0026998","Acute Myeloid Leukemia, M1","26/2069","138/21671",0.188405797101449,1.97338909085815,3.72677570974397,0.000570537057012335,0.0114034929380705,0.00903027895185251,"RGS2/TCEA2/MN1/RUNX1T1/SVIL/MYH11/FXYD6/SPARC/AGRN/ATP1B1/CD9/CEBPA/CTSZ/DHX15/DNMT3A/FANCB/GAS2L1/ID2/INPP4B/KMT2A/LPP/NSD1/NTRK3/PML/SPRY4/SYNGR1",26
"C0282612","Prostatic Intraepithelial Neoplasias","38/2069","230/21671",0.165217391304348,1.73051043352176,3.61848962120313,0.000581666269792151,0.0116048743282988,0.00918975027694121,"VIM/FYN/IGFBP5/CLU/ETV1/AKAP12/CAV1/RECK/TWIST2/SRPX/MMP2/CTSK/CDH1/APRT/CTSZ/EAF2/EGFR/EPOR/ERBB2/ERBB3/FLT1/FOXP3/KLK15/KLK3/LGR4/LMNA/MIB1/NEFL/PIK3CD/PLK1/PMS1/PNN/PTEN/PTGS2/RARB/SET/TRPM4/WNK1",38
"C0349458","Cervical intraepithelial neoplasia grade 1","17/2069","75/21671",0.226666666666667,2.37413887546319,3.87288059270972,0.000582992731167334,0.0116103055123795,0.00919405116155204,"VIM/ST8SIA4/JAM3/CCL2/MMP2/MTHFR/CDH1/CADM1/CDC42/CFLAR/CISH/EGFR/GATA3/MIB1/MICB/PEG10/PTGS2",17
"C1834674","BETHLEM MYOPATHY 1","7/2069","17/21671",0.411764705882353,4.31288204020129,4.4393652227274,0.000587491668164791,0.0116577400747727,0.00923161397960226,"VWF/COL12A1/COL6A2/COL6A1/DMD/LAMB1/LMNA",7
"C4021343","Broad hallux phalanx","7/2069","17/21671",0.411764705882353,4.31288204020129,4.4393652227274,0.000587491668164791,0.0116577400747727,0.00923161397960226,"FLI1/GLI3/FGFR1/KCNJ8/DACT1/ABCC9/GATA4",7
"C0007682","CNS disorder","49/2069","319/21671",0.153605015673981,1.60888076107822,3.55932644640096,0.000590419652837759,0.0116947691307594,0.00926093681136091,"VIM/ICAM1/AGTR1/TCF4/PMP22/IGHM/CD38/EDNRA/GJA1/ACKR3/CAV1/SERPING1/PNMA1/MEF2C/F2R/CCL2/MMP2/CDH11/ADRA1A/CHRNA4/CYP2B6/CYP3A4/DST/EGFR/ELF2/ERBB2/ERN1/EWSR1/FANCB/HRH3/IDS/KLK3/KLK6/LPAR2/MAPK8/NCAM1/NEFL/NFE2L2/OAS2/PDE4A/PDE4D/PIK3CD/PTEN/PTPN6/PTPRZ1/SNCA/SOCS3/TACR1/XPR1",49
"C0349566","Squamous cell carcinoma of tongue","66/2069","462/21671",0.142857142857143,1.49630601394739,3.5032403796018,0.000596612125671904,0.0117750705018363,0.00932452643122378,"VIM/EPHA3/RDX/FRMD4A/RBMS3/IL2RB/JAK3/FGFR1/SOX7/GJA1/TNC/MFAP5/CAV1/NRP2/TWIST2/ZEB2/ARL4C/MMP2/VEGFC/FBXO32/CTSC/CTSK/CDH1/TYMS/ADAM10/ADAMTS9-AS2/CCL22/CD6/CDC42EP4/CNOT7/CNTN1/CSDE1/CXCL9/DICER1/EGFR/EPB41L5/EPHA8/ERBB2/ERBB3/FOSL2/FOXP3/FZR1/GOPC/IFIT3/LGR4/LRP6/LSS/MAU2/MYO6/NFKB1/OAS2/PAK1/PART1/PARVB/PIK3CD/PTEN/PTGS2/SATB1/SCAF11/SUZ12/TCF3/TRIM14/WNK1/XIAP/XPR1/ZFX",66
"C4721532","Lymphoma, Non-Hodgkin, Familial","66/2069","462/21671",0.142857142857143,1.49630601394739,3.5032403796018,0.000596612125671904,0.0117750705018363,0.00932452643122378,"HAVCR2/LAIR1/ADAM12/GPR34/FGFR1/CD38/PTPRC/CYP1B1/TNC/TIMP2/SERPING1/PLEKHO1/MMP2/PDLIM7/IL10RA/RORA/MTR/CTLA4/MTHFR/TYMS/CES2/ALDH1A1/APRT/BCL2L11/BHMT/CASR/CCAR1/CD47/CEBPA/CFC1/CYP2B6/DYRK2/ERBB2/FCN2/FOXP3/HLA-G/HSPD1/KLK3/KMT2A/LMNA/MAPK14/MCL1/MYCN/NCAM1/NFKB1/NPAS2/PART1/PER3/PIK3CD/PLEKHG2/PLK1/PML/PRKAR1A/PSMB9/PTEN/PTPN6/RNF34/SH2D1A/SOCS3/TCF3/TFRC/TIGIT/TMEM260/UBE2I/XIAP/ZMYM2",66
"C0037317","Sleep disturbances","48/2069","311/21671",0.154340836012862,1.61658784786599,3.55823018874811,0.000599572569963347,0.0118123304347162,0.00935403209141573,"EML1/ATXN1/TUSC3/FGFR1/NR3C1/MEIS1/SRPX/HLA-DQB1/BCHE/IGSF6/ATXN3/CC2D1A/CSE1L/DDC/DYNC1H1/EHMT1/EPG5/EPM2A/FANCC/FLT1/GIGYF2/GLRB/GLUD2/GNAO1/HDAC4/HGSNAT/IDS/IRAK1BP1/IRF2BPL/KDM5B/KMT2A/LMAN2L/LMNA/MECP2/MED13/MED23/MED25/MFSD8/NALCN/PAX8/PER3/PNKP/PNN/SCN8A/SLC25A22/SNCA/SPR/STAG2",48
"C0043094","Weight Gain","24/2069","124/21671",0.193548387096774,2.02725330921904,3.72695796298599,0.000611293291616568,0.0120008552363779,0.00950332244986937,"VIM/IGFBP5/SORBS2/SETBP1/NID1/KCNMA1/CAV1/CLIC4/SPARC/KCNMB1/MMP2/CFH/FSTL1/PALLD/ATP7B/ARHGEF12/FBXO21/GSN/MAP4/MYO10/NSD1/PRKACA/SERPINB6/VPS13D",24
"C0205969","Thymic Carcinoma","18/2069","82/21671",0.219512195121951,2.29920192387037,3.82936555579741,0.000613681597465913,0.0120008552363779,0.00950332244986937,"SORBS1/CD74/ERCC1/TYMS/CFLAR/DNMT3A/EGFR/FOXP3/HSPA5/MSLN/PIK3CD/PTEN/PTGES/PTGS2/SERPINB6/SMAD4/SMARCA4/SNCA",18
"C0349788","Arrhythmogenic Right Ventricular Dysplasia","18/2069","82/21671",0.219512195121951,2.29920192387037,3.82936555579741,0.000613681597465913,0.0120008552363779,0.00950332244986937,"GJC1/GJA1/PRKG1/LDB3/PLN/MEF2C/DES/CDH2/AKAP6/CEBPA/ESRRB/KCNQ1/LMNA/PIK3CD/SLC8A1/STRN/TGFB3/TPM1",18
"C0241442","Protrusion of tongue","9/2069","27/21671",0.333333333333333,3.49138069921057,4.20835844590292,0.000616036698069546,0.0120008552363779,0.00950332244986937,"FAM20C/ATRX/COG7/EHMT1/HELLS/LAMA2/NFIX/NRXN1/UBE3A",9
"C0270726","Alexander Disease","9/2069","27/21671",0.333333333333333,3.49138069921057,4.20835844590292,0.000616036698069546,0.0120008552363779,0.00950332244986937,"COL4A1/HSPB8/CD38/SYNM/CRYAB/DES/MAPK14/NFE2L2/SNCA",9
"C1446712","Overlapping fingers","9/2069","27/21671",0.333333333333333,3.49138069921057,4.20835844590292,0.000616036698069546,0.0120008552363779,0.00950332244986937,"TPM2/SETBP1/FLNA/CNTN1/COG7/CTU2/MYH3/NALCN/NEK9",9
"C4316812","Fibrinogen Deficiency","14/2069","56/21671",0.25,2.61853552440793,3.94001738467195,0.000616769641677099,0.0120008552363779,0.00950332244986937,"HAVCR2/VWF/CFH/ABCB11/EGR1/FANCB/FGB/IRF2BP2/PML/PRKAR1A/RHOF/RNF34/STAT5B/XIAP",14
"C1336076","Sporadic Breast Carcinoma","32/2069","184/21671",0.173913043478261,1.82158993002291,3.6360984685265,0.000624441698159423,0.0121287062113399,0.00960456598765584,"PTGER3/TGFBR1/TRPS1/EFEMP1/CAV1/NR3C1/DIXDC1/BCHE/ERCC1/CTLA4/SLC19A1/MTHFR/CDH1/TYMS/ALDH1A1/ATG2B/ATG4D/EGFR/ERBB2/GATA4/HMGA1/ID4/ING1/MCPH1/NFKB1/PML/PMS1/PTEN/RHOBTB2/STK11/TEP1/CD27",32
"C0012739","Disseminated Intravascular Coagulation","23/2069","117/21671",0.196581196581197,2.05901938671393,3.73157702652792,0.000626980737638121,0.0121352176864826,0.00960972234082292,"VWF/HLA-DOA/SERPINE1/MASP1/F2R/CFH/TFPI/THBD/ANGPT2/ATXN3/CPB2/EGFR/F5/IRF2BP2/MAPK14/MAPK8/NCAM1/PML/PRKAR1A/PROC/RHOF/RNF34/STAT5B",23
"C0338508","Optic Atrophy 1","23/2069","117/21671",0.196581196581197,2.05901938671393,3.73157702652792,0.000626980737638121,0.0121352176864826,0.00960972234082292,"CYP1B1/YME1L1/CAV1/CCDC50/CDH1/AKAP1/DENR/ELAVL1/HES1/LAMP1/NFE2L2/OPA3/PAPOLA/PDAP1/PKLR/PRKAA2/PRKCA/SLC14A1/TFB2M/TOMM40/TP53BP1/TUSC2/YAP1",23
"C4551583","Cerebral cortical atrophy","43/2069","271/21671",0.158671586715867,1.66194874611868,3.56255543734759,0.000632615965658013,0.0121816746996656,0.00964651105026397,"FYN/SETBP1/FGFR1/AP1S2/SYNM/ELN/MTRR/ERCC1/ALG13/AP4E1/AP4S1/ATRX/CDC42/CLCN4/DMD/DYRK1A/EPG5/FA2H/GIGYF2/JPH3/KMT2A/LIMK1/MAP2K2/MECP2/MMADHC/NRXN1/OCLN/PIGN/POMT1/POMT2/PSEN2/RAB3GAP1/RHOBTB2/SLC35C1/SNCA/SPG11/TBL2/TOMM40/TRAK1/TRAPPC6B/TUBGCP4/UBE3A/ZNHIT3",43
"C0349782","Ischemic cardiomyopathy","22/2069","110/21671",0.2,2.09482841952634,3.73996436028491,0.000638236537783895,0.0121816746996656,0.00964651105026397,"PDE5A/ATXN1/KIF26B/SERPINE1/GJA1/AXL/PLN/ANGPT2/ARHGAP1/ATP2A2/CHRNA4/DMD/ESRRB/FOXP3/GATA4/GRK5/IFIT3/LMNA/NCAM1/RNF111/ROR1/SCARB1",22
"C1842364","Central hypotonia","13/2069","50/21671",0.26,2.72327694538424,3.96334337502019,0.000639110244354864,0.0121816746996656,0.00964651105026397,"MN1/COL13A1/ADCY5/AGRN/CEP290/MECP2/MEFV/MYO9A/NSD1/POMT1/RHOBTB2/SLC25A1/SOX5",13
"C4304832","Primary pigmented nodular adrenocortical disease","8/2069","22/21671",0.363636363636364,3.80877894459335,4.28222506936279,0.000639225666260076,0.0121816746996656,0.00964651105026397,"EDNRA/ACKR3/NR3C1/ADRA1A/APRT/LPAR2/PRKACA/PRKAR1A",8
"C0013990","Pathological accumulation of air in tissues","16/2069","69/21671",0.231884057971014,2.42878657336387,3.86193031848812,0.000641317325052604,0.0121816746996656,0.00964651105026397,"CCL5/MGP/MCAM/EFEMP2/ELN/BICD1/CEBPA/DYNC2LI1/FARSB/LMNA/NFE2L2/NFKB1/PRKCD/TAP1/TAP2/TAPBP",16
"C0279068","Childhood Solid Neoplasm","30/2069","169/21671",0.177514792899408,1.85931516526007,3.64347596064439,0.000641885259261439,0.0121816746996656,0.00964651105026397,"HAVCR2/EPHA3/AGTR1/MLLT11/DKK3/PTPRC/TNC/NR3C1/MYL9/SERPINF1/MMP2/MCAM/MTHFR/TYMS/CASR/CHPT1/EGFR/ERBB2/ERBB3/HSPD1/KMT2A/MCL1/MEF2D/MSLN/MYCN/NFE2L2/PART1/PIK3CD/PRKAR1A/PTGS2",30
"C1867441","Pterygium Of Conjunctiva And Cornea","30/2069","169/21671",0.177514792899408,1.85931516526007,3.64347596064439,0.000641885259261439,0.0121816746996656,0.00964651105026397,"VIM/COL3A1/COL4A1/CLU/PECAM1/TCF4/EFEMP1/ZEB2/SPARC/PDPN/MMP2/VEGFC/LOXL1/ELN/CTLA4/ATRX/EGFR/FLT1/HBEGF/ICAM3/JUNB/LRP1/MAPK14/NFE2L2/PIK3CD/PLK1/PPP1R12A/PRDX2/PTEN/PTGS2",30
"C4520843","Pterygium of eye","30/2069","169/21671",0.177514792899408,1.85931516526007,3.64347596064439,0.000641885259261439,0.0121816746996656,0.00964651105026397,"VIM/COL3A1/COL4A1/CLU/PECAM1/TCF4/EFEMP1/ZEB2/SPARC/PDPN/MMP2/VEGFC/LOXL1/ELN/CTLA4/ATRX/EGFR/FLT1/HBEGF/ICAM3/JUNB/LRP1/MAPK14/NFE2L2/PIK3CD/PLK1/PPP1R12A/PRDX2/PTEN/PTGS2",30
"C1536999","cancer angiogenesis","12/2069","44/21671",0.272727272727273,2.85658420844501,4.00499850990855,0.000642017608569571,0.0121816746996656,0.00964651105026397,"RBMS3/TIAM1/CYP1B1/CCL2/MMP2/MSN/EHD1/EPS15/FLT1/PIK3CD/RAC1/TACR1",12
"C1854387","Type 1 muscle fiber predominance","12/2069","44/21671",0.272727272727273,2.85658420844501,4.00499850990855,0.000642017608569571,0.0121816746996656,0.00964651105026397,"TPM2/CFL2/COL6A2/COL6A1/LAMB2/COL13A1/AGRN/CHRNE/DNM2/MTMR14/POMT1/SCN4A",12
"C3896961","Adult Pre-B Acute Lymphoblastic Leukemia","12/2069","44/21671",0.272727272727273,2.85658420844501,4.00499850990855,0.000642017608569571,0.0121816746996656,0.00964651105026397,"NR3C1/CD6/DCLRE1C/EPS15/GOPC/KMT2A/PAX8/PBX1/PDLIM5/PIK3CD/PTEN/TCF3",12
"C1510885","Angiogenic Switch","20/2069","96/21671",0.208333333333333,2.18211293700661,3.77119242775571,0.000642654408472323,0.0121816746996656,0.00964651105026397,"DKK3/EDNRA/SERPINE1/ACKR3/F2R/VEGFC/THBS1/ADRA1A/ANGPT2/EGR1/ELAVL1/EPOR/ERBB2/FLT1/LPAR2/MAPK14/PIK3CD/PTGS2/RGS5/STK11",20
"C0280321","Squamous cell carcinoma of the hypopharynx","21/2069","103/21671",0.203883495145631,2.13550469951714,3.75285789198568,0.00064389693307318,0.0121842558830497,0.00964855505608844,"GJA1/CAV1/ADAM10/BTF3/CASR/CYP3A4/EGFR/GRK6/ING1/INPP5D/ITGB1/KDM5B/MAPK14/MAPK8/MCL1/PEG10/PIK3CD/PRKAR1A/PTEN/PTGS2/RAC1",21
"C0020473","Hyperlipidemia","67/2069","472/21671",0.141949152542373,1.48679559436721,3.47391717293733,0.000648105989938164,0.0122428666675626,0.00969496818026125,"PDLIM3/OGN/APOC1/LIPA/CYBB/FGFR1/CD38/SERPINE1/CCL5/AKAP12/MYLK/VCAM1/CCL2/FAM20C/SDC2/MMP2/CFH/C3/BCHE/AKR1B1/MYO5A/MTR/MTHFR/ABCA1/ACADSB/ACLY/ACSL3/APRT/CEBPA/CHDH/CHPT1/CYP2B6/EGFR/EHMT1/ERN1/F5/FABP1/GREB1/HAMP/HBEGF/HDAC4/HELZ2/HFE/HLA-B/HMBS/ID2/JPH3/KIDINS220/LAD1/LMNA/LPL/LRP1/LRP6/MAPK14/NFAT5/NFE2L2/PCSK9/PIK3CD/PRKAA2/PROC/PTEN/PTGS2/SLC27A4/SREBF2/TOX3/VLDLR/XPR1",67
"C0018213","Graves Disease","80/2069","585/21671",0.136752136752137,1.43236131249664,3.44419052019851,0.000655081311681889,0.0123534426122477,0.00978253184442042,"HAVCR2/LAIR1/ICAM1/CYBB/HLA-DOA/LST1/SLIT2/EDNRA/SERPINE1/CCL5/GJA1/ACKR3/PTPRC/EFS/GEM/TIMP2/VCAM1/PRICKLE1/PHLDB2/LMOD1/FLNA/NDN/MMP2/CFH/PDLIM7/HLA-DQB1/CCDC88A/CTLA4/MTHFR/ADRA1A/APRT/ATP6AP2/CASR/CEP128/CETN1/CXCL9/DICER1/DMD/DNTT/DPYSL2/EARS2/FLT1/FOXD3/FOXP3/GATA3/GNAO1/HDLBP/HLA-B/HLA-C/HLA-G/HLA-J/HSPA5/HSPD1/IL21R/ITGB1/KLK3/LAD1/LGALS9/LPAR2/LPP/MECP2/MTNR1A/NCAM1/NFKB1/NRXN3/PAX8/PIK3CD/PSMB8/PSMB9/RNASET2/RNH1/SFXN1/SH2D1A/SNCA/SOCS3/TAP1/TAP2/TRAF4/UACA/SLC25A27",80
"C0033999","Pterygium","36/2069","216/21671",0.166666666666667,1.74569034960528,3.5783321248719,0.000677907497466491,0.0127620431958948,0.0101060973756363,"VIM/COL3A1/COL4A1/CLU/PECAM1/POSTN/TCF4/IGFBP7/EFEMP1/TIMP2/GPC6/ZEB2/SPARC/PDPN/MMP2/VEGFC/COL1A2/LOXL1/ELN/CTLA4/CDH1/ATRX/EGFR/FLT1/HBEGF/ICAM3/JUNB/LRP1/MAPK14/NFE2L2/PIK3CD/PLK1/PPP1R12A/PRDX2/PTEN/PTGS2",36
"C0024667","Animal Mammary Neoplasms","27/2069","147/21671",0.183673469387755,1.92382201793235,3.65127877893243,0.000681977858537678,0.0128167613584905,0.010149427982728,"TRPS1/IL6ST/BASP1/EFEMP1/DES/MGP/NDN/CDH1/ADCY5/CAPZB/CDC42/DBI/EGFR/ERBB2/GATA3/GATM/GSS/ID4/INSIG1/LPL/MPZL1/PLK2/PRDX2/SCARB1/TGFA/TMEM37/UBE2I",27
"C0259783","mixed gliomas","17/2069","76/21671",0.223684210526316,2.3429002060492,3.81007426551637,0.00068518811814311,0.0128551562949064,0.0101798324375785,"QKI/FGFR1/MYLK/ATRX/CLCN3/ERBB2/HLA-B/HLA-C/MIB1/MYB/NTRK3/PLK1/PSD3/PTEN/PTGS2/SUZ12/TFRC",17
"C0004245","Atrioventricular Block","15/2069","63/21671",0.238095238095238,2.49384335657898,3.85769206508007,0.000697273293410667,0.0130596441842375,0.0103417637592327,"GJC1/SYNE1/PKD2/CACNA2D1/CAV1/FHL1/DES/MMP2/APRT/ARID2/GATA4/KCNQ1/LMNA/TBX3/TRPM4",15
"C0007194","Hypertrophic Cardiomyopathy","77/2069","560/21671",0.1375,1.44019453842436,3.4288127535633,0.000698560416413448,0.0130615379727696,0.0103432634259412,"PDLIM3/COL4A1/JPH2/TPM2/VWF/ICAM1/AGTR1/SGCD/SYNE1/GJA1/FZD1/LDB3/FERMT2/ACTA2/TIMP2/MYLK/CAV1/PLN/FHL1/NEXN/HTR2B/NR3C1/CRYAB/MEF2C/KCNJ8/MYL9/DES/MYOCD/MMP2/TFPI/COL1A2/ELN/LUM/ABCC9/APRT/ATP2A2/BRIP1/CASR/CLCN3/COG7/COX20/FANCB/FANCC/FANCM/GATA4/GTPBP3/HFE/HLA-B/HLA-C/HMBS/HSPD1/IKBKE/KCNQ1/KLF10/KMT2A/LAMP2/LIMK1/LMNA/MAP2K2/MRAS/MRPL44/NDUFAF3/NDUFS7/NRAP/PCSK9/PDLIM5/PIK3CD/PRDM6/SET/SLX4/SMARCA4/STK11/SUFU/TBL2/TPM1/TRPC1/VPS33A",77
"C0033300","Progeria","23/2069","118/21671",0.194915254237288,2.04157006987737,3.68582863270708,0.000709667221112016,0.0131808036864001,0.0104377084060297,"PECAM1/GJA1/HIP1/KCNMA1/TWIST2/DES/PRELP/A2M/ELN/CDH5/EDIL3/ERCC1/APRT/EHMT1/ING1/LMNA/LMNB2/NFE2L2/PRKAA2/RARB/SMURF2/TNPO1/TP53BP1",23
"C1397307","Cardiac fibrosis","46/2069","297/21671",0.154882154882155,1.62225769862309,3.50804462378453,0.000713444749776123,0.0131808036864001,0.0104377084060297,"VIM/OGN/AGTR1/ITGA11/CYBB/POSTN/TGFBR1/HSPB7/SERPINE1/GJA1/ACKR3/DDR2/TIMP2/DCN/PLN/MITF/NR3C1/CCL2/FLNA/MMP2/RCN3/LUM/ACVR1B/ADAMTS16/ANGPT2/CXCL9/DMD/DNMT3A/EGFR/GRK5/GSN/HOXA11-AS/ITGA2/MAPK14/MAPK8/MIXL1/NFE2L2/PML/PRKCD/PTEN/RNF111/SMPD1/SMURF2/TACR1/WWP2/HLA-DMB",46
"C0949658","Cardiomyopathy, Hypertrophic, Familial","18/2069","83/21671",0.216867469879518,2.27150069587194,3.77058688182732,0.000714800390630789,0.0131808036864001,0.0104377084060297,"JPH2/ICAM1/ACTA2/CAV1/PLN/FHL1/HTR2B/MYL9/DES/CALU/APRT/ATP2A2/HLA-C/LAMP2/LMNA/PRKAA2/SATB1/TPM1",18
"C1853738","Long eyelashes","18/2069","83/21671",0.216867469879518,2.27150069587194,3.77058688182732,0.000714800390630789,0.0131808036864001,0.0104377084060297,"FRMD4A/TCF4/KCNJ8/MAB21L2/DENND5A/ABCC9/AFF4/ARID2/EGFR/IRF2BPL/KMT2A/NACC1/RUSC2/SMARCA4/SOX11/SOX4/VPS33A/ZNF292",18
"C4317009","Diverticular Diseases","18/2069","83/21671",0.216867469879518,2.27150069587194,3.77058688182732,0.000714800390630789,0.0131808036864001,0.0104377084060297,"CRISPLD2/PCSK5/KIF26B/TRPS1/GJA1/CALD1/EFEMP1/TIMP2/TNS1/COL6A1/TACR2/LOXL1/ELN/PPP1R16B/PTGS2/SCAPER/TNRC6B/ZBTB4",18
"C0344925","Perimembranous ventricular septal defect","5/2069","9/21671",0.555555555555556,5.81896783201761,4.69770255250564,0.000715710578812973,0.0131808036864001,0.0104377084060297,"ZEB2/NFATC1/ATRX/GATA4/WDFY3",5
"C0398621","Hypoplasminogenemia","5/2069","9/21671",0.555555555555556,5.81896783201761,4.69770255250564,0.000715710578812973,0.0131808036864001,0.0104377084060297,"SERPINE1/SERPINF1/MTHFR/DGKE/F5",5
"C1608393","Megacystis microcolon intestinal hypoperistalsis syndrome","5/2069","9/21671",0.555555555555556,5.81896783201761,4.69770255250564,0.000715710578812973,0.0131808036864001,0.0104377084060297,"MYLK/MYH11/ACTG2/MYL9/LMOD1",5
"C1853833","Parkinson Disease 6, Autosomal Recessive Early-Onset","5/2069","9/21671",0.555555555555556,5.81896783201761,4.69770255250564,0.000715710578812973,0.0131808036864001,0.0104377084060297,"ANK2/SBNO1/SBNO2/SKIL/SNCA",5
"C0153349","Malignant neoplasm of tongue","28/2069","155/21671",0.180645161290323,1.89210308860444,3.62125937720115,0.000720277570188663,0.0132427660776089,0.0104867756243091,"VIM/FRMD4A/IGFBP7/TNC/MFAP5/CAV1/NRP2/CRYAB/PDPN/ARL4C/CTSK/TYMS/ANGPT2/CADM1/EGFR/ERBB2/ERBB3/GOPC/ILK/MAU2/MCL1/MYCN/PIK3CD/PTEN/PTGS2/RBPJ/RNF126/XIAP",28
"C1955906","Lymphoma, Extranodal NK-T-Cell","10/2069","33/21671",0.303030303030303,3.17398245382779,4.06035452237312,0.000728600361069473,0.0133734596274302,0.0105902701604572,"JAK3/PDLIM7/CFLAR/CREBZF/DDX3X/MGA/NCAM1/PSMB9/STAT5B/TMTC3",10
"C0014072","Experimental Autoimmune Encephalomyelitis","20/2069","97/21671",0.206185567010309,2.15961692734674,3.7187294641091,0.000738146628464921,0.0135036691350235,0.0106933813898092,"QKI/HAVCR2/JAK3/CCL5/AKAP12/VCAM1/CCL2/MMP2/A2M/HLA-DQB1/C3/CTSC/IL10RA/ITGA4/CIITA/CPB2/CSPG4/NEFL/NFE2L2/PTGS2",20
"C4025814","Abnormality of the metaphysis","20/2069","97/21671",0.206185567010309,2.15961692734674,3.7187294641091,0.000738146628464921,0.0135036691350235,0.0106933813898092,"GJA1/GPC6/KCNJ8/ANTXR1/FLNA/ATP7A/ABCC9/CANT1/CASR/CLCN7/CUL7/DCLRE1C/DYNC2LI1/NSD1/OBSL1/PCNT/SMAD4/SUZ12/TONSL/TRIP11",20
"C1849089","Broad forehead","25/2069","133/21671",0.18796992481203,1.96882370256235,3.64105633235813,0.000746624839017543,0.0136361183285244,0.0107982661975392,"SETBP1/TRPS1/ZFPM2/ACTG2/MEF2C/ANTXR1/FLNA/CDH11/ELN/ACTL6B/CUL7/EHMT1/GATA4/LIMK1/NSD1/OBSL1/PAK1/PIGN/PTEN/SCN8A/SUZ12/TBL2/TCF12/THOC2/ZBTB20",25
"C0489786","Height","40/2069","249/21671",0.160642570281124,1.68259310805329,3.51958188407639,0.000750175631767239,0.0136782851533984,0.0108316575622021,"SAMD4A/FLI1/PAPPA/PCSK5/DCLK1/EFEMP1/ANTXR1/LTBP1/JAZF1/LOXL1/CCDC88A/CTU2/DOT1L/DRAM1/FER/GRK5/H6PD/HLA-B/ID4/KCNQ1/L3MBTL3/LCORL/MPHOSPH9/MYO9A/MYO9B/NFIC/PDE8A/PML/PRKCA/SBNO1/STAT2/TGFB3/TMED10/TNRC6B/TRIP11/TTLL5/ZBTB20/ZMIZ1/ZNF638/ZNF652",40
"C0280099","Adult Solid Neoplasm","29/2069","163/21671",0.177914110429448,1.86349767381178,3.59512892146881,0.00075412249064469,0.0137048696195874,0.0108527094580359,"HAVCR2/EPHA3/AGTR1/MLLT11/DKK3/PTPRC/TNC/NR3C1/MYL9/SERPINF1/MMP2/MCAM/MTHFR/TYMS/CASR/CHPT1/EGFR/ERBB2/ERBB3/HSPD1/KMT2A/MCL1/MEF2D/MSLN/NFE2L2/PART1/PIK3CD/PRKAR1A/PTGS2",29
"C0346429","Multiple malignancy","29/2069","163/21671",0.177914110429448,1.86349767381178,3.59512892146881,0.00075412249064469,0.0137048696195874,0.0108527094580359,"QKI/TCF4/CD3D/CAV1/ANTXR1/CCL2/PDLIM7/THBS1/CTLA4/CD151/CD47/CDK19/CSE1L/CUL3/DDX24/EGFR/EGR1/ERBB2/FBXW2/FEN1/LGR4/MCL1/MYCN/MYO10/PIK3CD/PSME3/RAC1/STK11/YAP1",29
"C1866141","Foot dorsiflexor weakness","16/2069","70/21671",0.228571428571429,2.39408962231582,3.79544143426023,0.000758757109300978,0.0137663789863784,0.0109014179321228,"TPM2/PMP22/EGR2/LDB3/CFL2/FHL1/CRYAB/DES/FA2H/LMNA/LYST/NEFL/PNPLA2/RAB7A/SMCHD1/SPG11",16
"C1262048","Glial scar","13/2069","51/21671",0.254901960784314,2.66987935821985,3.87883984429712,0.000783744831083097,0.014173040763084,0.0112234481471324,"CCL5/CTSB/GAP43/RGMA/CCL2/MMP2/CSPG4/EGR1/PIK3CD/PTEN/PTGS2/RAB7A/WNK1",13
"C3896960","Childhood Pre-B Acute Lymphoblastic Leukemia","13/2069","51/21671",0.254901960784314,2.66987935821985,3.87883984429712,0.000783744831083097,0.014173040763084,0.0112234481471324,"RUNX1T1/NR3C1/CD6/DCLRE1C/EPS15/GOPC/KMT2A/PAX8/PBX1/PDLIM5/PIK3CD/PTEN/TCF3",13
"C0032584","polyps","57/2069","390/21671",0.146153846153846,1.53083615273079,3.43681606029096,0.000785053120348768,0.0141734262531164,0.0112237534117162,"VIM/PDE5A/PTGER3/AGTR1/POSTN/TGFBR1/IGFBP7/EDNRA/SERPINE1/ACKR3/CALD1/PTGIS/MFAP5/DCLK1/VCAM1/NR3C1/PDPN/MMP2/VEGFC/LGALS1/GREM1/C3/HLA-DRA/MTHFR/AXIN2/CDH1/ACVR2B/ADRA1A/CEBPA/CTBP2/DICER1/EGFR/ELAVL1/ELP3/ERBB2/ERBB3/FANCB/FOXP3/HFE/HLA-G/HMGA1/ILK/LPAR2/MIB1/MSLN/NDUFAB1/NFKB1/PAK1/PLK2/PRDX2/PRKAA2/PTEN/PTGS2/SMAD4/STK11/TACR1/WNK1",57
"C0027022","Myeloproliferative disease","54/2069","365/21671",0.147945205479452,1.5495991048551,3.44033707888604,0.000798527213880949,0.014391071827515,0.0113961041344403,"CYBB/IL2RB/JAK3/MN1/RUNX1T1/DKK3/FGFR1/ZEB2/SPARC/MMP2/MCAM/ABCA1/AKAP13/ATG2B/CEBPA/CISH/CREB1/CRYZ/CYP3A4/DKK1/DNMT3A/DOK1/EGFR/EPOR/ETV7/F5/FANCB/FGFR1OP2/FLT1/FLT3LG/GAB1/GATA3/HLA-C/INPP5D/JUNB/KIDINS220/KMT2A/MAPK14/MVD/MYB/PCM1/PIK3CD/PML/PTPN6/SOCS3/SOX6/SPRED1/SSBP2/STAT5B/STK11/SUZ12/TCF3/TRIM33/ZMYM2",54
"C0221210","Congenital malrotation of intestine","17/2069","77/21671",0.220779220779221,2.31247293064596,3.74825110425354,0.000802335249441043,0.014391071827515,0.0113961041344403,"FLI1/ZFPM2/ACTA2/MYLK/CLMP/MYH11/ACTG2/LMOD1/FLNA/CFC1/DHCR7/KAT6A/KMT2A/NPHP3/PIGN/RARB/RREB1",17
"C0349459","Cervical intraepithelial neoplasia grade 2","17/2069","77/21671",0.220779220779221,2.31247293064596,3.74825110425354,0.000802335249441043,0.014391071827515,0.0113961041344403,"VIM/ST8SIA4/CCL2/POPDC2/MTR/MTHFR/AKAP13/ALDH1A1/CADM1/CISH/DDX5/EGFR/GATA3/MIB1/PAPOLA/PDAP1/TUSC2",17
"C0423757","Thin skin","17/2069","77/21671",0.220779220779221,2.31247293064596,3.74825110425354,0.000802335249441043,0.014391071827515,0.0113961041344403,"COL3A1/MAP1B/TGFBR1/PRKD1/C1R/TWIST2/FLNA/COL1A2/ADAMTS2/LMNA/NEDD4L/NFIX/PPOX/PRKACA/PRKAR1A/PROC/TMTC3",17
"C0034935","Babinski Reflex","36/2069","218/21671",0.165137614678899,1.72967484181074,3.5178159331968,0.000806183941776797,0.0144365914646957,0.0114321505479174,"COL4A1/ATXN1/CAV1/PRICKLE1/HTRA1/ACOX1/ALG13/AP4E1/AP4S1/ATP6AP2/ATXN3/CACNA1G/CLCN4/DDC/DDHD1/DDX3X/DKK1/DMD/FA2H/HGSNAT/HSPD1/IBA57/IRF2BPL/KY/MECP2/MID2/NEFL/NIPA1/OPA3/RUSC2/SCN8A/SNCA/SPG11/VPS13D/ZFR/ZNF81",36
"C4551687","Sarcoma of soft tissue","41/2069","258/21671",0.158914728682171,1.66449544962364,3.48837057385912,0.00080875707519907,0.0144591585538431,0.0114500211346963,"VIM/PECAM1/FGFR1/LATS2/SERPINE1/PTPRC/STOM/CAV1/MITF/CCL2/PDPN/VEGFC/PRIMA1/THBD/ABCC3/ALDH1A1/CCAR2/CD151/CD6/CSPG4/DMD/EGFR/ERBB2/ESRRB/EWSR1/FOXP3/GAB1/GATA3/HBEGF/HDAC4/ING1/ITGB3/LMNA/PLAGL1/PRDM10/PTEN/SMARCA4/TUSC2/XIAP/YAP1/ZNF654",41
"C2937421","Prostatic Hyperplasia","22/2069","112/21671",0.196428571428571,2.05742076917766,3.64503791329775,0.000822887391385394,0.0146879397752469,0.0116311900326333,"PDE5A/FLI1/AKAP12/F2R/CCL2/MMP2/A2M/UMPS/TYMS/ADRA1A/CDC37/EGFR/EGR1/ERBB2/FOXP3/HLA-G/IL21R/KLK3/MAPK14/PIK3CD/PIK3R3/RARB",22
"C0085083","Ovarian Hyperstimulation Syndrome","15/2069","64/21671",0.234375,2.45487705413243,3.78685393457601,0.000831509472889457,0.0147712386712436,0.0116971533538119,"VWF/SERPINF1/THBS1/MTHFR/ANGPT2/CISH/EGR1/ERBB2/F5/FLT1/LPL/MCL1/OCLN/PROC/PTGS2",15
"C0279627","Adult Acute Myelomonocytic Leukemia","9/2069","28/21671",0.321428571428571,3.36668853138162,4.07118559086683,0.000831577951164174,0.0147712386712436,0.0116971533538119,"MLLT11/MYH11/FLNA/FANCB/KAT6A/KMT2A/MYB/NCOA2/TFRC",9
"C0279644","Childhood Acute Myelomonocytic Leukemia","9/2069","28/21671",0.321428571428571,3.36668853138162,4.07118559086683,0.000831577951164174,0.0147712386712436,0.0116971533538119,"MLLT11/MYH11/FLNA/FANCB/KAT6A/KMT2A/MYB/NCOA2/TFRC",9
"C4529962","Fatty Liver Disease","97/2069","741/21671",0.130904183535762,1.37110901952804,3.33953122147238,0.000838721038663136,0.0148741301107844,0.0117786317574779,"HAVCR2/PDLIM3/CLU/RDX/LIPA/ICAM1/CYBB/IL2RB/LATS2/CD38/CCL5/ACKR3/WWTR1/DCN/HSD17B6/VCAM1/ALDH1A3/NR3C1/CCL2/SERPINF1/MMP2/CFH/AEBP1/A2M/C3/LUM/PRKCB/AKR1B1/RORA/THBD/ABCC2/MTHFR/CES2/ABCC3/ABCA1/ABCB11/ACLY/ALDH1A1/ANGPT2/ARNT/CFLAR/CHPT1/CMKLR1/CREBZF/CYP2B6/CYP3A4/DDC/DICER1/DKK1/EGFR/EHMT1/ERN1/F5/FABP1/H6PD/HAMP/HFE/HLA-C/HSPA5/JUNB/LAMP1/LPL/MAPK14/MAPK8/MCL1/MEFV/NCOA2/NFE2L2/OCLN/PART1/PARVB/PCSK9/PIK3CD/PIK3R3/PLIN5/PNPLA2/PRKAA2/PTGES/PTGS2/SESN3/SLC11A2/SLC2A2/SMAD4/SMARCA4/SMPD1/SREBF2/STAT1/STK11/TCF3/TCF7L2/TFRC/TNFRSF4/TRAF3/WNK1/XPR1/YAP1/ZBTB20",97
"C0040053","Thrombosis","20/2069","98/21671",0.204081632653061,2.13758001992484,3.66690138337348,0.000845621142391628,0.0149483557643002,0.0118374100949812,"PTGER3/PECAM1/VWF/SERPINE1/CD2/DCN/TFPI/THBD/SLC19A1/MTHFR/CANT1/CPB2/EGR1/F5/FGB/ITGA2/ITGB3/PROC/PTGS2/TBXA2R",20
"C1135868","Gestational Trophoblastic Neoplasms","20/2069","98/21671",0.204081632653061,2.13758001992484,3.66690138337348,0.000845621142391628,0.0149483557643002,0.0118374100949812,"VIM/PECAM1/PEG3/ACTG2/BCHE/MTHFR/AKT2/EGFR/ERBB2/ERBB3/ITGA2/ITGB1/LAMP2/MCL1/PAK1/PAK2/PIK3CD/PTEN/SRY/USP14",20
"C0019214","Hepatosplenomegaly","24/2069","127/21671",0.188976377952756,1.97936543577292,3.59619283540065,0.000871629407577065,0.015358807465034,0.0121624415019385,"HAVCR2/VWF/LIPA/TCF4/JAK3/CD3D/STOM/TIMP2/CAV1/MMP2/PALLD/ABCA1/CLCN7/LPL/PIK3CD/PPP1R21/SH2D1A/SMAD4/SMPD1/SP110/STAG2/STAT1/STXBP2/XIAP",24
"C2919945","Cavernous Hemangioma of Brain","24/2069","127/21671",0.188976377952756,1.97936543577292,3.59619283540065,0.000871629407577065,0.015358807465034,0.0121624415019385,"VIM/PECAM1/ICAM1/GLI3/FGFR1/GJA1/HEG1/THBS1/ELN/PRKCB/ANGPT2/CDC42/CYP2B6/FLT1/KLK3/NCAM1/NFE2L2/OCLN/PART1/POU3F3/PRKCA/PTEN/PTGS2/TERF2IP",24
"C0011615","Dermatitis, Atopic","98/2069","751/21671",0.130492676431425,1.36679883564302,3.32373649221228,0.000877361271870653,0.0154351113212644,0.0122228655413626,"SLC11A1/HAVCR2/APOC1/CRISPLD2/ICAM1/POSTN/IL2RB/JAK3/MCC/SETBP1/HLA-DOA/IL6ST/CCL5/EGR2/NPL/GEM/TNC/VCAM1/CCDC80/NR3C1/COL6A2/CCL2/VEGFC/LGALS1/PDLIM7/HLA-DQB1/C3/ADAMTS2/IL10RA/RORA/EMCN/CTLA4/MTHFR/ALDH1A1/ANGPT2/C1QL1/CCL22/CETN1/CHRNA4/CHST8/CXCL9/EFHC1/EGFR/ERBB2/ESRRB/FA2H/FOXP3/GATA3/GLS/HLA-B/HLA-C/IL12RB1/IL17B/IL21R/JUNB/KIDINS220/KLK6/MAPK14/MAPK8/NAAA/NEK9/NFE2L2/NFKB1/NPNT/OAS2/ORM1/OVOL1/PART1/PDE4A/PDE4D/PGD/PPP2R3C/PRPF40A/PSEN2/PTGS2/PTPN6/RBPJ/RGCC/RNF111/SATB1/SLC27A4/SLC2A2/SMPD1/SOCS3/STAT1/STAT5B/TACR1/TAP1/TAP2/TBXA2R/TCF3/TGFA/TNFRSF18/TNFRSF4/WNK1/XPR1/ZC3H12D/ZNF652",98
"C0019288","Hernia, Femoral","7/2069","18/21671",0.388888888888889,4.07327748241233,4.2377808791529,0.000882491938780568,0.0154759294932968,0.012255188925238,"COL1A2/ADAMTS2/ATP7A/EHMT1/FANCB/SMAD4/TRIP11",7
"C0205875","Papillomatosis","7/2069","18/21671",0.388888888888889,4.07327748241233,4.2377808791529,0.000882491938780568,0.0154759294932968,0.012255188925238,"EGFR/ERBB2/PLA2G4A/PTEN/PTGES/PTGS2/TGFA",7
"C0235653","Malignant neoplasm of female breast","16/2069","71/21671",0.225352112676056,2.36037005017053,3.73008620951147,0.000894020125890362,0.0156531695491742,0.012395543039079,"MCC/LATS2/CYP1B1/CDH1/ABCC11/BCL2L11/BRIP1/COX11/EGFR/ERBB2/GATA3/HFE/KLK3/MIB1/PTEN/TOX3",16
"C2673410","Small midface","8/2069","23/21671",0.347826086956522,3.64317986004581,4.12041778877789,0.000898685912692108,0.0157098856452035,0.0124404557838832,"SETBP1/CUL7/EHMT1/KMT2A/NACC1/NFIX/NSD1/TRIP11",8
"C0032580","Adenomatous Polyposis Coli","82/2069","609/21671",0.134646962233169,1.41031141544466,3.33681362744136,0.000902095222315977,0.0157444923666654,0.01246786040018,"TSPAN4/CYGB/CLU/PTGER3/PECAM1/TCF4/ATXN1/MCC/PMP22/DKK3/IL6ST/LATS2/SERPINE1/FZD1/PKD2/CAV1/ALDH1A3/NR3C1/F2R/CCL2/GREM1/PALLD/MTHFR/AXIN2/CDH1/ANAPC5/ARID2/BCL2L11/CADM1/CDC42/CDH7/CNTN1/DKK1/DNMT3A/EGFR/ERBB2/F5/FANCB/FEN1/FER/FZD3/GSN/GSS/HLA-C/HMGA1/HSPA5/IHH/ILK/ITIH4/KIDINS220/KLK3/LRP6/MAPK8/MIB1/NLK/ORM1/PIK3CD/PLA2G4A/PLK1/PMS1/PPP1R1A/PRDX2/PRKAA2/PRKAR1A/PROC/PTEN/PTGES/PTGS2/RAC1/RARB/SMAD4/SMPD1/STAT1/STK11/STRN/TCF7L2/TFDP1/TNKS/WNK1/XPR1/YAP1/ZC3H12D",82
"C0000786","Spontaneous abortion","32/2069","188/21671",0.170212765957447,1.78283269746923,3.50235307891016,0.000910465245958295,0.0158654331546498,0.0125636318500408,"MMP11/AGTR1/LAMA4/PAPPA/CD84/TGFBR1/CD8A/SERPINE1/CYP1B1/PTGIS/TIMP2/COL6A1/MGP/COL1A2/IGFBP6/COL13A1/DHFR/MTHFR/TYMS/ARNT/COL4A6/DNAAF1/DNM2/FGB/GLS/HLA-G/IL24/ITGB3/MAP2/MTMR14/NCAM1/TFRC",32
"C1854494","Slow progression","29/2069","165/21671",0.175757575757576,1.84090982322012,3.52266290174291,0.000921614388402456,0.0160343432219214,0.0126973895533622,"PMP22/SYNE1/CFL2/ITPR1/CRYAB/COL6A2/COL6A1/GNB4/ATP7A/ATP6AP2/CACNA1G/CLN8/DDHD1/DNM2/DYNC1H1/IBA57/KY/LAMA2/LMNA/MECP2/MTMR14/NEFL/PDK3/PNPLA2/POMT1/RNASET2/SLC34A2/SPG11/WNK1",29
"C0015310","Exotropia","17/2069","78/21671",0.217948717948718,2.28282584179153,3.68738103332945,0.000936157540291774,0.0162616766423238,0.0128774119563629,"COL4A1/TGFBR1/DES/ACADSB/ATRX/ATXN3/CDC42/EBF3/FA2H/IRF2BPL/KDM6B/KIF21A/MRPS34/SOX5/TGFB3/TMEM67/UBE3A",17
"C1849020","Short metatarsal","10/2069","34/21671",0.294117647058824,3.08063002871521,3.94453039309824,0.000944781378167447,0.0163856335712726,0.0129755718493449,"TCF4/FGFR1/TRPS1/FLNA/CANT1/PDE4D/PRKAR1A/PRMT7/RBPJ/SRY",10
"C0011269","Dementia, Vascular","35/2069","212/21671",0.165094339622642,1.72922157272222,3.46642818439931,0.000949415244621693,0.0164216415838476,0.0130040861299973,"FYN/CLU/VWF/ICAM1/AGTR1/FGFR1/SERPINE1/CAV1/CFL2/MASP1/PHLDB2/SYNM/GAP43/CCL2/MMP2/BCHE/SLC19A1/MTHFR/CD2AP/CREB1/FLT1/HAMP/HES1/HFE/KLK6/MAPK14/MECP2/NFE2L2/OCLN/PDE9A/PIK3CD/PTGS2/SNCA/SREBF2/STAT5B",35
"C1334274","Invasive Carcinoma","30/2069","173/21671",0.173410404624277,1.81632521924249,3.50224677858214,0.000951926963451549,0.0164216415838476,0.0130040861299973,"VIM/FYN/MMP11/AGTR1/FGFR1/CD3D/PDPN/SERPINF1/MMP2/CDH1/CBX5/CISH/EGFR/ERBB2/ERBB3/GSN/HGD/KLF10/LMNA/MIB1/PIK3CD/PML/PTEN/PTGS2/RUFY3/SMAD4/STAT1/STAT5B/TBX3/TP53BP1",30
"C0005744","Blepharophimosis","21/2069","106/21671",0.19811320754717,2.07506588726666,3.60473041982947,0.00095282202597645,0.0164216415838476,0.0130040861299973,"GJA1/GPC6/MASP1/DACT1/ELN/ERCC1/ABCC9/ARID2/CUL4B/DNMT3A/KMT2A/LIMK1/LMNA/MECP2/MED25/MYCN/MYH3/SCARF2/SLC6A17/SMAD4/TBL2",21
"C1848736","Distal amyotrophy","21/2069","106/21671",0.19811320754717,2.07506588726666,3.60473041982947,0.00095282202597645,0.0164216415838476,0.0130040861299973,"HSPB8/ATXN1/PMP22/EGR2/COL13A1/ATP7A/ABCA1/AGRN/ATXN3/DCAF8/DNM2/IBA57/LMNA/MED25/MYO9A/NEFL/RAB7A/SLC25A1/SPG11/VPS13D/ZBTB20",21
"C0278701","Gastric Adenocarcinoma","64/2069","453/21671",0.141280353200883,1.47979049502964,3.35280292792766,0.000954690258688846,0.0164281309670942,0.0130092249888768,"COL4A1/MMP11/LAYN/GLI3/JAK3/MCC/AKT3/FGFR1/LATS2/SERPINE1/AXL/STOM/DCLK1/TIMP2/ZEB2/ANTXR1/SPARC/MMP2/LGALS1/HLA-DQB1/IGFBP6/ERCC1/MTHFR/CDH1/TYMS/BRD3/CCNG2/CFC1/DICER1/DKK1/EGFR/EPHA8/ERBB2/ERBB3/ERN1/FLT1/FOXP3/GAB1/GATA3/GATA4/GLS/GRK6/HSPA5/IL24/LPAR2/MAP2K2/MAPK14/MCL1/MSLN/NTRK3/PIK3CD/PLAGL1/PPIL3/PRKAA2/PTEN/PTGS2/RAC1/SGCB/SLC6A2/SMAD4/TAP1/TAP2/TRAF4/YAP1",64
"C0700201","Dyssomnias","38/2069","236/21671",0.161016949152542,1.68651440555087,3.44511259929175,0.000958277949785812,0.0164641420608286,0.0130377417094597,"EML1/ATXN1/TUSC3/FGFR1/MEIS1/SRPX/IGSF6/ATXN3/CC2D1A/CSE1L/DDC/EHMT1/EPG5/EPM2A/FANCC/FLT1/GIGYF2/GLRB/GLUD2/GNAO1/HDAC4/HGSNAT/KDM5B/KMT2A/LMAN2L/MECP2/MED23/MED25/MFSD8/NALCN/PAX8/PER3/PNKP/PNN/SLC25A22/SNCA/SPR/STAG2",38
"C0427460","Red cell distribution width determination","80/2069","593/21671",0.134907251264755,1.41303771974795,3.31330846153307,0.000978303003737613,0.0167559113221809,0.013268790023682,"FRMD4A/LIPA/PDLIM4/IL2RB/ZFPM2/GPR161/C1S/CLMP/HSD17B6/CCDC69/KANK2/ATP2B4/PAPLN/TK1/MTHFR/CDH1/ABCB11/ANKRD26/AP4S1/AVL9/BACE1/BMP2K/BRD3/CD2AP/CDCA2/CSNK1G2/CUL3/DAGLB/DNM2/EPG5/FAM114A2/FAM222B/FZR1/GCDH/HAMP/HELLS/HELZ2/HFE/HOOK2/IGF2BP2/KALRN/LIPG/LPL/MAST4/MORF4L1/MYO9B/NMT1/NOL4L/NUFIP2/OSBP2/PAK2/PARP10/PARVB/PDS5A/POLK/RAC1/SCAPER/SIK3/SLC22A23/SOX6/STRN/STX7/TFRC/TNPO1/TPM1/TRIM33/TRMT1/TUBD1/USP47/WDR20/WDR83/WNK1/ZCCHC8/ZFP36L1/ZNF407/ZNF516/ZNF800/ZNF853/ZNHIT3/PDZRN4",80
"C1304746","RDW - Red blood cell distribution width result","80/2069","593/21671",0.134907251264755,1.41303771974795,3.31330846153307,0.000978303003737613,0.0167559113221809,0.013268790023682,"FRMD4A/LIPA/PDLIM4/IL2RB/ZFPM2/GPR161/C1S/CLMP/HSD17B6/CCDC69/KANK2/ATP2B4/PAPLN/TK1/MTHFR/CDH1/ABCB11/ANKRD26/AP4S1/AVL9/BACE1/BMP2K/BRD3/CD2AP/CDCA2/CSNK1G2/CUL3/DAGLB/DNM2/EPG5/FAM114A2/FAM222B/FZR1/GCDH/HAMP/HELLS/HELZ2/HFE/HOOK2/IGF2BP2/KALRN/LIPG/LPL/MAST4/MORF4L1/MYO9B/NMT1/NOL4L/NUFIP2/OSBP2/PAK2/PARP10/PARVB/PDS5A/POLK/RAC1/SCAPER/SIK3/SLC22A23/SOX6/STRN/STX7/TFRC/TNPO1/TPM1/TRIM33/TRMT1/TUBD1/USP47/WDR20/WDR83/WNK1/ZCCHC8/ZFP36L1/ZNF407/ZNF516/ZNF800/ZNF853/ZNHIT3/PDZRN4",80
"C0948201","Alloimmunisation","15/2069","65/21671",0.230769230769231,2.41710971483809,3.71734163839948,0.000986998047064786,0.0168687342896617,0.0133581330762063,"HLA-DOA/HOPX/HLA-DQB1/CTLA4/ATP2A2/CLCN7/CXCL9/HLA-C/HLA-G/ITGA2/ITGB3/KIDINS220/TAP1/TAP2/TNFRSF4",15
"C0031099","Periodontitis","90/2069","682/21671",0.131964809384164,1.38221816537662,3.29508897236411,0.0009883268275593,0.0168687342896617,0.0133581330762063,"COL3A1/IGFBP5/EPHA3/CLU/ST8SIA4/CD74/ICAM1/AGTR1/POSTN/ZNF667-AS1/IL6ST/CD38/SERPINE1/CCL5/SLAMF7/CYP1B1/GEM/C1S/TNC/TIMP2/CAV1/C1R/RECK/ANGPTL2/MFGE8/VCAM1/F2R/CCL2/FAM20C/MMP2/VEGFC/NFATC1/PDLIM7/THBS1/C3/ELN/CTSC/CTSK/EDIL3/CTLA4/ABCC11/APRT/CHPT1/CISH/CMKLR1/DKK1/DMD/DRAM1/EHMT1/ELAVL1/FASTK/FCN2/FGB/FOXP3/GATA3/HLA-B/HSPD1/IL24/INPP5D/LAD1/LYST/MAPK14/MEFV/MIXL1/NFE2L2/NFKB1/OIP5-AS1/PART1/PCSK9/PIK3CD/PLTP/PPP1R1A/PRDM1/PRDX2/PTGES/PTGS2/SDC3/SET/SFXN1/SLC35C1/SOCS3/STAT1/STAT2/TCF12/TCF7L2/TFRC/WNK1/XIAP/YAP1/CD27",90
"C0027439","Nasopharyngeal Neoplasms","11/2069","40/21671",0.275,2.88038907684872,3.8672204112577,0.000991777249267282,0.0168687342896617,0.0133581330762063,"EDNRA/GJA1/MMP2/VEGFC/RASSF2/ERCC1/CEP128/CIITA/EGFR/ERBB2/HLA-B",11
"C4021815","Abnormal palate morphology","11/2069","40/21671",0.275,2.88038907684872,3.8672204112577,0.000991777249267282,0.0168687342896617,0.0133581330762063,"FLI1/TCF4/TRPS1/COL12A1/ANTXR1/COL6A2/DES/COL6A1/ATP7A/ZBTB20/ZNHIT3",11
"C0008925","Cleft Palate","82/2069","611/21671",0.134206219312602,1.40569501146612,3.30484121244948,0.000994003089633238,0.0168687342896617,0.0133581330762063,"FILIP1L/CRISPLD2/GLI3/MN1/TGFBR1/FGFR1/NID1/EDNRA/GJA1/BNC2/TIMP2/MASP1/TNS1/ACTG2/MEIS2/FLNA/FAM20C/GREM1/COL8A1/MTR/SLC19A1/MTHFR/AXIN2/CDH1/TYMS/ADAMTS9/ARID2/ATRX/BHMT/BHMT2/BRIP1/BRWD3/CANT1/CC2D2A/CEP290/DHCR7/EPG5/FANCB/FANCC/FANCM/GATA3/GNAO1/GOSR2/HDAC4/HSPA5/IL17RD/INTS1/KAT6A/KIF21A/KMT2A/MBTPS2/MED25/MNT/MYH3/NAA25/NEDD4L/NEK1/PIGN/PNKP/POMT1/POMT2/RPS29/RREB1/SCARF2/SLC25A22/SLX4/SMARCA4/SMCHD1/SOX11/SOX4/SPRY4/STAG2/STX2/SUFU/TBX3/TCF7L2/TGFA/TGFB3/TMEM67/YAP1/ZFHX4-AS1/CDON",82
"C0011311","Dengue Fever","53/2069","360/21671",0.147222222222222,1.54202647548467,3.36921980372033,0.000994080500680147,0.0168687342896617,0.0133581330762063,"VIM/LSAMP/VWF/PMP22/CD38/CCL5/GEM/HSD17B6/VCAM1/CCL2/MMP2/CFH/THBD/CTLA4/APRT/CD9/CNOT2/CXCL9/DDX6/EGFR/ELAVL1/ERBB2/ERN1/F5/GATA3/GLS/HELZ2/HLA-B/HLA-C/HSPA5/ICAM3/IKBKE/IL3RA/KLK3/KPNB1/LGALS9/MICB/MNT/NAAA/NFE2L2/NFKB1/OAS2/PIK3CD/PRKAA2/PTGS2/SOCS3/TAP1/TAP2/TCF7L2/TIRAP/TNPO1/TRIM69/WNK1",53
"C0032914","Pre-Eclampsia","29/2069","166/21671",0.174698795180723,1.82982000500795,3.48680555793552,0.00101690285038332,0.0172043740091669,0.0136239218403082,"ADAM12/PDE5A/CLU/VWF/ICAM1/AGTR1/IL6ST/SERPINE1/CCL5/TIMP2/ACTG2/VCAM1/HTRA1/CFH/TFPI/LGALS1/C3/ITGA4/THBD/MTHFR/ANGPT2/CPB2/F5/FLT1/HLA-G/NSD1/SOCS3/TAP1/TAP2",29
"C0034194","Pyloric Stenosis","23/2069","121/21671",0.190082644628099,1.99095263012834,3.5512516715832,0.00101698424407225,0.0172043740091669,0.0136239218403082,"FLI1/CYBB/MAP1B/CAV1/FLNA/ALG13/CLCN4/DHCR7/DMD/DNM2/HDAC4/KMT2A/MECP2/MID2/MTMR14/NEDD4L/NEK9/PPP2R3C/PPP2R5D/TBX3/TMTC3/VAC14/ZNF81",23
"C4703473","Atherosclerotic lesion","40/2069","253/21671",0.158102766798419,1.65599084547537,3.40979359590484,0.00102775277837449,0.0173598793684636,0.0137470645283059,"PECAM1/ICAM1/AGTR1/PAPPA/TGFBR1/CCL5/MYLK/VCAM1/F2R/CCL2/MMP2/CFH/ELN/CTSC/PRKCB/ABCA1/ABCC11/AKT1S1/ANGPT2/ARNT/ATG7/CD47/EGFR/EGR1/HAMP/HSPD1/LAD1/LPL/NFE2L2/NFKB1/OSBP/PCSK9/PIK3CD/PLTP/PRDX2/SMPD1/STAB1/STAT1/WNK1/XPR1",40
"C0020615","Hypoglycemia","60/2069","420/21671",0.142857142857143,1.49630601394739,3.33690625384473,0.00103042389265159,0.0173783435371699,0.0137616860653154,"PECAM1/AKT3/EDNRA/GJA1/ACKR3/BNC2/CALD1/GPR161/KCNMA1/VCAM1/NR3C1/F2R/LGALS1/C3/IGFBP6/ATP7A/MTHFR/ACADSB/ADCY5/ADRA1A/AKT2/APRT/ARFIP2/ARNT/CEBPA/CHPT1/COG7/DBT/DENR/EGFR/EHMT1/ELAVL1/GCDH/H6PD/HNRNPC/KCNQ1/LPAR2/LPL/MAPK8/NDUFAF3/NDUFS7/NFE2L2/NSD1/PIK3CD/PPP2R5D/PRKAA2/PRKAR1A/PSMB9/PTEN/RARB/RNH1/RPAIN/SLC2A2/SOCS3/SOCS7/STAT5B/TAP1/TCF7L2/TFAM/CDON",60
"C0262655","Recurrent urinary tract infection","38/2069","237/21671",0.160337552742616,1.67939831101268,3.41669751069945,0.00103849538468831,0.017436606357841,0.0138078236414107,"VIM/ICAM1/AGTR1/IL2RB/TRPS1/CCL5/BNC2/PKD2/KCNMA1/CCL2/MSN/EFEMP2/ELN/ATP7A/DHFR/APRT/ARL3/ATRX/BRIP1/CIITA/EBF3/F5/FANCB/FANCC/FANCM/HAMP/HSPD1/IL24/KLK3/LIMK1/MEFV/PRPF40A/PTGS2/RARB/SFXN1/SLC46A1/SLX4/TBL2",38
"C0006012","Borderline Personality Disorder","36/2069","221/21671",0.16289592760181,1.70619509282688,3.42820427839534,0.00103862832749875,0.017436606357841,0.0138078236414107,"IL18BP/SYNE1/EDNRA/ACKR3/NR3C1/CAP2/F2R/FLNA/PRIMA1/MTHFR/ADCY2/ADRA1A/CAMK2A/CASR/CHDH/CMKLR1/DBT/DDC/DPYSL2/EGFR/EHMT1/HTR3A/ID2/LMAN2L/LPAR2/LPP/MCPH1/NFKB1/NPAS3/NRXN3/PDLIM5/PRKAR1A/SCN8A/SLC6A2/SMARCA4/VAPA",36
"C0010709","Cyst","36/2069","221/21671",0.16289592760181,1.70619509282688,3.42820427839534,0.00103862832749875,0.017436606357841,0.0138078236414107,"VIM/PECAM1/ICAM1/POSTN/PRKD1/CCL5/PKD2/CAV1/ITPR1/TNS1/VCAM1/ALDH1A3/MMP2/VEGFC/BCHE/ABI2/ANGPT2/APRT/CDC42/CDH8/DICER1/DNAJC5/EPOR/EXOC5/FLT1/H6PD/LAMA2/LAMB1/MCL1/MCPH1/PAK1/PAK2/PAX8/PRKCSH/PTEN/RNASET2",36
"C0042024","Urinary Incontinence","27/2069","151/21671",0.178807947019868,1.87285984527189,3.49680458992236,0.00104116820056466,0.0174526413893738,0.0138205215760285,"COL3A1/BNC2/DCN/HTRA1/CCL2/A2M/HLA-DQB1/ADRA1A/ALG13/CACNA1G/CLCN4/DKK1/DMD/DNM2/FA2H/HGSNAT/HMBS/HSPD1/IRF2BPL/MECP2/MID2/MTMR14/NIPA1/SCN8A/SPG11/SUFU/ZNF81",27
"C4048158","Convulsions","30/2069","174/21671",0.172413793103448,1.80588656855719,3.46752117676786,0.00104734861270355,0.017529559683441,0.0138814321808493,"CHRNA3/CLU/TCF4/PRKD1/CD38/NRP2/F2R/MPDZ/BCHE/PRKCB/ABCC2/ATP7A/ARRB1/CHRNA4/DBT/EFHC1/KREMEN2/KTN1/MECP2/MIB1/PIGM/PNKP/PRKCA/PRKCD/PTGS2/SLC6A2/SLC8A1/SNCA/STX2/SYN2",30
"C0232475","Decreased peristalsis","4/2069","6/21671",0.666666666666667,6.98276139842114,4.761650000508,0.00106099429775248,0.0176506498506768,0.0139773219222123,"MYLK/MYH11/ACTG2/LMOD1",4
"C0579144","Cavovarus deformity of foot","4/2069","6/21671",0.666666666666667,6.98276139842114,4.761650000508,0.00106099429775248,0.0176506498506768,0.0139773219222123,"PMP22/FGFR1/CUL4B/DNM2",4
"C4015214","CTLA4 Haploinsufficiency","4/2069","6/21671",0.666666666666667,6.98276139842114,4.761650000508,0.00106099429775248,0.0176506498506768,0.0139773219222123,"JAK3/HLA-DOA/CTLA4/FOXP3",4
"C4021582","Distal peripheral sensory neuropathy","4/2069","6/21671",0.666666666666667,6.98276139842114,4.761650000508,0.00106099429775248,0.0176506498506768,0.0139773219222123,"DKK1/GSN/IBA57/SPG11",4
"C0015469","Facial paralysis","31/2069","182/21671",0.17032967032967,1.78405717047573,3.45091951581739,0.00107238697792214,0.017813269664942,0.0141060984553226,"COL4A1/TPM2/SGCD/GJA1/COL12A1/TUBB6/COL6A2/DES/COL6A1/LAMB2/COL13A1/AGRN/ALG13/CHRNE/CLCN4/CLCN7/DMD/DNM2/GSN/KY/LAMA2/MECP2/MID2/MTMR14/POMT1/POMT2/SCN4A/SLC6A2/SUFU/UBA1/ZNF81",31
"C0086132","Depressive Symptoms","60/2069","421/21671",0.142517814726841,1.49275184289288,3.31702959600846,0.00109246849005408,0.0181195112665145,0.0143486072290711,"IGFBP5/IL18BP/ST8SIA4/LIPA/IL2RB/MCC/IL6ST/CD38/EDNRA/SERPINE1/GJA1/ACKR3/CYP1B1/ACTG2/NR3C1/CCL2/BCHE/ADAMTS2/RORA/MTHFR/TYMS/ABCC9/ADRA1A/ARRB1/C1QL1/CASR/CFLAR/CHPT1/COPE/CPD/CRTAP/CYP3A4/EGFR/EPG5/GATA3/IDS/ITIH3/ITIH4/JUNB/LIPG/LPAR2/LPP/MAP2/MAPK14/MTNR1A/NCAM1/NEFL/NMT1/PDE4D/PER3/PRKAR1A/PROC/PTEN/PTGS2/R3HDML/SET/SNCA/STAT1/TCF3/USE1",60
"C0276138","Viral myocarditis","24/2069","129/21671",0.186046511627907,1.94867759955939,3.51099328584591,0.00109433533128648,0.0181231804563278,0.0143515128131515,"OGN/GJA1/PTPRC/CTSB/CAV1/GBP1/VCAM1/F2R/SPARC/CCL2/ADAMTS1/ADAM9/GAB1/IL21R/MAPK14/NFAT5/NFE2L2/NFKB1/PTEN/PTGS2/SPRY1/STAT1/TRIM69/WNK1",24
"C0220605","Adult Non-Hodgkin Lymphoma","54/2069","370/21671",0.145945945945946,1.52865857641111,3.33223526768981,0.00109729827234244,0.0181449637737346,0.0143687627411998,"LAIR1/ADAM12/GPR34/FGFR1/CD38/PTPRC/CYP1B1/TIMP2/SERPING1/PLEKHO1/MMP2/PDLIM7/IL10RA/RORA/MTR/CTLA4/MTHFR/TYMS/APRT/BCL2L11/CASR/CD47/CEBPA/CFC1/CYP2B6/DYRK2/ERBB2/HLA-G/HSPD1/KLK3/KMT2A/LMNA/MCL1/MYCN/NCAM1/NFKB1/NPAS2/PART1/PER3/PIK3CD/PLEKHG2/PLK1/PML/PRKAR1A/PSMB9/PTEN/PTPN6/SH2D1A/SOCS3/TCF3/TFRC/TMEM260/XIAP/ZMYM2",54
"C0376480","Gingival Overgrowth","20/2069","100/21671",0.2,2.09482841952634,3.5650894535602,0.00110141480619209,0.0181840290832776,0.0143996980558818,"COL3A1/C1S/C1R/FAM20C/MMP2/ELN/ADAMTS2/ABCC9/DHCR7/IRF2BP2/LIMK1/NFIX/PIGN/PLAGL1/PML/PRKAR1A/SCN8A/STAT5B/TBL2/ZNHIT3",20
"C0410203","X-linked centronuclear myopathy","9/2069","29/21671",0.310344827586207,3.25059582340294,3.94010068366251,0.00110461413390654,0.0181840290832776,0.0143996980558818,"VIM/TPM2/DES/DNM2/IDS/MAMLD1/MTMR12/MTMR14/NEFL",9
"C4021801","Lacrimation abnormality","9/2069","29/21671",0.310344827586207,3.25059582340294,3.94010068366251,0.00110461413390654,0.0181840290832776,0.0143996980558818,"TWIST2/ELN/ARID2/LIMK1/SMARCA4/SOX11/SOX4/TBL2/UBR1",9
"C0584960","Factor V Leiden mutation","18/2069","86/21671",0.209302325581395,2.19226229950431,3.59918789110944,0.0011081685058665,0.018215313067325,0.0144244714392835,"VWF/SERPINE1/PTPRC/ITPR1/TFPI/THBD/DHFR/MTHFR/ATXN3/CPB2/CPD/F5/FGB/HFE/ITGA2/ITGB3/LPL/PROC",18
"C0006111","Brain Diseases","51/2069","345/21671",0.147826086956522,1.54835144051947,3.33559521657723,0.00111713320335263,0.0183353024866207,0.0145194895125524,"COL4A1/ICAM1/AGTR1/NLGN4X/HLA-DRB6/ACKR3/CTSB/GAP43/F2R/SDC2/NDN/PDLIM7/ADAMTS2/TYMS/ABCC9/ACTL6B/ADAM10/APEH/APRT/CETN1/CREB1/DENR/DPYSL2/DSCAM/EGR1/EHMT1/EPOR/EWSR1/FCN2/GLS/GRM2/IBTK/IDS/NALCN/NEFL/NFE2L2/NRXN1/PDE4D/PDE9A/PIK3CD/POMT1/PRDX2/PTEN/PTGES/PTGS2/RBFOX3/RNASET2/RPP25/SLC22A8/SNCA/TRPC1",51
"C1319315","Adenocarcinoma of large intestine","74/2069","543/21671",0.136279926335175,1.4274153134894,3.27702917085413,0.00112504479369682,0.0184376760609867,0.014600557825467,"EPHA3/APOC1/LSAMP/TMTC1/TCF4/DLC1/MCC/IGFBP7/RPS6KA2/GEM/TNC/BOC/PDGFRL/FLNA/MMP2/BNIP2/GREM1/CHRDL2/PRKCB/IGFBP6/ABCC2/ATP7B/ATP7A/MTHFR/AXIN2/CDH1/TYMS/ACTR1B/AKT2/ANGPT2/CCL22/CD9/CDC42/CUBN/DDC/E2F4/EGFR/ERBB2/ERBB3/FABP6/FEN1/FRY/GATA3/GPR143/HES1/HLA-B/HLA-F/KLK6/LAMP2/LRIG1/LRP1/MMP16/MSLN/MYO16/NEK11/PAK1/PIK3CD/PMS1/PPP1R21/PRKCA/PTEN/PTGS2/RARB/ROR1/SATB1/SET/SLC25A1/SMAD4/TANC1/TBX3/TCF7L2/TGFA/ZBTB20/ZMIZ1",74
"C0232608","Nasal regurgitation","6/2069","14/21671",0.428571428571429,4.48891804184216,4.24243449836861,0.00114867981519256,0.0187462794926621,0.0148449369020063,"TUBB6/COL13A1/AGRN/MYO9A/SLC25A1/TOP3A",6
"C1845202","Nephrogenic Syndrome of Inappropriate Antidiuresis","6/2069","14/21671",0.428571428571429,4.48891804184216,4.24243449836861,0.00114867981519256,0.0187462794926621,0.0148449369020063,"VWF/EDNRA/ACKR3/MSN/ADRA1A/LPAR2",6
"C1708349","Hereditary Diffuse Gastric Cancer","47/2069","312/21671",0.150641025641026,1.57783550829708,3.34003158437939,0.00114898199015226,0.0187462794926621,0.0148449369020063,"RGS2/FYN/GLI3/ZNF667-AS1/DLC1/FILIP1/IGFBP7/SERPINE1/CAV1/ALDH1A3/F2R/DES/GREM1/CTSC/PRKCB/RORA/THBD/CDH2/ERCC1/UMPS/MTHFR/CDH1/TYMS/ARFGAP2/CLCN3/EGFR/ERBB2/FZR1/HBEGF/HSPD1/ID4/ING1/KMT2A/MAPK8/MSLN/PLAGL1/POLR3K/PTGS2/PTPRG/RAD23A/RARB/RPS21/SMAD4/SREBF2/TBX3/TGFA/ZBTB20",47
"C0265783","Congenital hypoplasia of lung","30/2069","175/21671",0.171428571428571,1.79556721673686,3.43302198672002,0.00115099364881903,0.0187513210864556,0.0148489292750945,"TPM2/GLI3/AGTR1/SETBP1/BNC2/ZFPM2/NR3C1/FLNA/FAM20C/FSTL1/CC2D2A/COQ7/DHCR7/DICER1/EGFR/FANCB/GATA4/GLE1/IFT81/LMNA/MAPK6/MYH3/NEK1/NEK9/NPHP3/PIGN/PIK3CD/PRKCA/RARB/TGFA",30
"C0024131","Lupus Vulgaris","72/2069","526/21671",0.136882129277567,1.43372287267963,3.27160498661187,0.00115591987266473,0.0188037600556228,0.0148904550183119,"VIM/MMP11/VWF/FLI1/CYBB/RUNX1T1/CD38/EGR2/CD2/PTPRC/GEM/MASP1/MFGE8/VCAM1/CCL2/SDC2/MMP2/CFH/C3/LBH/C1QC/PRKCB/CTLA4/MTHFR/ABCA1/ADAM10/C1QL1/CASR/CENPV/CIITA/CTBP2/DKK1/DNMT3A/EGFR/ELOF1/ERBB2/ERN1/F5/FCN2/FOXP3/GATA3/HAMP/HIVEP3/HLA-C/HNRNPC/HSPA5/IL21R/KDM6B/KLK3/LARP6/LGALS9/MAPK14/MCL1/MECP2/NFKB1/PBX1/PRDM1/PRKAR1A/PRKCA/PRKCD/PSME3/PTGS2/PTPN6/SH2D1A/SNCA/STAT1/TGFB3/TIGIT/TP53BP1/WNK1/XPR1/LILRB4",72
"C3665347","Visual Impairment","60/2069","422/21671",0.14218009478673,1.48921451625095,3.29720402229841,0.00115780353607547,0.0188066229244825,0.0148927220872307,"COL4A1/SETBP1/FGFR1/GJA1/CYP1B1/EFEMP1/ITPR1/MITF/TWIST2/ANTXR1/HLA-DQB1/ELN/ERCC1/CTLA4/ABCA1/ADAM9/BRIP1/CABP4/CC2D2A/CEP290/CLCN7/CLN6/COQ7/DDX3X/EARS2/EPM2A/FANCB/FANCC/FANCM/GNA11/GPR143/GSN/HLA-B/IBA57/IL17RD/LAMP2/LIMK1/LSS/LYST/MFSD8/NDUFAF3/OPA3/PDXK/POMT1/POMT2/RAB11B/SLX4/SMARCA4/SMCHD1/SPG11/SPRY4/SRY/TBL2/TMEM67/TTLL5/TUBGCP4/WDR45B/YAP1/ZNHIT3/HLA-DPA1",60
"C0005944","Metabolic Bone Disorder","15/2069","66/21671",0.227272727272727,2.38048684037084,3.64910711772121,0.00116633033053356,0.0188842358786977,0.0149541827844615,"SAMD4A/POSTN/SLIT2/KCNMA1/SERPINF1/MMP2/GREM1/DHCR7/DKK1/DMD/KDM6B/MAPK8/PIK3CD/PRKAA2/TRAF4",15
"C0206692","Carcinoma, Lobular","15/2069","66/21671",0.227272727272727,2.38048684037084,3.64910711772121,0.00116633033053356,0.0188842358786977,0.0149541827844615,"MMP11/VWF/AGTR1/PPP1R12B/PMP22/FGFR1/CDH1/CD6/ERBB2/GATA3/LMNA/MIB1/MYB/NTRK3/PTGS2",15
"C0220612","Childhood Non-Hodgkin Lymphoma","54/2069","371/21671",0.1455525606469,1.52453820288979,3.3108063968972,0.00116772583613849,0.0188842358786977,0.0149541827844615,"LAIR1/ADAM12/GPR34/FGFR1/CD38/PTPRC/CYP1B1/TIMP2/SERPING1/PLEKHO1/MMP2/PDLIM7/IL10RA/RORA/MTR/CTLA4/MTHFR/TYMS/APRT/BCL2L11/CASR/CD47/CEBPA/CFC1/CYP2B6/DYRK2/ERBB2/HLA-G/HSPD1/KLK3/KMT2A/LMNA/MCL1/MYCN/NCAM1/NFKB1/NPAS2/PART1/PER3/PIK3CD/PLEKHG2/PLK1/PML/PRKAR1A/PSMB9/PTEN/PTPN6/SH2D1A/SOCS3/TCF3/TFRC/TMEM260/XIAP/ZMYM2",54
"C0242596","Neoplasm, Residual","49/2069","329/21671",0.148936170212766,1.55997861028557,3.32515074065921,0.00117419939911638,0.0189610820857313,0.0150150363044903,"CHRNA3/ICAM1/RUNX1T1/CD38/PTPRC/EFS/GEM/MYH11/ELN/ADAMTS2/STC1/CTLA4/SLC19A1/ANGPT2/CASR/CD6/CDO1/CEBPA/CLEC12A/DDC/DNMT3A/ERBB2/EWSR1/FLT3LG/GATA4/ID4/IL3RA/ITGB1/KAT6A/KLK3/KMT2A/LETMD1/MCL1/MYCN/NCAM1/PBX1/PEA15/PGP/PIK3CD/PML/PRKAR1A/PRKCA/PTEN/RASSF6/ROR1/SOX11/SUZ12/WT1-AS/CD27",49
"C0024421","Macroglossia","22/2069","115/21671",0.191304347826087,2.0037489230252,3.50630292169097,0.00118577693629962,0.0191200020490011,0.0151408829733257,"SETBP1/ELN/CTSC/ABCC9/ATRX/CUL4B/EHMT1/HELLS/IDS/KCNQ1/LAMA2/LIMK1/PAX8/PLAGL1/POMT1/POMT2/PSMB8/PTEN/SMARCA4/TBL2/UBE3A/VPS33A",22
"C1384666","hearing impairment","96/2069","740/21671",0.12972972972973,1.35880762347655,3.22657705699796,0.00118871791530392,0.0191394011714066,0.0151562448881086,"PDE5A/RDX/FLI1/GLI3/MAF/MN1/PMP22/FGFR1/AP1S2/GJA1/YME1L1/TNC/CCDC50/MASP1/MSRB3/MITF/TWIST2/ANTXR1/FLNA/MGP/DACT1/COL1A2/MTR/MTHFR/ADCY1/AK2/AP1S1/ARID2/ATXN3/BACE1/BBS10/BRIP1/CCDC28B/CEP290/CLCN7/COCH/COG7/COL4A6/COQ7/DDX3X/DHCR7/DMD/EHD1/EHD2/EHD4/EHMT1/EPS8L2/ESPN/ESRRB/FANCB/FANCC/FANCM/GATA3/GIPC1/GSN/HEXA/HGSNAT/HSPD1/IDS/KCNQ1/LMNA/LMNB2/MBTPS2/MCPH1/MECP2/MYCN/MYH3/MYO6/NALCN/NDUFAF3/NDUFS7/NEFL/NFIX/NRXN1/PDE4D/PDE9A/PDLIM5/PLAGL1/POMT1/PRKAR1A/PTEN/SERPINB6/SLX4/SMAD4/SMARCA4/SOX11/SOX4/SRP72/SRY/STAG2/STAT1/TCF12/TGFA/TGFB3/VAC14/ZBTB20",96
"C4049938","Physical Activity Measurement","28/2069","160/21671",0.175,1.83297486708555,3.43574638029556,0.00119686015880899,0.0192423663196546,0.0152377816607491,"SSPN/NEGR1/HIP1/EFEMP1/MEIS1/MEF2C/LMOD1/LTBP1/CALU/JAZF1/HLA-DQB1/LOXL1/HLA-DRA/ABCA1/ADAMTS9-AS2/AKAP6/CMIP/CTBP2/DNMT3A/ITGB8/KCNQ1/MRAS/NRXN3/NSD1/PML/TCF7L2/TRIP11/ZMIZ1",28
"C0151945","Thrombosis of cerebral veins","10/2069","35/21671",0.285714285714286,2.99261202789477,3.83290267548606,0.00121080961940848,0.0194382599687253,0.0153929073144073,"COL4A1/SERPINE1/HSD17B6/MTHFR/CPB2/F5/KLK3/PDE4D/PRKAR1A/PROC",10
"C0206157","Myopathies, Nemaline","12/2069","47/21671",0.25531914893617,2.67424904620384,3.73302141549882,0.0012154154954965,0.0194773400431425,0.0154238543212028,"TPM2/ACTA2/CFL2/DES/ACTN1/CUL3/EIF3K/LMNA/NEFL/NRAP/POMT1/TPM1",12
"C2004493","Leukemia, B-Cell","38/2069","239/21671",0.158995815899582,1.66534476866111,3.36026752895006,0.00121678107234015,0.0194773400431425,0.0154238543212028,"HAVCR2/LAMA4/IL2RB/HLA-DOA/TIMP2/MEIS1/MMP2/PDLIM7/CTLA4/ABCC11/BCL2L11/CASR/CD6/CD9/CDC37/CFLAR/CSPG4/DENR/GPLD1/IL3RA/MCL1/MEF2D/MIB1/NFKB1/PBX1/PCSK9/PIK3CD/PIK3R3/PRKAR1A/PTEN/PTGS2/ROR1/SRF/STK11/TCF3/TGFA/TRIM33/XIAP",38
"C0024796","Marfan Syndrome","24/2069","130/21671",0.184615384615385,1.93368777187047,3.46896505874005,0.00122301056931697,0.0195212756277673,0.0154586463438952,"COL3A1/VWF/AGTR1/TGFBR1/ACTA2/TIMP2/DCN/TAGLN/CNN1/MMP2/COL1A2/THBS1/ADAMTS1/ELN/CDH5/MTHFR/AXIN2/ANGPT2/KCNQ1/LRP1/MAPK14/PART1/PTGS2/TGFB3",24
"C0685938","Malignant neoplasm of gastrointestinal tract","60/2069","423/21671",0.141843971631206,1.48569391455769,3.27742925108688,0.00122657663568276,0.0195212756277673,0.0154586463438952,"HAVCR2/RGS16/TCF4/IL2RB/NID1/PKD2/FHL1/NRP2/ZEB2/SPARC/MMP2/VEGFC/LGALS1/ABCC2/ERCC1/TK1/UMPS/MTHFR/AXIN2/CDH1/TYMS/CDO1/CFC1/CMAS/COPE/CYP3A4/EGFR/ERBB2/ERBB3/FEN1/FLT1/FOXP3/HSPA5/JPH3/KCNQ1/KREMEN2/LGALS9/MAP2K2/MAPK8/MMP16/NFATC3/PIK3CD/PKP3/PSMB8/PTEN/PTGS2/RAPGEF1/RPS6KB1/SATB1/SFXN1/SLC8A1/SMAD4/STK11/TACR1/TCF3/TCF7L2/TEAD2/TGFA/YAP1/ADGRL2",60
"C0240953","Winged scapula","16/2069","73/21671",0.219178082191781,2.29570237756311,3.60262804818419,0.00122661606595978,0.0195212756277673,0.0154586463438952,"TPM2/SGCD/TRPS1/SYNE1/COL12A1/FHL1/FLNA/LAMB2/ATP6V0A2/CUL7/LGI4/LMNA/OBSL1/POMT2/SGCB/SMCHD1",16
"C1334953","Neuroblastic tumors","16/2069","73/21671",0.219178082191781,2.29570237756311,3.60262804818419,0.00122661606595978,0.0195212756277673,0.0154586463438952,"IL2RB/ACKR3/PDPN/AGAP3/CASR/CHD5/EGFR/EWSR1/HSPA5/ITGB1/KIDINS220/MAX/MYCN/NCAM1/PEA15/TCF3",16
"C0008489","Chorea","29/2069","168/21671",0.172619047619048,1.80803643351976,3.41582462493795,0.00123347523577011,0.0196021107814375,0.0155226586593079,"ATXN1/TUSC3/KCNMA1/SGCE/HLA-DQB1/ATP7A/ADCY5/ALG13/ATP8A2/ATXN3/CC2D1A/CHMP1A/CLCN3/CLCN4/CXCL9/GM2A/GNAO1/IRAK1BP1/JPH3/KDM5B/LMAN2L/MECP2/MED17/MED23/MED25/NDUFAF3/OPA3/PART1/RHOBTB2",29
"C0278882","Stage III Cutaneous Melanoma AJCC v6","8/2069","24/21671",0.333333333333333,3.49138069921057,3.96740344850565,0.0012361509801287,0.0196163267206879,0.0155339160782137,"CD74/ICAM1/CTLA4/DNMT3A/FOXP3/PTEN/PTGES/PTGS2",8
"C0030848","Peyronie Disease","11/2069","41/21671",0.268292682926829,2.81013568473046,3.76907090205681,0.00123997525429661,0.0196204705108743,0.0155371974922072,"PDE5A/LIPA/POSTN/TGFBR1/SERPINE1/DCN/TWIST2/CCL2/MMP2/PDE4A/PPP1R1A",11
"C0264886","Conduction disorder of the heart","11/2069","41/21671",0.268292682926829,2.81013568473046,3.76907090205681,0.00123997525429661,0.0196204705108743,0.0155371974922072,"TIAM1/GJA1/CAP2/PRKCB/DMD/LAMA2/LMNA/MAPK8/PRKCA/SMARCA4/TBX3",11
"C0007140","Carcinosarcoma","19/2069","94/21671",0.202127659574468,2.11711382824471,3.52634932870932,0.00127060170698897,0.0200474736376354,0.015875335759921,"VIM/ZNF667-AS1/TGFBR1/F2R/MMP2/ANGPT2/CADM1/DCDC2/DICER1/DYNC1H1/EGFR/ERBB2/GATA3/HMGA1/NCAM1/PAX8/PPP1R1A/PTEN/WT1-AS",19
"C0026266","Mitral Valve Insufficiency","19/2069","94/21671",0.202127659574468,2.11711382824471,3.52634932870932,0.00127060170698897,0.0200474736376354,0.015875335759921,"AKT3/FHL1/MYH11/CRYAB/FLNA/COL1A2/DTNA/ELN/DNMT3A/GATA4/HLA-B/LIMK1/LMNA/MEFV/NDUFAF3/PCSK9/SOX5/TBL2/TGFB3",19
"C0242666","Protein S Deficiency","7/2069","19/21671",0.368421052631579,3.85889445702221,4.05028349713078,0.00128285334147076,0.0201541567041618,0.0159598167040847,"VWF/SERPINE1/TFPI/MTHFR/ATXN3/F5/PROC",7
"C0410538","Pseudoachondroplasia","7/2069","19/21671",0.368421052631579,3.85889445702221,4.05028349713078,0.00128285334147076,0.0201541567041618,0.0159598167040847,"EPHA3/DCN/SPARC/CANX/DMD/GLS/SCN8A",7
"C4015465","Thoracic kyphoscoliosis","7/2069","19/21671",0.368421052631579,3.85889445702221,4.05028349713078,0.00128285334147076,0.0201541567041618,0.0159598167040847,"DES/COL13A1/AGRN/CHRNE/LMNA/SCN4A/SOX5",7
"C0015672","Fatigue","98/2069","760/21671",0.128947368421053,1.35061305995777,3.19673762581924,0.00129136433753165,0.0202473469533889,0.0160336128602873,"SLC11A1/HAVCR2/COL4A1/TCF4/ATXN1/FGFR1/IGFBP7/IGHM/CCL5/GJA1/PRKG1/EFEMP1/TUBB6/SERPING1/ACTG2/VCAM1/NR3C1/MEF2C/COL6A2/SPARC/CCL2/CFH/WIPF1/C3/ELN/ABCC2/ATP7A/DHFR/CTLA4/MTHFR/TYMS/ACLY/APH1A/APRT/ATP6AP2/ATRX/ATXN3/C1QL1/CANT1/CASR/CHPT1/CISH/COPE/CREB1/CSE1L/CXCL9/DBI/DMD/DNAJC5/EGFR/EPOR/ERBB2/FOXK1/GIPC1/GLE1/GSN/HDAC4/HFE/HLA-B/IDS/IL12RB1/IRF2BP2/KLK3/LIPG/MAPK14/MAX/MEFV/MMADHC/MTMR14/NEK1/NFE2L2/OAS2/PART1/PAX8/PER3/PIK3CD/PML/PMS1/PRKAA2/PRKACA/PRKAR1A/PRPH/PTGS2/RPS29/RTCA/SCN8A/SESN3/SLC6A2/SOCS3/SRM/STAT5B/TCF3/TFRC/UBQLN2/WDR18/YAP1/CD27/HLA-DPA1",98
"C0158731","Congenital pectus carinatum","25/2069","138/21671",0.181159420289855,1.89748951044053,3.43618203519315,0.00129430057706218,0.0202473469533889,0.0160336128602873,"GLI3/TGFBR1/TRPS1/MFAP5/ZEB2/COL6A1/COL13A1/ATP7A/ACOX1/AGRN/ATRX/IHH/MBTPS2/MRAS/MYO9A/NALCN/NSD1/SLC25A1/SOS2/SOX5/TBX3/TGFB3/TRIP11/VPS33A/ZNF292",25
"C3714758","Juvenile psoriatic arthritis","25/2069","138/21671",0.181159420289855,1.89748951044053,3.43618203519315,0.00129430057706218,0.0202473469533889,0.0160336128602873,"SLC11A1/CLU/CALD1/GNG11/PGM5/TFPI/MSN/THBS1/CTLA4/AVL9/EGR1/ELF2/FAXDC2/FCHSD2/FOSL2/HBEGF/LILRA5/LPP/MAP2/MEFV/PLK2/STAB1/TCF7L2/TFDP1/TTLL5",25
"C0030305","Pancreatitis","69/2069","502/21671",0.137450199203187,1.43967291780197,3.23810488051158,0.00129784090959746,0.0202739318260948,0.0160546650780365,"CLU/ST8SIA4/FLI1/CRISPLD2/ICAM1/FGL2/TCF4/PRKD1/CD38/EDNRA/CCL5/CTSB/CAV1/DPYSL3/HTRA1/CCL2/PDPN/A2M/HLA-DQB1/C3/PRKCB/CTLA4/TYMS/ARFRP1/CASR/CETN1/DBT/EGFR/EGR1/EHMT1/FGB/GNA11/HAMP/HES1/HLA-B/LAMP2/LMF1/LMNA/LPL/MAPK14/MEFV/NFE2L2/NFKB1/NUDT15/PAPOLA/PDAP1/PRKCA/PRKCD/PROC/PSEN2/PTEN/PTGS2/SH2D1A/SMAD4/SOCS3/STAT1/STX2/TACR1/TMEM67/TRIM69/TUSC2/UBR1/USE1/USP14/WNK1/WNK2/XIAP/YAP1/HLA-DPA1",69
"C0003872","Arthritis, Psoriatic","63/2069","450/21671",0.14,1.46637989366844,3.24804966910517,0.00130847528170052,0.0204110454662035,0.0161632436008637,"VIM/PECAM1/ITGA1/IL6ST/CD38/SERPINE1/CCL5/GEM/TIMP2/CCL2/MMP2/MCAM/THBS1/C3/LILRB2/DHFR/CTLA4/MTHFR/TYMS/ABCC11/ADAMTS9/AFF3/ANGPT2/APRT/CCL22/CHPT1/CPB2/CYP2B6/DKK1/EGR1/EHMT1/FOXP3/GLS/HLA-B/HLA-C/HLA-F/HSPD1/IL12RB1/IL17B/IL24/KLK3/LIMK1/LRP6/MAGI1/MEFV/MIB1/MICB/NFE2L2/NFKB1/PART1/PDE4A/PDLIM5/PIK3CD/PITPNM1/PLA2G4A/PRKAA2/PSMB8/PSMB9/PTGS2/SOCS3/UBE2I/HLA-DMB/CD27",63
"C0042781","Visceral Myopathy","5/2069","10/21671",0.5,5.23707104881585,4.35397573001055,0.00131891594645868,0.0204110454662035,0.0161632436008637,"MYLK/CLMP/MYH11/ACTG2/LMOD1",5
"C0521618","Stenosis of ureter","5/2069","10/21671",0.5,5.23707104881585,4.35397573001055,0.00131891594645868,0.0204110454662035,0.0161632436008637,"SETBP1/FLNA/CDH11/CTLA4/HLA-DPA1",5
"C1834752","MYCOBACTERIUM TUBERCULOSIS, SUSCEPTIBILITY TO (finding)","5/2069","10/21671",0.5,5.23707104881585,4.35397573001055,0.00131891594645868,0.0204110454662035,0.0161632436008637,"SLC11A1/CCL2/CISH/SP110/TIRAP",5
"C3152231","Gastrointestinal infarctions","5/2069","10/21671",0.5,5.23707104881585,4.35397573001055,0.00131891594645868,0.0204110454662035,0.0161632436008637,"COL3A1/F5/HLA-B/MEFV/STK11",5
"C3888570","Degenerative mitral valve disease","5/2069","10/21671",0.5,5.23707104881585,4.35397573001055,0.00131891594645868,0.0204110454662035,0.0161632436008637,"PECAM1/ACTA2/DCN/DES/ESM1",5
"C0152171","Idiopathic pulmonary hypertension","28/2069","161/21671",0.173913043478261,1.82158993002291,3.39943975497834,0.00131959178897093,0.0204110454662035,0.0161632436008637,"PDE5A/ICAM1/FGL2/SERPINE1/ACTA2/DCN/CAV1/FHL1/CLIC4/HTR2B/F2R/CCL2/KCNMB1/CFH/HLA-DQB1/TK1/CHDH/CREB1/DAAM1/FLT1/FOSL2/LIMK1/LRP1/SFXN1/SLC8A1/SMAD4/STAT5B/TRPC1",28
"C0205696","Anaplastic carcinoma","37/2069","232/21671",0.15948275862069,1.6704450759154,3.33552687591804,0.0013233303751207,0.020440164686121,0.0161863027354765,"VIM/TRPS1/IL6ST/BASP1/ACKR3/TNC/EFEMP1/DES/SPARC/MGP/NDN/MSN/ATP7B/CDH1/ADCY5/CAPZB/CDC42/DBI/EGFR/ERBB2/GATA3/GATM/GPLD1/GSS/ID4/INSIG1/LPL/MPZL1/PAX8/PLK2/PRDX2/PTEN/PTGS2/SCARB1/SRF/TMEM37/UBE2I",37
"C1848207","Poor speech","34/2069","208/21671",0.163461538461538,1.71211938134364,3.35273145624422,0.00132541427604,0.020443679862785,0.0161890863585307,"FRMD4A/TUSC3/AP1S2/KCNMA1/ALG13/AP4E1/AP4S1/ATP6V0A2/CC2D1A/CHMP1A/CLCN4/DMD/GATA4/KAT6A/KDM5B/LMAN2L/MECP2/MED23/MED25/MID2/NALCN/NRXN1/PAK1/PIGH/POMT1/POMT2/RAC1/RNASET2/SET/SOBP/UBE3A/VLDLR/WIPI2/ZNF81",34
"C4551683","Adrenal Gland Pheochromocytoma","59/2069","416/21671",0.141826923076923,1.48551534557757,3.24846790546474,0.00134384899288827,0.0206990335086412,0.0163912976166055,"EPHA3/PDE5A/NLGN4X/TGFBR1/FGFR1/EDNRA/CSF2RA/CCL5/ACKR3/PKD2/ACTA2/TIMP2/MITF/NR3C1/GAP43/TGFB1I1/EMP3/LGALS1/CDH1/ACVR1B/APRT/ATRX/CDC42/DDC/EGFR/EPOR/ERBB2/FARP1/FLT1/GATA3/GATA4/GIPC1/GPR143/HIVEP3/IRF3/KLK3/MAPK14/MAPK8/MAX/MCPH1/MIB1/MYCN/NFE2L2/PIK3CD/PLAGL1/PRDM2/PRKAA2/PRKAR1A/PTEN/PTGS2/RAC1/RPS6KB1/SCARB1/SLC6A2/SMPD1/SNCA/SORD/TGFA/ZAN",59
"C1858430","Death in infancy","26/2069","146/21671",0.178082191780822,1.86525818177003,3.40808227833293,0.00135618736978744,0.020859904334454,0.0165186891483225,"FLI1/LIPA/GLI3/GPR161/MYLK/MYH11/ANK2/ACTG2/LMOD1/ERCC1/ACOX1/ATRX/CNTN1/CRTAP/DNM2/EPG5/LMNA/NDUFAF3/PMS1/SCN4A/TFAM/TMEM260/TRIP11/TSPYL1/UBR1/CDON",26
"C4552091","Polyarthritis, Juvenile, Rheumatoid Factor Negative","24/2069","131/21671",0.183206106870229,1.91892679651268,3.42730869642813,0.00136450332678556,0.0209293525597345,0.0165736843020355,"SLC11A1/CLU/CALD1/GNG11/PGM5/TFPI/MSN/THBS1/CTLA4/AVL9/EGR1/ELF2/FAXDC2/FCHSD2/FOSL2/HBEGF/LILRA5/LPP/MAP2/PLK2/STAB1/TCF7L2/TFDP1/TTLL5",24
"C4704862","Polyarthritis, Juvenile, Rheumatoid Factor Positive","24/2069","131/21671",0.183206106870229,1.91892679651268,3.42730869642813,0.00136450332678556,0.0209293525597345,0.0165736843020355,"SLC11A1/CLU/CALD1/GNG11/PGM5/TFPI/MSN/THBS1/CTLA4/AVL9/EGR1/ELF2/FAXDC2/FCHSD2/FOSL2/HBEGF/LILRA5/LPP/MAP2/PLK2/STAB1/TCF7L2/TFDP1/TTLL5",24
"C0019079","Hemoptysis","15/2069","67/21671",0.223880597014925,2.34495718603695,3.58210478050704,0.00137230498142498,0.0209614351739713,0.0165990901103817,"COL3A1/TGFBR1/PRKG1/MFAP5/ACTA2/MYLK/MYH11/ELN/CTLA4/HLA-B/MEFV/SMAD4/TGFB3/YAP1/HLA-DPA1",15
"C0345958","Large cell carcinoma of lung","15/2069","67/21671",0.223880597014925,2.34495718603695,3.58210478050704,0.00137230498142498,0.0209614351739713,0.0165990901103817,"VIM/EPHA3/FGFR1/GJA1/DDR2/MMP2/ERCC1/EGFR/HMGA1/NEK1/NTRK3/PTPRG/RPS6KA6/SCARB1/STK11",15
"C0683322","Mental impairment","15/2069","67/21671",0.223880597014925,2.34495718603695,3.58210478050704,0.00137230498142498,0.0209614351739713,0.0165990901103817,"MEF2C/ATRX/CACNA1G/CYP3A4/DMD/DYRK1A/FA2H/HDAC4/KMT2A/LAMA2/NSD1/NUFIP2/SPG11/STAT5B/TCF12",15
"C0024301","Lymphoma, Follicular","66/2069","477/21671",0.138364779874214,1.44925236571005,3.22331393563189,0.00137949639047334,0.0209739215580009,0.0166089779168196,"VIM/DOCK2/LAIR1/RUNX1T1/SYNE1/EBF1/CD38/CCL5/HLA-DRB6/GEM/SERPING1/CCL2/HLA-DQB1/PRIMA1/LCP2/EDIL3/ERCC1/MTR/MTHFR/TYMS/AFF3/ALDH1A1/BCL2L11/CASR/CCL22/CD6/DNTT/EML4/FOXP3/GNA13/HLA-B/IL21R/KMT2A/LPL/LPP/MAPK14/MCL1/MIB1/MYB/NCAM1/NSD1/PART1/PDLIM5/PIK3CD/PLK1/PLSCR4/PRDM1/PRKAR1A/PTEN/PTPN6/RHOF/ROR1/RRAGC/SET/SOCS3/SOX11/SOX5/STAT1/SUZ12/TAP2/TRPC1/USP34/WWP2/ZC3H12D/CD27/BMS1P20",66
"C0000822","Abortion, Tubal","21/2069","109/21671",0.192660550458716,2.01795398211253,3.4614366068337,0.00138146722254853,0.0209739215580009,0.0166089779168196,"MMP11/AGTR1/LAMA4/CD84/TGFBR1/CD8A/PTGIS/TIMP2/COL6A1/MGP/COL1A2/IGFBP6/COL13A1/DHFR/ARNT/COL4A6/GLS/IL24/MAP2/NCAM1/TFRC",21
"C0015302","External exotoses","21/2069","109/21671",0.192660550458716,2.01795398211253,3.4614366068337,0.00138146722254853,0.0209739215580009,0.0166089779168196,"TRPS1/CTSB/DCN/CCL2/THBS1/CTSK/ACLY/CASR/CPB2/DKK1/DMD/DOT1L/FOXP3/HDAC4/HSPD1/PRKAR1A/RREB1/SOCS3/TCF7L2/TGFB3/ZNF569",21
"C3830362","Early Pregnancy Loss","21/2069","109/21671",0.192660550458716,2.01795398211253,3.4614366068337,0.00138146722254853,0.0209739215580009,0.0166089779168196,"MMP11/AGTR1/LAMA4/CD84/TGFBR1/CD8A/PTGIS/TIMP2/COL6A1/MGP/COL1A2/IGFBP6/COL13A1/DHFR/ARNT/COL4A6/GLS/IL24/MAP2/NCAM1/TFRC",21
"C0019159","Hepatitis A","63/2069","451/21671",0.139689578713969,1.46312849700842,3.22906356526566,0.00138264478807851,0.0209739215580009,0.0166089779168196,"HAVCR2/IL18BP/CLU/LSAMP/FGL2/POSTN/SETBP1/IGFBP7/GJA1/TIMP2/ACTG2/CCL2/FLNA/LGALS1/BCHE/CCDC88A/ABCC2/CTLA4/MTHFR/RRM2/ABCB11/AKR1D1/ALDH1L1/ARID2/ATG7/CREB1/CSE1L/CXCL9/CYP2B6/DDX3X/ERBB2/ESM1/ESRRB/FLT3LG/FOXP3/GSPT1/HFE/HLA-C/HLA-G/HSPA5/JUNB/KDM6B/LGALS9/MAPK14/MAPK8/MEFV/MYCN/NCAM1/NFE2L2/PDLIM5/PLP2/PML/PTGES/PTGS2/RHOF/RNF34/SOCS3/SOX11/SPAG9/TGFA/TGFB3/TNFRSF4/WNK1",63
"C1876214","ALBINOIDISM, OCULOCUTANEOUS, AUTOSOMAL DOMINANT","13/2069","54/21671",0.240740740740741,2.52155272720763,3.63701995601813,0.00139174439808367,0.021082917546211,0.0166952904338278,"GLI3/MITF/ZEB2/MYO5A/BACE1/CLCN7/DKK1/EPG5/GPR143/NFKB1/PIKFYVE/UBE3A/VAC14",13
"C0427515","Neutrophil abnormality","16/2069","74/21671",0.216216216216216,2.26467937246091,3.54045508619168,0.00142867341342485,0.0215533976740382,0.0170678575778297,"LAMA4/CYBB/SGCD/LDB3/PLN/NEXN/CRYAB/CAP2/DES/ABCC9/AK2/DMD/HELLS/HLA-B/PSEN2/TPM1",16
"C1518922","peak expiratory flow (procedure)","16/2069","74/21671",0.216216216216216,2.26467937246091,3.54045508619168,0.00142867341342485,0.0215533976740382,0.0170678575778297,"MN1/ITGA1/MSRB3/NEXN/JAZF1/HLA-DQB1/BCHE/ADAM19/COPS2/DENND2D/DST/IGF2BP2/LRP1/MTCL1/NPNT/RARB",16
"C3554617","Adducted thumb","16/2069","74/21671",0.216216216216216,2.26467937246091,3.54045508619168,0.00142867341342485,0.0215533976740382,0.0170678575778297,"TPM2/SYNE1/COL12A1/COL6A2/COL6A1/ELN/ERCC1/ALG13/ALG3/COG7/LIMK1/MYH3/NALCN/NEK9/TBL2/UBA1",16
"C4551472","Hypertrophic obstructive cardiomyopathy","37/2069","233/21671",0.158798283261803,1.66327578374409,3.30704022332107,0.00143168668606775,0.0215570771459989,0.0170707713042099,"COL4A1/JPH2/TPM2/VWF/AGTR1/SGCD/FZD1/FERMT2/ACTA2/PLN/FHL1/NEXN/CRYAB/MEF2C/MYL9/DES/MMP2/COL1A2/APRT/GTPBP3/HLA-C/HSPD1/KCNQ1/KLF10/KMT2A/LAMP2/LMNA/MRAS/MRPL44/NCAM1/NRAP/PCSK9/PDLIM5/PIK3CD/SMARCA4/STK11/TPM1",37
"C4025272","Peripheral arterial stenosis","23/2069","124/21671",0.185483870967742,1.94278442133491,3.42049801635058,0.00143283215026525,0.0215570771459989,0.0170707713042099,"CHRNA3/TGFBR1/EDNRA/PRKG1/MFAP5/ACTA2/MYLK/MYH11/VCAM1/ANTXR1/F2R/CCL2/MMP2/ELN/ANGPT2/CEBPA/CHDH/CUBN/LMNA/LPL/MYB/PCSK9/TGFB3",23
"C0200638","Eosinophil count procedure","81/2069","610/21671",0.132786885245902,1.39082870476749,3.18105651846473,0.00144444799334193,0.0216630128825522,0.0171546604474085,"ASB2/TCEA2/FLI1/LIPA/MAP4K4/IL2RB/ATXN1/EGR2/PTPRC/HLA-DRA/RORA/ITGA4/LCP2/CD300LF/ACAD10/ACVR1B/ANKRD26/ARIH2/BCL2L11/BRD3/CCDC9/CD300LG/CMIP/DYRK1A/EFHC1/EHD4/EML6/EPS15L1/GATA3/GGCX/GIGYF1/GLCCI1/GMIP/HDLBP/HIVEP3/HLA-B/IKBKE/INPP5D/ITIH4/ITPKB/LARP4B/LDLRAD4/LPP/MAX/MCL1/MPHOSPH9/MSI2/MYO16/MYO1G/NAP1L4/NFIC/NFKB1/PAK2/PCGF3/PIK3R3/PLAGL1/POLI/PTEN/RARB/RBPMS/RHOF/SBNO2/SDC3/SESN3/SIK3/ST20/STAT5B/SUFU/TMEM182/TNFRSF4/TP53BP1/TRAF3/TUBD1/UNK/WDR59/WNK1/WWP2/ZC3H12D/ZNF652/FPR3/PDZRN4",81
"C1866010","Proximal muscle weakness in lower limbs","9/2069","30/21671",0.3,3.14224262928951,3.81460989206757,0.00144577449093579,0.0216630128825522,0.0171546604474085,"SYNE1/FHL1/ATP7B/DMD/DNM2/DYNC1H1/LMNA/MTMR14/PIGN",9
"C3495549","Patent ductus arteriosus - persisting type","9/2069","30/21671",0.3,3.14224262928951,3.81460989206757,0.00144577449093579,0.0216630128825522,0.0171546604474085,"VWF/AGTR1/PTGIS/ACTA2/MYH11/NFATC1/MTHFR/GATA4/PRDM6",9
"C0008312","Primary biliary cirrhosis","66/2069","478/21671",0.138075313807531,1.44622045699517,3.20499026314944,0.00145486865863687,0.0217606827366553,0.0172320039449253,"PDLIM3/CYGB/PDE5A/RDX/CD74/ICAM1/GLI3/HLA-DOA/ITGA1/SLIT2/JAM3/CCL5/CD3D/DDR2/VCAM1/PRICKLE1/NR3C1/MMP2/HLA-DQB1/HLA-DRA/PRKCB/CDH5/ABCC2/CTLA4/ABCC3/ABCA1/ABCB11/BHMT/CALCOCO2/CTSZ/CXCL9/CYP3A4/DBT/DDX6/DPP8/DPP9/FOXP3/GATM/GSDMB/HAMP/HLA-B/HSPD1/ICAM3/IL12RB1/IL21R/ITIH4/JPH3/LAMP1/LRP1/MAPK14/NFE2L2/NFKB1/PML/PRPF40A/PSMG4/PTGS2/RNASET2/RPS6KB1/SLC22A23/SLC25A1/SRY/STAT1/STAT5B/SYNGR1/XPR1/HLA-DPA1",66
"C0151311","Cranial nerve palsies","17/2069","81/21671",0.209876543209877,2.19827673653999,3.51020778279666,0.00145699024142051,0.0217606827366553,0.0172320039449253,"PMP22/DACT1/CTLA4/BRIP1/CLCN7/DKK1/FANCB/FANCC/FANCM/HLA-B/HMBS/LMNA/LYST/MEFV/PTEN/SLX4/HLA-DPA1",17
"C0206624","Hepatoblastoma","63/2069","452/21671",0.139380530973451,1.45989148705929,3.21012275474087,0.00146050664124265,0.0217606827366553,0.0172320039449253,"DERL3/ICAM1/AGTR1/POSTN/SETBP1/DKK3/IL6ST/SERPINE1/CTSB/WWTR1/SERPINF1/A2M/C3/AKR1B1/ABCC2/AXIN2/CDH1/ABCC3/ABCA1/AKT2/APRT/CADM1/CEBPA/CYP2B6/CYP3A4/DKK1/DNMT3A/DRAM1/EGFR/EPOR/ERBB2/ESRRB/GATA4/GMPS/GREB1/HAMP/HES1/HSPA5/KCNQ1/MECP2/MYCN/NFE2L2/OIP5-AS1/PCSK9/PIK3CD/PLK1/PNPLA2/PPP1R9A/PTEN/PTGS2/SMAD4/SREBF2/SRF/TACR1/TBX3/TEAD2/TEP1/TFRC/TGFA/UACA/UBE2I/WDR20/YAP1",63
"C0239479","Round face","18/2069","88/21671",0.204545454545455,2.14243815633376,3.48881257447466,0.00146217245302142,0.0217606827366553,0.0172320039449253,"ACTG2/COL6A2/COL6A1/AFF4/CANT1/CC2D2A/CRTAP/DNMT3A/HDAC4/KDM6B/KMT2A/LMNA/NSD1/PDE4D/PRKAR1A/PTEN/SUZ12/TMEM67",18
"C0242698","Ventricular Dysfunction, Left","18/2069","88/21671",0.204545454545455,2.14243815633376,3.48881257447466,0.00146217245302142,0.0217606827366553,0.0172320039449253,"TGFBR1/PRKG1/LDB3/MFAP5/ACTA2/MYLK/PLN/MYH11/ELN/ADCY5/ATP2A2/LMNA/NFE2L2/PCSK9/POMT1/RAC1/TGFB3/TOP3A",18
"C0024291","Lymphohistiocytosis, Hemophagocytic","22/2069","117/21671",0.188034188034188,1.96949680468288,3.41613387727731,0.00149763265009354,0.0222283401286795,0.0176023358008583,"HAVCR2/PTPRC/CTSB/CCL2/PDLIM7/THBD/CTLA4/CASR/CD47/CDC42/CXCL9/GATA4/LAMP1/LYST/NAAA/NCAM1/PRKAR1A/RC3H1/SH2D1A/STXBP2/TCF3/XIAP",22
"C0042487","Venous Thrombosis","22/2069","117/21671",0.188034188034188,1.96949680468288,3.41613387727731,0.00149763265009354,0.0222283401286795,0.0176023358008583,"VWF/SERPINE1/VCAM1/CCL2/MMP2/TFPI/THBD/MTRR/CTLA4/MTHFR/ATP1B1/EPOR/F5/FGB/HLA-B/MEFV/NME7/PIGM/PROC/SMAD4/TBXA2R/HLA-DPA1",22
"C0032463","Polycythemia Vera","44/2069","291/21671",0.151202749140893,1.58371908005428,3.25691213232987,0.00150260267636151,0.0222720905447769,0.0176369811909826,"VWF/JAK3/RUNX1T1/DKK3/FGFR1/SERPINE1/NR3C1/MMP2/LGALS1/ELN/MTHFR/CD47/CFLAR/CYP2B6/DKK1/DNMT3A/DST/EGFR/EPOR/F5/FANCB/FLT1/HAMP/HFE/HLA-C/HLA-G/IRF3/ITGB3/JUNB/LIG3/MCL1/MVD/MYB/NFKB1/PIK3CD/PTPN6/SLC14A1/SLC22A17/SMAD4/SOCS3/SPRY4/STAT1/STAT5B/TACR1",44
"C4317109","Epileptic Seizures","39/2069","250/21671",0.156,1.63396616723055,3.27548582163535,0.0015179495923472,0.0223807882547934,0.0177230575053371,"CHRNA3/CLU/TCF4/TUBA1A/NRP2/HSPB6/ZEB2/MPDZ/THBS1/BCHE/ATP1A2/ABCC2/ATP7A/ALG13/CHRNA4/EGFR/EGR1/EPM2A/GLUD2/MECP2/MIB1/NAPA/NFE2L2/NUFIP2/PIGM/PIK3CD/PNKP/PRKCD/PTGS2/PUM2/RHOT1/SCAF11/SCN8A/SLC27A4/SLC6A2/SLC8A1/SYN2/TMEM25/UBE3A",39
"C0206657","Alveolar Soft Part Sarcoma","14/2069","61/21671",0.229508196721311,2.40390146503023,3.56725101227663,0.00152114007503274,0.0223807882547934,0.0177230575053371,"VIM/CD38/CALD1/TIMP2/ANGPTL2/DES/PDPN/CTSK/ALDH1A1/CASR/ITGB1/PAX8/PRKAR1A/SET",14
"C4723838","Metastatic Breast Carcinoma","14/2069","61/21671",0.229508196721311,2.40390146503023,3.56725101227663,0.00152114007503274,0.0223807882547934,0.0177230575053371,"SORBS1/MMP11/TACR2/ADAMTS8/ERBB2/ERBB3/FOXP3/GATA3/MAPK14/NPNT/PAX8/RHOBTB2/SERPINB6/TACR1",14
"C0149678","Epstein-Barr Virus Infections","55/2069","384/21671",0.143229166666667,1.50020264419204,3.2130232918739,0.00153349156842734,0.0223807882547934,0.0177230575053371,"VIM/CD74/ICAM1/SMARCA1/CD38/CCL5/GEM/CHRDL1/DCN/GBP1/VCAM1/CCL2/GBP5/LGALS1/PDLIM7/HLA-DQB1/HLA-DRA/ITGA4/CTLA4/CDH1/ADAM10/ALDH1A1/CCL22/CD47/CXCL9/DKK2/DOK1/EGFR/EGR1/ERBB2/FOXP3/HELLS/HLA-B/HLA-C/LYST/MAPK14/MAPK8/NCAM1/NFE2L2/NFKB1/PIK3CD/PLK2/PRKCD/PSMB9/PTGS2/PTPN6/RGCC/SATB1/SH2D1A/STXBP2/TAP1/WNK1/XIAP/ZMYND11/CD27",55
"C0241654","Abnormal heart valve morphology","11/2069","42/21671",0.261904761904762,2.74322769223688,3.67383840472457,0.00153700444841438,0.0223807882547934,0.0177230575053371,"MAP1B/KCNJ8/FLNA/ELN/ABCC9/DYNC2LI1/IDS/MAP2K2/NEDD4L/SMPD1/TMTC3",11
"C1560249","Adverse Event Associated with Cardiac Arrhythmia","11/2069","42/21671",0.261904761904762,2.74322769223688,3.67383840472457,0.00153700444841438,0.0223807882547934,0.0177230575053371,"AGTR1/HSPB7/GJA1/ANK2/FAM20C/POPDC2/KCNE4/IDS/KCNQ1/SLC8A1/STX6",11
"C4744564","Metastatic Colorectal Carcinoma","11/2069","42/21671",0.261904761904762,2.74322769223688,3.67383840472457,0.00153700444841438,0.0223807882547934,0.0177230575053371,"ERCC1/TYMS/AKT2/ANGPT2/EGFR/HSPA5/PIK3CD/SMAD4/SNCA/SOCS3/STRN",11
"C4525297","Stage 0 Gallbladder Cancer AJCC v8","53/2069","367/21671",0.14441416893733,1.51261452636098,3.21775425255635,0.00153776855981834,0.0223807882547934,0.0177230575053371,"VIM/ST8SIA4/DLC1/DKK3/LATS2/CYP1B1/AXL/STOM/TIMP2/TAGLN/EMP3/MMP2/VEGFC/THBS1/MTHFR/AXIN2/AKT1S1/AKT2/ALDH1A1/APRT/CDO1/CFLAR/CREBRF/DKK2/EGFR/ERBB2/ERBB3/FEN1/HLA-B/HLA-C/HSPD1/LPP/MAPK8/MBD1/NEDD4L/NFE2L2/NLK/PIK3CD/PKLR/PML/PTEN/PTGS2/SGCB/SLC25A22/SSBP2/TACR1/TCF12/TENM3/TRAF3/TRO/VLDLR/YAP1/ZFX",53
"C4525300","Stage IIA Gallbladder Cancer AJCC v8","53/2069","367/21671",0.14441416893733,1.51261452636098,3.21775425255635,0.00153776855981834,0.0223807882547934,0.0177230575053371,"VIM/ST8SIA4/DLC1/DKK3/LATS2/CYP1B1/AXL/STOM/TIMP2/TAGLN/EMP3/MMP2/VEGFC/THBS1/MTHFR/AXIN2/AKT1S1/AKT2/ALDH1A1/APRT/CDO1/CFLAR/CREBRF/DKK2/EGFR/ERBB2/ERBB3/FEN1/HLA-B/HLA-C/HSPD1/LPP/MAPK8/MBD1/NEDD4L/NFE2L2/NLK/PIK3CD/PKLR/PML/PTEN/PTGS2/SGCB/SLC25A22/SSBP2/TACR1/TCF12/TENM3/TRAF3/TRO/VLDLR/YAP1/ZFX",53
"C4525301","Stage IIB Gallbladder Cancer AJCC v8","53/2069","367/21671",0.14441416893733,1.51261452636098,3.21775425255635,0.00153776855981834,0.0223807882547934,0.0177230575053371,"VIM/ST8SIA4/DLC1/DKK3/LATS2/CYP1B1/AXL/STOM/TIMP2/TAGLN/EMP3/MMP2/VEGFC/THBS1/MTHFR/AXIN2/AKT1S1/AKT2/ALDH1A1/APRT/CDO1/CFLAR/CREBRF/DKK2/EGFR/ERBB2/ERBB3/FEN1/HLA-B/HLA-C/HSPD1/LPP/MAPK8/MBD1/NEDD4L/NFE2L2/NLK/PIK3CD/PKLR/PML/PTEN/PTGS2/SGCB/SLC25A22/SSBP2/TACR1/TCF12/TENM3/TRAF3/TRO/VLDLR/YAP1/ZFX",53
"C4525302","Stage III Gallbladder Cancer AJCC v8","53/2069","367/21671",0.14441416893733,1.51261452636098,3.21775425255635,0.00153776855981834,0.0223807882547934,0.0177230575053371,"VIM/ST8SIA4/DLC1/DKK3/LATS2/CYP1B1/AXL/STOM/TIMP2/TAGLN/EMP3/MMP2/VEGFC/THBS1/MTHFR/AXIN2/AKT1S1/AKT2/ALDH1A1/APRT/CDO1/CFLAR/CREBRF/DKK2/EGFR/ERBB2/ERBB3/FEN1/HLA-B/HLA-C/HSPD1/LPP/MAPK8/MBD1/NEDD4L/NFE2L2/NLK/PIK3CD/PKLR/PML/PTEN/PTGS2/SGCB/SLC25A22/SSBP2/TACR1/TCF12/TENM3/TRAF3/TRO/VLDLR/YAP1/ZFX",53
"C4525305","Stage IV Gallbladder Cancer AJCC v8","53/2069","367/21671",0.14441416893733,1.51261452636098,3.21775425255635,0.00153776855981834,0.0223807882547934,0.0177230575053371,"VIM/ST8SIA4/DLC1/DKK3/LATS2/CYP1B1/AXL/STOM/TIMP2/TAGLN/EMP3/MMP2/VEGFC/THBS1/MTHFR/AXIN2/AKT1S1/AKT2/ALDH1A1/APRT/CDO1/CFLAR/CREBRF/DKK2/EGFR/ERBB2/ERBB3/FEN1/HLA-B/HLA-C/HSPD1/LPP/MAPK8/MBD1/NEDD4L/NFE2L2/NLK/PIK3CD/PKLR/PML/PTEN/PTGS2/SGCB/SLC25A22/SSBP2/TACR1/TCF12/TENM3/TRAF3/TRO/VLDLR/YAP1/ZFX",53
"C0221356","Brachycephaly","31/2069","186/21671",0.166666666666667,1.74569034960528,3.31823258933693,0.00153838706155259,0.0223807882547934,0.0177230575053371,"MAF/TCF4/RAB23/SETBP1/FGFR1/GJA1/MMP2/CDH11/CTSK/ATP7A/ACOX1/ADAMTSL1/ALG13/ATRX/CTU2/EHMT1/KMT2A/MECP2/NACC1/NALCN/NFKB1/NRXN1/PDE4D/PRKAR1A/PRKCD/RAB3GAP1/SCN8A/SUFU/TCF12/UBE3A/ZBTB20",31
"C1301034","Pancreatic intraepithelial neoplasia","31/2069","186/21671",0.166666666666667,1.74569034960528,3.31823258933693,0.00153838706155259,0.0223807882547934,0.0177230575053371,"PECAM1/IL6ST/TNC/MEIS1/SPARC/HOXB2/MCAM/UMPS/CFLAR/CISH/EGFR/ERBB2/HES1/HMGA1/HSPA5/IGF2BP2/ILK/MSI2/MUC3B/NFE2L2/NSD1/PIK3CD/PTGES/PTGS2/S100PBP/SMAD4/SMARCA4/SOCS3/TGFA/WNK2/YAP1",31
"C0017921","Glycogen storage disease type II","32/2069","194/21671",0.164948453608247,1.72769354187739,3.30766932466158,0.00155304742021392,0.0225345339114834,0.0178448067075409,"VIM/VWF/HMCN1/EFEMP1/FHL1/SERPING1/MFGE8/DES/HTRA1/CCL2/SERPINF1/CFH/C3/ELN/COL8A1/STC1/DHFR/ACAD10/APRT/ARIH2/ATP6AP2/CXCL9/DKK1/FLT1/IDS/LAMP2/MAP2/NFE2L2/PLEKHA1/PNPLA2/VLDLR/XIAP",32
"C1519346","Skin Carcinogenesis","32/2069","194/21671",0.164948453608247,1.72769354187739,3.30766932466158,0.00155304742021392,0.0225345339114834,0.0178448067075409,"CLU/SLIT2/PDPN/THBS1/ERCC1/CEBPA/CIRBP/EGFR/EI24/ERBB2/ERBB3/HMGA1/JUNB/LGR4/NFE2L2/NFKB1/NSD1/PBK/PEA15/PML/PRKAR1A/PRKCA/PSME3/PTEN/PTGS2/RAC1/SMAD4/STAT1/STAT2/TGFA/TP53BP1/YAP1",32
"C0036220","Kaposi Sarcoma","67/2069","488/21671",0.137295081967213,1.43804819783058,3.17978374132558,0.00155568084575311,0.0225430436240513,0.0178515454391475,"S1PR3/PECAM1/ICAM1/MAP4K4/RBMS3/FGFR1/IL6ST/EDNRA/CCL5/ACKR3/PTPRC/CTSB/GEM/AXL/DCN/GBP1/VCAM1/NR3C1/MRGPRF/PDPN/MMP2/VEGFC/LGALS1/PDLIM7/THBS1/ADAMTS1/DHFR/TYMS/ADRA1A/ANGPT2/CACNA1G/CEBPA/CFLAR/CISH/CREB1/DDX6/EGR1/EHMT1/ERBB2/HLA-B/HLA-C/HLA-G/IKBKE/INTS2/IRF3/ITGB1/ITGB3/LPAR2/LRP1/MAPK8/MCL1/MIB1/NCOA2/NDUFS7/NFE2L2/NFKB1/PIK3CD/PTGS2/PTPN6/RAC1/RBPJ/RPS6KB1/RREB1/TNFRSF4/TRAF3/YAP1/ZNF569",67
"C0041234","Chagas Disease","33/2069","202/21671",0.163366336633663,1.71112222387053,3.29893331408764,0.00156176006930049,0.0225758654134405,0.0178775365907616,"VIM/SLC11A1/CYBB/CTSB/GEM/ITPR1/CCL2/MMP2/THBS1/C3/BCHE/ATP2B1/BACE1/CYP2B6/DMD/FCN2/HEXIM1/HLA-G/HSPD1/LGALS9/MEF2D/NFE2L2/NPNT/PIK3CD/PPP1R12A/PTGS2/RRAD/SBNO1/SBNO2/SKIL/SMPD1/SRM/TRIM33",33
"C0205697","Carcinoma, Spindle-Cell","35/2069","218/21671",0.160550458715596,1.68162831842711,3.28618011980597,0.00156350525125248,0.0225758654134405,0.0178775365907616,"VIM/TRPS1/IL6ST/BASP1/ACKR3/EFEMP1/ZEB2/DES/MGP/NDN/MMP2/ATP7B/CDH1/ADCY5/CAPZB/CD47/CDC42/DBI/EGFR/GATA3/GATM/GSS/ID4/INSIG1/LPL/MPZL1/PLK2/PRDX2/PTEN/PTGS2/SCAF11/SCARB1/TMEM37/UBE2I/YAP1",35
"C0221357","Brachydactyly","48/2069","325/21671",0.147692307692308,1.54695021749638,3.22768196722033,0.00156409564246391,0.0225758654134405,0.0178775365907616,"ADAMTS12/GLI3/MAF/RAB23/FGFR1/TRPS1/GJA1/FZD1/ZFPM2/FLNA/COL1A2/CTSK/TBCEL/ATP7A/ACSL3/AFF4/ARID2/ATRX/CANT1/CCDC28B/DHCR7/DYNC2LI1/EHMT1/GATA4/HDAC4/IFT81/IHH/KAT6A/LMNA/MEFV/MRAS/NEK1/PCNT/PDE4D/PIGN/PRKAR1A/PRMT7/PTEN/RBPJ/SCAPER/SIK3/SLC35C1/SMAD4/SOS2/SUFU/TCF12/TMEM67/TRIP11",48
"C0032927","Precancerous Conditions","65/2069","471/21671",0.138004246284501,1.44547608566043,3.17560463080965,0.00159320439409285,0.0229659162200844,0.018186412792862,"MMP11/IGFBP5/AGTR1/TCF4/PMP22/FGFR1/SYNE1/CD38/AKAP12/CYP1B1/PRKG1/DCN/CAV1/MMP2/PDLIM7/THBS1/PRIMA1/PRICKLE2/THBD/CDH1/AKT2/CD2AP/CEBPA/CISH/CREBZF/DICER1/DST/EGFR/EPOR/ERBB2/ERBB3/ERGIC3/FOSL2/FOXP3/GATA4/GSTA4/INTS6/ITGB1/KLF9/KLK6/MAPK8/MYCN/NFE2L2/PAK1/PAPOLA/PDAP1/PIK3CD/PRKAA2/PSEN2/PTEN/PTGS2/RAB3GAP1/RARB/RBPJ/SFXN1/SMAD4/SORD/TGFA/TGFB3/TP53BP1/TRAF3/TUSC2/UBE2I/YAP1/ZBTB20",65
"C0152136","Low Tension Glaucoma","20/2069","103/21671",0.194174757281553,2.03381399954014,3.41676879775953,0.00160788495944326,0.0230275115632302,0.0182351893505151,"GAS7/EDNRA/CYP1B1/ZFPM2/CAV2/DCLK1/CAV1/CCL2/HLA-DQB1/LOXL1/AKR1B1/MTHFR/ABCA1/ARHGEF12/GLCCI1/HSPD1/NAA25/NAP1L1/PTEN/XPOT",20
"C0156149","Gastrointestinal tract vascular insufficiency","15/2069","68/21671",0.220588235294118,2.31047252153641,3.51629133963093,0.00160793211587433,0.0230275115632302,0.0182351893505151,"TAGLN/CFH/THBD/CIRBP/EHMT1/MAPK8/NFE2L2/OCLN/PTGS2/SOCS3/UBE2I/USP22/WNK1/XIAP/XPR1",15
"C0393734","Complex Partial Status Epilepticus","15/2069","68/21671",0.220588235294118,2.31047252153641,3.51629133963093,0.00160793211587433,0.0230275115632302,0.0182351893505151,"KCNMA1/GAP43/MEF2C/CCL2/ABCC2/CDH2/ATP2A2/DMD/JUNB/LAMP2/NTRK3/PDXK/PTGS2/SCN8A/SLC8A1",15
"C0751524","Simple Partial Status Epilepticus","15/2069","68/21671",0.220588235294118,2.31047252153641,3.51629133963093,0.00160793211587433,0.0230275115632302,0.0182351893505151,"KCNMA1/GAP43/MEF2C/CCL2/ABCC2/CDH2/ATP2A2/DMD/JUNB/LAMP2/NTRK3/PDXK/PTGS2/SCN8A/SLC8A1",15
"C2004435","Vascular insufficiency of intestine","15/2069","68/21671",0.220588235294118,2.31047252153641,3.51629133963093,0.00160793211587433,0.0230275115632302,0.0182351893505151,"TAGLN/CFH/THBD/CIRBP/EHMT1/MAPK8/NFE2L2/OCLN/PTGS2/SOCS3/UBE2I/USP22/WNK1/XIAP/XPR1",15
"C0235946","Cerebral atrophy","63/2069","454/21671",0.138766519823789,1.45346024702819,3.17237608349224,0.00162793075369081,0.0232836381693467,0.0184380127058488,"FYN/CLU/FLI1/ATXN1/TUSC3/RAB23/SETBP1/YME1L1/CTSB/SYNM/CCL2/MTRR/DHFR/MTR/ABCC9/ACTL6B/ADAT3/ALG13/ALG3/ATP6AP2/ATP8A2/ATRX/ATXN3/CC2D1A/CD2AP/CLN6/CLN8/COG7/COLGALT1/DMD/EPM2A/FARSB/FBXL4/GLUD2/GM2A/GNAO1/GRIN2D/HFE/HSPA5/IBA57/IRF2BPL/KDM5B/KIDINS220/LMAN2L/MBTPS2/MECP2/MED23/MED25/MFSD8/NACC1/NEFL/NFIX/NHLRC2/PIGG/PIGN/PTPN23/RAB3GAP1/SCN8A/SLC25A22/SNCA/SPTAN1/TRAK1/WIPI2",63
"C0423224","Sunken eyes","29/2069","171/21671",0.169590643274854,1.77631649608959,3.31113698614758,0.00163301922455166,0.0233261228534208,0.0184716557791119,"COL3A1/TCF4/AP1S2/GJA1/ZEB2/MEF2C/MEIS2/ERCC1/ACTL6B/CACNA1G/DYRK1A/EBF3/FARSB/GATA4/HDAC4/KIDINS220/MECP2/MYH3/NALCN/NFIX/PAK1/PPP2R5D/PRMT7/RAB3GAP1/SCN8A/SMAD4/TMEM67/UBE3A/ZBTB20",29
"C1850049","Clinodactyly of the 5th finger","43/2069","284/21671",0.151408450704225,1.58587362745832,3.22884868508832,0.00164314485133016,0.0234403552431334,0.01856211493492,"RAB23/TRPS1/GJA1/ZFPM2/MASP1/DACT1/ELN/ATRX/BRIP1/CANT1/CUL4B/CUL7/DMD/DYRK1A/EBF3/EHMT1/FANCB/FANCC/FANCM/GATA4/HDAC4/IHH/KAT6A/KDM6B/KMT2A/LIMK1/MECP2/MRAS/NACC1/OBSL1/PCNT/PIGH/PIGN/PTEN/SLX4/SOS2/SOX4/STAG2/TBL2/UBE3A/UBR1/WIPI2/ZBTB20",43
"C0751674","Lymphangioleiomyomatosis","19/2069","96/21671",0.197916666666667,2.07300729015628,3.42312214077513,0.00164765179693097,0.0234742422245806,0.0185889495983838,"SERPINE1/GJA1/DDR2/DES/CCL2/PDPN/MMP2/VEGFC/PDGFC/CTSK/CTLA4/ALDH1A1/EGFR/HES1/LMNA/MAPK14/PTGS2/RPS6KB1/SRF",19
"C0012569","Diplopia","16/2069","75/21671",0.213333333333333,2.23448364749476,3.47927552721949,0.00165801054759638,0.0235149303680273,0.0186211700142994,"TUBB6/HLA-DQB1/ATP1A2/MYO5A/COL13A1/AGRN/ATXN3/CACNA1G/CHRNE/DKK1/GIGYF2/MYO9A/SCN4A/SLC25A1/SNCA/TOP3A",16
"C0311335","Grand Mal Status Epilepticus","16/2069","75/21671",0.213333333333333,2.23448364749476,3.47927552721949,0.00165801054759638,0.0235149303680273,0.0186211700142994,"KCNMA1/GAP43/MEF2C/CCL2/ABCC2/CDH2/ATP2A2/CHRNA4/DMD/JUNB/LAMP2/NTRK3/PDXK/PTGS2/SCN8A/SLC8A1",16
"C0004106","Astigmatism","26/2069","148/21671",0.175675675675676,1.84005199012449,3.33154073999057,0.00165904847870309,0.0235149303680273,0.0186211700142994,"TCF4/IGFBP7/CHRDL1/TYMS/APH1A/BRIP1/CC2D2A/CCDC28B/CHMP1A/CREBZF/EBF3/EGFR/FANCB/FANCC/FANCM/GLRB/GPR143/KDM5B/KIDINS220/MBTPS2/MECP2/NFIX/PRMT7/SLX4/THOP1/TMTC3",26
"C0037315","Sleep Apnea Syndromes","26/2069","148/21671",0.175675675675676,1.84005199012449,3.33154073999057,0.00165904847870309,0.0235149303680273,0.0186211700142994,"COL3A1/COL4A1/VWF/TCF4/PMP22/DES/NDN/BCHE/LAMB2/ADAMTS2/CASR/DMD/EHMT1/GSN/IDS/MECP2/PAPOLA/PART1/PDAP1/PER3/PRKAR1A/PRPH/PTEN/PTGS2/TSPYL1/TUSC2",26
"C0334276","Adenocarcinoma in Situ","13/2069","55/21671",0.236363636363636,2.47570631398568,3.56002561604206,0.00166574578001541,0.0235795093512978,0.0186723092780783,"DKK3/CAV1/EGFR/EML4/ERBB2/HSPA5/MIB1/NCAM1/PAPOLA/PBX1/PDAP1/PTEN/TUSC2",13
"C0040433","Tooth Crowding","17/2069","82/21671",0.207317073170732,2.17146848365535,3.45287439819064,0.00167754788676247,0.0236721184695007,0.0187456452441195,"COL3A1/SETBP1/TGFBR1/FGFR1/TRPS1/EDNRA/GJA1/MASP1/CCDC28B/DHCR7/EHMT1/LGI4/LMNA/MYH3/SCARF2/SET/SOX5",17
"C0686353","Muscular Dystrophies, Limb-Girdle","22/2069","118/21671",0.186440677966102,1.95280615379574,3.37171766417341,0.00167820806090182,0.0236721184695007,0.0187456452441195,"SORBS1/RBMS3/SSPN/SGCD/SYNE1/CALD1/FHL1/COL6A2/DES/COL6A1/CFLAR/DMD/EIF3K/ILK/LAMA2/LIMS2/LMNA/OBSL1/POMT1/POMT2/SERPINB6/SGCB",22
"C0428883","Diastolic blood pressure","69/2069","507/21671",0.136094674556213,1.42547496003272,3.14947828235139,0.00167873645007537,0.0236721184695007,0.0187456452441195,"JPH2/PDE5A/TCEA2/RBMS3/SOX7/IGFBP7/EBF1/KCNMA1/FERMT2/EFEMP1/SLC24A3/TNS1/ANK2/PHLDB2/SYNPO2/RERG/GNB4/KCNE4/MTHFR/ACOX1/ADAMTS9-AS2/ADAMTSL1/ADO/AKT2/ANGPT2/ATP2B1/BTN3A3/CEP164/CHMP1A/CMIP/CREB1/CTBP2/DPYSL2/ELAVL3/EML6/GNAO1/HDAC4/HFE/HIVEP3/IRAK1BP1/MAP4/MAST4/MCPH1/MRAS/MYO9B/NAA25/NEDD4L/NPNT/PBX1/PIK3R3/PLK2/POLK/PRDM6/PRKCA/SBNO1/SENP7/SIK3/SLC7A1/SLC7A2/SLC8A1/SOX6/TAP2/TCF7L2/TNRC6B/WWP2/ZCCHC8/ZFP36L1/ZNF101/ZNF652",69
"C0024814","Marinesco-Sjogren syndrome","24/2069","133/21671",0.180451127819549,1.89007075445986,3.34508512560289,0.00169008279054784,0.0237929831011905,0.018841356386793,"PECAM1/JAK3/CD8A/TIMP2/VCAM1/RERG/CTLA4/MTHFR/TYMS/CEBPA/CNOT7/EGFR/GATA3/HSPA5/NDUFS7/NFIX/PML/PMS1/PRDM2/PTEN/PTGES/PTGS2/TCF3/TIGIT",24
"C0023896","Alcoholic Liver Diseases","32/2069","195/21671",0.164102564102564,1.71883357499597,3.27588366432166,0.00169162859967604,0.0237929831011905,0.018841356386793,"ST8SIA4/AGTR1/HLA-DOA/AKT3/IL6ST/CCL5/YME1L1/CAV1/ZEB2/CCL2/AKR1B1/CTLA4/ABCB11/AKT2/ALDH1A1/EGR1/GLS/GSTA4/HAMP/HFE/HSPA5/IRF3/LPL/MAPK14/NFE2L2/NFKB1/PCSK9/PIK3CD/TGFA/VLDLR/XPR1/CD27",32
"C0024138","Lupus Erythematosus, Discoid","74/2069","552/21671",0.134057971014493,1.40414223772599,3.12483157379283,0.0017567923252731,0.0246373531455197,0.0195100021324684,"VIM/MMP11/PECAM1/VWF/FLI1/CYBB/RUNX1T1/CD38/EGR2/CD2/PTPRC/GEM/C1R/MASP1/MFGE8/VCAM1/CCL2/SDC2/MMP2/CFH/C3/LBH/C1QC/PRKCB/CTLA4/MTHFR/ABCA1/ADAM10/C1QL1/CASR/CENPV/CIITA/CTBP2/DKK1/DNMT3A/EGFR/ELOF1/ERBB2/ERN1/F5/FCN2/FOXP3/GATA3/HAMP/HIVEP3/HLA-C/HNRNPC/HSPA5/IL21R/KDM6B/KLK3/LARP6/LGALS9/MAPK14/MCL1/MECP2/NFKB1/PBX1/PRDM1/PRKAR1A/PRKCA/PRKCD/PSME3/PTGS2/PTPN6/SH2D1A/SNCA/STAT1/TGFB3/TIGIT/TP53BP1/WNK1/XPR1/LILRB4",74
"C0009081","Congenital clubfoot","43/2069","285/21671",0.150877192982456,1.58030915859005,3.20388251337193,0.00176054419636324,0.0246373531455197,0.0195100021324684,"COL3A1/TPM2/GLI3/RAB23/SETBP1/TGFBR1/TRPS1/SYNE1/COL6A2/DES/COL6A1/FLNA/LAMB2/MTHFR/ALG3/AP4E1/AP4S1/ATP6V0A2/ATRX/BRIP1/CANT1/CC2D2A/CHMP1A/DHCR7/DST/FKBP8/GLE1/IHH/KY/LGI4/LIMS2/MYH3/NALCN/NEK9/NSD1/POMT1/RAB11B/RREB1/RUSC2/SCARF2/SNCA/SUZ12/TPM1",43
"C0162529","Colitis, Ischemic","6/2069","15/21671",0.4,4.18965683905268,4.01476360486085,0.00176060990879179,0.0246373531455197,0.0195100021324684,"SERPINE1/MMP2/MTHFR/F5/HSPA5/PROC",6
"C0334267","Transitional cell carcinoma in situ","6/2069","15/21671",0.4,4.18965683905268,4.01476360486085,0.00176060990879179,0.0246373531455197,0.0195100021324684,"DES/RRM2/CISH/ERBB2/GATA3/SFXN1",6
"C0853879","Invasive carcinoma of breast","65/2069","473/21671",0.137420718816068,1.43936413603818,3.1388259822694,0.00177014518756128,0.0247393514601679,0.0195907732820534,"VIM/SORBS1/CD74/AGTR1/PAPPA/PTPN14/POSTN/TGFBR1/FGFR1/PRKD1/SLIT2/SERPINE1/FZD1/CYP1B1/TNC/FERMT2/RECK/F2R/ATP2B4/PDGFC/THBS1/LUM/AKR1B1/CDH5/CDH1/TYMS/ABCC11/AKT2/ALDH1A1/ATP2B1/CBX2/CCL22/CD47/CD9/EGFR/ELP3/EPOR/ERBB2/ERBB3/FLT1/FOXP3/GATA3/GREB1/GSN/INTS2/ITGB3/KDM6B/KLK6/LMNA/MAPK14/PIK3CD/PLCB2/PRIMPOL/PTEN/PTGS2/RAC1/RARB/RNF126/RPS6KB1/SERPINB6/SOX11/TBX3/TFRC/TGFA/YAP1",65
"C1845977","X- linked recessive","29/2069","172/21671",0.168604651162791,1.76598907460069,3.27670374455338,0.00178893802728815,0.0249297240034021,0.0197415268432222,"CYBB/AP1S2/CHRDL1/FHL1/FLNA/MSN/ATP7A/ALG13/ATP6AP2/ATRX/BRWD3/CLCN4/COL4A6/CUL4B/DDX3X/DMD/FANCB/FOXP3/IDS/IGSF1/MAMLD1/MBTPS2/MECP2/MID2/PHKA1/SH2D1A/THOC2/UBA1/XIAP",29
"C0278479","Stage II Colon Cancer","12/2069","49/21671",0.244897959183673,2.56509602390981,3.5632853737701,0.00179449660494548,0.0249297240034021,0.0197415268432222,"MMP2/AXIN2/TYMS/DKK1/ERBB2/ERBB3/FLT1/KCNQ1/MAP7/PIK3CD/PTGS2/SRY",12
"C0549463","X-Linked Lymphoproliferative Disorder","12/2069","49/21671",0.244897959183673,2.56509602390981,3.5632853737701,0.00179449660494548,0.0249297240034021,0.0197415268432222,"CYBB/CD84/CD2/HLA-DQB1/DOK1/FOXP3/LYST/PTPN6/SH2D1A/STAG2/XIAP/CD27",12
"C0019372","Herpesviridae Infections","14/2069","62/21671",0.225806451612903,2.36512886075555,3.49712911529919,0.00179508500269662,0.0249297240034021,0.0197415268432222,"STON1/GEM/NR3C1/ATRX/CREB1/CREBZF/HLA-B/HLA-C/HLA-G/PML/SCN8A/SH2D1A/SOCS3/STAT1",14
"C3888088","SMITH-MCCORT DYSPLASIA 1","14/2069","62/21671",0.225806451612903,2.36512886075555,3.49712911529919,0.00179508500269662,0.0249297240034021,0.0197415268432222,"RUNX1T1/CALD1/MYH11/TAGLN/LMOD1/MYOCD/MGP/ELN/THBD/ADAMTS9/MAPK14/PTEN/RBPJ/SRF",14
"C1527383","Morphea","7/2069","20/21671",0.35,3.6659497341711,3.87514076582313,0.00181227154300593,0.0249940172849818,0.0197924398635177,"VIM/BNC2/DCN/SPARC/CXCL9/GATA3/LMNA",7
"C1857482","Slender finger","7/2069","20/21671",0.35,3.6659497341711,3.87514076582313,0.00181227154300593,0.0249940172849818,0.0197924398635177,"COL3A1/TRPS1/COL12A1/COL6A2/COL6A1/ATRX/DDX3X",7
"C3888896","Wet age-related macular degeneration","7/2069","20/21671",0.35,3.6659497341711,3.87514076582313,0.00181227154300593,0.0249940172849818,0.0197924398635177,"TNC/MFGE8/HTRA1/SERPINF1/CFH/C3/PNPLA2",7
"C4324656","Non-squamous non-small cell lung cancer","7/2069","20/21671",0.35,3.6659497341711,3.87514076582313,0.00181227154300593,0.0249940172849818,0.0197924398635177,"VIM/ERCC1/MTHFR/TYMS/EGFR/PIK3CD/STK11",7
"C0154830","Proliferative diabetic retinopathy","30/2069","180/21671",0.166666666666667,1.74569034960528,3.2638182891946,0.00181391920180845,0.0249940172849818,0.0197924398635177,"AOC3/VWF/ICAM1/POSTN/FGFR1/SLIT2/SERPINE1/TNC/VCAM1/PLXDC1/CCL2/SERPINF1/MMP2/VEGFC/LGALS1/AKR1B1/MTHFR/ABCC11/ATP6AP2/CPM/ERBB3/FLT1/HLA-B/HMGA1/HSPA5/PML/PNPLA2/SORD/TCF7L2/WNK1",30
"C0008297","Choanal Atresia","20/2069","104/21671",0.192307692307692,2.01425809569841,3.36844756996704,0.0018156010013607,0.0249940172849818,0.0197924398635177,"GLI3/PTPN14/FGFR1/ALDH1A3/ANTXR1/FAM20C/BRIP1/DHCR7/FANCB/FANCC/FANCM/KMT2A/LMNA/MBTPS2/NFIX/RREB1/SLX4/SMCHD1/SUFU/CDON",20
"C0149745","Oral Ulcer","20/2069","104/21671",0.192307692307692,2.01425809569841,3.36844756996704,0.0018156010013607,0.0249940172849818,0.0197924398635177,"PTPRC/GEM/C1R/GIMAP6/LGALS1/MTHFR/DCLRE1C/HLA-B/HLA-J/IL12RB1/MEFV/NFKB1/PDE4D/PSMB9/RREB1/SLC46A1/SOCS3/TAP1/TAP2/HLA-DPA1",20
"C0008313","Cholangitis, Sclerosing","31/2069","188/21671",0.164893617021277,1.72711917567331,3.25309365830897,0.00183095935363052,0.0251425877325847,0.0199100908844059,"RDX/ICAM1/TCF4/OSMR/CCL5/ACTA2/JAZF1/NFATC1/HLA-DQB1/PRKCB/BCL2L11/CD6/CIITA/DCDC2/DDC/DNMT3A/ERN1/HES1/HIPK1/LINC00598/NFE2L2/NFKB1/PPP2R3C/PRDM1/RAVER1/RPS6KB1/SARNP/SBNO2/SP110/STK11/ZMIZ1",31
"C0221505","Lesion of brain","31/2069","188/21671",0.164893617021277,1.72711917567331,3.25309365830897,0.00183095935363052,0.0251425877325847,0.0199100908844059,"CLU/PECAM1/ICAM1/SERPINE1/GJA1/TNC/TUBA1A/CAV1/MFGE8/GAP43/CCL2/C3/CTLA4/MTHFR/CD47/CSE1L/DDX3X/DYNC1H1/EAF2/EGFR/EIF2B5/ERBB2/ERBB3/FLT1/NEFL/PIK3CD/PRDM1/PROC/PTGS2/SNCA/YAP1",31
"C0042384","Vasculitis","44/2069","294/21671",0.149659863945578,1.56755868127821,3.18324866858307,0.0018433200683264,0.0252493581000979,0.0199946409610949,"LSAMP/VWF/ICAM1/PMP22/CCL5/TNC/CAV1/SERPING1/VCAM1/ZEB2/CCL2/MMP2/CFH/WIPF1/PALLD/HLA-DQB1/PRKCB/AKR1B1/CTLA4/ABCC11/ANGPT2/CIITA/CMAS/F5/GOPC/HAMP/HLA-B/HLA-C/IFIT3/LAMP2/MAPK14/MAPK8/MEFV/NFKB1/PNN/PRKCD/SCAF11/SCN11A/SH2D1A/SLC15A4/SLC6A2/SNCA/TADA2A/HLA-DPA1",44
"C0856825","Acute GVH disease","44/2069","294/21671",0.149659863945578,1.56755868127821,3.18324866858307,0.0018433200683264,0.0252493581000979,0.0199946409610949,"VIM/PECAM1/VWF/ICAM1/CD38/SERPINE1/CCL5/GEM/CAV1/VCAM1/NR3C1/HLA-DQB1/C3/BCHE/THBD/DHFR/CTLA4/SLC19A1/MTHFR/TYMS/ANGPT2/CXCL9/DHX15/EGFR/FANCB/FOXP3/GLCCI1/HLA-B/HLA-C/HLA-G/INPP5D/ITGA2/ITGB1/KMT2A/NCAM1/NDUFS7/NFE2L2/NFKB1/SMPD1/STK11/SUFU/TAPBP/TIGIT/HLA-DPA1",44
"C0220659","Acrodysostosis","9/2069","31/21671",0.290322580645161,3.04087996382856,3.6942747306907,0.00186670914050604,0.0253327883445324,0.020060708295407,"EDNRA/ACKR3/ADRA1A/APRT/CREB1/LPAR2/PDE4A/PDE4D/PRKAR1A",9
"C0265706","Gastroschisis","9/2069","31/21671",0.290322580645161,3.04087996382856,3.6942747306907,0.00186670914050604,0.0253327883445324,0.020060708295407,"ICAM1/AEBP1/MTHFR/DHCR7/F5/HSPD1/LRP1/TAPBP/TGFB3",9
"C0311245","Congenital cystic kidney disease","9/2069","31/21671",0.290322580645161,3.04087996382856,3.6942747306907,0.00186670914050604,0.0253327883445324,0.020060708295407,"PRKD1/GLIS2/PKD2/CPQ/CYS1/CC2D2A/DNAAF1/NPHP3/TMEM67",9
"C1832446","Sparse eyebrow","9/2069","31/21671",0.290322580645161,3.04087996382856,3.6942747306907,0.00186670914050604,0.0253327883445324,0.020060708295407,"TRPS1/ANTXR1/MEIS2/CDC42/LMNA/LRP1/PPP2R3C/STAG2/VAC14",9
"C0037199","Sinusitis","19/2069","97/21671",0.195876288659794,2.05163608097941,3.3724499769129,0.00186919792771117,0.0253327883445324,0.020060708295407,"CLU/ST8SIA4/CYBB/POSTN/IGHM/SERPINE1/CCL5/PDPN/MGP/WIPF1/CTLA4/CIITA/DICER1/DNAAF1/NFKB1/PSMB9/TCF3/WNK1/HLA-DPA1",19
"C0919747","Cytokine storm","19/2069","97/21671",0.195876288659794,2.05163608097941,3.3724499769129,0.00186919792771117,0.0253327883445324,0.020060708295407,"HAVCR2/IL6ST/IGFBP7/CD38/CCL5/SERPING1/F2R/LGALS1/CASR/DGKZ/DNASE2/FOXP3/LGALS9/MAPK14/PRDX2/PRKAR1A/SLC15A4/SOCS3/TRIM69",19
"C0281361","Adenocarcinoma of pancreas","70/2069","518/21671",0.135135135135135,1.41542460778807,3.10907087377557,0.00187487155988592,0.0253327883445324,0.020060708295407,"ICAM1/FGFR1/SERPINE1/ACKR3/GEM/DCLK1/EFEMP1/CPQ/CAV1/NRP2/F2R/SPARC/SERPINF1/SDC2/PALLD/HLA-DQB1/LUM/LILRB2/RRM2/CDH1/ANGPT2/CADM1/CD47/CDC42/CHD5/CUBN/DKK1/DYRK1B/EGFR/ELAVL1/ERBB2/ERBB3/FABP1/FEN1/FOXP3/GIPC1/HFE/HMGA1/IFIT3/ILK/KLF10/MAP2K2/MAPK14/MAPK8/MAU2/MCL1/MSLN/MUC3B/MVD/MYCN/PART1/PAWR/PIK3CD/PMS1/PRKCA/PTEN/PTGS2/RAB11B/RAC1/RPS6KB1/RREB1/SARNP/SLC39A3/SMAD4/SMAGP/SMARCA4/STAT1/STK11/TFRC/WNK1",70
"C0423113","Telecanthus","24/2069","134/21671",0.17910447761194,1.87596574882956,3.30450511810746,0.00187638346013829,0.0253327883445324,0.020060708295407,"COL3A1/GLI3/RAB23/AKT3/FGFR1/GJA1/MASP1/MITF/TWIST2/FLNA/CDH11/ADAT3/ARL3/ATRX/KDM6B/KMT2A/LMNA/MAP2K2/MYH3/NEK1/NRXN1/RREB1/SUFU/VPS33A",24
"C1266043","Sarcomatoid Renal Cell Carcinoma","24/2069","134/21671",0.17910447761194,1.87596574882956,3.30450511810746,0.00187638346013829,0.0253327883445324,0.020060708295407,"VIM/CTSB/KCNMA1/CPQ/MITF/CRYAB/BCHE/AKAP13/ALDH1A1/APRT/CUL7/ERBB2/FLT1/HSPD1/INPP4B/LMAN2L/PAK1/PAX8/PIDD1/PTEN/PTGS2/SCARB1/UNC5C/ZNF765",24
"C0032326","Pneumothorax","15/2069","69/21671",0.217391304347826,2.27698741252863,3.45162566383949,0.00187643622443592,0.0253327883445324,0.020060708295407,"COL3A1/TGFBR1/SLIT2/PRKG1/MFAP5/ACTA2/MYLK/MYH11/ELN/ERBB2/ERBB3/FASTK/NFE2L2/SMAD4/TGFB3",15
"C0751522","Status Epilepticus, Subclinical","15/2069","69/21671",0.217391304347826,2.27698741252863,3.45162566383949,0.00187643622443592,0.0253327883445324,0.020060708295407,"KCNMA1/GAP43/MEF2C/CCL2/ABCC2/CDH2/ATP2A2/DMD/JUNB/LAMP2/NTRK3/PDXK/PTGS2/SCN8A/SLC8A1",15
"C3805278","Extrahepatic Cholangiocarcinoma","22/2069","119/21671",0.184873949579832,1.93639601804956,3.32773518233228,0.00187701400972836,0.0253327883445324,0.020060708295407,"ICAM1/PEG3/VEGFC/CD47/CDO1/EGFR/ERBB2/ERBB3/FOXP3/GOPC/H6PD/MAPK14/MCL1/MSI2/MSLN/PRKACA/PTEN/PTGS2/SMAD4/SOX4/TP53BP1/TPM1",22
"C0042798","Low Vision","27/2069","157/21671",0.171974522292994,1.80128558366915,3.27367891955319,0.00188381074095085,0.0253933998654733,0.0201087057769475,"COL4A1/ATXN1/MEIS1/CRYAB/F2R/HTRA1/SERPINF1/CFH/TFPI/LAMB2/PRKCB/ALG13/ATXN3/CEP290/CLCN7/CLN6/HEXA/KCNQ1/KIDINS220/MARK3/MECP2/MFSD8/PBK/PRKCA/PRPH/TENM3/TMEM67",27
"C0398625","Protein C Deficiency","11/2069","43/21671",0.255813953488372,2.67943169939416,3.58135936894712,0.00188976094871392,0.0254216921379954,0.0201311100625855,"VWF/SERPINE1/TFPI/THBD/MTHFR/ATXN3/CADM1/F5/HSPA5/LMNA/PROC",11
"C0149521","Pancreatitis, Chronic","54/2069","379/21671",0.142480211081794,1.49235797697127,3.14160705367783,0.00189052627449543,0.0254216921379954,0.0201311100625855,"CYGB/CLU/ST8SIA4/CRISPLD2/ICAM1/IL2RB/TNC/DCN/CAV1/DPYSL3/SPARC/CCL2/TGFB1I1/SPARCL1/SDC2/TACR2/FSTL1/LGALS1/GREM1/A2M/NFATC1/TK1/MTHFR/ADAM10/CASR/EGFR/EHMT1/ERBB2/FOXP3/HFE/HLA-B/HSPA5/IL24/LAMP2/LPL/MSLN/NFE2L2/OCLN/PNPLA2/PRKAR1A/PTGS2/RASSF6/SLC8A1/SMAD4/SMAD5/SNCA/TACR1/TCF3/TGFA/UBR1/USE1/WNK1/WNK2/YAP1",54
"C2674432","Reduced bone mineral density","16/2069","76/21671",0.210526315789474,2.20508254686983,3.41905822857805,0.00191742986211726,0.0257520183798749,0.0203926911522997,"FGFR1/COL1A2/BRIP1/CASR/CLCN7/FANCB/FANCC/FANCM/GNA11/HGD/IL17RD/NFIX/PTEN/SLX4/SPRY4/WNK1",16
"C0008497","Choriocarcinoma","60/2069","431/21671",0.139211136890951,1.45811722936868,3.12102690784566,0.00191999273403971,0.0257550304262842,0.0203950763529957,"PDLIM3/FGFR1/EDNRA/ACKR3/PEG3/CYP1B1/FERMT2/TIMP2/CAV1/ZEB2/HOPX/ANGPTL1/F2R/HTRA1/CCL2/PDPN/MMP2/LGALS1/CDH11/RORA/DHFR/CTLA4/ACTR1A/APRT/ARFRP1/C1QL1/CD47/CD9/CFLAR/CIITA/COIL/CUL7/CYP2B6/DKK1/EGFR/ERBB2/ERBB3/FLT1/HLA-C/HLA-G/HSPA5/IFIT3/ITGB1/LRP1/MAN2A1/MCL1/MGAT4B/PAK1/PAK2/PAX8/PIK3CD/PTEN/SATB1/SET/STAT1/STAT5B/STK11/TGFA/WNK1/XIAP",60
"C0546884","Hypovolemia","10/2069","37/21671",0.27027027027027,2.83084921557614,3.62113350007197,0.00192577294596337,0.0257697903449509,0.020406764542184,"TGFBR1/PRKG1/MFAP5/ACTA2/MYLK/MYH11/MMP2/ELN/PLAGL1/TGFB3",10
"C1849097","Loss of ability to walk","10/2069","37/21671",0.27027027027027,2.83084921557614,3.62113350007197,0.00192577294596337,0.0257697903449509,0.020406764542184,"DES/COL6A1/AP4S1/FA2H/IRF2BPL/MECP2/POMT1/POMT2/SPG11/VAC14",10
"C0155877","Allergic asthma","53/2069","371/21671",0.142857142857143,1.49630601394739,3.13260905829733,0.00195371864158226,0.0261120186890115,0.0206777707530775,"HAVCR2/FYN/PAPPA/POSTN/MCC/SERPINE1/CSF2RA/CCL5/NR3C1/CCL2/LGALS1/HLA-DQB1/THBS1/C3/ELN/RORA/EDIL3/CTLA4/ARHGEF28/CETN1/CREB1/DDO/FOXP3/GAB1/GATA3/GNAO1/GSDMB/HLA-B/HSPD1/IL3RA/INPP4A/KLF10/LIPG/LPAR2/MAPK14/MYB/NFKB1/NUFIP2/ORM1/PARP9/PDE4A/PIK3CD/PLA2G4A/PLK1/PTEN/PTPRE/SMPD1/SNCA/TAP1/TBXA2R/WDR20/CD27/HLA-DPA1",53
"C0751396","Well Differentiated Oligodendroglioma","41/2069","270/21671",0.151851851851852,1.59051787408481,3.1721769473712,0.00196479337371581,0.0261985990191448,0.0207463325996181,"VIM/ADAM12/IL2RB/FGFR1/LATS2/PEG3/TNC/CAV1/DES/EMP3/LGALS1/THBS1/EDIL3/CDH1/ACLY/ATRX/BCAN/BEX2/CREB1/CSE1L/CSPG4/CUL3/DYRK1A/EGFR/FLT1/FOXP3/HES1/HES6/LRIG1/MIB1/PIK3CD/PLA2G4A/PRDM2/PTEN/PTGS2/PTPN6/PTPRZ1/RAC1/SMARCA4/UBE2I/WT1-AS",41
"C3161330","Profound intellectual disabilities","21/2069","112/21671",0.1875,1.96390164330594,3.32266788865188,0.00196495439842128,0.0261985990191448,0.0207463325996181,"AP1S2/CCDC88A/MTR/ALG13/ATP6V0A2/CLCN4/DMD/HGSNAT/HSPD1/IDS/MECP2/MID2/OCLN/PIGG/POMT1/POMT2/SCN8A/SPTAN1/WDR45B/ZNF81/ZNHIT3",21
"C0235991","Small for gestational age (disorder)","30/2069","181/21671",0.165745856353591,1.73604565154117,3.23061599930892,0.00198014913734569,0.0263419017193052,0.0208598121592609,"SYNE1/TUBB6/COL1A2/ALG13/CLCN4/CNTN1/COQ7/CUL7/DDX3X/DHCR7/DMD/DNM2/DYRK1A/FANCC/FBXL4/FLT1/MECP2/MID2/MYH3/NSD1/OBSL1/POMT1/PPP2R3C/SCN4A/SMAD4/SPR/TGFB3/TRMT1/UBR1/ZNF81",30
"C1836195","Short toe","13/2069","56/21671",0.232142857142857,2.4314972726645,3.48470827816512,0.00198287810090838,0.0263419017193052,0.0208598121592609,"FLI1/GJA1/FLNA/ADAMTS2/CTSK/DCLRE1C/DHCR7/DNMT3A/KMT2A/MYCN/PDE4D/PRKAR1A/SMAD4",13
"C1837352","Childhood onset","13/2069","56/21671",0.232142857142857,2.4314972726645,3.48470827816512,0.00198287810090838,0.0263419017193052,0.0208598121592609,"TPM2/NLGN4X/PMP22/SYNE1/MTHFR/CHRNA4/CUBN/DMD/DYNC1H1/LIMS2/MECP2/RPS29/SPG11",13
"C0003130","Anoxia","43/2069","287/21671",0.149825783972125,1.56929655121311,3.15423856233737,0.00201745111337898,0.0267469456966485,0.0211805612598253,"CYGB/ICAM1/TGFBR1/IGFBP7/TNC/KCNMA1/VCAM1/CCL2/SERPINF1/KCNMB1/TFPI/THBS1/STC1/RORA/ALDH1L1/ANGPT2/ARNT/CFLAR/CIRBP/CREB1/EGR1/EPOR/ERBB2/ESRRB/FLT1/GLG1/HLA-G/HMGA1/HSPA5/ILK/ITGB1/ITGB3/MAP2K2/MAPK14/NFKB1/PRKAA2/PRKACA/PRKCD/PTGS2/SLC15A1/STAT1/STAT5B/TGFB3",43
"C0334463","Malignant Fibrous Histiocytoma","26/2069","150/21671",0.173333333333333,1.8155179635895,3.2561728147313,0.00201822499536138,0.0267469456966485,0.0211805612598253,"CD74/SERPINE1/WWTR1/MITF/DES/MYOCD/CCL2/FBXO32/CTLA4/CD6/COIL/DKK1/EGFR/EWSR1/HBEGF/HMBS/LMNA/MAPK14/MIB1/PIK3CD/PRDM10/PRKCD/PTEN/PTGS2/STAT1/YAP1",26
"C0392514","Hereditary hemochromatosis","39/2069","254/21671",0.153543307086614,1.6082344165655,3.16787501990503,0.00203661813305284,0.0269582638212871,0.021347901356709,"ICAM1/GLI3/TCF4/TUSC3/RAB23/EDNRA/ACKR3/CYBRD1/VCAM1/TWIST2/MEF2C/CCL2/VEGFC/IGFBP6/AKR1B1/ATP7B/ADRA1A/AKR1D1/ARL3/DYRK1B/GATA4/HAMP/HFE/HLA-B/HLA-C/HLA-F/IFIT3/ITGB1/L3MBTL3/LPAR2/MCL1/NFE2L2/PIK3CD/PLK1/SLC11A2/SUFU/TFRC/USP14/CD27",39
"C0949690","Spondylarthritis","27/2069","158/21671",0.170886075949367,1.78988504200035,3.23743794863338,0.00206993546452435,0.0273663856792397,0.0216710877912229,"CD74/GEM/TNC/CPQ/CCL2/MCAM/PDLIM7/IL10RA/CTLA4/ABCC11/CXCL9/DKK1/HFE/HLA-B/HLA-C/IL17B/IL24/MAPK14/MEFV/MIB1/NFKB1/PSMB9/SERPINB1/SLC14A1/SOCS3/STAT1/TIRAP",27
"C0241868","acute aortic dissection","14/2069","63/21671",0.222222222222222,2.32758713280705,3.42835299656894,0.00210874549106402,0.0278460600636548,0.0220509357484102,"PECAM1/VWF/SERPINE1/PRKG1/TNC/ACTA2/MYLK/CCL2/MMP2/THBS1/ADAMTS1/CTLA4/LRP1/PCSK9",14
"C1840264","IMMUNE SUPPRESSION","35/2069","222/21671",0.157657657657658,1.65132870908608,3.16907627749152,0.00214325762295905,0.0282434461201483,0.0223656206402413,"HAVCR2/ICAM1/FGL2/CD84/CD38/EGR2/AXL/TNC/NRP2/ACTG2/PDPN/TFPI/LGALS1/THBD/CTLA4/ARNT/CANX/CASR/DMD/EGFR/FOXP3/HLA-C/HLA-G/IRF3/LGALS9/PIK3CD/PRKAR1A/PTEN/PTGS2/PTPN6/RBM33/SOCS3/STAT1/STAT5B/LILRB4",35
"C0023448","Lymphoid leukemia","43/2069","288/21671",0.149305555555556,1.56384760485473,3.12955922277984,0.00215770576541651,0.0282434461201483,0.0223656206402413,"EPHA3/RUNX1T1/FGFR1/IGFBP7/CD38/SERPINE1/PTPRC/GLIS2/AXL/ITPR1/NR3C1/ZEB2/PDLIM7/C3/ITGA4/CTLA4/MTHFR/ABCC11/AFF4/CASR/CEBPA/CFLAR/CTDSPL/DNTT/GATA3/IL24/IL3RA/JPX/KMT2A/MYCN/PBX1/PDK3/PGP/PRKAR1A/PTEN/PTGS2/RBPJ/SMPD3/SOX11/STAT5B/TCF3/TRIM33/ZFP36L1",43
"C0270846","Epileptic drop attack","25/2069","143/21671",0.174825174825175,1.83114372336219,3.23967775935818,0.00215791745403984,0.0282434461201483,0.0223656206402413,"CHRNA3/CLU/TCF4/KCNMA1/NRP2/PRICKLE1/MPDZ/BCHE/ABCC2/ATP7A/ATP6AP2/CHRNA4/EPM2A/GNAO1/GOSR2/MECP2/MIB1/PIGM/PNKP/PRKCD/PTGS2/SLC25A22/SLC6A2/SLC8A1/SYN2",25
"C0021841","Intestinal Neoplasms","30/2069","182/21671",0.164835164835165,1.72650693917006,3.19762010879579,0.00215931272144243,0.0282434461201483,0.0223656206402413,"CLU/TCF4/MCC/PMP22/TIAM1/SLIT2/DCLK1/DCN/F2R/GREM1/PRKCB/AXIN2/CDH1/CDC42/EGFR/ELP3/ERBB2/ERBB3/FOXP3/HES1/HSPA5/KCNQ1/MAP2K2/PIK3CD/PRKCA/PRKCD/PTGS2/TCF7L2/TP53BP1/UNC5C",30
"C0020492","Hyperostosis","12/2069","50/21671",0.24,2.51379410343161,3.48155637261342,0.0021593554556583,0.0282434461201483,0.0223656206402413,"GLI3/PAPPA/DLC1/CCL2/FLNA/WIPF1/ADAMTS1/HLA-B/LRP6/PIK3CD/PSMB8/PTEN",12
"C0241074","Hyperextensible skin","12/2069","50/21671",0.24,2.51379410343161,3.48155637261342,0.0021593554556583,0.0282434461201483,0.0223656206402413,"AKT3/TRPS1/C1S/C1R/TWIST2/ANTXR1/FLNA/AEBP1/COL1A2/ADAMTS2/ATP7A/MAP2K2",12
"C0427144","Toe-walking gait","12/2069","50/21671",0.24,2.51379410343161,3.48155637261342,0.0021593554556583,0.0282434461201483,0.0223656206402413,"TPM2/SYNE1/FHL1/COL6A1/COL13A1/AGRN/DMD/KY/LMNA/MYO9A/POMT1/SLC25A1",12
"C1691228","Cystic Kidney Diseases","12/2069","50/21671",0.24,2.51379410343161,3.48155637261342,0.0021593554556583,0.0282434461201483,0.0223656206402413,"COL4A1/PRKD1/GLIS2/PKD2/CPQ/TNS1/CYS1/CC2D2A/DNAAF1/NPHP3/SEC61A1/TMEM67",12
"C0079774","Peripheral T-Cell Lymphoma","31/2069","190/21671",0.163157894736842,1.70893897382412,3.18873121942566,0.00217030866405539,0.0283530359635136,0.0224524034234862,"HAVCR2/FYN/IL2RB/JAK3/GLIS2/GEM/CAV1/TFPI/LGALS1/PDLIM7/LBH/PRKCB/CADM1/CYP3A4/DNMT3A/DYNC1H1/EGR1/FER/GATA3/ID2/MCL1/NCAM1/NFKB1/PART1/PIK3CD/POLK/PTPN6/RC3H1/RHOV/STAT5B/TAP2",31
"C0206696","Carcinoma, Signet Ring Cell","15/2069","70/21671",0.214285714285714,2.24445902092108,3.38806864037667,0.00218125780129091,0.028462312992437,0.0225389384930098,"WWTR1/PDPN/CDH1/DNMT3A/EGFR/EML4/ERBB2/FOXP3/GATA3/MAPK14/MECP2/NCAM1/PIK3CD/PTEN/SMAD4",15
"C0018939","Hematological Disease","39/2069","255/21671",0.152941176470588,1.60192761493191,3.14126581292621,0.00218808470491823,0.0285176057458751,0.0225827241111773,"PDLIM3/VWF/ICAM1/CYBB/JAK3/FGFR1/CD38/SERPINE1/ZEB2/HTRA1/CFH/MTR/CTLA4/MTHFR/ATG7/CASR/CD6/DNMT3A/EGFR/EGR1/FABP1/FANCC/FOXP3/GATA3/HAMP/HFE/IL3RA/KDM6B/KMT2A/LMAN1/LRP1/MCL1/MYB/PBX1/PIK3CD/PKLR/PRKAR1A/TFRC/TRADD",39
"C0032708","Disorders of Porphyrin Metabolism","8/2069","26/21671",0.307692307692308,3.22281295311745,3.68442997072098,0.00220890464706272,0.0287209762433314,0.0227437705846202,"CYP2B6/CYP3A4/HAMP/HFE/HMBS/LMNA/PPOX/SH2D1A",8
"C0085750","Adenosis of Breast","8/2069","26/21671",0.307692307692308,3.22281295311745,3.68442997072098,0.00220890464706272,0.0287209762433314,0.0227437705846202,"ERBB2/ERBB3/INPP4B/INTS2/LMNA/MYB/PTEN/PTGS2",8
"C0005967","Bone neoplasms","26/2069","151/21671",0.172185430463576,1.80349466581738,3.21891750505849,0.00222145280867909,0.0287377750927553,0.0227570733767727,"VIM/PDLIM3/FLI1/ICAM1/HLA-DOA/ACKR3/CTSB/CAV1/SPARC/PDPN/SERPINF1/SDC2/MMP2/CTSK/CTLA4/ABCC3/CASR/EBF3/EGFR/ERBB2/ERBB3/EWSR1/LYST/PEG10/PRKAR1A/PTGS2",26
"C0266200","Microcolon","5/2069","11/21671",0.454545454545455,4.76097368074169,4.0534695904393,0.00222846271944184,0.0287377750927553,0.0227570733767727,"MYLK/MYH11/ACTG2/LMOD1/LMNA",5
"C0428975","Supraventricular Arrhythmia by ECG Finding","5/2069","11/21671",0.454545454545455,4.76097368074169,4.0534695904393,0.00222846271944184,0.0287377750927553,0.0227570733767727,"COL4A1/SYNE1/FHL1/DES/LMNA",5
"C0878677","Glycogen Storage Disease Type IIb","5/2069","11/21671",0.454545454545455,4.76097368074169,4.0534695904393,0.00222846271944184,0.0287377750927553,0.0227570733767727,"LSAMP/APRT/CUL4B/LAMP2/ZBTB33",5
"C3273254","Arterionephrosclerosis","5/2069","11/21671",0.454545454545455,4.76097368074169,4.0534695904393,0.00222846271944184,0.0287377750927553,0.0227570733767727,"VWF/SMTN/CADM1/NFIC/NFIX",5
"C3805092","Methylenetetrahydrofolate reductase gene mutation","5/2069","11/21671",0.454545454545455,4.76097368074169,4.0534695904393,0.00222846271944184,0.0287377750927553,0.0227570733767727,"SERPINE1/THBD/MTHFR/ATXN3/F5",5
"C4041089","Poorly differentiated sarcoma","5/2069","11/21671",0.454545454545455,4.76097368074169,4.0534695904393,0.00222846271944184,0.0287377750927553,0.0227570733767727,"VIM/PECAM1/CD6/HBEGF/SMARCA4",5
"C0016842","Congenital pectus excavatum","41/2069","272/21671",0.150735294117647,1.57882288971654,3.1209938889398,0.00225705565966852,0.0290724607952391,0.0230221066671021,"COL3A1/TPM2/TGFBR1/SYNE1/MFAP5/DDR2/CFL2/FHL1/ZEB2/FLNA/COL1A2/CDH11/EFEMP2/ELN/ATP7A/ATP6V0A2/CRTAP/CUL7/DMD/DNAAF1/DYRK1A/IHH/KDM6B/KMT2A/LIMK1/LMNA/MAP2K2/MBTPS2/MECP2/MRAS/MYH3/NACC1/NFIX/PTEN/SCARF2/SIK3/SOS2/SRY/TBL2/VPS33A/ZBTB20",41
"C0018784","Sensorineural Hearing Loss (disorder)","99/2069","783/21671",0.126436781609195,1.32431681694194,3.00304215833679,0.00227344608774149,0.0292493712199732,0.023162199750293,"PDE5A/RDX/VWF/GLI3/LAMA4/MAF/RAB23/SGCD/PMP22/FGFR1/AP1S2/EDNRA/GJA1/ACKR3/NPL/YME1L1/LDB3/CHRDL1/PLN/CCDC50/NEXN/MITF/CRYAB/CAP2/DES/FLNA/LGALS1/HLA-DQB1/ELN/ATP1A2/PRKCB/COL13A1/ERCC1/CTLA4/MTHFR/ABCC9/ACOX1/ADRA1A/AGRN/AK2/ARHGDIA/ARL3/ATP1B1/ATRX/CD151/CDC42/COCH/COX20/DCDC2/DHCR7/DIAPH3/DMD/EPG5/EPS15L1/ESPN/ESRRB/F5/GAB1/GATA3/GPR143/HGSNAT/IL17RD/KCNQ1/KMT2A/LIMK1/LMNA/LPAR2/MBTPS2/MRAS/MYO6/MYO9A/NDUFAF3/NDUFS7/NFKB1/PCNT/PDK3/PNPLA2/PSEN2/PTGS2/RAC1/RFX3/RGR/SCAPER/SERPINB6/SLC25A1/SMCHD1/SOS2/SPRY4/STAG2/SUFU/TBL1X/TBL2/THOP1/TOP3A/TPM1/UBR1/YAP1/ZNF408/HLA-DPA1",99
"C0030508","Parasomnia","4/2069","7/21671",0.571428571428571,5.98522405578955,4.28572092081035,0.00228819253842483,0.0292681352214549,0.0231770587210095,"HLA-DQB1/ATXN3/GNAO1/SNCA",4
"C0750145","Occlusive vascular disease","4/2069","7/21671",0.571428571428571,5.98522405578955,4.28572092081035,0.00228819253842483,0.0292681352214549,0.0231770587210095,"ACTA2/MTHFR/ITGB3/TRPC1",4
"C0855005","Stage IV Lung Cancer AJCC v7","4/2069","7/21671",0.571428571428571,5.98522405578955,4.28572092081035,0.00228819253842483,0.0292681352214549,0.0231770587210095,"CTLA4/CDH1/EGFR/ERBB2",4
"C2981352","Stage IV Lung Cancer AJCC v6","4/2069","7/21671",0.571428571428571,5.98522405578955,4.28572092081035,0.00228819253842483,0.0292681352214549,0.0231770587210095,"CTLA4/CDH1/EGFR/ERBB2",4
"C4526725","Stage IV Lung Cancer AJCC v8","4/2069","7/21671",0.571428571428571,5.98522405578955,4.28572092081035,0.00228819253842483,0.0292681352214549,0.0231770587210095,"CTLA4/CDH1/EGFR/ERBB2",4
"C0278987","Metastatic non-small cell lung cancer","20/2069","106/21671",0.188679245283019,1.97625322596825,3.27340839550935,0.00229973707719355,0.0293709618967269,0.0232584858386866,"CHRNA3/ACKR3/THBS1/ABCC2/ERCC1/CTLA4/MTHFR/CDH1/TYMS/CREB1/DKK1/EGFR/EML4/ERBB2/PAX8/PLK1/PTEN/SREBF2/STK11/ZFR",20
"C0202239","Uric acid measurement (procedure)","40/2069","264/21671",0.151515151515152,1.58699122691389,3.1175625646846,0.00230423236890693,0.0293709618967269,0.0232584858386866,"BNC2/PKD2/RERG/THBS1/AAK1/ACAD10/BRAP/CDC42BPG/CMIP/CUBN/DNAJC16/GMDS/GPLD1/INPP4B/KCNQ1/KLC1/LMNA/LRIG1/MAPK6/MYO9A/NAA25/NALCN/NFAT5/NFATC3/NFIC/NFKB1/NSD1/OVOL1/PAX8/RBFOX3/RNF115/RREB1/SCAPER/TBL2/TCF7L2/U2SURP/USP34/ZMIZ1/ZMYM6/ZNF518B",40
"C0566602","Primary sclerosing cholangitis","40/2069","264/21671",0.151515151515152,1.58699122691389,3.1175625646846,0.00230423236890693,0.0293709618967269,0.0232584858386866,"VIM/AOC3/ICAM1/TCF4/HLA-DOA/JAM3/DDR2/NR3C1/MMP2/HLA-DQB1/C3/CTLA4/ABCB11/BCL2L11/CD47/CFLAR/DDC/EGFR/ELK1/ERBB2/FOXP3/HAMP/HES1/HLA-B/HLA-C/KMT2A/LSS/MAPK14/MCL1/MEFV/MICB/NCAM1/NFE2L2/PIK3CD/PTGES/PTGS2/SARNP/SRY/USE1/XPR1",40
"C1306837","Papillary Renal Cell Carcinoma","35/2069","223/21671",0.15695067264574,1.64392364761036,3.1401682207669,0.002314310841981,0.0294653240494066,0.0233332100101157,"IGFBP7/CD38/FZD1/CTSB/KCNMA1/CPQ/MITF/CRYAB/BCHE/RRM2/CDH1/AKAP13/ALDH1A1/APH1A/APRT/CD47/CUL3/CUL7/EGFR/ERBB2/FLT1/HSPD1/INPP4B/LARP6/LMAN2L/LMNA/NFE2L2/PAK1/PAX8/PIDD1/PTEN/PTGS2/SCARB1/UNC5C/ZNF765",35
"C0017662","Glomerulonephritis, Membranoproliferative","13/2069","57/21671",0.228070175438596,2.38883942577565,3.41099748667023,0.00234810879045832,0.0297580231407566,0.0235649946447183,"VWF/TAGLN/SPARC/CCL2/CFH/HLA-DQB1/C3/ANGPT2/DNASE2/F5/LMNB2/PIK3CD/PTEN",13
"C0429087","Electrocardiogram: P-R interval","13/2069","57/21671",0.228070175438596,2.38883942577565,3.41099748667023,0.00234810879045832,0.0297580231407566,0.0235649946447183,"HSPB8/ZFPM2/FERMT2/CAV1/PHLDB2/MEIS1/MYOCD/MRAS/NAV2/PDZRN3/SH3PXD2A/SLC8A1/TMEM182",13
"C0751882","Myasthenic Syndromes, Congenital","13/2069","57/21671",0.228070175438596,2.38883942577565,3.41099748667023,0.00234810879045832,0.0297580231407566,0.0235649946447183,"CAV1/DES/BCHE/LAMB2/COL13A1/AGRN/CD2AP/CHRNE/EIF3K/ERBB3/MYO9A/SCN4A/SLC25A1",13
"C1260959","Drusen","13/2069","57/21671",0.228070175438596,2.38883942577565,3.41099748667023,0.00234810879045832,0.0297580231407566,0.0235649946447183,"CLU/EFEMP1/FHL1/CRYAB/HTRA1/CFH/COL8A1/ABCA1/ACAD10/KMT2A/NFE2L2/PTGS2/RGR",13
"C0346153","Breast Cancer, Familial","30/2069","183/21671",0.163934426229508,1.71707247502159,3.16482796982919,0.00235221310833868,0.0297757735196941,0.0235790509408179,"TGFBR1/CAV1/PDLIM7/MTHFR/CDH1/AKAP13/ANGPT2/ARHGEF28/BRAP/BRIP1/DICER1/EGFR/ERBB2/FANCB/FANCM/FOXD3/HMGA1/KMT2A/LMO4/LSS/MCPH1/NFKB1/PTEN/PTPRG/RAD51D/RHOBTB2/SLX4/STK11/TCF7L2/TOX3",30
"C0017668","Focal glomerulosclerosis","42/2069","281/21671",0.149466192170818,1.56553013558908,3.10000952687727,0.00236222928833487,0.02986823324045,0.023652268600948,"COL4A1/AGTR1/SERPINE1/PTPRC/PKD2/ACTA2/NRP2/TAGLN/COL8A2/CCL2/MMP2/CFH/LAMB2/COL8A1/CTLA4/MTHFR/ALG13/ANGPT2/C1QL1/CD2AP/CD9/CDC42/CNKSR3/CUBN/ILK/ITGB1/LMNA/LPL/MAGI1/MAPK14/NFE2L2/NPNT/NUP85/PAX8/PLEKHH2/RAC1/RHOV/SEC61A1/VLDLR/VPS33A/WT1-AS/YAP1",42
"C4025211","Abnormal carotid artery morphology","9/2069","32/21671",0.28125,2.94585246495892,3.5787042834949,0.00238004779194892,0.0300590210237769,0.0238033509853897,"ELN/ATP7A/BRIP1/FANCB/FANCC/FANCM/LIMK1/SLX4/TBL2",9
"C0154841","Central retinal vein occlusion","10/2069","38/21671",0.263157894736842,2.75635318358729,3.52050352899221,0.00239319159859934,0.0301903998572446,0.0239073881888172,"VWF/ICAM1/AGTR1/SERPINE1/SERPINF1/MMP2/LOXL1/MTHFR/F5/NDUFAB1",10
"C1292778","Chronic myeloproliferative disorder","52/2069","366/21671",0.14207650273224,1.48812947835205,3.05980899973118,0.00240743454768813,0.0303353280019329,0.0240221549170133,"VIM/FLI1/JAK3/SETBP1/RUNX1T1/DKK3/FGFR1/SERPINE1/PTPRC/LDB3/MEIS1/SPARC/MCAM/LGALS1/ABCA1/CEBPA/CISH/DKK1/DNMT3A/EGFR/EGR1/EPOR/ERBB2/F5/FANCB/FGFR1OP2/GATA3/GLS/HAMP/HFE/IDS/INPP5D/JUNB/KMT2A/MAPK14/MVD/MYB/NAAA/PCM1/PCNT/PIK3CD/PTPN6/RAC1/RARB/SOCS3/SPRED1/SRF/STAT5B/SUZ12/TFRC/TRIM33/ZMYM2",52
"C0266483","Pachygyria","23/2069","129/21671",0.178294573643411,1.86748269957775,3.21049631109614,0.00244913590687437,0.0308255242770371,0.0244103350237043,"COL4A1/FLI1/TUBA1A/CCDC88A/ATP6V0A2/DYNC1H1/GNAO1/ISCA1/LAMA2/LAMB1/MCPH1/NFIX/OCLN/PNKP/POMT1/POMT2/RAB3GAP1/SLC25A22/STX7/TMTC3/VAC14/VLDLR/ZNHIT3",23
"C0002171","Alopecia Areata","21/2069","114/21671",0.184210526315789,1.9294472285111,3.23252959812605,0.002460308248724,0.0308660797365591,0.0244424503689316,"ICAM1/TRPS1/CCL2/HLA-DQB1/CTLA4/MTHFR/CXCL9/DKK1/ERBB3/FOXP3/GATA3/HLA-C/HLA-G/IKZF4/LPP/MED25/NFE2L2/SOCS3/STAT1/STX17/TAP1",21
"C0020555","Hypertrichosis","18/2069","92/21671",0.195652173913043,2.04928867127577,3.27667033048622,0.00246177076426394,0.0308660797365591,0.0244424503689316,"SETBP1/TRPS1/TWIST2/CTSC/ABCC9/ARID2/COG7/EGFR/IDS/IRF2BPL/KMT2A/MED23/NDUFAF3/NDUFS7/SFXN1/SMARCA4/SOX11/TCF12",18
"C0431904","Ulnar polydactyly of fingers","18/2069","92/21671",0.195652173913043,2.04928867127577,3.27667033048622,0.00246177076426394,0.0308660797365591,0.0244424503689316,"GLI3/RAB23/SETBP1/TGFBR1/AKT3/FLNA/ATRX/BBS10/CC2D2A/CCDC28B/CEP290/DHCR7/DYNC2LI1/MBTPS2/NEK1/SUFU/TBX3/TMEM67",18
"C0545053","Advanced bone age","14/2069","64/21671",0.21875,2.29121858385694,3.36087242615293,0.00246637157615291,0.0308660797365591,0.0244424503689316,"GLI3/CAV1/KCNJ8/FLNA/ABCC9/CANT1/EHMT1/KCNQ1/KMT2A/NFIX/NSD1/PDE4D/PRKAR1A/SUZ12",14
"C4721509","Usual Interstitial Pneumonia","14/2069","64/21671",0.21875,2.29121858385694,3.36087242615293,0.00246637157615291,0.0308660797365591,0.0244424503689316,"SERPINE1/CCL5/PTPRC/TNC/DCN/CCL2/PDPN/MMP2/COL1A2/CCL22/DPP9/PARP9/PTGS2/STX2",14
"C0014335","Enteritis","17/2069","85/21671",0.2,2.09482841952634,3.28570786509377,0.00251429510246278,0.0313234524473107,0.0248046379184379,"COL3A1/ICAM1/SERPINE1/TNC/SPARC/CFH/NFATC1/CPB2/FOXP3/HAMP/HSPA5/JUNB/MAPK14/PLA2G4A/STAT5B/TACR1/ZYX",17
"C1536085","Geographic Atrophy","17/2069","85/21671",0.2,2.09482841952634,3.28570786509377,0.00251429510246278,0.0313234524473107,0.0248046379184379,"VIM/HMCN1/EFEMP1/CRYAB/HTRA1/MMP2/CFH/C3/COL8A1/ABCA1/ACAD10/ADAMTS9-AS2/ATF7IP2/DICER1/FUT6/KCNT2/PILRA",17
"C3806467","Respiratory insufficiency due to muscle weakness","17/2069","85/21671",0.2,2.09482841952634,3.28570786509377,0.00251429510246278,0.0313234524473107,0.0248046379184379,"TPM2/SYNE1/FHL1/CRYAB/COL6A2/DES/COL6A1/CHRNE/CNTN1/COX20/DNM2/GLE1/LAMA2/LMNA/MTMR14/SPG11/UBA1",17
"C4551570","2-3 toe syndactyly","17/2069","85/21671",0.2,2.09482841952634,3.28570786509377,0.00251429510246278,0.0313234524473107,0.0248046379184379,"FGFR1/MEIS2/ALG13/CLCN4/DHCR7/DMD/MECP2/MID2/MYCN/NEDD4L/RBPJ/RHOBTB2/SCN8A/SIK3/SMAD4/SOX5/ZNF81",17
"C0007104","Female Breast Carcinoma","15/2069","71/21671",0.211267605633803,2.21284692203487,3.32558304820339,0.00252605360720177,0.0313635043699133,0.0248363545192745,"MCC/LATS2/CYP1B1/CDH1/ABCC11/BCL2L11/BRIP1/COX11/ERBB2/GATA3/HFE/KLK3/MIB1/PTEN/TOX3",15
"C0751523","Non-Convulsive Status Epilepticus","15/2069","71/21671",0.211267605633803,2.21284692203487,3.32558304820339,0.00252605360720177,0.0313635043699133,0.0248363545192745,"KCNMA1/GAP43/MEF2C/CCL2/ABCC2/CDH2/ATP2A2/DMD/JUNB/LAMP2/NTRK3/PDXK/PTGS2/SCN8A/SLC8A1",15
"C1458140","Bleeding tendency","15/2069","71/21671",0.211267605633803,2.21284692203487,3.32558304820339,0.00252605360720177,0.0313635043699133,0.0248363545192745,"VWF/FLI1/MAP1B/FLNA/AKR1D1/FGB/GGCX/ITGB3/LMAN1/MRAS/NEDD4L/SMAD4/SMPD1/SOS2/TMTC3",15
"C0007959","Charcot-Marie-Tooth Disease","33/2069","208/21671",0.158653846153846,1.66176292895118,3.11564808738195,0.00254301650581553,0.0314780148945138,0.0249270339265124,"HSPB8/IL2RB/PMP22/EGR2/AHNAK2/DES/SPARC/CCL2/EMP3/GNB4/ATP7A/BCL2L11/CANX/CDC42/DNM2/DYNC1H1/EGFR/ERBB2/ERBB3/IL17B/LMNA/MED25/NEFL/NRG2/PDK3/PLEKHM3/PNKP/RAB7A/SLA2/SPG11/SPTLC2/SRY/TCF3",33
"C0020224","Polyhydramnios","33/2069","208/21671",0.158653846153846,1.66176292895118,3.11564808738195,0.00254301650581553,0.0314780148945138,0.0249270339265124,"TPM2/MYLK/CFL2/MYH11/ACTG2/LMOD1/COL13A1/AGRN/CLCN7/CNTN1/DHCR7/DNM2/DYNC2LI1/ERBB3/FANCB/GLE1/IBA57/KCNQ1/KIDINS220/LMNA/MAMLD1/MTMR14/MYCN/MYH3/MYO9A/NALCN/NPHP3/PIGN/PRMT7/RREB1/SLC25A1/TRIP11/VAC14",33
"C0008055","Chikungunya Fever","24/2069","137/21671",0.175182481751825,1.83488620688439,3.18481876855039,0.00254385119913895,0.0314780148945138,0.0249270339265124,"VIM/CD74/LSAMP/FHL1/CCL2/HLA-DQB1/LILRB2/CTLA4/AGO3/CD2AP/GLS/GNAO1/HLA-C/IRF3/LAMP1/MAPK14/MAPK8/NCAM1/OAS2/PART1/PIK3CD/POLR3K/STAT1/XPR1",24
"C0039101","synovial sarcoma","44/2069","299/21671",0.147157190635452,1.541345325404,3.06229419367024,0.0025615928473642,0.0316356881639621,0.025051893354593,"VIM/ICAM1/SMARCA1/CD38/CAV1/TAGLN/VCAM1/MMP2/TFPI/LBH/THBD/CTLA4/MTHFR/AXIN2/CDH1/ALDH1A1/ATRX/CASR/CXCL9/EGFR/EGR1/ELK1/ERBB2/EWSR1/F5/GAB1/HLA-C/HMGA1/KIDINS220/MAPK14/MAPK8/MIB1/MSLN/MYCN/NFKB1/PAX8/PIK3CD/PLK1/PRKAR1A/PTEN/PTGS2/RAC1/TAP1/ZNF654",44
"C0033975","Psychotic Disorders","74/2069","560/21671",0.132142857142857,1.38408306290133,2.99174294442102,0.0025626603226831,0.0316356881639621,0.025051893354593,"CYBB/SMARCA1/TCF4/ADARB1/SERPINE1/NPL/PTPRC/CLDN11/CNRIP1/SLC24A3/C1R/FEZ1/ACTG2/VCAM1/NR3C1/CCL2/BCHE/ADAMTS2/PRICKLE2/ADAM19/CTLA4/MTHFR/TYMS/ADCY5/ARID2/ATP2A2/CD9/CHPT1/CHRNA4/CLN8/CYP2B6/DBI/DDC/DPYSL2/EGR1/EHMT1/EPM2A/FZD3/GRM2/HFE/HLA-B/HLA-C/HRH3/KALRN/KIDINS220/KLK3/MCPH1/MECP2/NALCN/NFKB1/NPAS3/NRXN1/PAPOLA/PAWR/PCNT/PDAP1/PDE4D/PLA2G4A/PPOX/PRKAR1A/PRKCA/PRKCD/RARB/SCN11A/SLC39A3/SOBP/STAT1/TAOK2/THOP1/TIRAP/TMEM182/TOMM40/TUSC2/UBE3A",74
"C1868683","B-CELL MALIGNANCY, LOW-GRADE","50/2069","350/21671",0.142857142857143,1.49630601394739,3.04116009651871,0.00257274191936344,0.0316356881639621,0.025051893354593,"LAIR1/DERL3/CD74/ICAM1/IL2RB/TGFBR1/CD8A/CD38/CD2/GEM/DCN/NR3C1/F2R/CFH/PDLIM7/NCKAP1L/ERCC1/CTLA4/ANGPT2/BCL2L11/CASR/CUL5/DCDC2/DOK1/EGFR/FANCB/HLA-G/JUNB/LPL/MAPK14/MCL1/NFE2L2/NFKB1/PDE4A/PEA15/PEG10/PIK3CD/PLK2/PPP2R1B/PRKAR1A/PTEN/ROR1/STAT1/STAT5B/TCF3/WNK1/XIAP/CD27/LILRB4/BMS1P20",50
"C0027877","Neuronal Ceroid-Lipofuscinoses","12/2069","51/21671",0.235294117647059,2.46450402297217,3.40178859537108,0.00258262026321991,0.0316356881639621,0.025051893354593,"CALD1/KCNMA1/CPQ/LGALS1/CLCN3/CLN6/CLN8/DNAJC5/DPYSL2/MECP2/MFSD8/SNCA",12
"C0036420","Localized scleroderma","12/2069","51/21671",0.235294117647059,2.46450402297217,3.40178859537108,0.00258262026321991,0.0316356881639621,0.025051893354593,"VIM/FLI1/POSTN/CCL5/BNC2/DCN/SPARC/COL1A2/CXCL9/GATA3/LMNA/PART1",12
"C0151950","Deep thrombophlebitis","6/2069","16/21671",0.375,3.92780328661189,3.80611845009305,0.00259106426258911,0.0316356881639621,0.025051893354593,"SERPINE1/CCL2/TFPI/F5/LIPG/PROC",6
"C0235522","Disorder of vein","6/2069","16/21671",0.375,3.92780328661189,3.80611845009305,0.00259106426258911,0.0316356881639621,0.025051893354593,"ICAM1/GJA1/EFEMP1/VCAM1/MTHFR/F5",6
"C0278502","recurrent gastric cancer","6/2069","16/21671",0.375,3.92780328661189,3.80611845009305,0.00259106426258911,0.0316356881639621,0.025051893354593,"PMP22/PDLIM7/CDH1/CHPT1/ERBB2/ZNF654",6
"C1710026","Sclerosing Epithelioid Fibrosarcoma","6/2069","16/21671",0.375,3.92780328661189,3.80611845009305,0.00259106426258911,0.0316356881639621,0.025051893354593,"SMARCA1/TCF4/DES/EWSR1/KMT2A/YAP1",6
"C2713442","Polyposis, Adenomatous Intestinal","6/2069","16/21671",0.375,3.92780328661189,3.80611845009305,0.00259106426258911,0.0316356881639621,0.025051893354593,"MCC/GREM1/EGFR/F5/ITIH4/PTGS2",6
"C2713443","Familial Intestinal Polyposis","6/2069","16/21671",0.375,3.92780328661189,3.80611845009305,0.00259106426258911,0.0316356881639621,0.025051893354593,"MCC/GREM1/EGFR/F5/ITIH4/PTGS2",6
"C4324477","Transformation to acute myeloid leukaemia","6/2069","16/21671",0.375,3.92780328661189,3.80611845009305,0.00259106426258911,0.0316356881639621,0.025051893354593,"RUNX1T1/FGFR1/DNMT3A/PML/STAG2/ZMYM2",6
"C0035309","Retinal Diseases","91/2069","714/21671",0.127450980392157,1.33493967910992,2.95672312268946,0.0026564875886828,0.0323775475927327,0.0256393622662012,"VIM/IGFBP5/CYGB/CD74/ICAM1/AGTR1/CYBB/ATXN1/FGFR1/JAM3/EDNRA/SERPINE1/GJA1/ACKR3/PTPRC/CYP1B1/PKD2/EFEMP1/DCN/CAV1/COL8A2/MITF/VCAM1/CRYAB/MEF2C/SPARC/CCL2/SERPINF1/MPDZ/MMP2/VEGFC/CFH/LGALS1/HLA-DQB1/C3/LAMB2/PRKCB/IGFBP6/AKR1B1/COL8A1/STC1/MYO5A/EDIL3/MTRR/CTLA4/MTHFR/ADAM9/ADRA1A/AKT1S1/ANGPT2/ATP1B1/BCL2L11/CABP4/CHRNA4/DDHD1/DKK1/EHMT1/GM2A/HFE/HLA-B/HLA-C/HMGA1/ING1/LAMP2/LPAR2/MAPK14/MEFV/MFSD8/MTNR1A/MYO5C/NDUFAF3/NFE2L2/NFKB1/NPHP3/OCLN/PIK3CD/PNPLA2/PRPH/PSMB10/PTGS2/RAC1/RGCC/RGR/SLC11A2/SOCS3/TCF7L2/TERF2IP/TTLL5/TUBGCP4/VLDLR/HLA-DPA1",91
"C0158266","Intervertebral Disc Degeneration","49/2069","342/21671",0.14327485380117,1.50068117773086,3.03213532176074,0.00265770480557799,0.0323775475927327,0.0256393622662012,"COL3A1/IGFBP5/ADAMTS5/PECAM1/CD74/ICAM1/POSTN/CD38/TSHZ3/CPQ/CAV1/GPC6/GAP43/SPARC/HTRA1/MGP/MMP2/MCAM/FSTL1/PDLIM7/ADAMTS1/IGFBP6/ATP7A/ANGPT2/DMD/E2F4/EGFR/HGD/JUNB/LAMP2/LMNA/MAPK14/MMP16/NFAT5/NFE2L2/NFIX/PGP/PIK3CD/PTEN/PTGS2/RAB7A/RHOBTB2/RREB1/SESN3/SMURF2/TCF7L2/WNK1/XIAP/YAP1",49
"C0043119","Werner Syndrome","23/2069","130/21671",0.176923076923077,1.85311744804253,3.16961912474483,0.00271269555887269,0.0330109571158728,0.0261409510965516,"COL3A1/ICAM1/FGFR1/SERPINE1/EFEMP1/DCN/TAGLN/ERCC1/CES2/BRIP1/CDC42/CKMT2/EWSR1/FEN1/LMNA/MAPK14/MECP2/MON2/PRKAR1A/RAC1/RBPMS/TFRC/TOP3A",23
"C1387005","Penis agenesis","34/2069","217/21671",0.15668202764977,1.64110982174875,3.08366838068783,0.00272376219466205,0.0331090431013391,0.0262186241231267,"GLI3/TCF4/SETBP1/FGFR1/ZFPM2/AXL/F2R/NDN/CDH11/ATRX/CCDC28B/CTU2/CUL4B/DHCR7/EBF3/EHMT1/GATA4/GNAO1/IL17RD/MAMLD1/MECP2/PBX1/PNKP/POMT1/POMT2/SLC25A22/SMCHD1/SPRY4/SRY/TBX3/THOC2/UBA1/UBR1/VAC14",34
"C3714948","PACHYONYCHIA CONGENITA 3","33/2069","209/21671",0.157894736842105,1.65381191015237,3.08567643590409,0.00274966013541514,0.0333869978735689,0.0264387329216207,"VIM/CLU/DKK3/GJA1/SRPX/CCL2/SERPINF1/MMP2/EFEMP2/APRT/CD151/CD47/EGFR/ERBB2/HSPA5/ITGB3/KLK3/MAPK14/MAPK8/MCL1/MSLN/NPRL2/PIK3CD/PLK1/PNN/PRKAA2/PTEN/SMPD3/SRY/TEP1/TFRC/WNK1/YAP1",33
"C0679362","Tuberculosis, extrapulmonary","13/2069","58/21671",0.224137931034483,2.34765253912435,3.33882696669812,0.00276672775562946,0.0335251506476719,0.026548134321253,"SLC11A1/CCL2/IL10RA/CSE1L/CYP3A4/FOXP3/HAMP/LGALS9/PRPF40A/RHOF/RNF34/SP110/CD27",13
"C0151517","Complete atrioventricular block","56/2069","403/21671",0.138957816377171,1.45546391431111,2.99849051932408,0.0027671262997125,0.0335251506476719,0.026548134321253,"VIM/HAVCR2/VWF/FGL2/CYBB/IGFBP7/CCL5/GEM/ANGPTL2/NR3C1/DES/HLA-DQB1/C3/RORA/ACVR2B/ADO/ANGPT2/ARID2/CDO1/CHDH/CIITA/CISH/CPB2/CXCL9/DNMT3A/FCN2/FOXP3/GSN/HDAC4/HLA-B/HLA-C/HLA-G/HLA-J/IL21R/KCNQ1/LGALS9/MBD1/NCAM1/NUCB1/OPRL1/PLAGL1/PSMB9/RASD2/SLC8A1/SOX11/SRY/ST20/STAT1/TAP1/TAP2/TAPBP/TBX18/TNPO1/TRIM69/ZCCHC14/HLA-DPA1",56
"C0001849","AIDS Dementia Complex","11/2069","45/21671",0.244444444444444,2.56034584608775,3.40407041602641,0.00279269912059455,0.0337606974918856,0.0267346608286162,"PTPRC/CCL2/MMP2/GLS/HLA-C/ITIH4/MAP2/NALCN/NEFL/PTGS2/SLC8A1",11
"C1708566","Invasive Prostate Carcinoma","11/2069","45/21671",0.244444444444444,2.56034584608775,3.40407041602641,0.00279269912059455,0.0337606974918856,0.0267346608286162,"SYNPO2/JUNB/LMNA/MYCN/PAK1/PAWR/PIK3CD/PLK1/PTEN/PTGS2/SMAD4",11
"C1368683","Epithelioma","47/2069","326/21671",0.144171779141104,1.5100757011923,3.01477471574718,0.00283161622913387,0.0341936288722054,0.0270774936038482,"VIM/CLU/CD74/IGFBP7/HIP1/TIMP2/CAV1/FEZ1/CLIC4/MEIS1/F2R/PDPN/MMP2/TFPI/LGALS1/PDLIM7/UMPS/CDH1/TYMS/APH1A/BCL2L11/CASR/CDC42/CFLAR/DIAPH3/EGFR/EI24/ERBB2/EWSR1/FASTK/FOXP3/HLA-G/HMGA1/IPP/LMO4/MYB/OVOL1/PAX8/PGP/PIK3CD/PLK1/PRKAR1A/PTEN/PTGS2/PTPN6/RARB/ROR1",47
"C0376634","Craniofacial Abnormalities","36/2069","234/21671",0.153846153846154,1.61140647655872,3.0550299213793,0.00285634401458707,0.0344544541430968,0.0272840377712041,"FLI1/GLI3/PAPPA/TCF4/MN1/SETBP1/FGFR1/TRPS1/EDNRA/BNC2/PKD2/GPC6/MASP1/MMP2/AXIN2/ATP6AP2/ATRX/CHDH/CSNK1A1/DCAF7/DHCR7/DNMT3A/DYRK1A/EGFR/INTS1/LMNA/MECP2/MNT/NRXN1/PTEN/SEC61A1/SMAD4/SOX4/TGFA/TMEM87B/UBE3A",36
"C0280216","stage, neuroblastoma","8/2069","27/21671",0.296296296296296,3.10344951040939,3.55307782366085,0.00287958588874406,0.0346588845822277,0.0274459235987858,"FYN/PTPRC/ATRX/DFFA/MYCN/NCAM1/SESN3/STAT1",8
"C0410916","Neonatal Death","8/2069","27/21671",0.296296296296296,3.10344951040939,3.55307782366085,0.00287958588874406,0.0346588845822277,0.0274459235987858,"GLI3/KCNMA1/FAM20C/CEP290/GLE1/MBTPS2/PIP5K1C/TXNDC15",8
"C0266470","Cerebellar Hypoplasia","35/2069","226/21671",0.154867256637168,1.6221016522881,3.05430257051515,0.00289981770178779,0.0348642929582849,0.027608583842004,"COL3A1/COL4A1/FRMD4A/GLI3/FGFR1/YME1L1/TUBA1A/ITPR1/GAP43/FLNA/MYO5A/IGHD/ERCC1/DHFR/ATP6V0A2/CACNA1G/CDC42/CHMP1A/EPG5/LAMB1/MAP2K2/MBTPS2/NFIX/OCLN/PIGG/POMT1/POMT2/RAB3GAP1/RAC1/RHOBTB2/SLC25A1/STAG2/THOC2/VAC14/VLDLR",35
"C1834055","Underdeveloped nasal alae","16/2069","79/21671",0.20253164556962,2.12134523496338,3.2438888156253,0.00290690672622225,0.0348908060036569,0.027629579180614,"TRPS1/GJA1/MITF/TWIST2/MGP/DYRK1A/HDAC4/MECP2/MYH3/NALCN/PCNT/PPP2R3C/SCARF2/SCN8A/SOX11/UBR1",16
"C0677607","Hashimoto Disease","48/2069","335/21671",0.143283582089552,1.50077259906365,3.00099981160887,0.0029136752104196,0.0348908060036569,0.027629579180614,"ICAM1/CYBB/HLA-DOA/CD38/EDNRA/CCL5/GJA1/PTPRC/CTSB/GEM/C1S/CAV1/PDLIM7/HLA-DQB1/C3/MTRR/TK1/CTLA4/ABCA1/ABCC11/CEP128/CHDH/CXCL9/DCLRE1C/EARS2/ERBB2/FOXD3/FOXP3/GATA3/HAMP/HLA-B/HLA-C/HLA-G/IL21R/LPP/NCAM1/NFKB1/PIK3CD/PRKAR1A/PSMB9/PTEN/PTGS2/SCARB1/SH2D1A/STAT1/TIGIT/CD27/SLC25A27",48
"C0035579","Rickets","15/2069","72/21671",0.208333333333333,2.18211293700661,3.26413344085727,0.00291469549835325,0.0348908060036569,0.027629579180614,"FGFR1/EDNRA/ACKR3/FAM20C/HLA-DQB1/ADAMTS2/ATP7A/ADRA1A/CASR/CHDH/CYP3A4/DHCR7/FARSB/LPAR2/MCL1",15
"C4275242","Sudden sensorineural hearing loss","15/2069","72/21671",0.208333333333333,2.18211293700661,3.26413344085727,0.00291469549835325,0.0348908060036569,0.027629579180614,"PDE5A/ICAM1/CAV1/VCAM1/VEGFC/CFH/C3/MTRR/MTR/MTHFR/ESM1/F5/GLS/HLA-B/PDE4D",15
"C1861172","Venous Thromboembolism","53/2069","378/21671",0.14021164021164,1.46859664331873,2.98597491375383,0.00292124983849321,0.0349312969286924,0.0276616434218141,"PECAM1/VWF/DLC1/SERPINE1/ZFPM2/EFEMP1/ANK2/F2R/CCL2/PDPN/TFPI/A2M/THBD/DHFR/MTR/MTHFR/ANGPT2/ARHGEF28/ATP1B1/CPB2/DNM2/EAF2/EGFR/EPOR/F5/FGB/FHDC1/GRK4/GRK5/HAMP/HFE/ITGB1/ITGB3/KLK3/LPL/LRP1/LYST/MPHOSPH9/NAV2/NFE2L2/NFKB1/NME7/PCMTD1/PCSK9/PLXNA4/PRKCD/PROC/SATB1/SBNO1/SFXN1/SLC6A2/TGFB3/TMBIM4",53
"C0149630","Bicuspid aortic valve","26/2069","154/21671",0.168831168831169,1.76836165284691,3.10881365724579,0.00293896764436517,0.0351050441078022,0.0277992315716011,"ADAMTS5/TGFBR1/EGR2/PRKG1/TNC/MFAP5/ACTA2/MYLK/MYH11/ZEB2/FLNA/MMP2/ELN/ABCC9/ATP6V0A2/EGFR/GATA4/JUNB/LIMK1/MAPK14/MEFV/RAC1/SLC7A1/SRY/TBL2/TGFB3",26
"C1332309","Anti-Basement Membrane Glomerulonephritis","10/2069","39/21671",0.256410256410256,2.68567746093121,3.42308713968843,0.00294737622211428,0.0351673394736128,0.0278485624681722,"CLU/AGTR1/SLIT2/CCL5/CCL2/ITGA4/CCL22/MAPK14/MAPK8/RAPGEF1",10
"C0001948","Alcohol consumption","33/2069","210/21671",0.157142857142857,1.64593661534213,3.05586442169788,0.00297051564354958,0.0354050744398394,0.0280368217211305,"PCSK5/TRPS1/MTHFR/ABCA1/ABCB11/ACAD10/ADAMTS8/AGPAT5/ATP2B1/BRAP/CMIP/DAGLB/DR1/GATA4/GMIP/HFE/ITIH3/KPNB1/LPL/MRPL23/NAA25/NRXN1/PCSK9/RAB3GAP1/RPP25/SBNO1/SCARB1/SMARCA4/SOX6/TNKS/TP53BP1/ZER1/FPR3",33
"C0206682","Follicular thyroid carcinoma","43/2069","293/21671",0.146757679180887,1.53716078565926,3.00755849432327,0.00299317248943995,0.0354417787460692,0.0280658873877459,"VIM/OGN/ST8SIA4/ICAM1/POSTN/RAB23/IGFBP7/SERPINE1/FZD1/CAV2/TNC/CAV1/HTRA1/PDPN/MMP2/VEGFC/THBS1/PRKCB/IGFBP6/STC1/ERCC1/RRM2/DICER1/EGFR/ERBB2/FLT1/HLA-G/HMBS/MIB1/NCAM1/OGFR/PAX8/PIK3CD/PRKAR1A/PRKCA/PTEN/PTGS2/SCARB1/SRGAP1/SRY/STK11/TMED10/XIAP",43
"C0276447","Rhinovirus infection","32/2069","202/21671",0.158415841584158,1.65927003526839,3.05838829011565,0.00299595695460624,0.0354417787460692,0.0280658873877459,"ICAM1/CYBB/EDNRA/CCL5/ACKR3/CAV2/MYLK/NR3C1/CCL2/MMP2/MCAM/MYO5A/ABCA1/ADRA1A/EGFR/FASTK/GSDMB/HLA-C/HSPA5/IRF3/LPAR2/LSS/MAPK14/MAPK8/MEFV/NFE2L2/PSMB8/PSMB9/TOLLIP/TRIM69/VLDLR/WNK1",32
"C0002949","Aneurysm, Dissecting","9/2069","33/21671",0.272727272727273,2.85658420844501,3.4675487254523,0.00299934057852869,0.0354417787460692,0.0280658873877459,"COL3A1/ICAM1/TGFBR1/ACTA2/MMP2/LOXL1/ELN/MTHFR/PEA15",9
"C0014067","Occipital Encephalocele","9/2069","33/21671",0.272727272727273,2.85658420844501,3.4675487254523,0.00299934057852869,0.0354417787460692,0.0280658873877459,"GLI3/DACT1/CC2D2A/CEP290/LAMB1/POMT1/POMT2/TMEM67/TXNDC15",9
"C0279545","Adult Epithelioid Sarcoma","9/2069","33/21671",0.272727272727273,2.85658420844501,3.4675487254523,0.00299934057852869,0.0354417787460692,0.0280658873877459,"VIM/SMARCA1/MMP2/ALDH1A1/CAPZB/EGFR/EWSR1/MIB1/PTEN",9
"C0279989","Childhood Epithelioid Sarcoma","9/2069","33/21671",0.272727272727273,2.85658420844501,3.4675487254523,0.00299934057852869,0.0354417787460692,0.0280658873877459,"VIM/SMARCA1/MMP2/ALDH1A1/CAPZB/EGFR/EWSR1/MIB1/PTEN",9
"C1845251","Facial hypotonia","9/2069","33/21671",0.272727272727273,2.85658420844501,3.4675487254523,0.00299934057852869,0.0354417787460692,0.0280658873877459,"AP4E1/AP4S1/ATRX/IRF2BPL/MECP2/PPP2R5D/RAB11B/SCN8A/STAG2",9
"C3697248","Short lower third of face","9/2069","33/21671",0.272727272727273,2.85658420844501,3.4675487254523,0.00299934057852869,0.0354417787460692,0.0280658873877459,"TCF4/AP1S2/MEF2C/FLNA/ALG13/EBF3/PTEN/SOX11/VAC14",9
"C0001175","Acquired Immunodeficiency Syndrome","37/2069","243/21671",0.152263374485597,1.59482822062705,3.02944722518246,0.00301565277995995,0.0355340057317786,0.028138920747995,"LSAMP/ICAM1/JAM3/CD38/CCL5/ANGPTL2/NR3C1/CCL2/MMP2/LGALS1/PDLIM7/THBS1/C3/BCHE/DHFR/CD9/ENTPD4/HLA-B/HLA-C/HLA-G/HSPD1/INTS2/ITIH4/LRP1/MAPK14/NFKB1/PAK2/PARD3B/PLK1/PML/PRDX2/PTEN/SPAG9/TAP2/UNG/USE1/WNK1",37
"C0024198","Lyme Disease","29/2069","178/21671",0.162921348314607,1.70646135298494,3.07474708959055,0.00302001640358196,0.0355340057317786,0.028138920747995,"SORBS1/AOC3/RBMS3/CD300A/CD38/DCN/FHL1/VCAM1/CCL2/PPP1R14A/FAM20C/CFH/TFPI/PDLIM7/ABCC11/CANX/DYNC1H1/FCN2/FOXP3/HSPD1/IFIT3/MAPK14/MAZ/NFKB1/PTGS2/RHOBTB2/SENP6/SERPINB6/TMED10",29
"C0852036","Pregnancy associated hypertension","30/2069","186/21671",0.161290322580645,1.68937775768253,3.06764831155056,0.00302188141556395,0.0355340057317786,0.028138920747995,"ICAM1/AGTR1/PAPPA/EDNRA/SERPINE1/GJA1/TIMP2/ACTG2/VCAM1/HTRA1/CCL2/MMP2/VEGFC/TFPI/LGALS1/HLA-DQB1/MTR/MTHFR/ATG7/CYP3A4/F5/FLT1/FOXP3/LPL/PIK3CD/PTGS2/SRY/TGFB3/USE1/WDR20",30
"C0278592","Adult Angiosarcoma","19/2069","101/21671",0.188118811881188,1.97038316688121,3.17569201594165,0.00302327825031113,0.0355340057317786,0.028138920747995,"PECAM1/VWF/DLC1/SERPINE1/WWTR1/EFS/DCN/MFGE8/MITF/EMCN/ADAM19/CTLA4/TYMS/DICER1/EWSR1/PIK3CD/PRDX2/PTEN/YAP1",19
"C0279988","Childhood Angiosarcoma","19/2069","101/21671",0.188118811881188,1.97038316688121,3.17569201594165,0.00302327825031113,0.0355340057317786,0.028138920747995,"PECAM1/VWF/DLC1/SERPINE1/WWTR1/EFS/DCN/MFGE8/MITF/EMCN/ADAM19/CTLA4/TYMS/DICER1/EWSR1/PIK3CD/PRDX2/PTEN/YAP1",19
"C1333064","Classical Hodgkin's Lymphoma","42/2069","285/21671",0.147368421052632,1.54355778280888,3.00097844324883,0.00307563537523161,0.036110844762714,0.0285957121353315,"CYBB/EBF1/CD38/CCL5/PTPRC/GEM/CHRDL1/LGALS1/PDLIM7/HLA-DRA/CTLA4/CCL22/CD47/CFLAR/CIITA/CXCL9/FOXP3/GATA3/HLA-C/HLA-G/ICAM3/ID2/IL3RA/JUNB/LMNA/LPL/MICB/NFKB1/PIK3CD/PML/PRDM1/PSMB9/PTGS2/SATB1/SLC27A4/SNCA/SOCS3/STAT1/STAT5B/STXBP2/TERF2IP/TRAF3",42
"C0023440","Acute Erythroblastic Leukemia","44/2069","302/21671",0.145695364238411,1.52603394799932,2.9907812762737,0.0030997697763289,0.0363554468016083,0.0287894093345496,"FLI1/JAK3/EDNRA/ACKR3/TFPI/AKR1B1/UMPS/ADRA1A/ATG7/ATP6AP2/CEBPA/CXCL9/CYP2S1/DMD/E2F4/EGFR/EGR1/EML4/EPOR/ERBB2/ERBB3/FANCB/GAB1/HEXIM1/HLA-G/KMT2A/LPAR2/MAPK8/MCL1/MEFV/MYB/NFE2L2/PEG10/PIK3CD/PML/PRDX2/PTGS2/SPTAN1/STAT1/STAT5B/TBXA2R/TFRC/UCKL1/WNK1",44
"C1704436","Peripheral Arterial Diseases","46/2069","319/21671",0.144200626959248,1.51037785733874,2.98350928688623,0.00310442571122086,0.0363713195294419,0.0288019787429618,"CHRNA3/COL4A1/ADAMTS5/IL18BP/PECAM1/AGTR1/CYBB/EDNRA/ANGPTL2/FEZ1/VCAM1/ZEB2/ANTXR1/F2R/CCL2/FLNA/THBS4/FAM20C/MMP2/MCAM/THBS1/ATP7B/MTHFR/ANGPT2/BRAP/CASR/CEBPA/CETN1/CHDH/CUBN/CYP2B6/EFHC1/EIF3K/F5/FGB/FLT1/LAMP2/LPL/MYB/NFE2L2/PCSK9/PTGS2/SCARB1/SLC25A1/TCF7L2/TRAM2",46
"C0004943","Behcet Syndrome","67/2069","502/21671",0.133466135458167,1.39794326801061,2.93077418721583,0.00313047712798503,0.036637560691285,0.0290128116844969,"SLC11A1/HAVCR2/VWF/ICAM1/GLI3/PAPPA/IL2RB/ADARB1/TGFBR1/IL6ST/SERPINE1/CCL5/GEM/TIMP2/CPQ/PDGFRL/VCAM1/ZEB2/CCL2/FLNA/MMP2/MCAM/HLA-DQB1/THBD/CTLA4/MTHFR/TYMS/ACLY/ADO/CIITA/CISH/CPB2/CYP2B6/DHCR7/DICER1/F5/FCN2/FOXP3/GATA3/GATM/HFE/HLA-B/HLA-C/HLA-F/HLA-G/HSPD1/IL12RB1/IL17B/ITGA2/ITGB3/KIDINS220/LAMP1/MEFV/MIB1/MICB/NFKB1/PROC/PRPF40A/PSMB8/SCAF11/SLC25A1/SOCS3/TAP1/TAP2/TEP1/TIRAP/XPR1",67
"C0015696","Fatty Liver, Alcoholic","18/2069","94/21671",0.191489361702128,2.00568678465288,3.174611958322,0.00314472203213772,0.0367262181759626,0.0290830184029257,"SERPINE1/CTSB/SERPINF1/ABCC2/ABCC3/ABCA1/APRT/HAMP/HFE/HLA-B/HSPA5/INSIG1/LRP6/NFKB1/PTEN/PTGS2/SLC27A4/STK11",18
"C0221013","Mastocytosis, Systemic","18/2069","94/21671",0.191489361702128,2.00568678465288,3.174611958322,0.00314472203213772,0.0367262181759626,0.0290830184029257,"CLU/RUNX1T1/FGFR1/CD38/CD2/PTPRC/NRP2/MYH11/MITF/CCL2/CD47/IL3RA/KIDINS220/MCL1/PLK1/PTPN6/SMPD1/STAT5B",18
"C0024266","Lymphocytic Choriomeningitis","25/2069","147/21671",0.170068027210884,1.7813166832707,3.08804614944895,0.00316474234320921,0.0369208765103422,0.0292371658268157,"HAVCR2/FGL2/EGR2/YME1L1/CCL2/THBS1/CTLA4/CD2AP/CD47/CDC42/CLEC12A/CXCL9/FOXP3/GOPC/PML/PSMB10/PSMB8/RPAIN/SH2D1A/SPRY1/STAT1/STAT2/TMBIM4/XPR1/CD27",25
"C0018671","Head and Neck Neoplasms","22/2069","124/21671",0.17741935483871,1.85831553345079,3.11403806971516,0.00319762938341218,0.0372650713222416,0.0295097292582232,"VIM/FGFR1/CYP1B1/MTRR/MTR/RRM2/TYMS/ALDH1A1/CEBPA/EGFR/EPOR/ERBB2/ERBB3/HELQ/HLA-C/MAPK6/NAA25/PTGS2/RARB/STAT5B/TGFA/TP53BP1",22
"C0027126","Myotonic Dystrophy","26/2069","155/21671",0.167741935483871,1.75695286798983,3.07265237204321,0.00321806027660404,0.0374635283575479,0.0296668848243735,"PDLIM3/ASB2/ST8SIA4/APOC1/RBMS3/TCF4/ATXN1/LDB3/MEF2C/PRKCB/ERCC1/ATXN3/CDC42/CYP2B6/DDX5/DDX6/DMD/F5/FEN1/JPH3/KCNQ1/PGD/PRKAA2/PRKCA/SCN4A/SRF",26
"C0014474","Ependymoma","37/2069","244/21671",0.151639344262295,1.58829203939497,3.00238726020617,0.00323576902322729,0.0376284350908192,0.0297974723391434,"S1PR3/TSPAN4/IGFBP5/SETBP1/FGFR1/CD38/TNC/CAV1/THBS1/STC1/ERCC1/ATRX/CD151/DICER1/EGFR/ERBB2/FLT1/GNAO1/HES1/IPO7/LAMA2/LRP1/MAMLD1/MAP2/MIB1/MYCN/NFIC/NFKB1/PIK3CD/PTEN/PTGS2/RARB/RFX3/SNCA/SOX11/SOX4/YAP1",37
"C0270921","Axonal neuropathy","13/2069","59/21671",0.220338983050847,2.30786181812224,3.2681343077997,0.00324434087083129,0.0376284350908192,0.0297974723391434,"HSPB8/PMP22/ATP7A/CTLA4/CANT1/COX20/DNM2/LMNA/NEFL/PDK3/PNKP/RAB7A/SPG11",13
"C1853195","Prostate Cancer, Hereditary, 7","13/2069","59/21671",0.220338983050847,2.30786181812224,3.2681343077997,0.00324434087083129,0.0376284350908192,0.0297974723391434,"FAM13C/ETV1/CAV1/CCL2/ERCC1/EGFR/GATM/HES6/KLK15/KLK3/MMP16/PTEN/SATB1",13
"C0023798","Lipoma","17/2069","87/21671",0.195402298850575,2.04667144436482,3.17807062749303,0.0032458924304257,0.0376284350908192,0.0297974723391434,"HSPB8/SETBP1/FGFR1/DCN/MSRB3/CCL2/PDPN/CD6/CKMT2/CPM/DYRK2/E2F4/HMGA1/LPP/MAZ/PTEN/STAT5B",17
"C0334583","Pilocytic Astrocytoma","27/2069","163/21671",0.165644171779141,1.73498059285924,3.06005455051466,0.00325438756962635,0.0376872453252314,0.0298440434051185,"PMP22/FGFR1/LATS2/ETV1/AKAP12/PBX3/ABCC3/ALDH1L1/ANGPT2/ATRX/EGFR/ERBB2/ERBB3/FLT1/HES1/LHX9/LRP1/MAPK14/MAPK8/MIB1/MYB/NDUFS7/PIK3CD/PNKP/PTEN/PTPRZ1/SOCS3",27
"C0349639","Juvenile Myelomonocytic Leukemia","29/2069","179/21671",0.162011173184358,1.69692804933698,3.04183429539766,0.00328298123677362,0.0379784373535587,0.0300746346159547,"CYBB/JAK3/SETBP1/FGFR1/IGFBP7/CD38/CSF2RA/AKAP12/HIP1/NRP2/IL10RA/THBD/CD6/CREB1/DNMT3A/FANCB/IL3RA/INPP5D/KMT2A/MEFV/MVD/OSBP2/PDE4A/PIK3CD/PTEN/PTPN6/STAT5B/TRIM33/ZRSR2",29
"C0026847","Spinal Muscular Atrophy","46/2069","320/21671",0.14375,1.50565792653456,2.96061685271168,0.00329854680328251,0.0381184637403465,0.0301855197053024,"VIM/ITGA11/MAP1B/ZEB2/DES/CCL2/FBXO32/ATP7A/ACVR2B/BICD1/CANX/CD2AP/CD47/CNTN1/COIL/CREB1/DMD/DYNC1H1/EIF3K/FCN2/GEMIN6/GM2A/HDAC4/HEXA/KIDINS220/LMNA/MAPK14/MECP2/NCDN/NEFL/NFKB1/OCLN/PART1/PML/POP5/POP7/PPP1R11/PTEN/PTGS2/SCAF11/SNCA/SRF/STAT5B/TFRC/UBA1/WNK1",46
"C0023892","Biliary cirrhosis","23/2069","132/21671",0.174242424242424,1.82503991095098,3.0889342481969,0.00331209904959839,0.0382349547518103,0.0302777674345389,"CYGB/PDE5A/ICAM1/CCL5/CD3D/CAV2/CAV1/MMP2/CDH5/ABCC2/CTLA4/CXCL9/DBT/DCDC2/HAMP/ICAM3/IL12RB1/MAPK14/NFE2L2/NFKB1/NPHP3/RPS6KB1/CD27",23
"C0034155","Purpura, Thrombotic Thrombocytopenic","16/2069","80/21671",0.2,2.09482841952634,3.1872357320855,0.00331828068413699,0.0382662043711002,0.0303025136049325,"VWF/SERPINE1/CCL2/SERPINF1/CFH/TFPI/HLA-DQB1/THBS1/C3/THBD/ABCA1/CFLAR/DGKE/ELAVL1/PTGS2/CD27",16
"C0155094","Corneal pannus","14/2069","66/21671",0.212121212121212,2.22178771767945,3.22961011039465,0.00333182051666936,0.038342047387753,0.0303625727114399,"ADAMTS5/ADAMTS12/ICAM1/IGFBP7/TIMP2/CAV1/MMP2/VEGFC/CDH11/CTSK/HES1/IL17B/ITGA2/PROC",14
"C0205944","Sarcoma, Epithelioid","14/2069","66/21671",0.212121212121212,2.22178771767945,3.22961011039465,0.00333182051666936,0.038342047387753,0.0303625727114399,"VIM/FLI1/SMARCA1/ZNF667-AS1/MMP2/ALDH1A1/CAPZB/CHPT1/EGFR/EWSR1/MCL1/MIB1/PTEN/SMARCA4",14
"C0014547","Epilepsies, Partial","15/2069","73/21671",0.205479452054795,2.15222097896542,3.20368603809625,0.00335126776535155,0.0383835186843971,0.03039541329627,"COL4A1/NID1/NR3C1/FAM20C/ABCC2/CHRNA4/CREB1/KCNAB1/LMNA/MECP2/NPRL2/PTEN/SCN8A/SPTAN1/WDR59",15
"C0334287","Fibrolamellar Hepatocellular Carcinoma","11/2069","46/21671",0.239130434782609,2.5046861537815,3.31899265204406,0.00335928380230314,0.0383835186843971,0.03039541329627,"FGFR1/GLIS2/CDH1/APRT/EGFR/ERBB2/PAX8/PRKACA/PRKAR1A/PRKCA/YAP1",11
"C0015944","Fetal Membranes, Premature Rupture","7/2069","22/21671",0.318181818181818,3.33268157651918,3.55637368509872,0.00336330659497351,0.0383835186843971,0.03039541329627,"SLIT2/ADAMTS2/ATP6V0A2/LMNA/LPP/NFKB1/RNASET2",7
"C0344529","Cornea plana","7/2069","22/21671",0.318181818181818,3.33268157651918,3.55637368509872,0.00336330659497351,0.0383835186843971,0.03039541329627,"DCN/ELN/LUM/ADAMTS2/LIMK1/MARK3/TBL2",7
"C1844592","Soft skin","7/2069","22/21671",0.318181818181818,3.33268157651918,3.55637368509872,0.00336330659497351,0.0383835186843971,0.03039541329627,"TGFBR1/C1R/SPARC/COL1A2/EFEMP2/ELN/ATP7A",7
"C1866012","Proximal muscle weakness in upper limbs","7/2069","22/21671",0.318181818181818,3.33268157651918,3.55637368509872,0.00336330659497351,0.0383835186843971,0.03039541329627,"SYNE1/LDB3/FHL1/DNM2/KY/LMNA/MTMR14",7
"C2242826","Myeloblastic leukemia","7/2069","22/21671",0.318181818181818,3.33268157651918,3.55637368509872,0.00336330659497351,0.0383835186843971,0.03039541329627,"CYBB/RUNX1T1/CD38/DHFR/KMT2A/MCL1/MYB",7
"C4289792","Chronic Active EBV Infection of T-and NK-Cell Type, Systemic Form","7/2069","22/21671",0.318181818181818,3.33268157651918,3.55637368509872,0.00336330659497351,0.0383835186843971,0.03039541329627,"JAK3/PDLIM7/DDX3X/FOXP3/PLK2/SH2D1A/STXBP2",7
"C0030312","Pancytopenia","38/2069","253/21671",0.150197628458498,1.5731913032016,2.9794074846713,0.0033948863672389,0.0386861777449231,0.0306350851019788,"HAVCR2/LIPA/ATXN1/PTPRC/GEM/VCAM1/MSN/DHFR/BRIP1/CASR/CIITA/CSNK1A1/DGKZ/DOT1L/FANCB/FANCC/FANCM/FARSB/FLT1/FLT3LG/FOXP3/IDS/IL3RA/IRF2BP2/KMT2A/PML/PRKAR1A/PTEN/ROR1/SH2D1A/SLC46A1/SLX4/SP110/STAT5B/STK11/TFRC/TNFRSF4/XIAP",38
"C0427065","Distal muscle weakness","21/2069","117/21671",0.179487179487179,1.87997422265184,3.1006907280267,0.0033980830429458,0.0386861777449231,0.0306350851019788,"HSPB8/PMP22/EGR2/CRYAB/COL6A2/DES/COL6A1/LAMB2/ATP7A/ABCA1/ATXN3/DCAF8/DNM2/DYNC1H1/LMNA/MED25/NEFL/RAB7A/SPG11/SPTLC2/VPS13D",21
"C0007873","Uterine Cervical Neoplasm","24/2069","140/21671",0.171428571428571,1.79556721673686,3.06809147965086,0.00340243923049531,0.0386861777449231,0.0306350851019788,"ZNF667-AS1/TNC/SERPINF1/MMP2/LGALS1/LUM/ERCC1/MTHFR/CDH1/TYMS/CDC42/EGFR/ERBB2/ERBB3/HES1/KMT2A/NFE2L2/PTEN/PTGS2/RARB/SMAD4/SOX1/SPAG9/STK11",24
"C0151888","Hyporeflexia","45/2069","312/21671",0.144230769230769,1.5106935717738,2.95193465124863,0.00340387780212753,0.0386861777449231,0.0306350851019788,"COL4A1/HSPB8/TPM2/FLI1/ATXN1/PMP22/SYNE1/EGR2/CFL2/FHL1/CRYAB/GNB4/LAMB2/COL13A1/ATP7A/ABCA1/ACTL6B/AGRN/ATP6AP2/COG7/DCAF8/DMD/DNM2/DYNC1H1/GRIN2D/KY/LMNA/LYST/MED25/MYO9A/NEFL/NRXN1/PDK3/PIGG/PIGN/POMT1/POMT2/RAB7A/SCN8A/SLC25A1/SMPD1/TGFB3/TRAK1/TSPYL1/WNK1",45
"C0000832","Abruptio Placentae","5/2069","12/21671",0.416666666666667,4.36422587401321,3.78718113771744,0.00352155244505297,0.0394937444779719,0.0312745867802164,"CFH/SLC19A1/MTHFR/BHMT/F5",5
"C0155826","Chronic nasopharyngitis","5/2069","12/21671",0.416666666666667,4.36422587401321,3.78718113771744,0.00352155244505297,0.0394937444779719,0.0312745867802164,"TCF4/DLC1/RECK/CADM1/TCF7L2",5
"C0266050","Failure of exfoliation of primary tooth","5/2069","12/21671",0.416666666666667,4.36422587401321,3.78718113771744,0.00352155244505297,0.0394937444779719,0.0312745867802164,"RAB23/COL6A1/FLNA/CTSK/ATRX",5
"C0744619","Head and neck cancer metastatic","5/2069","12/21671",0.416666666666667,4.36422587401321,3.78718113771744,0.00352155244505297,0.0394937444779719,0.0312745867802164,"EGFR/ESM1/GLS/HSPD1/PIK3CD",5
"C1263858","Muscular dystrophy congenital, merosin negative","5/2069","12/21671",0.416666666666667,4.36422587401321,3.78718113771744,0.00352155244505297,0.0394937444779719,0.0312745867802164,"VIM/AGTR1/DCN/CSPG4/LAMA2",5
"C1266708","Polybrominated biphenyl measurement","5/2069","12/21671",0.416666666666667,4.36422587401321,3.78718113771744,0.00352155244505297,0.0394937444779719,0.0312745867802164,"PTPRM/ADAMTSL1/CYP2B6/MICB/TACC1",5
"C1290511","Anodontia of Permanent Dentition","5/2069","12/21671",0.416666666666667,4.36422587401321,3.78718113771744,0.00352155244505297,0.0394937444779719,0.0312745867802164,"RAB23/C1S/C1R/LRP6/UBR1",5
"C1334603","Malignant Mixed Mesodermal (Mullerian) Tumor","5/2069","12/21671",0.416666666666667,4.36422587401321,3.78718113771744,0.00352155244505297,0.0394937444779719,0.0312745867802164,"MMP2/EGFR/ERBB2/HMGA1/MYCN",5
"C1565321","Cholera Infantum","5/2069","12/21671",0.416666666666667,4.36422587401321,3.78718113771744,0.00352155244505297,0.0394937444779719,0.0312745867802164,"MYLK/ABCC2/MTR/MTHFR/NFE2L2",5
"C3806462","Apneic episodes precipitated by illness, fatigue, stress","5/2069","12/21671",0.416666666666667,4.36422587401321,3.78718113771744,0.00352155244505297,0.0394937444779719,0.0312745867802164,"COL13A1/AGRN/CHRNE/MYO9A/SLC25A1",5
"C3887590","Stricture of ureter","5/2069","12/21671",0.416666666666667,4.36422587401321,3.78718113771744,0.00352155244505297,0.0394937444779719,0.0312745867802164,"SETBP1/FLNA/CDH11/CTLA4/HLA-DPA1",5
"C3888552","Autoimmune colitis","5/2069","12/21671",0.416666666666667,4.36422587401321,3.78718113771744,0.00352155244505297,0.0394937444779719,0.0312745867802164,"PRKCB/CTLA4/DKK1/FOXP3/PRKCA",5
"C4021866","obsolete Abnormal heart morphology","5/2069","12/21671",0.416666666666667,4.36422587401321,3.78718113771744,0.00352155244505297,0.0394937444779719,0.0312745867802164,"ZEB2/CDC42/KAT6A/KCNQ1/KIDINS220",5
"C0243038","Carcinoma, Lewis Lung","30/2069","188/21671",0.159574468085106,1.6714056538774,3.00383423770778,0.0035532892548426,0.0398091297696658,0.0315243363242179,"CHST15/PTGER3/PECAM1/FGL2/FGFR1/GJA1/PTGIS/DPYSL3/ANGPTL1/CCL2/SERPINF1/SDC2/MMP2/FBXO32/LGALS1/THBS1/ADAMTS1/CD9/CXCL9/EGFR/ERBB2/ERN1/FLT1/HSPD1/MAPK14/NFAT5/PNPLA2/PTGS2/TCF7L2/TGFA",30
"C0242422","Parkinsonian Disorders","52/2069","373/21671",0.13941018766756,1.46020211548753,2.91268234819273,0.00357860593556247,0.04005201948003,0.0317166775525621,"RGS2/FYN/AGTR1/RBMS3/ATXN1/RUNX1T1/CCL5/GJA1/ZFPM2/SGCE/SYNM/KCNJ8/CCL2/LGALS1/A2M/BCHE/CTSC/ATP7B/TYMS/ABCC9/ALDH1A1/ATP6AP2/ATXN3/DDC/DNAJC12/DNAJC5/EGFR/GLUD2/GNAO1/HFE/HLA-B/HRH3/JPH3/LYST/MAPK8/MECP2/NEFL/NFE2L2/PRKCD/PSEN2/PTEN/PTGS2/RALGPS1/SLC11A2/SLC6A2/SNCA/SPG11/SPR/TFAM/TOMM40/UQCRC1/XPR1",52
"C0019061","Hemolytic-Uremic Syndrome","20/2069","110/21671",0.181818181818182,1.90438947229667,3.08941961487423,0.00359803448289797,0.0401605452517386,0.0318026177111886,"CLU/VWF/PCSK5/ACKR3/FHL1/SPARC/CCL2/CFH/C3/THBD/MTHFR/ANGPT2/CADM1/CPB2/DGKE/FABP1/IL24/LIPG/MAPK14/STX2",20
"C0428908","Sinus Node Dysfunction (disorder)","10/2069","40/21671",0.25,2.61853552440793,3.32869069141035,0.00359924254639662,0.0401605452517386,0.0318026177111886,"GJC1/GJA1/CACNA2D1/ANK2/KCNJ8/APRT/KCNQ1/SCN2B/SLC8A1/TBX3",10
"C0751587","CADASIL Syndrome","10/2069","40/21671",0.25,2.61853552440793,3.32869069141035,0.00359924254639662,0.0401605452517386,0.0318026177111886,"COL4A1/CLU/DCN/ACTG2/HTRA1/ELN/THBD/NEFL/PROC/RBPJ",10
"C0392788","Nasal Type Extranodal NK/T-Cell Lymphoma","12/2069","53/21671",0.226415094339623,2.3715038711619,3.24778091088195,0.00363133901335562,0.0404776685770096,0.032053743581559,"HAVCR2/JAK3/PTPRC/PDLIM7/CFLAR/CREBZF/MEFV/NCAM1/PLK2/PRDM1/STAT5B/TMTC3",12
"C0153014","Non-arthropod borne lymphocytic choriomeningitis","23/2069","133/21671",0.172932330827068,1.81131780635736,3.04911391884765,0.0036512479037635,0.0406584359597042,0.0321968909400038,"HAVCR2/FGL2/EGR2/YME1L1/CCL2/THBS1/CTLA4/CD2AP/CD47/CDC42/CLEC12A/FOXP3/GOPC/PML/PSMB10/PSMB8/RPAIN/SH2D1A/SPRY1/STAT1/STAT2/TMBIM4/CD27",23
"C4020969","Inflammatory abnormality of the eye","17/2069","88/21671",0.193181818181818,2.02341381431522,3.12533239937663,0.0036729803123394,0.0408163967528709,0.032321978054408,"AOC3/CYBB/PTPRC/NR3C1/F2R/CFH/LGALS1/AKR1B1/CTLA4/ATP6AP2/GNA11/HLA-B/LIMK1/NFKB1/PDLIM5/WNK1/HLA-DPA1",17
"C0018809","Heart Neoplasm","6/2069","17/21671",0.352941176470588,3.69675603445825,3.61373716548833,0.003683922041366,0.0408163967528709,0.032321978054408,"MYLK/MYH11/ACTG2/LMOD1/ATP7B/PRKAR1A",6
"C1849221","Fair hair","6/2069","17/21671",0.352941176470588,3.69675603445825,3.61373716548833,0.003683922041366,0.0408163967528709,0.032321978054408,"TRPS1/PDE4D/PIGN/PRKAR1A/UBE3A/UBR1",6
"C1262477","Weight decreased","40/2069","271/21671",0.14760147601476,1.54599883359878,2.93852224183231,0.00369411752662019,0.0408163967528709,0.032321978054408,"SLC11A1/HAVCR2/FLI1/TCF4/GJA1/FLNA/PALLD/HLA-DQB1/ATP7B/CTLA4/AK2/ALG13/ATG7/ATRX/BRIP1/CLN6/F5/FANCB/FANCC/FANCM/GATA4/GIGYF2/HLA-B/HMBS/IRF2BP2/JPH3/LAMA2/MAX/MEFV/NFIX/PLAGL1/PML/PMS1/PRKAR1A/SLX4/SMAD4/SNCA/STAT5B/TOP3A/HLA-DPA1",40
"C0795841","Jacobsen Distal 11q Deletion Syndrome","8/2069","28/21671",0.285714285714286,2.99261202789477,3.42769792838661,0.00369878906377601,0.0408163967528709,0.032321978054408,"FLI1/JAM3/CC2D2A/CTBP2/KIRREL3/MYCN/TMEM67/UBR1",8
"C1836156","Progressive proximal muscle weakness","8/2069","28/21671",0.285714285714286,2.99261202789477,3.42769792838661,0.00369878906377601,0.0408163967528709,0.032321978054408,"COL12A1/LDB3/CAV1/CRYAB/COL6A2/COL6A1/DMD/PNPLA2",8
"C1843697","Axial muscle weakness","8/2069","28/21671",0.285714285714286,2.99261202789477,3.42769792838661,0.00369878906377601,0.0408163967528709,0.032321978054408,"TPM2/CFL2/CRYAB/DES/LAMB2/LMNA/POMT1/POMT2",8
"C1851920","Dopa-Responsive Dystonia","8/2069","28/21671",0.285714285714286,2.99261202789477,3.42769792838661,0.00369878906377601,0.0408163967528709,0.032321978054408,"SGCE/CTSC/ATXN3/DDC/GNAL/KLK3/SOX6/SPR",8
"C1858285","Decreased number of peripheral myelinated nerve fibers","8/2069","28/21671",0.285714285714286,2.99261202789477,3.42769792838661,0.00369878906377601,0.0408163967528709,0.032321978054408,"PMP22/EGR2/DNM2/LMNA/NEFL/RAB7A/SPG11/WNK1",8
"C1843013","Alzheimer disease, familial, type 3","33/2069","213/21671",0.154929577464789,1.62275440949224,2.96736862957958,0.00372622534417213,0.0410779977130808,0.0325291364801287,"COL3A1/CLU/SAMD4A/LIPA/RUNX1T1/CD38/VCAM1/NR3C1/HTRA1/HLA-DQB1/BCHE/MTHFR/ABCA1/ADAM10/BACE1/CASR/DKK1/ILK/KALRN/KLK3/KLK6/NEFL/PER3/PIK3CD/PRKAR1A/PSEN2/PTGS2/SLA2/SNCA/SOX5/TAP2/TERF2IP/WNK1",33
"C1136249","Mental Retardation, X-Linked","24/2069","141/21671",0.170212765957447,1.78283269746923,3.02981427205134,0.00373796224747935,0.0410952171275698,0.032542772312331,"SMARCA1/NLGN4X/AP1S2/TMEM47/TYMS/ARHGAP1/ATP6AP2/ATRX/BRWD3/CACUL1/CLCN4/CUL4B/DMD/ELK1/IL17RB/MECP2/MID2/PLP2/RPS6KA6/SMARCA4/THOC2/ZMYM2/ZMYM3/ZNF81",24
"C0856747","Aneurysm of ascending aorta","9/2069","34/21671",0.264705882352941,2.77256702584369,3.36049389403541,0.00373898189065877,0.0410952171275698,0.032542772312331,"COL3A1/TGFBR1/ACTA2/MMP2/EFEMP2/ANGPT2/HLA-B/LMNA/SMAD4",9
"C4024923","Diffuse white matter abnormalities","9/2069","34/21671",0.264705882352941,2.77256702584369,3.36049389403541,0.00373898189065877,0.0410952171275698,0.032542772312331,"HTRA1/GNAO1/KCNQ1/NDUFAF3/PLEKHG2/PNKP/POMT1/POMT2/SLC25A22",9
"C0010278","Craniosynostosis","65/2069","488/21671",0.133196721311475,1.39512138595504,2.86817881030479,0.0037435922073375,0.0411048663802671,0.032550413431066,"VIM/VWF/GLI3/AGTR1/POSTN/RAB23/MN1/TGFBR1/FGFR1/TRPS1/IL6ST/CD8A/CCL5/GJA1/EGR2/KCNMA1/CAV1/GPC6/MASP1/VCAM1/SPARC/FLNA/HLA-DQB1/CDH11/IGHD/CTLA4/AXIN2/ACSL3/CASR/CLCN7/CPB2/CYP2B6/DDX5/EGFR/ERBB2/GATA3/GLCCI1/GRK5/IHH/KAT6A/KLK6/LAMB1/LMNA/MAPK14/MAPK8/MYB/NFIX/NSD1/OCLN/PART1/PCNT/PIK3CD/PRKAR1A/PTEN/PTGS2/RAB14/SCARF2/SCN4A/SOX6/SPRY1/TAP1/TAP2/TAPBP/TCF12/TGFA",65
"C0085437","Meningitis, Bacterial","16/2069","81/21671",0.197530864197531,2.06896634027293,3.13140850752757,0.00377644448542106,0.041424285974046,0.0328033576868458,"VIM/ICAM1/IGFBP7/GJA1/TIMP2/GBP1/CCL2/SERPINF1/FAM20C/MMP2/CFH/APH1A/CPB2/EGFR/HDLBP/TACR1",16
"C0027540","Necrosis","13/2069","60/21671",0.216666666666667,2.26939745448687,3.19886067639636,0.00378686051394947,0.0414436274376418,0.0328186739423612,"CTSB/SPARC/MTHFR/ANGPT2/ATG7/CDC42/DMD/GATM/LPL/MYCN/NFE2L2/SET/TBXA2R",13
"C0162283","Nephrogenic Diabetes Insipidus","13/2069","60/21671",0.216666666666667,2.26939745448687,3.19886067639636,0.00378686051394947,0.0414436274376418,0.0328186739423612,"EPHA3/VWF/EDNRA/ACKR3/ADRA1A/ARHGAP1/CANX/CCDC28B/DMD/LPAR2/NFE2L2/PRKCA/WDTC1",13
"C0206743","Rhabdoid Tumor","19/2069","103/21671",0.184466019417476,1.93212329956313,3.08067970353338,0.00379326037021184,0.0414436274376418,0.0328186739423612,"VIM/SMARCA1/SERPINE1/KCNMA1/TAGLN/CNN1/MCAM/CD6/DCDC2/EGFR/EWSR1/KCNQ1/MIB1/PIK3CD/PLK1/PTGS2/SMARCA4/TGFA/XIAP",19
"C1837142","Poor suck","19/2069","103/21671",0.184466019417476,1.93212329956313,3.08067970353338,0.00379326037021184,0.0414436274376418,0.0328186739423612,"TPM2/DES/COL6A1/NDN/LAMB2/COL13A1/ATP7A/CDH1/AGRN/CHRNE/CNTN1/DHCR7/DYRK1A/MECP2/MYO9A/NACC1/NDUFAF3/SLC25A1/SLC25A22",19
"C0002874","Aplastic Anemia","36/2069","238/21671",0.151260504201681,1.58432401476782,2.94483008012628,0.003797985777946,0.0414498443540259,0.0328235970382471,"SORBS1/HAVCR2/ICAM1/SMARCA1/GEM/SPARC/CCL2/MSN/HLA-DQB1/THBD/CTLA4/CYP2B6/DGKZ/FLT1/FOXP3/GATA3/HAMP/HES1/HFE/HLA-B/ID4/ITGB3/KTN1/LGALS9/NCAM1/NFE2L2/PMS1/SERPINB6/SH2D1A/SMAD4/SNCA/SRP72/TFRC/WT1-AS/ZFP36L1/CD27",36
"C0152459","Linear atrophy","25/2069","149/21671",0.167785234899329,1.75740639222008,3.01397950863755,0.00380135683261292,0.0414498443540259,0.0328235970382471,"TGFBR1/CLDN11/DCLK1/CCDC50/ITPR1/ANK2/MITF/VCAM1/NR3C1/MMP2/ELN/BDP1/C1QL1/COCH/CUBN/CUL4B/EHMT1/EVI5/KCNQ1/NFE2L2/OPRL1/PRKACA/PRKAR1A/RIMBP2/SNCA",25
"C0039103","Synovitis","31/2069","197/21671",0.157360406091371,1.64821525394205,2.9693089955525,0.00381619246586551,0.0415704526474549,0.0329191051899586,"DOCK2/CLU/ICAM1/GLI3/PAPPA/SERPINE1/CCL5/TNC/DDR2/VCAM1/F2R/CCL2/VEGFC/THBS1/CDH11/ACLY/CD47/CISH/CPB2/CXCL9/DKK1/EGFR/HLA-B/NMT1/PIK3CD/PRDX2/PRKAA2/SOCS3/SRM/STAT1/TGFA",31
"C1527390","Neoplasms, Intracranial","26/2069","157/21671",0.165605095541401,1.73457130279251,3.0011155047231,0.00384381431557662,0.0417672462089279,0.0330749434726393,"IGFBP7/CYP1B1/CTSB/EFEMP1/CCL2/MMP2/TFPI/TSPAN2/CSPG4/DCDC2/DICER1/EGFR/EML4/ERBB2/ESRRB/KLK6/MAPK8/MYB/MYCN/NDUFAB1/PIK3CD/PTEN/PTGS2/RPS6KB1/SRSF11/YAP1",26
"C0027962","Melanocytic nevus","43/2069","297/21671",0.144781144781145,1.5164582834955,2.91158905520071,0.00384941414315223,0.0417672462089279,0.0330749434726393,"COL3A1/ICAM1/NID1/SYNE1/IGFBP7/NRP2/RECK/MITF/SPARC/HTRA1/MCAM/PRKCB/CDH1/ATP2A2/CADM1/COIL/CSE1L/DICER1/EGFR/ERBB2/ESPN/GSN/HAGLR/HLA-G/KDM5B/LGALS9/LYST/MAP2/MIB1/MRAS/MYB/NFE2L2/PDE4D/PLP2/PRKAR1A/PTEN/PTGS2/RAC1/RREB1/SOS2/STK11/SUFU/SUZ12",43
"C0264303","Laryngomalacia","14/2069","67/21671",0.208955223880597,2.18862670696782,3.16574048116264,0.00384942839390373,0.0417672462089279,0.0330749434726393,"SETBP1/KCNMA1/MEIS2/AFF4/HDAC4/KAT6A/KMT2A/LMNA/MECP2/NFIX/PCNT/RREB1/SCARF2/TBX3",14
"C0858617","Posterior subcapsular cataract","14/2069","67/21671",0.208955223880597,2.18862670696782,3.16574048116264,0.00384942839390373,0.0417672462089279,0.0330749434726393,"HLA-DOA/CRYAB/MMP2/ADAM9/CD47/HAMP/LSS/MAPK14/NFE2L2/NUCB1/OPA3/PIK3CD/TONSL/ZNF408",14
"C0038436","Post-Traumatic Stress Disorder","57/2069","418/21671",0.136363636363636,1.42829210422251,2.87261614076448,0.00385718204813276,0.0418101829685887,0.0331089445387276,"DOCK2/RGS2/OGN/ICAM1/MFGE8/VCAM1/NR3C1/SYNM/SRPX/CCL2/HLA-DQB1/BCHE/RORA/ANGPT2/ATP6AP1L/C1QL1/CANX/CHPT1/CHRNA4/COPE/CREB1/DBT/DICER1/DST/ERN1/GRM2/GSS/HBEGF/HDAC4/HLA-B/HLA-C/HSPA5/HTR3A/IDS/INO80C/LMNA/LPP/LRP1/MECP2/NFKB1/OPRL1/PAPOLA/PCSK9/PDAP1/PDE4A/PDZD8/PNN/PRKCA/PTGS2/SET/SNCA/SRM/SRSF8/STAT5B/TACR1/TUSC2/XIAP",57
"C0268398","Familial lichen amyloidosis","35/2069","230/21671",0.152173913043478,1.59389118877004,2.94176373680003,0.00387451034813895,0.0419191408823988,0.0331952269051096,"RGS16/ICAM1/OSMR/DLC1/AKT3/ETV1/CYP1B1/CCL2/A2M/MTR/CTLA4/CDH1/ARNT/DICER1/DNM2/EGFR/ERBB2/ERN1/IGF2BP2/INPP5D/IRF3/KLK3/MAPK8/MIB1/MYCN/NFE2L2/NFKB1/PTEN/PTGS2/SMAD4/TGFA/TOLLIP/TOMM40/YAP1/ZNF654",35
"C0042571","Vertigo","28/2069","173/21671",0.161849710982659,1.69523687129299,2.98274638029297,0.00387484658297303,0.0419191408823988,0.0331952269051096,"CHRNA3/COL3A1/FLI1/GJA1/TUBB6/CCL2/ATP1A2/PRIMA1/ADCY5/ADRA1A/CACNA1G/CHRNA4/COCH/DKK1/EHMT1/EPOR/GCDH/HFE/HLA-B/IRF2BP2/ITGB3/MEFV/PML/PRKAR1A/SPAG9/SRY/STAT5B/TRPM4",28
"C0752347","Lewy Body Disease","38/2069","255/21671",0.149019607843137,1.56085254788237,2.92690830433948,0.00388701487111308,0.0420095140093899,0.0332667922185546,"FYN/CLU/PECAM1/ZFPM2/CTSB/MASP1/VCAM1/SYNM/A2M/BCHE/ALDH1L1/ATG7/BACE1/BRAP/CAMK2A/CHRNA4/CYP2B6/DYRK1A/ECE2/ELK1/GRK5/GSN/KLK6/LAD1/LAMP2/MAP2/MYO5C/NEFL/PLK2/PSEN2/PSMB8/PTGS2/SERPINB6/SESN3/SLC6A2/SNCA/TFAM/TOMM40",38
"C0036117","Salmonella infections","18/2069","96/21671",0.1875,1.96390164330594,3.07505185379454,0.00397815290447983,0.0429523509186631,0.0340134126043502,"VIM/RGS2/CD38/PDPN/CFH/LILRB2/ABCC2/CLEC12A/FOXP3/HAMP/IL12RB1/IL24/NCAM1/PTEN/PTGS2/SNX1/YAP1/LILRB4",18
"C0009917","Contracture","20/2069","111/21671",0.18018018018018,1.88723281038409,3.04462783551398,0.00400401638362234,0.0431469984665683,0.0341675514865703,"COL3A1/TPM2/SGCD/SERPINE1/DCN/FHL1/COL6A2/COL6A1/ELN/LUM/DMD/DNM2/EGFR/KIDINS220/LAMA2/LMNA/MYH3/NALCN/NEDD4L/SFXN1",20
"C0431447","Synophrys","20/2069","111/21671",0.18018018018018,1.88723281038409,3.04462783551398,0.00400401638362234,0.0431469984665683,0.0341675514865703,"SETBP1/FGFR1/FHL1/MITF/CDH11/ABCC9/CDC42/CUL4B/EBF3/EHMT1/HGSNAT/KMT2A/MEFV/NFIX/PIGN/RUSC2/TRMT1/VPS33A/ZBTB20/CDON",20
"C0005612","Birth Weight","33/2069","214/21671",0.154205607476636,1.6151714449619,2.93817773096117,0.00401194025121458,0.0431739140848252,0.0341888656174546,"PAPPA/PTPN14/EBF1/ZFPM2/RORA/MTHFR/ABCC9/ADCY5/AKAP13/FLT1/HFE/HLA-B/KCNAB1/KCNQ1/L3MBTL3/LCORL/LINC00598/LRIG1/MCPH1/MSI2/PLEKHA1/PML/RREB1/SLC38A4/SLC6A2/SMPD3/SOS2/SREBF2/STAT1/TCF7L2/XRN1/YAP1/ZBTB7B",33
"C0016052","Fibromuscular Dysplasia","11/2069","47/21671",0.234042553191489,2.45139495902019,3.23613053664522,0.00401435467382738,0.0431739140848252,0.0341888656174546,"CAV2/ACTA2/MYLK/FLNA/TACR2/EFEMP2/RTN1/CD2AP/COL4A6/PCNT/SLC38A2",11
"C0041327","Tuberculosis, Pulmonary","50/2069","358/21671",0.139664804469274,1.46286900804912,2.86904151455335,0.00406968504548131,0.0436973321703595,0.0346033536472617,"SLC11A1/HAVCR2/LSAMP/ICAM1/CD38/CCL5/GEM/MASP1/ACTG2/NR3C1/CCL2/HLA-DQB1/THBD/CTLA4/CDH1/ANGPT2/CASR/CISH/CTSZ/CXCL9/EGFR/FCN2/FOXP3/HAMP/HLA-B/HLA-C/HSPD1/IL12RB1/IL17B/IL24/ITIH4/KDM6B/MAPK14/NFKB1/ORM1/PARP9/PRKCD/PSMB8/RHOF/RNF34/SLC7A1/SLC7A2/SP110/TAP1/TAP2/TIRAP/TOLLIP/ZBTB7B/CD27/HLA-DPA1",50
"C0024312","Lymphopenia","36/2069","239/21671",0.150627615062762,1.57769504399473,2.91760000139061,0.00407095821363741,0.0436973321703595,0.0346033536472617,"DOCK2/PECAM1/MAP4K4/JAK3/CCL5/CD3D/PTPRC/SLAMF7/MYLK/C1R/NR3C1/WIPF1/NFATC1/MSN/HLA-DQB1/C3/BCHE/CTLA4/AK2/ATG7/CCL22/CD6/DCLRE1C/EGFR/FOXP3/HELLS/MCL1/MED23/NFKB1/PML/PRKCD/PSMB9/SP110/STAT1/STAT5B/CD27",36
"C0242350","Erectile dysfunction","38/2069","256/21671",0.1484375,1.55475546761721,2.900828430022,0.0041550736765685,0.0445567929893368,0.035283949582709,"PDE5A/VWF/DKK3/FGFR1/EDNRA/GJA1/PRKG1/KCNMA1/TWIST2/MYOCD/FLNA/SERPINF1/MCAM/CDH5/MTHFR/CES2/ADRA1A/ANGPT2/CACNA1G/DKK2/ESM1/HAMP/HFE/ILK/KLK3/LIMK1/LPL/MAPK8/NFE2L2/PART1/PCSK9/PEA15/PIK3CD/PNPLA2/PSMB9/RAC1/SPRY4/SUFU",38
"C0022650","Kidney Calculi","30/2069","190/21671",0.157894736842105,1.65381191015237,2.9407756189356,0.00416187092225309,0.0445862689365499,0.0353072912050654,"VIM/PDLIM3/EDNRA/ACKR3/PDE1A/CCL2/FLNA/MGP/PRKCB/CDH1/ADRA1A/APPBP2/APRT/CASR/CLCN7/CRYZ/DMD/HOXA11-AS/KLK3/LPAR2/MAPK8/MED25/MTNR1A/NFE2L2/PBX1/PIK3CD/PLIN5/PRKCA/TCF7L2/XPR1",30
"C0158646","Cleft palate with cleft lip","21/2069","119/21671",0.176470588235294,1.84837801722912,3.01493953565834,0.00417615849011516,0.0446958536944978,0.0353940699612338,"FGFR1/STOM/TIMP2/DCN/SPARC/MTRR/CDH2/MTR/SLC19A1/MTHFR/CDH1/BHMT/BHMT2/CLPTM1/DMD/DNAJC5/PART1/POMT1/TGFA/TGFB3/TPM1",21
"C0017185","Gastrointestinal Neoplasms","29/2069","182/21671",0.159340659340659,1.66895670786439,2.94432070177419,0.00419129135576285,0.0447274144389692,0.035419062507645,"FLI1/ICAM1/TCF4/SERPINE1/DCLK1/FHL1/F2R/LGALS1/RASSF2/CD47/CDH4/CIITA/CREB1/DMD/E2F4/EGFR/EML4/EPHA8/ERBB2/EWSR1/PIK3CD/PKP3/PTEN/PTGS2/SATB1/SMAD4/SNCA/TCF7L2/TLE6",29
"C0265219","Miller Dieker syndrome","29/2069","182/21671",0.159340659340659,1.66895670786439,2.94432070177419,0.00419129135576285,0.0447274144389692,0.035419062507645,"TCF4/SETBP1/CD38/GEM/SGCE/THBS1/ATG7/BRIP1/CYP2B6/FANCB/FANCC/FANCM/FLT1/HFE/INTS1/KMT2A/MAPK8/MCL1/MECP2/MNT/MVD/NCAM1/PIGN/PLK1/PTEN/SCN4A/SLX4/UBE3A/WNK1",29
"C1836047","Long face","29/2069","182/21671",0.159340659340659,1.66895670786439,2.94432070177419,0.00419129135576285,0.0447274144389692,0.035419062507645,"COL3A1/TPM2/SETBP1/AP1S2/MEIS2/MGP/COL13A1/ATP7A/AGRN/ARL3/BRWD3/CC2D2A/CEP290/CHRNE/CLCN4/DHCR7/EBF3/IRF2BPL/MAP2K2/MYH3/MYO9A/NFIX/PAK1/PBX1/PTEN/RREB1/RUSC2/SLC25A1/TMEM67",29
"C0235874","Disease Exacerbation","27/2069","166/21671",0.162650602409639,1.70362552190395,2.95655125891606,0.00420899666329442,0.044761674739222,0.0354461927974551,"EDNRA/GJA1/CTSB/ZEB2/MMP2/CTSC/CDH2/ATP7B/CDH1/ABCC11/ARFGAP2/CLCN3/E2F4/E2F7/EGFR/ERBB2/ERBB3/FLT1/ING1/KLK3/POLR3K/PTEN/RAD23A/RPS21/SREBF2/STAT1/YAP1",27
"C0037019","Shy-Drager Syndrome","4/2069","8/21671",0.5,5.23707104881585,3.89413450972124,0.00423108175824299,0.044761674739222,0.0354461927974551,"FYN/SYNM/HRH3/SNCA",4
"C0521532","Diaphragmatic paresis","4/2069","8/21671",0.5,5.23707104881585,3.89413450972124,0.00423108175824299,0.044761674739222,0.0354461927974551,"PMP22/COL12A1/COL6A2/COL6A1",4
"C1299567","Neonatal stroke","4/2069","8/21671",0.5,5.23707104881585,3.89413450972124,0.00423108175824299,0.044761674739222,0.0354461927974551,"ACTA2/MTHFR/F5/PROC",4
"C1855311","Megacystis","4/2069","8/21671",0.5,5.23707104881585,3.89413450972124,0.00423108175824299,0.044761674739222,0.0354461927974551,"MYLK/MYH11/ACTG2/LMOD1",4
"C1866558","Neural tube defect, folate-sensitive","4/2069","8/21671",0.5,5.23707104881585,3.89413450972124,0.00423108175824299,0.044761674739222,0.0354461927974551,"MTRR/MTR/MTHFR/LRP6",4
"C4021770","Clinodactyly of toe","4/2069","8/21671",0.5,5.23707104881585,3.89413450972124,0.00423108175824299,0.044761674739222,0.0354461927974551,"FLI1/FLNA/DACT1/KCNQ1",4
"C4024599","Chronic oral candidiasis","4/2069","8/21671",0.5,5.23707104881585,3.89413450972124,0.00423108175824299,0.044761674739222,0.0354461927974551,"JAK3/CD3D/DCLRE1C/STAT1",4
"C4723619","Brain Ependymoma","4/2069","8/21671",0.5,5.23707104881585,3.89413450972124,0.00423108175824299,0.044761674739222,0.0354461927974551,"TNC/EGFR/NEFL/YAP1",4
"C0234182","Gowers sign","12/2069","54/21671",0.222222222222222,2.32758713280705,3.17337730663685,0.00427122318914761,0.0449703451071535,0.0356114361699587,"HSPB8/TPM2/SGCD/SYNE1/CFL2/COL6A1/CHRNE/DMD/LAMA2/PNPLA2/POMT1/SGCB",12
"C0268287","Deficiency of steroid 21-monooxygenase","12/2069","54/21671",0.222222222222222,2.32758713280705,3.17337730663685,0.00427122318914761,0.0449703451071535,0.0356114361699587,"HLA-DOA/TNC/NR3C1/CASR/CFC1/CYP2B6/CYP3A4/DKK1/DMD/HLA-B/IDS/PRKAR1A",12
"C0699743","Congenital muscular dystrophy (disorder)","12/2069","54/21671",0.222222222222222,2.32758713280705,3.17337730663685,0.00427122318914761,0.0449703451071535,0.0356114361699587,"SGCD/SYNE1/COL12A1/COL6A2/COL6A1/DTNA/DMD/GOSR2/LAMA2/LMNA/POMT1/POMT2",12
"C0751291","Desmoplastic Medulloblastoma","12/2069","54/21671",0.222222222222222,2.32758713280705,3.17337730663685,0.00427122318914761,0.0449703451071535,0.0356114361699587,"FLI1/EFS/BRD3/EHMT1/ERBB2/KAT6A/L3MBTL3/MYCN/RPS6KB1/SOX11/SOX4/SUFU",12
"C1370889","Liposarcoma, well differentiated","12/2069","54/21671",0.222222222222222,2.32758713280705,3.17337730663685,0.00427122318914761,0.0449703451071535,0.0356114361699587,"PDLIM3/DDR2/CAV1/DES/AKT2/CEBPA/CPM/EGFR/LPP/MIB1/PAX8/YAP1",12
"C0014591","Epistaxis","16/2069","82/21671",0.195121951219512,2.04373504344033,3.07638324058386,0.00428526790327768,0.0450751245642761,0.0356944096703922,"VWF/WIPF1/CTLA4/EPOR/F5/FGB/GGCX/IRF2BP2/ITGB3/LYST/PML/PRKAR1A/SMAD4/STAT5B/TBXA2R/HLA-DPA1",16
"C0030805","Bullous pemphigoid","22/2069","127/21671",0.173228346456693,1.81441831612518,2.99051325122271,0.00431280350522647,0.0452650809781935,0.0358448337041232,"ICAM1/POSTN/HSD17B6/VCAM1/NR3C1/HLA-DQB1/C3/ABCC11/ADAM10/CCL22/CYP2B6/DPP9/DST/FOXP3/HLA-C/IL17B/IL17RB/IL24/ITGB1/ITGB3/LAD1/RAC1",22
"C0239998","Recurrent infections","22/2069","127/21671",0.173228346456693,1.81441831612518,2.99051325122271,0.00431280350522647,0.0452650809781935,0.0358448337041232,"TRAC/IL6ST/CAV1/FLNA/WIPF1/HLA-DQB1/C1QC/ALG13/CDC42/DHCR7/HELLS/IRAK1BP1/LMNB2/LYST/NHLRC2/PRKCD/PSMB9/PTEN/SEC61A1/SLC46A1/STAT1/XIAP",22
"C0022104","Irritable Bowel Syndrome","58/2069","429/21671",0.135198135198135,1.41608447940009,2.82795157616174,0.00431565740734615,0.0452650809781935,0.0358448337041232,"SLC11A1/HAVCR2/FYN/EDNRA/CSF2RA/GJA1/ACKR3/CTSB/MYLK/HTR2B/NR3C1/SYNM/F2R/MMP2/C3/AKR1B1/MTHFR/CDH1/ADCY1/ADRA1A/AKAP13/BCLAF1/C1QL1/CADM1/CASR/CDC42/COPE/CYP2B6/DKK1/DMD/EGR1/EHMT1/FOXP3/GATA3/GFRA3/GSDMB/HDAC4/HGD/HLA-B/HSPD1/HTR3A/ING1/KALRN/LPAR2/NUDT15/OCLN/PART1/PIK3CD/PLK2/PRDM6/PRKCD/PTGS2/SLC6A2/SSX2IP/TFRC/THOP1/WNK1/XIAP",58
"C0028945","oligodendroglioma","41/2069","282/21671",0.145390070921986,1.52283626242163,2.87114101915159,0.00435069898066848,0.0455610939773906,0.0360792425796003,"VIM/ADAM12/IL2RB/FGFR1/LATS2/PEG3/TNC/CAV1/DES/EMP3/LGALS1/THBS1/EDIL3/CDH1/ACLY/ARHGDIA/ATRX/BCAN/BEX2/CREB1/CSE1L/CSPG4/CUL3/DYRK1A/EGFR/FLT1/FOXP3/HES1/HES6/LRIG1/MIB1/PIK3CD/PRDM2/PTEN/PTGS2/PTPN6/PTPRZ1/RAC1/SMARCA4/UBE2I/WT1-AS",41
"C0600433","Activated Protein C Resistance","10/2069","41/21671",0.24390243902439,2.55466880430042,3.23713686330464,0.00436029651159016,0.0455610939773906,0.0360792425796003,"VWF/SERPINE1/SERPING1/TFPI/THBD/MTHFR/ATXN3/CPB2/F5/PROC",10
"C1386048","Intrauterine retardation","10/2069","41/21671",0.24390243902439,2.55466880430042,3.23713686330464,0.00436029651159016,0.0455610939773906,0.0360792425796003,"KCNMA1/COG7/CUL7/DHCR7/DYRK1A/KMT2A/POMT1/PRMT7/SCN4A/SOX4",10
"C3888194","MIXED LINEAGE LEUKEMIA","36/2069","240/21671",0.15,1.57112131464476,2.89049538233579,0.0043604279535249,0.0455610939773906,0.0360792425796003,"ASB2/SMARCA1/STON1/MLLT11/RUNX1T1/CD38/MEIS1/MEF2C/PBX3/LGALS1/PDLIM7/MYO5A/DHFR/SLC19A1/ABCB11/AFF4/BEX2/CADM1/CASR/CEBPA/CSPG4/DOT1L/FLT3LG/GTF2A1/IL24/KDM6B/KMT2A/MAPK8/MCL1/MYB/NCAM1/NSD1/PRKAR1A/SET/SUZ12/TERF2IP",36
"C0010051","Coronary Aneurysm","15/2069","75/21671",0.2,2.09482841952634,3.08567046172926,0.00438557603756366,0.0456506133286281,0.0361501317990398,"VWF/SETBP1/HLA-DOA/PRKD1/SERPINE1/GJA1/CCL2/MMP2/THBD/FHAD1/HLA-B/MICB/PCSK9/TBXA2R/ZNF618",15
"C0242787","Malignant neoplasm of male breast","15/2069","75/21671",0.2,2.09482841952634,3.08567046172926,0.00438557603756366,0.0456506133286281,0.0361501317990398,"CYP1B1/AXL/BRIP1/COX11/EGFR/ERBB2/FANCM/GATA3/HFE/LMNA/MIB1/PIK3CD/PTEN/TOX3/YAP1",15
"C2931618","Gestational trophoblastic disease","15/2069","75/21671",0.2,2.09482841952634,3.08567046172926,0.00438557603756366,0.0456506133286281,0.0361501317990398,"ACTG2/HTRA1/CDH11/BCHE/AKT2/EGFR/ERBB3/FOSL2/ITGB1/MCL1/PAK1/PAK2/PIK3CD/PTEN/SRY",15
"C4048270","Decreased antibody level in blood","15/2069","75/21671",0.2,2.09482841952634,3.08567046172926,0.00438557603756366,0.0456506133286281,0.0361501317990398,"FLNA/MSN/CTLA4/AK2/HELLS/IRF2BP2/NFE2L2/NFKB1/PRKCD/SEC61A1/SLC46A1/TFRC/TONSL/XIAP/CD27",15
"C0040761","Transposition of Great Vessels","13/2069","61/21671",0.213114754098361,2.23219421752807,3.13095055407167,0.00440049313282276,0.0457626353841143,0.0362388406196874,"PDE5A/RAB23/ACVR2B/CFC1/DICER1/DNMT3A/ERBB2/FANCB/GATA4/INSIG1/LMNA/MED13/PKD1L1",13
"C0019154","Hepatic Vein Thrombosis","7/2069","23/21671",0.304347826086957,3.18778237754008,3.41050473433719,0.00444157814347162,0.0458595625374634,0.036315595982058,"SERPINE1/THBS1/MTHFR/DBI/F5/PIGM/PROC",7
"C1260403","prothrombin gene mutation","7/2069","23/21671",0.304347826086957,3.18778237754008,3.41050473433719,0.00444157814347162,0.0458595625374634,0.036315595982058,"SERPINE1/THBD/MTHFR/ATXN3/CPD/F5/PROC",7
"C1865992","Short hallux","7/2069","23/21671",0.304347826086957,3.18778237754008,3.41050473433719,0.00444157814347162,0.0458595625374634,0.036315595982058,"FGFR1/GJA1/KCNJ8/FLNA/MGP/ABCC9/IHH",7
"C2717759","Degenerative Intervertebral Discs","7/2069","23/21671",0.304347826086957,3.18778237754008,3.41050473433719,0.00444157814347162,0.0458595625374634,0.036315595982058,"ICAM1/POSTN/CCL5/SPARC/MCAM/AKAP1/NFE2L2",7
"C3163798","Recurrent lower respiratory tract infection","7/2069","23/21671",0.304347826086957,3.18778237754008,3.41050473433719,0.00444157814347162,0.0458595625374634,0.036315595982058,"CPQ/COL6A2/COL6A1/LAMB2/COL13A1/CIITA/LAMA2",7
"C0040558","Toxoplasmosis","20/2069","112/21671",0.178571428571429,1.87038251743423,3.00029786400601,0.00444729072823126,0.0458595625374634,0.036315595982058,"ICAM1/CTSB/F2R/CCL2/GBP5/C3/CTSC/DHFR/TYMS/CD9/CENPV/DYNC1H1/EGFR/HLA-C/HSPD1/IRF3/MAPK14/NFE2L2/SOCS3/TFRC",20
"C0085129","Bronchial Hyperreactivity","20/2069","112/21671",0.178571428571429,1.87038251743423,3.00029786400601,0.00444729072823126,0.0458595625374634,0.036315595982058,"CHRNA3/ADAMTS12/ICAM1/HLA-DOA/SERPINE1/CCL5/CAV1/CCL2/CTLA4/GATA3/GSDMB/HBEGF/HLA-G/ITGB3/MAPK8/PDE4A/PLA2G4A/PROC/SMPD1/TACR1",20
"C0221629","Proximal muscle weakness","20/2069","112/21671",0.178571428571429,1.87038251743423,3.00029786400601,0.00444729072823126,0.0458595625374634,0.036315595982058,"TPM2/SYNE1/FHL1/COL6A2/COL6A1/LAMB2/COL13A1/AGRN/DMD/DNM2/LAMP2/LMNA/MTMR14/MYO9A/PNPLA2/POMT1/POMT2/PRKACA/SLC25A1/TOP3A",20
"C1277241","Delayed myelination","20/2069","112/21671",0.178571428571429,1.87038251743423,3.00029786400601,0.00444729072823126,0.0458595625374634,0.036315595982058,"DHFR/ADAMTSL1/ADAT3/ALG13/CLCN4/COG7/FBXL4/GCDH/GLS/GNAO1/ISCA1/KIDINS220/NACC1/PIGN/PNKP/PRMT7/RAB11B/RHOBTB2/SLC25A1/SLC25A22",20
"C1332995","Childhood Pilocytic Astrocytoma","18/2069","97/21671",0.185567010309278,1.94365523461207,3.02617048971671,0.00445867429159167,0.0458910093208402,0.0363404982841485,"DOCK2/FGFR1/ETV1/PBX3/ALDH1L1/ATRX/EGFR/ERBB2/ERBB3/FLT1/HES1/MAPK14/MAPK8/MIB1/PIK3CD/PNKP/PTEN/PTPRZ1",18
"C1867873","Failure to thrive in infancy","18/2069","97/21671",0.185567010309278,1.94365523461207,3.02617048971671,0.00445867429159167,0.0458910093208402,0.0363404982841485,"JAK3/SETBP1/FGFR1/CSF2RA/NDN/ELN/ERCC1/DYRK1A/FOXP3/LIMK1/MAP2K2/NACC1/NFKB1/PRKCD/SCN8A/SP110/TBL2/UBA1",18
"C0238288","Muscular Dystrophy, Facioscapulohumeral","24/2069","143/21671",0.167832167832168,1.7578979744277,2.95417644698505,0.00449264520697118,0.0461974805456337,0.0365831888935636,"PDLIM3/COL3A1/PMP22/CAV2/DCN/FHL1/FLNA/SDC2/TACR2/ELN/LUM/RTN1/CDC27/CNOT7/DMD/EIF3K/EWSR1/FXR1/LMNA/MAPK14/PCNT/RGCC/SLC38A2/SMCHD1",24
"C0033036","Atrial Premature Complexes","29/2069","183/21671",0.158469945355191,1.65983672585421,2.91221570796038,0.00453761128547259,0.0466163368348038,0.0369148757856839,"CD74/GLI3/TCF4/MCC/SERPINE1/CAV1/F2R/CCL2/AXIN2/CDH1/BCL2L11/CHD5/EGFR/FEN1/ILK/NLK/PIK3CD/PLK1/PPP1R11/PROC/PTEN/PTGS2/RAC1/SMAD4/STAT1/TCF7L2/TFAM/TNKS/YAP1",29
"C2938924","Oestrogen receptor positive breast cancer","67/2069","510/21671",0.131372549019608,1.37601474615946,2.7917812104581,0.00454658453972716,0.0466649911798837,0.0369534045339084,"FYN/AOC3/IGFBP5/HSPB8/PTPN14/MAP4K4/DLC1/FGFR1/GJA1/CYP1B1/NR3C1/CCL2/MGP/MSN/LUM/ADAMTS2/TK1/SLC19A1/CDH1/ADO/ALDH1A1/ANGPT2/APRT/CYP2B6/CYP3A4/DKK1/DYNC1H1/E2F7/EGFR/EIF4B/ERBB2/ERBB3/ESRRB/FOXP3/GATA3/GLS/GSN/HSPA5/IKBKE/IL17RB/INPP4B/KDM5B/MSI2/MYB/NFE2L2/NFKB1/OCIAD1/PAK1/PCSK6/PDE4D/PEA15/PER3/PIK3CD/PTEN/RAI2/RGCC/RPAIN/RPS6KA6/SET/SGSM2/STAT1/STAT5B/TCF7L2/TFAM/TOX3/UBE2I/YAP1",67
"C0151908","Dry skin","26/2069","159/21671",0.163522012578616,1.71275279583915,2.93060040749631,0.00456887369089319,0.0468500986571757,0.0370999887572773,"GLI3/OSMR/FGFR1/PRKD1/GJA1/KCNMA1/MITF/TWIST2/COL6A1/ATP7A/CTLA4/ABCA1/CASR/DCLRE1C/EGFR/GNA11/GSN/MAP2K2/MBTPS2/MECP2/OVOL1/PAX8/PCNT/PPP2R3C/PSEN2/TERF2IP",26
"C0020541","Portal Hypertension","27/2069","167/21671",0.161676646706587,1.69342417147339,2.92251732731311,0.00457535525058646,0.0468729184881011,0.0371180594870098,"PDE5A/VWF/AGTR1/TCF4/EDNRA/TIMP2/BOC/SERPINF1/ANGPT2/CC2D2A/DCDC2/DDC/F5/FARSB/HFE/IL12RB1/KLK3/LGALS9/NAAA/PIGM/PTEN/PTGS2/RBPJ/SMAD4/SP110/TMEM67/XPR1",27
"C0005940","Bone Diseases","45/2069","317/21671",0.141955835962145,1.48686559745561,2.83699524772554,0.00458842823480425,0.0469631599906126,0.0371895205687275,"S1PR3/FYN/PDLIM3/POSTN/TRPS1/IGFBP7/CCL5/WWTR1/CLDN11/RGS10/SPARC/CCL2/SERPINF1/MMP2/CTSK/RORA/ADO/ATP6V0A2/CASR/CLCN7/CRTAP/DKK1/DMD/EGFR/ERBB2/GATA3/GNA13/HES6/HGD/IHH/IL17B/IPP/LMNA/LRP1/LRP6/MAPK14/MAPK8/NFE2L2/PIK3CD/PNPLA2/RGS12/SMAD4/TNPO1/TRAF3/WNK1",45
"C1833144","Slender long bone","9/2069","35/21671",0.257142857142857,2.6933508251053,3.25725671491599,0.00461411844609155,0.0470947974483839,0.0372937625734047,"COL1A2/ERCC1/ATP6V0A2/CUL7/GLE1/NFIX/OBSL1/PCNT/SCARF2",9
"C2700553","Omenn Syndrome","9/2069","35/21671",0.257142857142857,2.6933508251053,3.25725671491599,0.00461411844609155,0.0470947974483839,0.0372937625734047,"JAK3/CD3D/PTPRC/CTLA4/AK2/DCLRE1C/FOXP3/IL21R/TFRC",9
"C3831784","Acute monocytic/monoblastic leukemia","9/2069","35/21671",0.257142857142857,2.6933508251053,3.25725671491599,0.00461411844609155,0.0470947974483839,0.0372937625734047,"CD38/CD3D/FANCB/FOXN3/HDAC4/KAT6A/KMT2A/NCAM1/HLA-DMB",9
"C0424621","Body Fat Distribution","17/2069","90/21671",0.188888888888889,1.97844906288599,3.0219216669714,0.004666491968648,0.0475852556025189,0.0376821500587219,"PCSK5/BNC2/EFEMP1/JAZF1/LOXL1/ADAMTS2/ID4/ITGB8/LCORL/MAP4K5/NSD1/OSBPL7/PKLR/PNPLA2/RALGPS1/SEC16B/WWP2",17
"C1850794","Proximal amyotrophy","8/2069","29/21671",0.275862068965517,2.88941850969151,3.30779035682377,0.00468704617991676,0.047618486696885,0.0377084653336671,"SGCD/SYNE1/COL12A1/COL6A2/COL6A1/POMT1/POMT2/SGCB",8
"C1853444","Heterotaxy, Visceral, 3, Autosomal","8/2069","29/21671",0.275862068965517,2.88941850969151,3.30779035682377,0.00468704617991676,0.047618486696885,0.0377084653336671,"PCSK5/SLIT2/ACVR2B/CC2D2A/CEP290/CFC1/RFX3/TMEM67",8
"C3151057","HETEROTAXY, VISCERAL, 4, AUTOSOMAL","8/2069","29/21671",0.275862068965517,2.88941850969151,3.30779035682377,0.00468704617991676,0.047618486696885,0.0377084653336671,"PCSK5/SLIT2/ACVR2B/CC2D2A/CEP290/CFC1/RFX3/TMEM67",8
"C4025756","Abnormal aortic morphology","8/2069","29/21671",0.275862068965517,2.88941850969151,3.30779035682377,0.00468704617991676,0.047618486696885,0.0377084653336671,"ABCC9/BRIP1/FANCB/FANCC/FANCM/GATA4/HDAC4/SLX4",8
"C0031090","Periodontal Diseases","46/2069","326/21671",0.141104294478528,1.47794643095417,2.82487640982333,0.00469681848619123,0.047673789851082,0.0377522591880614,"CLU/PECAM1/ICAM1/AGTR1/SERPINE1/SLAMF7/CTSB/GEM/TNC/RECK/ANGPTL2/MFGE8/VCAM1/F2R/HTRA1/CCL2/PDPN/MMP2/CFH/NFATC1/HLA-DQB1/ELN/BCHE/CTSC/CTSK/EDIL3/CTLA4/CRTAP/CTDSPL/DRAM1/EGFR/FGB/FOXP3/GOPC/HSPD1/IL24/KLK3/LGALS9/NFKB1/PCSK9/PEA15/PLTP/PTGS2/SMPD1/STAT1/TGFB3",46
"C3146257","Stage II Colon Cancer AJCC v7","11/2069","48/21671",0.229166666666667,2.40032423070727,3.1553733764852,0.00476727745681557,0.0482555391837407,0.0382129389799893,"MMP2/AXIN2/TYMS/DKK1/ERBB2/FLT1/KCNQ1/MAP7/PIK3CD/PTGS2/SRY",11
"C4082299","Bulbar palsy","11/2069","48/21671",0.229166666666667,2.40032423070727,3.1553733764852,0.00476727745681557,0.0482555391837407,0.0382129389799893,"TPM2/ATXN1/DES/COL13A1/AGRN/CHRNE/GSN/MECP2/MYO9A/SCN8A/SLC25A1",11
"C4525119","Stage II Colon Cancer AJCC v8","11/2069","48/21671",0.229166666666667,2.40032423070727,3.1553733764852,0.00476727745681557,0.0482555391837407,0.0382129389799893,"MMP2/AXIN2/TYMS/DKK1/ERBB2/FLT1/KCNQ1/MAP7/PIK3CD/PTGS2/SRY",11
"C0039730","Thalassemia","23/2069","136/21671",0.169117647058824,1.77136226651124,2.93166886637936,0.00484775111529805,0.0489905505770926,0.0387949850206897,"SORBS1/VCAM1/CTLA4/ACVR2B/ATRX/CADM1/CPB2/CYP3A4/DNTT/HAMP/HFE/HLA-B/ITGB1/KIDINS220/LILRA5/MYB/NAAA/NFE2L2/PGD/SERPINB6/SLC11A2/TFRC/UPF1",23
"C1853241","Flat face","16/2069","83/21671",0.192771084337349,2.01911172966394,3.02213701609664,0.00484878780795705,0.0489905505770926,0.0387949850206897,"COL3A1/MAF/GPC6/FLNA/CDH11/CDH1/ATP6V0A2/ATRX/EHMT1/HELLS/KCNQ1/KIDINS220/KMT2A/MYH3/PPP2R3C/TRIP11",16
"C0231712","Waddling gait","20/2069","113/21671",0.176991150442478,1.85383045975782,2.95642005984581,0.00493038993829691,0.0497237952293625,0.0393756320019182,"TPM2/SYNE1/CFL2/FHL1/COL6A2/LAMB2/COL13A1/AGRN/AP4E1/AP4S1/CANT1/DMD/DYNC1H1/LMNA/MYO9A/NEFL/POMT1/SGCB/SLC25A1/SLC6A17",20
"C3160909","Autoimmune arthritis","20/2069","113/21671",0.176991150442478,1.85383045975782,2.95642005984581,0.00493038993829691,0.0497237952293625,0.0393756320019182,"S1PR3/LAIR1/PECAM1/CYBB/HLA-DOA/IL6ST/CD38/VCAM1/CPB2/FLT1/FOXP3/GATA3/HSPD1/IL21R/LGALS9/MAPK14/NPNT/PART1/PPP1R1A/TNFRSF4",20
