"ID","Description","GeneRatio","BgRatio","RichFactor","FoldEnrichment","zScore","pvalue","p.adjust","qvalue","geneID","Count"
"C0042373","Vascular Diseases","59/495","688/21671",0.0857558139534884,3.75437221047686,11.225175709217,1.80579611296449e-18,1.39876966910229e-14,9.76080320007646e-15,"AOC3/COL4A1/IGFBP5/PDE5A/CLU/VWF/FLI1/ICAM1/AGTR1/CYBB/POSTN/ATXN1/JAK3/TGFBR1/DKK3/IL6ST/EDNRA/SERPINE1/ACKR3/PKD2/AXL/TNC/KCNMA1/ACTA2/MYLK/DCN/CAV1/GBP1/NEXN/VCAM1/NR3C1/SYNPO2/MYL9/ANTXR1/F2R/HTRA1/MYOCD/CCL2/FLNA/PDPN/MGP/MMP2/FBXO32/CFH/FSTL1/PDGFC/THBS1/LOXL1/EFEMP2/ELN/PRKCB/AKR1B1/CDH5/CCDC88A/THBD/MTRR/MTR/CTLA4/MTHFR",59
"C0162871","Aortic Aneurysm, Abdominal","48/495","586/21671",0.0819112627986348,3.58605853759437,9.70309866731974,1.9865703540167e-14,5.79381224231744e-11,4.04300023975703e-11,"COL3A1/ADAMTS5/PECAM1/VWF/ICAM1/AGTR1/CYBB/POSTN/HLA-DOA/TGFBR1/CD8A/SERPINE1/PTPRC/IGKC/CTSB/PRKG1/MFAP5/ACTA2/TIMP2/MYLK/DCN/CAV1/RECK/ANGPTL2/MYH11/TAGLN/VCAM1/GNG2/CCL2/FLNA/SERPINF1/SPARCL1/MMP2/MCAM/AEBP1/COL1A2/THBS1/ADAMTS1/C3/ELN/CTSC/CTSK/THBD/MTRR/TK1/DHFR/CTLA4/MTHFR",48
"C1449563","Cardiomyopathy, Familial Idiopathic","56/495","773/21671",0.0724450194049159,3.17162831418976,9.40011076255502,2.24392418370156e-14,5.79381224231744e-11,4.04300023975703e-11,"PDLIM3/JPH2/CLU/PECAM1/AGTR1/RBMS3/CYBB/POSTN/TCF4/SGCD/FGFR1/PRKD1/SOX7/HSPB7/SYNE1/EDNRA/SERPINE1/GJA1/ACKR3/PTPRC/CTSB/PRKG1/LDB3/AXL/ACTA2/TIMP2/MYLK/CFL2/PLN/HSPB6/CNN1/CRYAB/HOPX/MEF2C/KCNJ8/CAP2/DES/MYOCD/CCL2/PDPN/SERPINF1/MMP2/FBXO32/HLA-DQB1/THBS1/EFEMP2/ELN/LUM/CTSC/CDH5/PCDH17/CTLA4/RRM2/AXIN2/CDH1/HLA-DPA1",56
"C0017658","Glomerulonephritis","37/495","391/21671",0.0946291560102302,4.14284533312666,9.58816870180012,2.99568508912711e-13,5.80114417509465e-10,4.04811656122835e-10,"RGS2/COL3A1/MMP11/PDE5A/CD74/FLI1/LAYN/ICAM1/AGTR1/CYBB/IL2RB/CD38/SERPINE1/CCL5/AXL/DCN/FHL1/SERPING1/MASP1/TAGLN/VCAM1/CNN1/MYL9/DES/LTBP1/CCL2/TGFB1I1/MMP2/CFH/GREM1/MSN/PDGFC/HLA-DQB1/C3/AKR1B1/THBD/CTLA4",37
"C0003493","Aortic Diseases","14/495","43/21671",0.325581395348837,14.2538877143528,13.3008509048719,3.74969026807838e-13,5.80902016330703e-10,4.0536125319121e-10,"COL3A1/AOC3/TGFBR1/PRKG1/TNC/ACTA2/MYLK/MYH11/VCAM1/PALMD/MMP2/MCAM/ADAMTS1/ELN",14
"C0339573","Glaucoma, Primary Open Angle","36/495","383/21671",0.0939947780678851,4.11507239496796,9.40394740272261,7.7457274686075e-13,9.99973416197229e-10,6.97794921952623e-10,"OGN/PDE5A/GAS7/CLU/EBF1/EDNRA/SERPINE1/GJA1/IGKC/CYP1B1/CACNA2D1/AXL/CAV2/DCLK1/EFEMP1/TIMP2/DCN/CAV1/MFGE8/COL8A2/ACTG2/NR3C1/CRYAB/SPARC/CCL2/MMP2/VEGFC/HLA-DQB1/THBS1/C3/LOXL1/ELN/COL8A1/CDH5/MTHFR/CDH1",36
"C0007766","Intracranial Aneurysm","32/495","311/21671",0.102893890675241,4.50467374711748,9.51781494778927,1.33894387693729e-12,1.3675458892212e-09,9.54291945744608e-10,"HAVCR2/COL3A1/AOC3/COL4A1/RNF144A/OLFML2A/TGFBR1/EDNRA/SERPINE1/PKD2/CTSB/ACTA2/TIMP2/MYLK/MYH11/VCAM1/CCDC80/LMOD1/MYOCD/CCL2/FLNA/MMP2/COL1A2/GREM1/LOXL1/ELN/CDH5/CTSK/DHFR/MTR/SLC19A1/MTHFR",32
"C0025286","Meningioma","47/495","634/21671",0.0741324921135647,3.24550552847083,8.77358211370658,1.41238924784012e-12,1.3675458892212e-09,9.54291945744608e-10,"OGN/MMP11/IGFBP5/RDX/RBMS3/SMARCA1/JAK3/DLC1/MN1/DKK3/FGFR1/CD8A/IGFBP7/EDNRA/SERPINE1/GJA1/ACKR3/PTPRC/AKAP12/CYP1B1/CTSB/TNC/KCNMA1/TIMP2/CAV1/ALDH1A3/NR3C1/MEIS1/SYNM/CRYAB/SPARC/CCL2/MMP2/LGALS1/PRELP/COL1A2/TSPAN2/MSN/HLA-DQB1/THBS1/IGFBP6/MTRR/MTR/CTLA4/MTHFR/CDH1/TYMS",47
"C0151650","Renal fibrosis","44/495","570/21671",0.0771929824561404,3.37949317738791,8.80198175432908,1.96838789510613e-12,1.69412584838801e-09,1.18218384109591e-09,"RGS2/CYGB/IL18BP/CLU/ICAM1/GLI3/AGTR1/CYBB/SMARCA1/POSTN/TGFBR1/DKK3/NREP/IL6ST/SLIT2/EDNRA/SERPINE1/GJA1/PTPRC/GLIS2/PKD2/WWTR1/EFS/TNC/FERMT2/DCN/C1R/ANGPTL2/TWIST2/ZEB2/DES/MYOCD/CCL2/PLEKHO1/GLIPR2/SERPINF1/MMP2/LGALS1/MSN/THBS1/C3/ELN/RTN1/CDH1",44
"C0856169","Endothelial dysfunction","50/495","716/21671",0.0698324022346369,3.05724846227639,8.55873374251136,2.41374451815635e-12,1.86968650376391e-09,1.30469243165609e-09,"AOC3/PDE5A/ADAMTS5/CLU/PECAM1/VWF/LIPA/ICAM1/AGTR1/CYBB/STON1/TGFBR1/CD8A/CD38/EDNRA/SERPINE1/CCL5/ARHGAP9/ACKR3/AKAP12/PRKG1/GEM/CAV1/SERPING1/ANGPTL2/MASP1/CLIC4/MFGE8/VCAM1/ZEB2/SYNM/CCL2/FLNA/MGP/SERPINF1/MMP2/CFH/MCAM/TFPI/MSN/THBS1/ELN/LUM/PRKCB/AKR1B1/CDH5/THBD/ATP7A/DHFR/MTHFR",50
"C0018799","Heart Diseases","42/495","537/21671",0.0782122905027933,3.42411827774956,8.69681413153022,4.205659613955e-12,2.96154903360867e-09,2.06660881508698e-09,"JPH2/PDE5A/APOC1/VWF/FLI1/ICAM1/AGTR1/PAPPA/TCF4/SGCD/SYNE1/GJA1/ZFPM2/PRKG1/LDB3/TNC/ACTA2/MYLK/PLN/SLC24A3/ANGPTL2/ANK2/PRICKLE1/HSPB6/CRYAB/DES/SPARC/SERPINF1/FAM20C/MMP2/COL1A2/NFATC1/THBS1/ADAMTS1/LBH/LOXL1/ELN/PRKCB/THBD/ABCC2/CTLA4/MTHFR",42
"C0013264","Muscular Dystrophy, Duchenne","34/495","375/21671",0.0906666666666667,3.96936835016835,8.86830826585691,9.34478575972402e-12,5.75533473235296e-09,4.01615011491601e-09,"PDE5A/ADAMTS5/ST8SIA4/CYBB/POSTN/SSPN/SGCD/PMP22/SYNE1/CD38/SERPINE1/GJA1/CTSB/TNC/TIMP2/TUBB6/DCN/PLN/FHL1/ITPR1/ACTG2/VCAM1/NR3C1/SYNM/CCL2/THBS4/MMP2/LGALS1/THBS1/EFEMP2/CTSC/PRKCB/ITGA4/DHFR",34
"C0020542","Pulmonary Hypertension","22/495","156/21671",0.141025641025641,6.17407407407407,9.91595065483589,9.65909521308915e-12,5.75533473235296e-09,4.01615011491601e-09,"COL4A1/PDE5A/CLU/PECAM1/VWF/CYBB/TGFBR1/FGFR1/EDNRA/SERPINE1/GJA1/PRKG1/PTGIS/TNC/KCNMA1/CAV1/HTR2B/VCAM1/CCL2/TACR2/GREM1/ATP7A",22
"C0013720","Ehlers-Danlos Syndrome","16/495","77/21671",0.207792207792208,9.09710087891906,10.8822438926626,1.63924529318038e-11,9.06971002926803e-09,6.32896584998591e-09,"COL3A1/COL4A1/VWF/TGFBR1/COL12A1/ACTA2/TIMP2/DCN/C1R/ZEB2/FLNA/AEBP1/COL1A2/ELN/ADAMTS2/ATP7A",16
"C0007787","Transient Ischemic Attack","32/495","344/21671",0.0930232558139535,4.07253934695795,8.78257527840068,1.98147504279351e-11,1.0202242026499e-08,7.11926193567785e-09,"HAVCR2/COL3A1/CD74/VWF/ICAM1/PAPPA/CYBB/ADARB1/TGFBR1/FGFR1/SERPINE1/GJA1/CTSB/PRKG1/MFAP5/ACTA2/MYLK/CAV1/ITPR1/MYH11/ANK2/HTRA1/LTBP1/CCL2/SERPINF1/MMP2/THBS1/ADAMTS1/C3/ELN/THBD/MTHFR",32
"C0242383","Age related macular degeneration","47/495","685/21671",0.0686131386861314,3.00386935043869,8.14816744482512,2.10735698972353e-11,1.0202242026499e-08,7.11926193567785e-09,"AOC3/FILIP1L/PDE5A/CLU/VWF/ICAM1/AGTR1/POSTN/HMCN1/SGCD/TGFBR1/FGFR1/IL6ST/IGFBP7/SERPINE1/GEM/TNC/EFEMP1/TIMP2/CAV1/FHL1/SERPING1/ANGPTL2/MASP1/MFGE8/RGS10/ZEB2/CRYAB/HTRA1/CCL2/SERPINF1/MMP2/VEGFC/CFH/LGALS1/HLA-DQB1/THBS1/C3/LOXL1/FNDC1/ELN/COL8A1/STC1/RORA/MYO5A/THBD/PILRA",47
"C0011853","Diabetes Mellitus, Experimental","40/495","522/21671",0.0766283524904215,3.3547737915554,8.32625327296116,2.61896217152439e-11,1.19332241062517e-08,8.32716455156517e-09,"AOC3/PDE5A/CLU/PECAM1/VWF/ICAM1/CYBB/JAK3/EDNRA/SERPINE1/GJA1/CALD1/CTSB/PRKG1/TNC/KCNMA1/TIMP2/DCN/CAV1/MFGE8/VCAM1/NR3C1/MEF2C/LTBP1/CCL2/SERPINF1/KCNMB1/MMP2/THBS1/ELN/BCHE/CTSC/PRKCB/AKR1B1/ABCC2/ERCC1/MTR/UMPS/MTHFR/ABCC3",40
"C2973725","Pulmonary arterial hypertension","35/495","413/21671",0.0847457627118644,3.71015237116932,8.50193194115011,3.06989954861399e-11,1.32108010575356e-08,9.21867496031161e-09,"JPH2/PDE5A/FLI1/LIPA/ICAM1/AGTR1/CYBB/POSTN/DLC1/TGFBR1/FGFR1/EDNRA/CCL5/GJA1/CYP1B1/PTGIS/TNC/ACTA2/CAV1/CLIC4/TAGLN/HTR2B/ACTG2/VCAM1/CCL2/FLNA/MGP/MCAM/LGALS1/COL1A2/THBS1/LAMB2/THBD/AXIN2/HLA-DPA1",35
"C0555198","Malignant Glioma","48/495","724/21671",0.0662983425414365,2.90252804285953,7.96066823088252,4.19020221071988e-11,1.70827928022296e-08,1.19206029651228e-08,"QKI/HAVCR2/MMP11/PECAM1/LAYN/ICAM1/TCF4/IL2RB/AKT3/DKK3/FGFR1/SOX7/SLIT2/LATS2/CCL5/GJA1/CD2/CTSB/WWTR1/EFS/CAV2/TNC/EFEMP1/TIMP2/MYLK/DCN/CAV1/RECK/ALDH1A3/ANGPTL1/DES/SPARC/LTBP1/CCL2/PDPN/SERPINF1/EMP3/MMP2/LGALS1/THBS1/CDH11/CTSK/STC1/ERCC1/TK1/MTHFR/ABCC3/CD27",48
"C0013274","Patent ductus arteriosus","39/495","510/21671",0.0764705882352941,3.34786690433749,8.2035260111237,4.98830843636746e-11,1.93197185740512e-08,1.34815599056563e-08,"CHST15/VWF/GLI3/AGTR1/SMARCA1/MAP1B/DLC1/RAB23/TGFBR1/SLIT2/GJA1/CYP1B1/PRKG1/PTGIS/AXL/TNC/MFAP5/DCLK1/ACTA2/MYLK/RECK/MASP1/MYH11/ZEB2/KCNJ8/SPARC/MYOCD/CCL2/FLNA/DACT1/MMP2/LGALS1/NFATC1/PALLD/DTNA/ELN/CTLA4/UMPS/MTHFR",39
"C0025500","Mesothelioma","41/495","560/21671",0.0732142857142857,3.20530663780664,8.08385818845873,6.02060119995534e-11,2.22074175689781e-08,1.54966351688074e-08,"HAVCR2/FYN/GJC1/CD74/ICAM1/ZNF667-AS1/FGFR1/EDNRA/SERPINE1/GJA1/ACKR3/WWTR1/AXL/TNC/DCLK1/EFEMP1/GBP1/MITF/VCAM1/ZEB2/F2R/HTRA1/CCL2/PPP1R14A/PDPN/SDC2/MMP2/VEGFC/MCAM/TFPI/GREM1/PDGFC/EFEMP2/PRKCB/ABCC2/ERCC1/CTLA4/SLC19A1/CDH1/TYMS/ABCC3",41
"C0042345","Varicosity","23/495","188/21671",0.122340425531915,5.35603911454975,9.17135115598697,6.31894149442372e-11,2.22484185526391e-08,1.55252462075913e-08,"COL3A1/ICAM1/EBF1/GJA1/CAV2/TNC/MFAP5/TIMP2/KANK2/SYNM/DES/MYOCD/CCL2/MGP/MMP2/VEGFC/LBH/ELN/PRKCB/PAPLN/THBD/MTR/MTHFR",23
"C0026850","Muscular Dystrophy","28/495","280/21671",0.1,4.3779797979798,8.69822446352153,6.83889029036956e-11,2.30321931257403e-08,1.6072174664095e-08,"COL4A1/HSPB8/SSPN/IL2RB/SGCD/RUNX1T1/SYNE1/CD38/SERPINE1/PEG3/COL12A1/LDB3/GEM/DCN/FHL1/ITPR1/SGCE/CRYAB/COL6A2/DES/COL6A1/SDC2/MSN/DTNA/EFEMP2/BCHE/LAMB2/PRIMA1",28
"C0019294","Hernia, Inguinal","25/495","225/21671",0.111111111111111,4.86442199775533,8.9086673942739,7.67038214933142e-11,2.47561583869672e-08,1.72751808494811e-08,"COL3A1/FLI1/GLI3/SETBP1/TGFBR1/FGFR1/AP1S2/PRKG1/C1S/MFAP5/ACTA2/EFEMP1/TIMP2/MYLK/C1R/MYH11/MEIS2/FLNA/MMP2/AEBP1/COL1A2/EFEMP2/ELN/ADAMTS2/ATP7A",25
"C0030297","Pancreatic Neoplasm","49/495","764/21671",0.0641361256544503,2.80786662435877,7.77816761714811,8.24069277199196e-11,2.55329624847399e-08,1.7817245214391e-08,"CHST15/RDX/APOC1/SORBS2/FLI1/ICAM1/POSTN/ITGA1/TGFBR1/DKK3/TIAM1/IL6ST/SLIT2/SERPINE1/CTSB/WWTR1/GEM/AXL/DCLK1/EFEMP1/DCN/CAV1/NRP2/RECK/TAGLN/MITF/VCAM1/F2R/SPARC/CCL2/SPARCL1/MMP2/VEGFC/LGALS1/NFATC1/MSN/PALLD/THBS1/LUM/ABCC2/MTRR/ERCC1/MTR/UMPS/MTHFR/CDH1/TYMS/ABCC3/LILRB4",49
"C0026654","Moyamoya Disease","18/495","117/21671",0.153846153846154,6.73535353535354,9.51041079107331,1.74107799663595e-10,5.1870731392085e-08,3.61960951932211e-08,"CLU/CCL5/GJA1/ACTA2/TIMP2/MYLK/CAV1/SGCE/HTRA1/CCL2/MMP2/JAZF1/CFH/HLA-DQB1/ELN/THBD/ATP7A/MTHFR",18
"C0149721","Left Ventricular Hypertrophy","33/495","403/21671",0.0818858560794045,3.58494623655914,8.00849304973731,2.79672310128964e-10,7.74479252228831e-08,5.40442056367979e-08,"COL3A1/HSPB8/JPH2/PDE5A/PECAM1/AGTR1/ITGA11/CYBB/POSTN/FGFR1/IL6ST/EDNRA/SERPINE1/GJA1/ACKR3/TNC/TIMP2/CAV1/PLN/FHL1/NEXN/HTR2B/VCAM1/SYNM/MYL9/PDE1A/CCL2/MMP2/COL1A2/THBS1/DTNA/PRKCB/MTHFR",33
"C0035309","Retinal Diseases","46/495","714/21671",0.0644257703081232,2.8205472087825,7.56304327369265,2.79956352471047e-10,7.74479252228831e-08,5.40442056367979e-08,"IGFBP5/CYGB/CD74/ICAM1/AGTR1/CYBB/ATXN1/FGFR1/JAM3/EDNRA/SERPINE1/GJA1/ACKR3/PTPRC/CYP1B1/PKD2/EFEMP1/DCN/CAV1/COL8A2/MITF/VCAM1/CRYAB/MEF2C/SPARC/CCL2/SERPINF1/MPDZ/MMP2/VEGFC/CFH/LGALS1/HLA-DQB1/C3/LAMB2/PRKCB/IGFBP6/AKR1B1/COL8A1/STC1/MYO5A/EDIL3/MTRR/CTLA4/MTHFR/HLA-DPA1",46
"C0003486","Aortic Aneurysm","27/495","278/21671",0.0971223021582734,4.25199476782211,8.343465635379,2.90955654094557e-10,7.77152585040152e-08,5.42307544020164e-08,"COL3A1/AOC3/ADAMTS5/PECAM1/AGTR1/MAP1B/TGFBR1/CD38/SERPINE1/TNC/ACTA2/MYLK/ANGPTL2/MYH11/TAGLN/CCL2/FLNA/PDPN/MMP2/THBS1/LOXL1/EFEMP2/ELN/CDH5/CTSK/ATP7A/TYMS",27
"C0023787","Lipodystrophy","24/495","226/21671",0.106194690265487,4.64918208635023,8.43134420570494,4.69937673728749e-10,1.21337907356763e-07,8.46712264770922e-08,"COL3A1/LAMA4/SGCD/FGFR1/SYNE1/EBF1/CD38/SERPINE1/PTPRC/LDB3/FERMT2/CAV1/PLN/FHL1/CLMP/NEXN/NR3C1/CRYAB/CAP2/DES/CCL2/FLNA/MTHFR/TYMS",24
"C4707243","Familial thoracic aortic aneurysm and aortic dissection","13/495","59/21671",0.220338983050847,9.64639616504023,10.1677239729577,6.11857634186879e-10,1.52885459174567e-07,1.0668553315958e-07,"COL3A1/COL4A1/TGFBR1/PKD2/PRKG1/MFAP5/ACTA2/MYLK/MYH11/FLNA/COL1A2/EFEMP2/ELN",13
"C3887461","Head and Neck Carcinoma","48/495","786/21671",0.0610687022900763,2.67357544914797,7.30717352015202,6.71008188314947e-10,1.62425919583987e-07,1.13342994967015e-07,"CHRNA3/HAVCR2/IGFBP5/CYGB/EPHA3/ADAM12/PDE5A/PECAM1/CYBB/POSTN/TGFBR1/FGFR1/IGFBP7/SERPINE1/ACKR3/PTPRC/CYP1B1/PKD2/CTSB/PTGIS/AXL/TNC/DCLK1/TIMP2/ZEB2/HOPX/MYL9/SPARC/CCL2/PDPN/MMP2/TFPI/LGALS1/COL1A2/NFATC1/PDLIM7/CDH11/CDH19/RASSF2/RORA/ATP7B/ERCC1/DHFR/CTLA4/MTHFR/AXIN2/CDH1/TYMS",48
"C0007193","Cardiomyopathy, Dilated","37/495","512/21671",0.072265625,3.16377446338384,7.57546843914247,7.7167800624016e-10,1.81133873828372e-07,1.26397657481443e-07,"PDLIM3/JPH2/TPM2/IL18BP/AGTR1/LAMA4/POSTN/SGCD/HSPB7/SYNE1/EDNRA/SERPINE1/GJA1/YME1L1/CTSB/LDB3/AXL/TIMP2/MYLK/PLN/MFGE8/NEXN/HSPB6/CNN1/SYNM/CRYAB/HOPX/CAP2/DES/MYOCD/CCL2/FBXO32/COX7A1/HLA-DQB1/CDH2/CTLA4/AXIN2",37
"C0278996","Malignant Head and Neck Neoplasm","47/495","767/21671",0.061277705345502,2.68272556069166,7.25448131297785,9.15871044826706e-10,2.08656973918461e-07,1.45603647528952e-07,"CHRNA3/HAVCR2/IGFBP5/CYGB/EPHA3/ADAM12/PDE5A/PECAM1/CYBB/POSTN/TGFBR1/FGFR1/IGFBP7/SERPINE1/ACKR3/PTPRC/CYP1B1/PKD2/CTSB/PTGIS/AXL/TNC/DCLK1/TIMP2/ZEB2/HOPX/MYL9/SPARC/CCL2/PDPN/MMP2/LGALS1/COL1A2/NFATC1/PDLIM7/CDH11/CDH19/RASSF2/RORA/ATP7B/ERCC1/DHFR/CTLA4/MTHFR/AXIN2/CDH1/TYMS",47
"C0013221","Drug toxicity","15/495","86/21671",0.174418604651163,7.63601127554616,9.42736680971512,9.58606012355818e-10,2.12153204905948e-07,1.48043364614951e-07,"CLU/HTR2B/HSPB6/NR3C1/C3/BCHE/THBD/ABCC2/MTRR/DHFR/MTR/SLC19A1/MTHFR/TYMS/CES2",15
"C0041755","Adverse reaction to drug","15/495","87/21671",0.172413793103448,7.54824103099965,9.35682286527159,1.13432731635538e-09,2.42627316002956e-07,1.6930860990055e-07,"CLU/HTR2B/HSPB6/NR3C1/C3/BCHE/THBD/ABCC2/MTRR/DHFR/MTR/SLC19A1/MTHFR/TYMS/CES2",15
"C0852949","Arteriopathic disease","16/495","101/21671",0.158415841584158,6.93541354135414,9.14106271383797,1.15894793339909e-09,2.42627316002956e-07,1.6930860990055e-07,"COL3A1/COL4A1/VWF/POSTN/CD84/TGFBR1/SERPINE1/ACTA2/CAV1/MYH11/HTRA1/FLNA/EFEMP2/ELN/MTR/MTHFR",16
"C3203102","Idiopathic pulmonary arterial hypertension","47/495","776/21671",0.0605670103092784,2.65161147558055,7.16353942844764,1.3345272086459e-09,2.67238776648035e-07,1.86482818716303e-07,"JPH2/EPHA3/PDE5A/PECAM1/VWF/FLI1/LIPA/ICAM1/FGL2/AGTR1/POSTN/DLC1/TGFBR1/FGFR1/EDNRA/SERPINE1/CCL5/GJA1/PTPRC/CYP1B1/PTGIS/TNC/ACTA2/CAV1/PLN/FHL1/CLIC4/TAGLN/HTR2B/ACTG2/VCAM1/PDE1A/CCL2/FLNA/MGP/MMP2/FBXO32/CFH/MCAM/LGALS1/COL1A2/THBS1/ELN/LAMB2/CDH5/THBD/AXIN2",47
"C0162872","Aortic Aneurysm, Thoracic","11/495","41/21671",0.268292682926829,11.7457994579946,10.5296149717665,1.34550894516826e-09,2.67238776648035e-07,1.86482818716303e-07,"SERPINE1/PRKG1/MFAP5/ACTA2/MYLK/MYH11/FLNA/MMP2/THBS1/ELN/PRKCB",11
"C0153690","Secondary malignant neoplasm of bone","42/495","647/21671",0.0649149922720247,2.84196524752939,7.27253783722345,1.39085386482179e-09,2.67732988984582e-07,1.86827686743016e-07,"PDLIM3/ITGBL1/PECAM1/ICAM1/PCDH7/POSTN/DLC1/TGFBR1/PMP22/FGFR1/IL6ST/EDNRA/SERPINE1/GJA1/ACKR3/CTSB/WWTR1/AXL/TNC/MFAP5/DDR2/TIMP2/DCN/ANGPTL2/VCAM1/TWIST2/ZEB2/DPYSL3/ANTXR1/F2R/SPARC/CCL2/TACR2/MMP2/MCAM/A2M/ADAMTS1/CDH11/ELN/CTSK/ITGA4/CDH1",42
"C0235833","Congenital diaphragmatic hernia","24/495","239/21671",0.100418410041841,4.39629770508432,8.07204255535375,1.467856378139e-09,2.67732988984582e-07,1.86827686743016e-07,"CRISPLD2/GLI3/AGTR1/TCF4/SOX7/TRPS1/EDNRA/ZFPM2/ACTA2/TIMP2/CAV1/NR3C1/ZEB2/RGMA/DES/CCL2/FLNA/DACT1/MMP2/FSTL1/EFEMP2/ELN/EDIL3/AXIN2",24
"C0032914","Pre-Eclampsia","20/495","166/21671",0.120481927710843,5.27467445539735,8.45273896629087,1.47811877393382e-09,2.67732988984582e-07,1.86827686743016e-07,"ADAM12/PDE5A/CLU/VWF/ICAM1/AGTR1/IL6ST/SERPINE1/CCL5/TIMP2/ACTG2/VCAM1/HTRA1/CFH/TFPI/LGALS1/C3/ITGA4/THBD/MTHFR",20
"C0423798","Increased tendency to bruise","18/495","133/21671",0.135338345864662,5.92508544087491,8.71057840477442,1.48625335997122e-09,2.67732988984582e-07,1.86827686743016e-07,"COL3A1/VWF/TGFBR1/PRKG1/C1S/MFAP5/ACTA2/MYLK/C1R/MYH11/FLNA/AEBP1/COL1A2/WIPF1/ELN/ADAMTS2/ATP7B/ATP7A",18
"C0017661","IGA Glomerulonephritis","34/495","456/21671",0.0745614035087719,3.26428318270424,7.47139565043112,1.73080210017623e-09,3.04699842453752e-07,2.12623655129305e-07,"HAVCR2/LAIR1/PDE5A/CLU/VWF/ICAM1/AGTR1/POSTN/JAK3/TRAC/DKK3/IGFBP7/SERPINE1/CCL5/PTPRC/TNC/TIMP2/DCN/VCAM1/NR3C1/GNG2/CCL2/MMP2/CFH/PDGFC/HLA-DQB1/C3/HLA-DRA/MS4A6A/MTR/CTLA4/LAPTM5/CD27/HLA-DPA1",34
"C0340643","Dissection of aorta","19/495","152/21671",0.125,5.47247474747475,8.45996836991197,2.03987796625136e-09,3.48365192371303e-07,2.4309392458269e-07,"COL3A1/IL18BP/PECAM1/TGFBR1/RUNX1T1/IL6ST/PKD2/PRKG1/ACTA2/MYLK/FHL1/MYH11/TAGLN/CCL2/THBS4/MMP2/THBS1/EFEMP2/ELN",19
"C0023267","Fibroid Tumor","32/495","413/21671",0.0774818401937046,3.39213931078338,7.50430338544216,2.06878373987606e-09,3.48365192371303e-07,2.4309392458269e-07,"COL3A1/PECAM1/VWF/TGFBR1/AKT3/FGFR1/IGFBP7/EDNRA/SERPINE1/GJA1/EGR2/CALD1/CYP1B1/TNC/FERMT2/EFEMP1/TIMP2/MYLK/CAV1/RFTN1/RECK/NR3C1/DES/LTBP1/CCL2/SMTN/TACR2/PBX3/MMP2/THBS1/AKR1B1/CDH1",32
"C1836653","Ascending aortic dissection","9/495","25/21671",0.36,15.7607272727273,11.2901321233473,2.32375777219494e-09,3.72654662930436e-07,2.60043444378462e-07,"TGFBR1/SERPINE1/PRKG1/MFAP5/ACTA2/MYLK/MYH11/EFEMP2/ELN",9
"C0023465","Acute monocytic leukemia","41/495","633/21671",0.0647709320695103,2.83565832096638,7.16640862645704,2.35127818689727e-09,3.72654662930436e-07,2.60043444378462e-07,"HAVCR2/RGS2/GAS7/DERL3/CD74/GLI3/MLLT11/RUNX1T1/FGFR1/TIAM1/IL6ST/LATS2/CD38/GLIS2/HIP1/CTSB/EFS/GEM/MYH11/MITF/VCAM1/TWIST2/MEIS1/SPARC/HOXB2/CCL2/FLNA/MMP2/VEGFC/NFATC1/ELN/LILRB2/AKR1B1/CTSK/RORA/LCP2/ABCC2/CDH2/MTHFR/ABCC3/LILRB4",41
"C0019284","Diaphragmatic Hernia","14/495","78/21671",0.179487179487179,7.85791245791246,9.27668557748831,2.35735585897126e-09,3.72654662930436e-07,2.60043444378462e-07,"IGFBP5/ICAM1/AGTR1/SOX7/EDNRA/GJA1/ZFPM2/KCNMA1/TIMP2/DCN/VCAM1/ELN/EDIL3/ATP7A",14
"C2931384","Moyamoya disease 1","15/495","92/21671",0.16304347826087,7.13801054018445,9.02019605341969,2.54289136558195e-09,3.93944730355956e-07,2.74899940258175e-07,"CLU/CCL5/GJA1/ACTA2/TIMP2/MYLK/CAV1/CCL2/MMP2/JAZF1/CFH/HLA-DQB1/ELN/THBD/MTHFR",15
"C0598608","Hyperhomocysteinemia","24/495","246/21671",0.0975609756097561,4.27119980290712,7.88904258914708,2.62198245587743e-09,3.98232864769149e-07,2.77892258223542e-07,"PDE5A/PECAM1/ICAM1/AGTR1/EDNRA/SERPINE1/CCL5/TIMP2/MYLK/VCAM1/MEF2C/DES/CCL2/MMP2/ELN/BCHE/ATP1A2/PRKCB/THBD/MTRR/MTR/SLC19A1/MTHFR/TYMS",24
"C1704272","Benign Prostatic Hyperplasia","46/495","770/21671",0.0597402597402597,2.61541650268923,6.97840926635147,3.10953745720095e-09,4.63201483528434e-07,3.23228235682731e-07,"HAVCR2/FYN/IGFBP5/ITGBL1/PDE5A/CLU/FLI1/AGTR1/MAP4K4/POSTN/DKK3/FGFR1/TRPS1/SLIT2/IGFBP7/EDNRA/CCL5/ACKR3/AKAP12/CYP1B1/CTSB/CAV2/DCLK1/KCNMA1/TIMP2/CAV1/RECK/ANGPTL2/MEIS2/F2R/CCL2/PPP1R14A/SERPINF1/MMP2/MCAM/WIPF1/A2M/THBS1/ADAMTS1/ELN/IL10RA/STC1/RORA/ITGA4/MTHFR/CDH1",46
"C4476540","Dilatation of the cerebral artery","9/495","26/21671",0.346153846153846,15.1545454545455,11.0411395067137,3.4824171966076e-09,5.08958558583442e-07,3.55158139117776e-07,"COL3A1/COL4A1/TGFBR1/PRKG1/MFAP5/ACTA2/MYLK/MYH11/ELN",9
"C0042133","Uterine Fibroids","38/495","569/21671",0.0667838312829526,2.92378264188458,7.10984964543371,4.04925181120263e-09,5.80842676473622e-07,4.05319845039484e-07,"COL3A1/GJC1/IGFBP5/AGTR1/POSTN/AKT3/FGFR1/SYNE1/IGFBP7/CD38/EDNRA/SERPINE1/GJA1/EGR2/CALD1/CYP1B1/TNC/FERMT2/EFEMP1/TIMP2/MYLK/CAV1/ITPR1/RFTN1/RECK/NR3C1/DES/LTBP1/MYOCD/CCL2/SMTN/TACR2/PBX3/MMP2/THBS1/AKR1B1/EDIL3/CDH1",38
"C4552766","Miscarriage","32/495","426/21671",0.0751173708920188,3.28862332242614,7.29391742228566,4.4047645464051e-09,6.20351021390071e-07,4.32889300397898e-07,"HAVCR2/MMP11/LAIR1/AGTR1/LAMA4/POSTN/CD84/TGFBR1/AP1S2/CD8A/SLIT2/SERPINE1/PTPRC/CYP1B1/PTGIS/GEM/TIMP2/VCAM1/NR3C1/COL6A1/CCL2/MGP/LGALS1/COL1A2/HLA-DQB1/IGFBP6/COL13A1/THBD/DHFR/CTLA4/SLC19A1/MTHFR",32
"C4025845","Abnormality iris morphology","9/495","27/21671",0.333333333333333,14.593265993266,10.8055536928573,5.1184582217092e-09,7.0799245330999e-07,4.94046672339788e-07,"TGFBR1/GJA1/CYP1B1/PRKG1/MFAP5/ACTA2/MYLK/MYH11/ELN",9
"C0038013","Ankylosing spondylitis","43/495","710/21671",0.0605633802816901,2.65145255370607,6.84068145247856,7.00324954066993e-09,9.46414302471355e-07,6.60420650820173e-07,"HAVCR2/PDLIM3/RDX/ST8SIA4/CD74/PAPPA/POSTN/IL2RB/OSMR/JAK3/HLA-DOA/ITGA1/TRAC/DKK3/CD38/GJA1/CYP1B1/PTGIS/GEM/TNC/ACTA2/CPQ/NR3C1/SPARC/CCL2/MMP2/VEGFC/FNBP1/JAZF1/CFH/MCAM/NFATC1/PDLIM7/HLA-DQB1/C3/IL10RA/PRKCB/EDIL3/CTLA4/MTHFR/HLA-DMB/ADGRL2/HLA-DPA1",43
"C1658953","tumor vasculature","21/495","200/21671",0.105,4.59687878787879,7.8131246939936,7.0865000701444e-09,9.46414302471355e-07,6.60420650820173e-07,"ADAM12/PECAM1/VWF/ICAM1/PAPPA/HLA-DOA/FGFR1/SERPINE1/CCL5/ACKR3/CALD1/TNC/TIMP2/VCAM1/ANTXR1/DES/MMP2/THBS1/CDH11/CDH5/THBD",21
"C0024796","Marfan Syndrome","17/495","130/21671",0.130769230769231,5.7250505050505,8.26143122378678,7.23085126286033e-09,9.49324981052816e-07,6.624517615484e-07,"COL3A1/VWF/AGTR1/TGFBR1/ACTA2/TIMP2/DCN/TAGLN/CNN1/MMP2/COL1A2/THBS1/ADAMTS1/ELN/CDH5/MTHFR/AXIN2",17
"C0795690","Congenital omphalocele","14/495","85/21671",0.164705882352941,7.21079025549614,8.771630528996,7.56045276988126e-09,9.76054452591671e-07,6.81103946900707e-07,"PCSK5/RAB23/FGFR1/MYLK/MASP1/MYH11/ACTG2/TWIST2/LMOD1/FLNA/DACT1/MMP2/SLC19A1/MTHFR",14
"C0220650","Metastatic malignant neoplasm to brain","30/495","392/21671",0.076530612244898,3.35049474335189,7.18020429961032,8.84873112618204e-09,1.12364379185912e-06,7.84093776237184e-07,"S1PR3/CD74/PCDH7/MLLT11/AKT3/FGFR1/IL6ST/SLIT2/CD38/GJA1/ACKR3/ETV1/AXL/KCNMA1/CAV1/GBP1/VCAM1/ZEB2/GAP43/CCL2/MMP2/MSN/RASSF2/IGFBP6/CDH2/ERCC1/CTLA4/AXIN2/CDH1/PDZRN4",30
"C0031090","Periodontal Diseases","27/495","326/21671",0.0828220858895705,3.62593418851088,7.3038971491637,9.47978882307213e-09,1.18436200360511e-06,8.26463762418937e-07,"CLU/PECAM1/ICAM1/AGTR1/SERPINE1/SLAMF7/CTSB/GEM/TNC/RECK/ANGPTL2/MFGE8/VCAM1/F2R/HTRA1/CCL2/PDPN/MMP2/CFH/NFATC1/HLA-DQB1/ELN/BCHE/CTSC/CTSK/EDIL3/CTLA4",27
"C0002793","Anaplasia","36/495","538/21671",0.0669144981412639,2.9295032105441,6.92892974424727,1.00107192369072e-08,1.21983141142767e-06,8.51214793058708e-07,"CYGB/ICAM1/AGTR1/PAPPA/SMARCA1/POSTN/TGFBR1/DKK3/FGFR1/CD38/SERPINE1/GJA1/CALD1/WWTR1/TNC/MYLK/DCN/CAV1/TAGLN/MITF/ACTG2/TWIST2/ALDH1A3/CNN1/MEF2C/DES/MYOCD/CCL2/RBPMS2/MMP2/GREM1/THBS1/AKR1B1/CTLA4/AXIN2/CDH1",36
"C2316810","Chronic kidney disease stage 5","41/495","666/21671",0.0615615615615616,2.69515272848606,6.7935174556284,1.0078648377404e-08,1.21983141142767e-06,8.51214793058708e-07,"COL4A1/CLU/ST8SIA4/VWF/ICAM1/AGTR1/PAPPA/CYBB/POSTN/PRKD1/EDNRA/SERPINE1/CCL5/BNC2/GLIS2/PKD2/GEM/KCNMA1/TIMP2/CAV1/NR3C1/MEIS1/APOL3/RGMA/CCL2/MGP/MMP2/CFH/TFPI/WIPF1/HLA-DQB1/C3/LAMB2/PRKCB/RTN1/ABCC2/MTR/CTLA4/MTHFR/ABCC3/CD27",41
"C0345967","Malignant mesothelioma","31/495","420/21671",0.0738095238095238,3.23136604136604,7.06018156593331,1.16444576586438e-08,1.38766106190546e-06,9.68328584245119e-07,"ICAM1/PDLIM4/IL2RB/OSMR/DKK3/LATS2/CCL5/GJA1/COL12A1/TNC/EFEMP1/NRP2/VCAM1/ZEB2/CSRP1/DES/LTBP1/PDPN/MMP2/VEGFC/MCAM/GREM1/PDLIM7/C3/ADAMTS2/THBD/ABCC2/ERCC1/AXIN2/CDH1/TYMS",31
"C0040420","Tonometry","21/495","206/21671",0.101941747572816,4.46298911444543,7.6353575860989,1.20037838101425e-08,1.40880771808127e-06,9.83085005822677e-07,"COL4A1/ADAM12/TFEC/PCSK5/TCF4/DLC1/CAV2/FERMT2/EFEMP1/ANGPTL2/TNS1/COL8A2/GLT8D2/ANTXR1/LTBP1/COL6A1/THBS4/FBXO32/CDH11/ADAMTS2/EMCN",21
"C3714636","Pneumonitis","42/495","697/21671",0.0602582496413199,2.63809399591322,6.72085718119622,1.22224943082457e-08,1.41306628226375e-06,9.86056689282665e-07,"HAVCR2/RGS2/COL3A1/AOC3/LAIR1/PDE5A/PTGER3/PECAM1/CD74/VWF/ICAM1/CYBB/POSTN/IL2RB/HLA-DOA/IL6ST/SLIT2/LATS2/EDNRA/SERPINE1/CCL5/ACKR3/CD2/MYLK/CAV1/SERPING1/TAGLN/VCAM1/NR3C1/F2R/CCL2/SDC2/MMP2/MCAM/TFPI/THBS1/ELN/AKR1B1/RORA/CTLA4/MTHFR/LILRB4",42
"C0152021","Congenital heart disease","24/495","267/21671",0.0898876404494382,3.93526273975712,7.37845158938539,1.32032430486638e-08,1.48337687584391e-06,1.03512036874155e-06,"COL4A1/VWF/SMARCA1/DLC1/ADARB1/RUNX1T1/AKT3/FGFR1/NREP/IGFBP7/AKAP12/ZFPM2/TIMP2/TAGLN/ZEB2/MEF2C/SRPX/MYOCD/FLNA/NFATC1/MTRR/MTR/MTHFR/AXIN2",24
"C0241074","Hyperextensible skin","11/495","50/21671",0.22,9.63155555555556,9.34213792687553,1.32136592348605e-08,1.48337687584391e-06,1.03512036874155e-06,"AKT3/TRPS1/C1S/C1R/TWIST2/ANTXR1/FLNA/AEBP1/COL1A2/ADAMTS2/ATP7A",11
"C0007138","Carcinoma, Transitional Cell","39/495","623/21671",0.0626003210272873,2.74062940804514,6.73992421779005,1.49219812779279e-08,1.65029032593768e-06,1.1515948229565e-06,"IGFBP5/EPHA3/PECAM1/CD74/CYBB/POSTN/DLC1/FGFR1/IGFBP7/CYP1B1/GEM/TNC/DDR2/TIMP2/DCN/CAV1/RECK/NR3C1/SPARCL1/EMP3/DACT1/NDN/MMP2/TFPI/LGALS1/NFATC1/THBS1/LUM/BCHE/RORA/THBD/ATP7A/ERCC1/MTR/CTLA4/MTHFR/RRM2/AXIN2/CDH1",39
"C0151744","Myocardial Ischemia","44/495","756/21671",0.0582010582010582,2.54803057025279,6.62401926833387,1.51265960678512e-08,1.65029032593768e-06,1.1515948229565e-06,"CYGB/IL18BP/PECAM1/VWF/ICAM1/AGTR1/PAPPA/ATXN1/IL6ST/IGFBP7/CD38/EDNRA/SERPINE1/GJA1/EGR2/TNC/DCN/TUBA1A/PLN/GBP2/TAGLN/VCAM1/HSPB6/CRYAB/KCNJ8/DES/SPARC/CCL2/SERPINF1/KCNMB1/JAZF1/TFPI/MSN/C3/ELN/CTSC/PRKCB/AKR1B1/RTN1/THBD/EDIL3/CDH2/MTHFR/AXIN2",44
"C2145472","Urothelial Carcinoma","32/495","449/21671",0.0712694877505568,3.12016377584306,6.94079977828491,1.55195705528155e-08,1.66964713197373e-06,1.1651022629928e-06,"IGFBP5/EPHA3/PECAM1/CD74/CYBB/DLC1/FGFR1/CYP1B1/GEM/TNC/DDR2/DCN/RECK/NR3C1/SPARCL1/EMP3/NDN/MMP2/TFPI/NFATC1/THBS1/LUM/BCHE/RORA/THBD/ATP7A/ERCC1/MTR/CTLA4/MTHFR/RRM2/AXIN2",32
"C0241868","acute aortic dissection","12/495","63/21671",0.19047619047619,8.33900913900914,8.91888385932169,1.63782935643751e-08,1.73789399931027e-06,1.21272584647536e-06,"PECAM1/VWF/SERPINE1/PRKG1/TNC/ACTA2/MYLK/CCL2/MMP2/THBS1/ADAMTS1/CTLA4",12
"C1388233","Aneurysm of descending thoracic aorta","7/495","15/21671",0.466666666666667,20.4305723905724,11.5093870033361,1.70785948660873e-08,1.76387727776949e-06,1.23085732824362e-06,"TGFBR1/PRKG1/MFAP5/ACTA2/MYLK/MYH11/ELN",7
"C4022878","Descending aortic dissection","7/495","15/21671",0.466666666666667,20.4305723905724,11.5093870033361,1.70785948660873e-08,1.76387727776949e-06,1.23085732824362e-06,"TGFBR1/PRKG1/MFAP5/ACTA2/MYLK/MYH11/ELN",7
"C1257931","Mammary Neoplasms, Human","35/495","527/21671",0.0664136622390892,2.90757671592586,6.77803545550724,1.9501078843494e-08,1.97393638661159e-06,1.37743940441254e-06,"RGS2/IGFBP5/CD74/ZNF667-AS1/PPP1R12B/SETBP1/FGFR1/SYNE1/IGFBP7/GJA1/AKAP12/CYP1B1/ACTA2/EFEMP1/CAV1/MFGE8/ZEB2/MEIS1/DES/EVL/FLNA/MMP2/VEGFC/THBS1/ADAMTS1/BCHE/CDH5/CDH2/ATP7B/DHFR/MTR/UMPS/MTHFR/CDH1/TYMS",35
"C0031099","Periodontitis","41/495","682/21671",0.0601173020527859,2.63192333896146,6.62073428053707,1.96221406879799e-08,1.97393638661159e-06,1.37743940441254e-06,"COL3A1/IGFBP5/EPHA3/CLU/ST8SIA4/CD74/ICAM1/AGTR1/POSTN/ZNF667-AS1/IL6ST/CD38/SERPINE1/CCL5/SLAMF7/CYP1B1/GEM/C1S/TNC/TIMP2/CAV1/C1R/RECK/ANGPTL2/MFGE8/VCAM1/F2R/CCL2/FAM20C/MMP2/VEGFC/NFATC1/PDLIM7/THBS1/C3/ELN/CTSC/CTSK/EDIL3/CTLA4/CD27",41
"C0278883","Metastatic melanoma","34/495","504/21671",0.0674603174603175,2.95339907006574,6.78401314777032,2.13433216279091e-08,2.11955601704852e-06,1.4790547443902e-06,"HAVCR2/FYN/PDE5A/CLU/CD74/FLI1/ICAM1/AGTR1/POSTN/OSMR/HLA-DOA/ITGA1/PRKD1/TIAM1/IGFBP7/ACKR3/RPS6KA2/AKAP12/AXL/GPC6/MITF/ALDH1A3/F2R/DES/SPARC/CCL2/SERPINF1/MMP2/MCAM/HLA-DQB1/THBS1/PRKCB/RORA/CTLA4",34
"C4048329","Immunosuppression","39/495","632/21671",0.0617088607594937,2.70160145761412,6.63764363716239,2.19778967787182e-08,2.15494668921457e-06,1.50375083222809e-06,"HAVCR2/PDE5A/VWF/ICAM1/FGL2/CYBB/POSTN/JAK3/STON1/PMP22/CD8A/IGFBP7/CD38/SERPINE1/CCL5/GEM/AXL/TNC/TIMP2/DCN/CAV1/MITF/VCAM1/NR3C1/CCL2/CFH/LGALS1/MSN/PDLIM7/HLA-DQB1/HLA-DRA/BCHE/LILRB2/PRKCB/ITGA4/CTLA4/MTHFR/LILRB4/SLAMF8",39
"C4721806","Carcinoma, Basal Cell","36/495","557/21671",0.0646319569120287,2.82957401664763,6.68809469921044,2.43794588654847e-08,2.36054110465056e-06,1.64721738518769e-06,"S1PR3/MMP11/PDE5A/ICAM1/GLI3/AGTR1/PTPN14/TGFBR1/NID1/IGFBP7/CD38/EDNRA/SERPINE1/CCL5/GJA1/ACKR3/PTPRC/AKAP12/GEM/TIMP2/DCN/NR3C1/GAP43/RGMA/CCL2/PDPN/MMP2/MCAM/AEBP1/GREM1/ELN/CTSK/THBD/ERCC1/CTLA4/MTHFR",36
"C4025690","Prenatal maternal abnormality","8/495","23/21671",0.347826086956522,15.2277558190602,10.4376209829855,2.54016157617646e-08,2.42714063775899e-06,1.69369143665218e-06,"TGFBR1/PRKG1/MFAP5/KCNMA1/ACTA2/MYLK/MYH11/ELN",8
"C1306503","Congenital exomphalos","22/495","235/21671",0.0936170212765957,4.09853427895981,7.30177511331445,2.5693975251257e-08,2.42714063775899e-06,1.69369143665218e-06,"COL3A1/GLI3/PCSK5/RAB23/SETBP1/GJA1/C1S/MYLK/GPC6/MASP1/MYH11/ACTG2/TWIST2/KCNJ8/ANTXR1/LMOD1/FLNA/AEBP1/CDH11/ELN/ADAMTS2/ATP7A",22
"C0017605","Angle Closure Glaucoma","14/495","94/21671",0.148936170212766,6.5203954437997,8.20065753338849,2.87447662028356e-08,2.65009896626156e-06,1.84927476208476e-06,"PDE5A/CLU/RUNX1T1/CYP1B1/FERMT2/DCN/SPARC/CCL2/THBS1/C3/LOXL1/ELN/MTHFR/HLA-DPA1",14
"C3811653","Experimental Organism Basal Cell Carcinoma","31/495","437/21671",0.0709382151029748,3.10566072625569,6.79865964311936,2.91027736065979e-08,2.65009896626156e-06,1.84927476208476e-06,"S1PR3/MMP11/PDE5A/ICAM1/GLI3/AGTR1/PTPN14/TGFBR1/NID1/IGFBP7/CD38/EDNRA/SERPINE1/CCL5/GJA1/ACKR3/PTPRC/GEM/DCN/NR3C1/GAP43/RGMA/CCL2/PDPN/MMP2/GREM1/ELN/CTSK/ERCC1/CTLA4/MTHFR",31
"C0013405","Dyspnea, Paroxysmal","7/495","16/21671",0.4375,19.1536616161616,11.1059374775403,2.97648605815589e-08,2.65009896626156e-06,1.84927476208476e-06,"TGFBR1/PRKG1/MFAP5/ACTA2/MYLK/MYH11/ELN",7
"C1851712","Dural ectasia","7/495","16/21671",0.4375,19.1536616161616,11.1059374775403,2.97648605815589e-08,2.65009896626156e-06,1.84927476208476e-06,"TGFBR1/PRKG1/MFAP5/ACTA2/MYLK/MYH11/ELN",7
"C4476554","Carotid artery dilatation","7/495","16/21671",0.4375,19.1536616161616,11.1059374775403,2.97648605815589e-08,2.65009896626156e-06,1.84927476208476e-06,"TGFBR1/PRKG1/MFAP5/ACTA2/MYLK/MYH11/ELN",7
"C4049446","Neointimal hyperplasia","20/495","198/21671",0.101010101010101,4.42220181614121,7.39608581439656,3.12368065205002e-08,2.74954890122494e-06,1.9186722665403e-06,"DOCK2/S1PR3/CLU/PECAM1/VWF/AGTR1/JAK3/SERPINE1/GJA1/PRKG1/DCN/CAV1/ANGPTL2/MYH11/TAGLN/CCL2/SERPINF1/LGALS1/ELN/CTSK",20
"C0238198","Gastrointestinal Stromal Tumors","35/495","538/21671",0.0650557620817844,2.84812812136232,6.63670826838177,3.26327070676979e-08,2.84014549377964e-06,1.9818917893865e-06,"FYN/IGFBP5/PECAM1/FLI1/GLI3/RAB23/FGFR1/SLIT2/GJA1/ETV1/PTPRC/CALD1/CYP1B1/GLIS2/AXL/TNC/BOC/KCTD12/MITF/DES/CCL2/PDPN/SPARCL1/DACT1/RBPMS2/MMP2/VEGFC/PRKCB/RTN1/ITGA4/CDH2/TK1/CTLA4/CDH1/CDON",35
"C0302142","Deformity","27/495","350/21671",0.0771428571428571,3.3772987012987,6.85526237127152,4.20088653346822e-08,3.61556300980498e-06,2.52298857887244e-06,"PDLIM3/COL3A1/GJC1/PECAM1/LIPA/CRISPLD2/GLI3/EML1/AKT3/FGFR1/TRPS1/AKAP12/KCNMA1/ITPR1/MASP1/MEF2C/FLNA/PDPN/GREM1/ADAMTS1/THBD/EDIL3/MTRR/MTR/SLC19A1/MTHFR/AXIN2",27
"C0153381","Malignant neoplasm of mouth","43/495","756/21671",0.0568783068783069,2.49012078456523,6.37622342787003,4.28412802933832e-08,3.64668744123677e-06,2.54470762644908e-06,"MMP11/FILIP1L/ST8SIA4/ICAM1/SMARCA1/POSTN/MCC/TGFBR1/DKK3/TIAM1/SLIT2/SERPINE1/CCL5/CYP1B1/CTSB/TNC/TIMP2/DCN/CAV1/FHL1/RECK/ANGPTL2/RGMA/CRYAB/CCL2/PDPN/MMP2/VEGFC/MCAM/LGALS1/MSN/HLA-DQB1/PRKCB/AKR1B1/THBD/ATP7B/ERCC1/CTLA4/UMPS/MTHFR/AXIN2/CDH1/LCP1",43
"C0014072","Experimental Autoimmune Encephalomyelitis","14/495","97/21671",0.144329896907216,6.31873372904301,8.02673397675421,4.33305734948116e-08,3.64824589446534e-06,2.54579513610821e-06,"QKI/HAVCR2/JAK3/CCL5/AKAP12/VCAM1/CCL2/MMP2/A2M/HLA-DQB1/C3/CTSC/IL10RA/ITGA4",14
"C0008626","Congenital chromosomal disease","43/495","757/21671",0.0568031704095112,2.48683132514044,6.36650641906433,4.44743007076254e-08,3.70111107001258e-06,2.58268516783054e-06,"SORBS1/PDLIM3/LAIR1/EPHA3/ADAM12/DERL3/LSAMP/GLI3/PAPPA/CYBB/MN1/SETBP1/MLLT11/RUNX1T1/FGFR1/IL6ST/IGFBP7/CD38/ACKR3/CYP1B1/ZFPM2/EFS/TNC/MYH11/SGCE/MEIS1/F2R/JAZF1/LGALS1/COL1A2/PDLIM7/ELN/BCHE/STC1/ITGA4/EDIL3/ERCC1/MTR/CTLA4/MTHFR/CDH1/TYMS/LILRB4",43
"C4704874","Mammary Carcinoma, Human","35/495","545/21671",0.0642201834862385,2.81154665925308,6.5486115364241,4.49140770179684e-08,3.70111107001258e-06,2.58268516783054e-06,"RGS2/IGFBP5/CD74/ZNF667-AS1/PPP1R12B/SETBP1/FGFR1/SYNE1/IGFBP7/GJA1/AKAP12/CYP1B1/ACTA2/EFEMP1/CAV1/MFGE8/ZEB2/MEIS1/DES/EVL/FLNA/MMP2/VEGFC/THBS1/ADAMTS1/BCHE/CDH5/CDH2/ATP7B/DHFR/MTR/UMPS/MTHFR/CDH1/TYMS",35
"C0016202","Flatfoot","24/495","285/21671",0.0842105263157895,3.68671982987772,6.98055768761996,4.63113521585511e-08,3.77322613709179e-06,2.63300803320782e-06,"TPM2/FLI1/GLI3/TCF4/TGFBR1/FGFR1/TRPS1/PRKG1/COL12A1/MFAP5/ACTA2/MYLK/MYH11/COL6A2/COL6A1/FLNA/PDPN/DACT1/MMP2/AEBP1/COL1A2/ELN/CTSC/ATP7A",24
"C0022548","Keloid","18/495","165/21671",0.109090909090909,4.77597796143251,7.44391993330492,4.68430065271363e-08,3.77322613709179e-06,2.63300803320782e-06,"COL3A1/POSTN/SERPINE1/CTSB/TNC/DDR2/DCN/CAV1/TAGLN/NR3C1/HTRA1/FLNA/SERPINF1/MMP2/LGALS1/HLA-DQB1/CDH11/ATP7A",18
"C0034067","Pulmonary Emphysema","27/495","352/21671",0.0767045454545455,3.35810950413223,6.81964827818075,4.72505725920351e-08,3.77322613709179e-06,2.63300803320782e-06,"CHRNA3/IGFBP5/AMOTL1/PECAM1/CD74/TGFBR1/FGFR1/NREP/IL6ST/SLIT2/IGFBP7/SERPINE1/CCL5/TIMP2/CAV1/SERPING1/F2R/CCL2/FLNA/MMP2/FSTL1/A2M/HLA-DQB1/C3/LOXL1/EFEMP2/ELN",27
"C0016059","Fibrosis","19/495","184/21671",0.103260869565217,4.52074000878349,7.33271939736567,4.84687089699179e-08,3.79856449796126e-06,2.6506894827933e-06,"COL3A1/ICAM1/AGTR1/SSPN/IL6ST/SERPINE1/DCN/CAV1/ACTG2/SPARC/CCL2/MMP2/COL1A2/GREM1/PDGFC/THBS1/LUM/PRKCB/ATP7B",19
"C4317009","Diverticular Diseases","13/495","83/21671",0.156626506024096,6.85707679201655,8.17379705564043,4.85486554735559e-08,3.79856449796126e-06,2.6506894827933e-06,"CRISPLD2/PCSK5/KIF26B/TRPS1/GJA1/CALD1/EFEMP1/TIMP2/TNS1/COL6A1/TACR2/LOXL1/ELN",13
"C0018800","Cardiomegaly","23/495","267/21671",0.0861423220973783,3.77129345893391,6.96627744759101,5.83527644456607e-08,4.52000513396088e-06,3.1541204781944e-06,"AGTR1/POSTN/TGFBR1/AKT3/LATS2/CD38/CYP1B1/PRKG1/MFAP5/ACTA2/MYLK/CAV1/MYH11/HTR2B/VCAM1/KCNJ8/MYOCD/MMP2/A2M/LOXL1/ELN/ATP1A2/PRKCB",23
"C0000786","Spontaneous abortion","19/495","188/21671",0.101063829787234,4.4245540511498,7.21017119677514,6.84830644431818e-08,5.25217640769194e-06,3.66503945717289e-06,"MMP11/AGTR1/LAMA4/PAPPA/CD84/TGFBR1/CD8A/SERPINE1/CYP1B1/PTGIS/TIMP2/COL6A1/MGP/COL1A2/IGFBP6/COL13A1/DHFR/MTHFR/TYMS",19
"C0018798","Congenital Heart Defects","29/495","406/21671",0.0714285714285714,3.12712842712843,6.61506515046019,7.07122089892337e-08,5.36996834147651e-06,3.74723625551822e-06,"COL3A1/VWF/GLI3/PAPPA/SSPN/SETBP1/TGFBR1/PMP22/FGFR1/SOX7/JAM3/EDNRA/GJA1/ZFPM2/PKD2/ACTA2/PLN/ZEB2/MEF2C/MEIS2/COL6A2/COL6A1/PBX3/NFATC1/ELN/CDH5/MTRR/MTR/MTHFR",29
"C0026848","Myopathy","38/495","634/21671",0.0599369085173502,2.62402574642322,6.34535210907314,7.14983443871555e-08,5.37695316138744e-06,3.75211035695497e-06,"AOC3/COL4A1/HSPB8/TPM2/SAMD4A/LAMA4/ADARB1/SGCD/AP1S2/SYNE1/CD38/CALD1/CTSB/COL12A1/LDB3/DCN/CAV1/CFL2/PLN/FHL1/NEXN/SYNM/CRYAB/MYL9/CAP2/COL6A2/DES/SPARC/COL6A1/FLNA/MMP2/FBXO32/THBS1/DTNA/ELN/LAMB2/AKR1B1/ATP7A",38
"C0011265","Presenile dementia","41/495","718/21671",0.0571030640668524,2.49996060887426,6.24926671670832,8.05865645543801e-08,6.00214931767527e-06,4.18838065776055e-06,"COL4A1/HSPB8/CLU/APOC1/VWF/ICAM1/AGTR1/SMARCA1/ATXN1/RUNX1T1/CD38/SERPINE1/ACKR3/CTSB/TIMP2/MYLK/CAV1/SERPING1/MFGE8/ACTG2/VCAM1/NR3C1/GAP43/MEF2C/SRPX/CCL2/MMP2/TFPI/A2M/THBS1/ADAMTS1/BCHE/ADAMTS2/PRKCB/AKR1B1/STC1/ATP7B/ATP7A/MTR/MTHFR/TYMS",41
"C0017606","Primary angle-closure glaucoma","13/495","87/21671",0.149425287356322,6.54180889353303,7.91872564319145,8.64313851169662e-08,6.3761667534859e-06,4.44937506341475e-06,"PDE5A/RUNX1T1/CYP1B1/FERMT2/DCN/SPARC/CCL2/THBS1/C3/LOXL1/ELN/MTHFR/HLA-DPA1",13
"C0002726","Amyloidosis","40/495","694/21671",0.0576368876080692,2.52333129566559,6.23609182611404,9.12979780276031e-08,6.67164280945107e-06,4.65556223606496e-06,"FYN/HSPB8/LAIR1/EPHA3/PDE5A/CLU/CD74/VWF/AGTR1/CYBB/OSMR/RUNX1T1/PMP22/CD38/SERPINE1/CCL5/PTPRC/CTSB/GEM/FERMT2/EFEMP1/DCN/CAV1/MFGE8/VCAM1/ZEB2/SYNM/CRYAB/DES/HTRA1/SERPINF1/MMP2/A2M/C3/C1QC/ELN/BCHE/LILRB2/PRKCB/BMS1P20",40
"C0036202","Sarcoidosis","29/495","413/21671",0.0702179176755448,3.07412625039744,6.5066748297342,1.01919068449321e-07,7.34207876859174e-06,5.12340148079397e-06,"SLC11A1/HAVCR2/COL3A1/ST8SIA4/AGTR1/CYBB/POSTN/RAB23/HLA-DOA/FGFR1/CCL5/IGKC/TNC/TIMP2/RECK/NR3C1/F2R/LMOD1/CCL2/MMP2/MCAM/LGALS1/COL1A2/GREM1/HLA-DQB1/HLA-DRA/RTN1/HLA-DMB/HLA-DPA1",29
"C0007820","Cerebrovascular Disorders","21/495","233/21671",0.0901287553648069,3.94581870204188,6.91197141215606,1.02368255487724e-07,7.34207876859174e-06,5.12340148079397e-06,"COL4A1/CLU/PECAM1/VWF/ICAM1/AGTR1/PAPPA/EDNRA/SERPINE1/ACTA2/DCN/MFGE8/ACTG2/VCAM1/MMP2/THBS1/LOXL1/BCHE/THBD/MTRR/MTHFR",21
"C0581342","Redundant skin","10/495","48/21671",0.208333333333333,9.12079124579125,8.61134684806129,1.06056640640084e-07,7.53683246236778e-06,5.25930323212776e-06,"COL3A1/TRPS1/TWIST2/ZEB2/ANTXR1/AEBP1/EFEMP2/ELN/ADAMTS2/ATP7A",10
"C0220611","Childhood Rhabdomyosarcoma","33/495","517/21671",0.0638297872340425,2.79445519019987,6.31381322474024,1.26712316202068e-07,8.92285092092014e-06,6.22648558562313e-06,"EPHA3/ST8SIA4/PECAM1/ICAM1/GLI3/SMARCA1/TGFBR1/TRAC/FGFR1/IL6ST/SERPINE1/CCL5/ACKR3/RPS6KA2/PTPRC/EFS/CAV2/TNC/CAV1/SERPING1/TWIST2/MEF2C/F2R/DES/CCL2/SERPINF1/MMP2/CFH/PDGFC/SLFN11/IGFBP6/RRM2/ABCC3",33
"C0033999","Pterygium","20/495","216/21671",0.0925925925925926,4.05368499812944,6.89599507494562,1.32712962095835e-07,9.26121265220123e-06,6.46259896028555e-06,"COL3A1/COL4A1/CLU/PECAM1/POSTN/TCF4/IGFBP7/EFEMP1/TIMP2/GPC6/ZEB2/SPARC/PDPN/MMP2/VEGFC/COL1A2/LOXL1/ELN/CTLA4/CDH1",20
"C1280433","Lipoatrophy","14/495","106/21671",0.132075471698113,5.78223746902992,7.5460456859447,1.35786817652034e-07,9.39111329939869e-06,6.5532453819849e-06,"COL3A1/LAMA4/SGCD/CD38/LDB3/FERMT2/CAV1/PLN/CLMP/NEXN/CRYAB/CAP2/DES/FLNA",14
"C0017665","Membranous glomerulonephritis","19/495","197/21671",0.0964467005076142,4.22241706404143,6.9465390000818,1.44057196878199e-07,9.87492961963303e-06,6.89085892845416e-06,"CLU/PTGER3/PECAM1/JAK3/SERPINE1/CHRDL1/SPARC/CCL2/SDC2/CFH/A2M/PDGFC/HLA-DQB1/C3/C7/PRKCB/CTLA4/MTHFR/HLA-DMB",19
"C2363973","Chronic thromboembolic pulmonary hypertension","12/495","76/21671",0.157894736842105,6.91259968102073,7.894393287664,1.45506109101445e-07,9.88675720262978e-06,6.89911237521626e-06,"PDE5A/PECAM1/ICAM1/TGFBR1/PTGIS/F2R/CCL2/PDPN/MGP/MMP2/CDH5/THBD",12
"C0595921","Intraocular pressure disorder","24/495","304/21671",0.0789473684210526,3.45629984051037,6.59411455862078,1.55575357482187e-07,1.04790149483219e-05,7.3123978093458e-06,"GAS7/PECAM1/AGTR1/RUNX1T1/DKK3/IGFBP7/CD38/EDNRA/CYP1B1/CACNA2D1/GEM/CAV2/TNC/CAV1/NR3C1/GAP43/SPARC/CCL2/TGFB1I1/MMP2/LOXL1/LUM/AKR1B1/STC1",24
"C0947751","Vascular inflammations","24/495","305/21671",0.0786885245901639,3.44496770988574,6.57463317015359,1.6533560531654e-07,1.10404275757062e-05,7.70415910435965e-06,"PECAM1/VWF/ICAM1/AGTR1/CYBB/DKK3/IL6ST/SLIT2/EDNRA/SERPINE1/CAV1/SERPING1/ANGPTL2/MFGE8/TAGLN/VCAM1/MYOCD/CCL2/PDPN/THBS4/MMP2/ELN/PRKCB/THBD",24
"C1298820","Aneurysm of aortic root","9/495","39/21671",0.230769230769231,10.1030303030303,8.69921462557306,1.81365175686696e-07,1.20073047082833e-05,8.37885899371286e-06,"COL3A1/TPM2/TGFBR1/PRKG1/MFAP5/ACTA2/MYLK/MYH11/ELN",9
"C0000822","Abortion, Tubal","14/495","109/21671",0.128440366972477,5.62309331850616,7.39795148597247,1.93476436740822e-07,1.22713882677604e-05,8.56314005937862e-06,"MMP11/AGTR1/LAMA4/CD84/TGFBR1/CD8A/PTGIS/TIMP2/COL6A1/MGP/COL1A2/IGFBP6/COL13A1/DHFR",14
"C3830362","Early Pregnancy Loss","14/495","109/21671",0.128440366972477,5.62309331850616,7.39795148597247,1.93476436740822e-07,1.22713882677604e-05,8.56314005937862e-06,"MMP11/AGTR1/LAMA4/CD84/TGFBR1/CD8A/PTGIS/TIMP2/COL6A1/MGP/COL1A2/IGFBP6/COL13A1/DHFR",14
"C0003855","Arteriovenous fistula","13/495","93/21671",0.139784946236559,6.11975670685348,7.56476244462277,1.93567166400662e-07,1.22713882677604e-05,8.56314005937862e-06,"AGTR1/TGFBR1/IL6ST/CD38/SERPINE1/TIMP2/CAV1/F2R/DES/CCL2/MMP2/ELN/MTHFR",13
"C0038525","Subarachnoid Hemorrhage","32/495","501/21671",0.063872255489022,2.79631444182342,6.21943432819791,1.94376094815909e-07,1.22713882677604e-05,8.56314005937862e-06,"COL3A1/CLU/VWF/ICAM1/AGTR1/CYBB/POSTN/TGFBR1/FGFR1/CD38/EDNRA/SERPINE1/GJA1/PRKG1/TNC/MFAP5/ACTA2/MYLK/MASP1/MYH11/NEXN/VCAM1/HSPB6/GAP43/F2R/CCL2/MMP2/TFPI/C3/ELN/THBD/MTHFR",32
"C0018923","Hemangiosarcoma","17/495","162/21671",0.104938271604938,4.59417633121337,7.02031934992692,1.94802628499038e-07,1.22713882677604e-05,8.56314005937862e-06,"PECAM1/VWF/FLI1/ICAM1/DLC1/SERPINE1/WWTR1/EFS/DCN/MFGE8/MITF/VEGFC/THBS1/EMCN/ADAM19/CTLA4/TYMS",17
"C4721779","Ovarian cancer stage IV","10/495","51/21671",0.196078431372549,8.58427411368588,8.29051205758027,1.9485937992958e-07,1.22713882677604e-05,8.56314005937862e-06,"SORBS2/TIAM1/SERPINE1/CYP1B1/AXL/DDR2/VCAM1/MCAM/LGALS1/CTLA4",10
"C0035078","Kidney Failure","27/495","378/21671",0.0714285714285714,3.12712842712843,6.37868675679306,2.0078851811849e-07,1.25428053334341e-05,8.75253854446898e-06,"PDLIM3/VWF/FLI1/AGTR1/SERPINE1/CCL5/BNC2/GLIS2/PKD2/FERMT2/TIMP2/DCN/CAV1/MASP1/CCL2/SDC2/KCNMB1/MMP2/FBXO32/CFH/TFPI/HLA-DQB1/C3/LAMB2/AKR1B1/THBD/MTHFR",27
"C0280324","Laryngeal Squamous Cell Carcinoma","32/495","504/21671",0.0634920634920635,2.77966971300305,6.18066370395835,2.22199768285123e-07,1.37692752410925e-05,9.60838576963457e-06,"ADAMTS5/ST8SIA4/PECAM1/MAF/POSTN/ZNF667-AS1/FGFR1/TIAM1/MIR100HG/GJA1/PTPRC/PKD2/CLDN11/TIMP2/MYLK/CAV1/ZEB2/CRYAB/CMTM3/FLNA/MMP2/TFPI/LGALS1/MSN/THBS1/RASSF2/STC1/MYO5A/PCDH17/ERCC1/CTLA4/CDH1",32
"C4021815","Abnormal palate morphology","9/495","40/21671",0.225,9.85045454545455,8.56578883568943,2.29319266887154e-07,1.4097674931015e-05,9.83754749762353e-06,"FLI1/TCF4/TRPS1/COL12A1/ANTXR1/COL6A2/DES/COL6A1/ATP7A",9
"C0278877","Adult Meningioma","28/495","405/21671",0.0691358024691358,3.02675146526998,6.294992158942,2.33195897263701e-07,1.42231135449184e-05,9.92508025237552e-06,"OGN/RBMS3/DLC1/FGFR1/IGFBP7/ACKR3/AKAP12/CYP1B1/CTSB/TNC/TIMP2/ALDH1A3/NR3C1/MEIS1/SYNM/SPARC/CCL2/MMP2/LGALS1/PRELP/TSPAN2/HLA-DQB1/THBS1/MTRR/MTR/CTLA4/MTHFR/CDH1",28
"C0086437","Joint laxity","20/495","224/21671",0.0892857142857143,3.90891053391053,6.69084838108997,2.39980065095587e-07,1.45225436268001e-05,1.01340265975809e-05,"TPM2/MAP1B/TGFBR1/TRPS1/COL12A1/C1S/CFL2/C1R/ANTXR1/COL6A2/COL6A1/FLNA/SERPINF1/COL1A2/EFEMP2/ELN/ADAMTS2/COL13A1/ATP7B/ATP7A",20
"C0041956","Ureteral obstruction","26/495","359/21671",0.0724233983286908,3.17068174784052,6.34076074067377,2.5888126995997e-07,1.53830286380449e-05,1.07344846313018e-05,"RGS2/COL3A1/CLU/PECAM1/AGTR1/SMARCA1/POSTN/TGFBR1/SERPINE1/CCL5/TNC/DDR2/ACTA2/VCAM1/F2R/CCL2/FLNA/SERPINF1/VEGFC/MSN/THBS1/ADAMTS1/STC1/EMCN/ATP7A/CDH1",26
"C0025990","Micrognathism","35/495","586/21671",0.0597269624573379,2.61483435032923,6.05898776258845,2.59000651685455e-07,1.53830286380449e-05,1.07344846313018e-05,"COL3A1/TPM2/GLI3/RAB23/SETBP1/TGFBR1/FGFR1/TRPS1/CD38/EDNRA/GJA1/COL12A1/C1S/DDR2/CFL2/C1R/GPC6/MITF/ACTG2/ANTXR1/COL6A2/COL6A1/FLNA/FAM20C/MMP2/AEBP1/COL1A2/EFEMP2/ELN/ADAMTS2/CTSK/COL13A1/ATP7A/ERCC1/AXIN2",35
"C0151846","Periosteal Disorder","12/495","80/21671",0.15,6.5669696969697,7.62671579671289,2.6015708127858e-07,1.53830286380449e-05,1.07344846313018e-05,"PDLIM3/PECAM1/POSTN/FGFR1/CCL5/EFS/TNC/TIMP2/MMP2/ELN/CTSK/EDIL3",12
"C0027055","Myocardial Reperfusion Injury","20/495","226/21671",0.0884955752212389,3.87431840529186,6.6410409944895,2.77054351197856e-07,1.62580530634742e-05,1.13450884641227e-05,"PTGER3/PECAM1/ICAM1/AGTR1/CYBB/EDNRA/SERPINE1/GJA1/PRKG1/TNC/PLN/ANK2/VCAM1/KCNJ8/CCL2/MMP2/THBS1/C3/LUM/PRKCB",20
"C0030848","Peyronie Disease","9/495","41/21671",0.219512195121951,9.61019955654102,8.43697916705501,2.87915104945592e-07,1.65927308473035e-05,1.15786311306214e-05,"PDE5A/LIPA/POSTN/TGFBR1/SERPINE1/DCN/TWIST2/CCL2/MMP2",9
"C0002895","Anemia, Sickle Cell","29/495","434/21671",0.0668202764976959,2.92537820602337,6.19475912107497,2.89579707281819e-07,1.65927308473035e-05,1.15786311306214e-05,"COL4A1/PDE5A/VWF/ICAM1/PAPPA/CYBB/MCC/CD38/SERPINE1/CCL5/MFGE8/VCAM1/NR3C1/HOPX/ANTXR1/CCL2/ATP2B4/CFH/TFPI/HLA-DQB1/THBS1/CTSC/PRKCB/CTSK/ITGA4/THBD/CTLA4/UMPS/MTHFR",29
"C0149782","Squamous cell carcinoma of lung","38/495","670/21671",0.0567164179104478,2.4830333182572,5.96181386879784,2.90075546600793e-07,1.65927308473035e-05,1.15786311306214e-05,"CHRNA3/FYN/EPHA3/GAS7/CLU/LIPA/AGTR1/RBMS3/DLC1/FGFR1/EDNRA/LMO3/SERPINE1/ACKR3/CTSB/CLDN11/DCLK1/DDR2/CAV1/SERPING1/MASP1/ZEB2/HOPX/F2R/SPARC/CCL2/PDPN/ARL4C/FSTL1/LGALS1/BCHE/ERCC1/TK1/CTLA4/RRM2/CDH1/TYMS/HLA-DMB",38
"C0852036","Pregnancy associated hypertension","18/495","186/21671",0.0967741935483871,4.23675464320626,6.77811079847332,2.91326025720794e-07,1.65927308473035e-05,1.15786311306214e-05,"ICAM1/AGTR1/PAPPA/EDNRA/SERPINE1/GJA1/TIMP2/ACTG2/VCAM1/HTRA1/CCL2/MMP2/VEGFC/TFPI/LGALS1/HLA-DQB1/MTR/MTHFR",18
"C0017612","Glaucoma, Open-Angle","15/495","130/21671",0.115384615384615,5.05151515151515,7.0838002134783,2.96604362359864e-07,1.67700539477336e-05,1.17023695790849e-05,"PTGER3/CD38/SERPINE1/GJA1/CYP1B1/ZFPM2/CAV2/CAV1/MMP2/FBXO32/LOXL1/ELN/AKR1B1/MTHFR/CDH1",15
"C0011884","Diabetic Retinopathy","37/495","645/21671",0.0573643410852713,2.5113992639574,5.95786728253253,3.16759426348628e-07,1.77798443224382e-05,1.24070149069428e-05,"AOC3/ST8SIA4/PECAM1/CD74/VWF/ICAM1/AGTR1/CYBB/POSTN/AKT3/NID1/SERPINE1/GJA1/TNC/SERPING1/VCAM1/PLXDC1/NR3C1/SPARC/HTRA1/CCL2/SERPINF1/FAM20C/MMP2/VEGFC/CFH/LGALS1/HLA-DQB1/THBS1/C3/PRKCB/AKR1B1/CDH5/EMCN/ITGA4/ERCC1/MTHFR",37
"C0205682","Waist-Hip Ratio","34/495","565/21671",0.0601769911504425,2.63453651559846,6.01902261614645,3.2431840302298e-07,1.80731679842878e-05,1.26117001099811e-05,"COL4A1/ITGBL1/PDE5A/TCEA2/ITGA11/LAMA4/PCSK5/TTC28/DLC1/MN1/SGCD/MCC/SETBP1/TSHZ2/FGFR1/NID1/MIR100HG/TIMP2/GPC6/MYH11/CYBRD1/HSD17B6/TWIST2/PHLDB2/MEIS1/MEIS2/COL6A2/VEGFC/JAZF1/PDGFC/LOXL1/COL8A1/RORA/PDZRN4",34
"C0009782","Connective Tissue Diseases","18/495","188/21671",0.0957446808510638,4.19168278529981,6.71987620697219,3.41830088316074e-07,1.89129704578308e-05,1.31977255902484e-05,"COL3A1/VWF/TGFBR1/PKD2/ACTA2/EFEMP1/DCN/SERPING1/COL8A2/FLNA/AEBP1/COL1A2/CDH11/ELN/LUM/ADAMTS2/ABCC2/ATP7A",18
"C0016057","Fibrosarcoma","28/495","413/21671",0.0677966101694915,2.96812189693546,6.17413197783155,3.47037873984182e-07,1.90649317154714e-05,1.33037662031263e-05,"EPHA3/CLU/FLI1/ICAM1/IL2RB/SERPINE1/CCL5/GJA1/AKAP12/TNC/TIMP2/CAV1/RECK/NR3C1/ANGPTL1/CCL2/FLNA/ARL4C/SDC2/MMP2/VEGFC/COL1A2/THBS1/ADAMTS1/PRKCB/AKR1B1/ABCC2/RRM2",28
"C1134719","Invasive Ductal Breast Carcinoma","28/495","414/21671",0.0676328502415459,2.96095252037281,6.15922903185805,3.64427904095918e-07,1.98792855290633e-05,1.3872033265623e-05,"HAVCR2/COL4A1/MMP11/ADAM12/PECAM1/APOC1/VWF/POSTN/DKK3/FGFR1/PRKD1/TIAM1/SLIT2/SERPINE1/ACKR3/TIMP2/MYLK/DCN/CAV1/CCL2/PDPN/SERPINF1/MMP2/MCAM/LGALS1/THBS1/PRKCB/CDH1",28
"C1963943","Atherothrombosis","14/495","115/21671",0.121739130434783,5.32971453667106,7.11760999509547,3.79121358500008e-07,2.0536182118469e-05,1.43304245557419e-05,"VWF/CYBB/EDNRA/SERPINE1/ACKR3/VCAM1/F2R/SERPINF1/CALU/CFH/TFPI/THBD/MTR/MTHFR",14
"C0340427","Familial dilated cardiomyopathy","12/495","83/21671",0.144578313253012,6.32960934647682,7.43769404617068,3.93085731444761e-07,2.10437114603196e-05,1.46845853681684e-05,"LAMA4/SGCD/GJA1/CALD1/LDB3/MYLK/PLN/NEXN/CRYAB/CAP2/DES/PDLIM7",12
"C1844592","Soft skin","7/495","22/21671",0.318181818181818,13.9299357208448,9.27681459695138,3.9392436893188e-07,2.10437114603196e-05,1.46845853681684e-05,"TGFBR1/C1R/SPARC/COL1A2/EFEMP2/ELN/ATP7A",7
"C1858025","Spinal rigidity","10/495","55/21671",0.181818181818182,7.95996326905418,7.90152134310993,4.11024488840093e-07,2.18068197983244e-05,1.52170926473964e-05,"TPM2/SYNE1/COL12A1/CAV1/CFL2/FHL1/COL6A2/DES/COL6A1/COL13A1",10
"C3494422","Retrognathia","18/495","191/21671",0.0942408376963351,4.12584483579248,6.63402421339988,4.32655377429089e-07,2.27982894800389e-05,1.59089535488605e-05,"COL3A1/TPM2/SETBP1/TGFBR1/BNC2/PRKG1/MFAP5/ACTA2/MYLK/FHL1/MYH11/ZEB2/FAM20C/COL1A2/ELN/ADAMTS2/CCDC88A/COL13A1",18
"C0013080","Down Syndrome","41/495","766/21671",0.0535248041775457,2.3433051138012,5.78727417692345,4.47621658658628e-07,2.34275497835793e-05,1.63480598663731e-05,"CHRNA3/FYN/ADAM12/CLU/ICAM1/AGTR1/PAPPA/JAK3/RUNX1T1/FGFR1/TIAM1/IGFBP7/CD38/EDNRA/GJA1/EGR2/ACKR3/GLIS2/EFS/ANGPTL2/ZEB2/SYNM/GAP43/DPYSL3/COL6A2/RCAN2/COL6A1/CCL2/FLNA/CFH/A2M/NFATC1/THBS1/ADAMTS1/BCHE/MTRR/DHFR/MTR/SLC19A1/MTHFR/TYMS",41
"C0026691","Mucocutaneous Lymph Node Syndrome","26/495","370/21671",0.0702702702702703,3.07641823641824,6.1592210558731,4.62639246011697e-07,2.4051030869843e-05,1.67831333682096e-05,"SLC11A1/MMP11/PECAM1/VWF/ICAM1/AGTR1/POSTN/CD84/SGCD/SETBP1/HLA-DOA/IL6ST/SERPINE1/CCL5/TNC/TIMP2/VCAM1/NR3C1/CCL2/MMP2/VEGFC/NFATC1/ELN/THBD/CTLA4/LILRB4",26
"C1511789","Desmoplastic","14/495","117/21671",0.11965811965812,5.23860830527497,7.0284954392328,4.69797631675716e-07,2.4260349699734e-05,1.6929198867753e-05,"ADAM12/PECAM1/POSTN/ETV1/MFAP5/TIMP2/DCN/CAV1/GBP1/MMP2/COL1A2/GREM1/PALLD/ELN",14
"C0023269","leiomyosarcoma","19/495","213/21671",0.0892018779342723,3.90524019538104,6.51459342194309,4.86368897017686e-07,2.49497581211854e-05,1.74102773522887e-05,"PECAM1/AGTR1/SERPINE1/CALD1/AXL/FERMT2/MYLK/RFTN1/TNS1/ZEB2/LMOD1/DES/MYOCD/ARL4C/MMP2/ELN/EDIL3/CDH2/CDH1",19
"C0018916","Hemangioma","21/495","256/21671",0.08203125,3.5913115530303,6.37662188793964,4.96103073669953e-07,2.52816737411017e-05,1.76418925435956e-05,"PDE5A/CLU/PECAM1/AKT3/DKK3/FGFR1/PTPRC/TIMP2/GPC6/NRP2/ANTXR1/CCL2/PDPN/SERPINF1/MMP2/VEGFC/THBS1/PAPLN/EMCN/THBD/CDON",21
"C0008031","Chest Pain","16/495","154/21671",0.103896103896104,4.54855043945953,6.75663679900086,5.09888394283319e-07,2.54353672938656e-05,1.77491419753489e-05,"PAPPA/TGFBR1/CD38/PRKG1/MFAP5/ACTA2/MYLK/PLN/C1R/MYH11/WIPF1/ELN/CDH2/CTLA4/MTHFR/HLA-DPA1",16
"C0812413","Malignant Pleural Mesothelioma","28/495","421/21671",0.0665083135391924,2.91172053072291,6.05614236691996,5.10682940766623e-07,2.54353672938656e-05,1.77491419753489e-05,"HAVCR2/CD74/ICAM1/PAPPA/FGFR1/CD38/PTPRC/TNC/DCLK1/KCNMA1/EFEMP1/CAV1/CLIC4/ACTG2/ALDH1A3/F2R/CCL2/PDPN/MMP2/MCAM/COL1A2/THBS1/THBD/CDH2/DHFR/CTLA4/TYMS/CD27",28
"C0017601","Glaucoma","41/495","770/21671",0.0532467532467532,2.33113210022301,5.7503340887444,5.12248938404686e-07,2.54353672938656e-05,1.77491419753489e-05,"COL3A1/COL4A1/OGN/CYGB/CLU/VWF/AGTR1/LAMA4/CYBB/POSTN/TGFBR1/RUNX1T1/EDNRA/GJA1/CYP1B1/CACNA2D1/WWTR1/CAV2/DCLK1/MYLK/CHRDL1/CAV1/MASP1/COL8A2/NR3C1/DOK5/CRYAB/ANTXR1/SPARC/SRPX/CCL2/MGP/SERPINF1/MMP2/THBS1/C3/LOXL1/ELN/BCHE/ITGA4/MTHFR",41
"C0278592","Adult Angiosarcoma","13/495","101/21671",0.128712871287129,5.63502350235023,7.13834684304577,5.15537395447572e-07,2.54353672938656e-05,1.77491419753489e-05,"PECAM1/VWF/DLC1/SERPINE1/WWTR1/EFS/DCN/MFGE8/MITF/EMCN/ADAM19/CTLA4/TYMS",13
"C0279988","Childhood Angiosarcoma","13/495","101/21671",0.128712871287129,5.63502350235023,7.13834684304577,5.15537395447572e-07,2.54353672938656e-05,1.77491419753489e-05,"PECAM1/VWF/DLC1/SERPINE1/WWTR1/EFS/DCN/MFGE8/MITF/EMCN/ADAM19/CTLA4/TYMS",13
"C0206708","Cervical Intraepithelial Neoplasia","27/495","398/21671",0.0678391959798995,2.96998629511192,6.0645762640848,5.55922212187291e-07,2.72542623772327e-05,1.90183914695652e-05,"HAVCR2/IGFBP5/PDE5A/PTGER3/LIPA/TGFBR1/TIAM1/SLIT2/ACKR3/PEG3/GEM/TNC/KCNMA1/EFEMP1/ANGPTL2/TWIST2/PDPN/MMP2/VEGFC/TFPI/HLA-DQB1/EFEMP2/LAMB2/MTRR/MTR/MTHFR/CDH1",27
"C0339467","Proliferative retinopathy","10/495","57/21671",0.175438596491228,7.68066631224526,7.72146532140914,5.82545914259591e-07,2.83798783135522e-05,1.98038614347766e-05,"VWF/AGTR1/HLA-DOA/JAM3/SERPINE1/CCL5/GJA1/FLNA/AKR1B1/MTHFR",10
"C0002949","Aneurysm, Dissecting","8/495","33/21671",0.242424242424242,10.6132843587389,8.44948601588497,5.88337400439845e-07,2.8482884398794e-05,1.98757404688066e-05,"COL3A1/ICAM1/TGFBR1/ACTA2/MMP2/LOXL1/ELN/MTHFR",8
"C0027794","Neural Tube Defects","23/495","304/21671",0.0756578947368421,3.31228734715577,6.20750260539298,5.97412678407265e-07,2.87426000431222e-05,2.00569735444348e-05,"GLI3/DLC1/RAB23/SETBP1/LST1/GJA1/CYP1B1/GPR161/MYLK/PRICKLE1/ZEB2/CCL2/DACT1/LGALS1/BCHE/PRKCB/MTRR/DHFR/MTR/SLC19A1/MTHFR/CDH1/TYMS",23
"C2585653","Persistent atrial fibrillation","16/495","156/21671",0.102564102564103,4.49023569023569,6.6889272133812,6.07612577918768e-07,2.90528828923381e-05,2.02734930968998e-05,"EPHA3/VWF/SSPN/ATXN1/CAV2/CAV1/CFL2/PLN/PHLDB2/NR3C1/DES/MYOCD/CALU/FBXO32/GNB4/WIPF1",16
"C0024143","Lupus Nephritis","31/495","503/21671",0.0616302186878728,2.69815852360584,5.89158841347797,6.53341396792925e-07,3.09275243392007e-05,2.15816431546055e-05,"HAVCR2/COL4A1/IL18BP/CLU/PECAM1/CD74/FLI1/ICAM1/AGTR1/POSTN/CD38/SERPINE1/CCL5/AXL/C1S/SERPING1/VCAM1/NR3C1/CCL2/SDC2/MMP2/CFH/TFPI/FSTL1/NFATC1/C3/IL10RA/PRKCB/CTLA4/AXIN2/LAPTM5",31
"C0003504","Aortic Valve Insufficiency","26/495","377/21671",0.0689655172413793,3.01929641239986,6.04717051654127,6.60821575212266e-07,3.09275243392007e-05,2.15816431546055e-05,"COL3A1/EPHA3/CLU/ICAM1/CYBB/MAP1B/TGFBR1/EDNRA/CCL5/GJA1/EGR2/ACKR3/PRKG1/MFAP5/ACTA2/MYLK/CAV1/MYH11/NR3C1/FLNA/PDPN/TFPI/FSTL1/COL1A2/ELN/AXIN2",26
"C3468561","familial atrial fibrillation","16/495","157/21671",0.101910828025478,4.46163546290935,6.65549967257426,6.62563033441138e-07,3.09275243392007e-05,2.15816431546055e-05,"EPHA3/VWF/SSPN/ATXN1/CAV2/CAV1/CFL2/PLN/PHLDB2/NR3C1/DES/MYOCD/CALU/FBXO32/GNB4/WIPF1",16
"C0154723","Migraine with Aura","12/495","87/21671",0.137931034482759,6.03859282479972,7.19967703215137,6.62789703112228e-07,3.09275243392007e-05,2.15816431546055e-05,"VWF/AGTR1/EDNRA/HTR2B/MMP2/TSPAN2/HLA-DQB1/ATP1A2/MTRR/MTR/CTLA4/MTHFR",12
"C0234119","Neuromuscular inhibition","11/495","72/21671",0.152777777777778,6.68858024691358,7.39202464037009,6.79863787168304e-07,3.15342808108125e-05,2.20050459950157e-05,"RGS2/PDLIM3/PDE5A/AGTR1/PRKG1/AXL/KCNMA1/MYLK/PLN/HSPB6/BCHE",11
"C1608393","Megacystis microcolon intestinal hypoperistalsis syndrome","5/495","9/21671",0.555555555555556,24.3221099887767,10.6991655906918,7.11827645663724e-07,3.2820338948281e-05,2.29024746897445e-05,"MYLK/MYH11/ACTG2/MYL9/LMOD1",5
"C0271084","Exudative age-related macular degeneration","16/495","158/21671",0.10126582278481,4.43339726377701,6.622351105237,7.21965428674884e-07,3.3090794145063e-05,2.30912019697635e-05,"VWF/SERPING1/CRYAB/HTRA1/CCL2/SERPINF1/CFH/MCAM/COL1A2/GREM1/C3/ELN/COL8A1/RORA/MTHFR/PILRA",16
"C1762616","Meningioma, benign, no ICD-O subtype","27/495","404/21671",0.0668316831683168,2.92587758775878,5.97415294902028,7.43645339152776e-07,3.38839811592788e-05,2.36446985544861e-05,"OGN/RBMS3/DLC1/FGFR1/IGFBP7/ACKR3/AKAP12/CYP1B1/CTSB/TNC/TIMP2/ALDH1A3/NR3C1/MEIS1/SYNM/SPARC/CCL2/MMP2/LGALS1/PRELP/TSPAN2/HLA-DQB1/THBS1/MTRR/CTLA4/MTHFR/CDH1",27
"C0007194","Hypertrophic Cardiomyopathy","33/495","560/21671",0.0589285714285714,2.57988095238095,5.79127335616107,7.73713472475622e-07,3.50478629110887e-05,2.44568709212824e-05,"PDLIM3/COL4A1/JPH2/TPM2/VWF/ICAM1/AGTR1/SGCD/SYNE1/GJA1/FZD1/LDB3/FERMT2/ACTA2/TIMP2/MYLK/CAV1/PLN/FHL1/NEXN/HTR2B/NR3C1/CRYAB/MEF2C/KCNJ8/MYL9/DES/MYOCD/MMP2/TFPI/COL1A2/ELN/LUM",33
"C0079588","Ichthyosis, X-Linked","18/495","199/21671",0.0904522613065327,3.9599817268159,6.41341598535984,7.92272176543612e-07,3.56798853459699e-05,2.48979046912573e-05,"PECAM1/NLGN4X/FGFR1/CD8A/SERPINE1/STOM/TIMP2/MITF/CCL2/MMP2/VEGFC/CFH/LGALS1/PRIMA1/PRKCB/THBD/ERCC1/TYMS",18
"C0279550","Adult Rhabdomyosarcoma","31/495","509/21671",0.0609037328094303,2.66635311861245,5.81644553512841,8.40674778625417e-07,3.76408487585692e-05,2.62662913796259e-05,"EPHA3/ST8SIA4/ICAM1/GLI3/SMARCA1/TGFBR1/TRAC/FGFR1/IL6ST/SERPINE1/CCL5/ACKR3/RPS6KA2/PTPRC/EFS/CAV2/TNC/CAV1/SERPING1/TWIST2/MEF2C/F2R/DES/CCL2/SERPINF1/MMP2/CFH/PDGFC/SLFN11/IGFBP6/RRM2",31
"C0007786","Brain Ischemia","25/495","358/21671",0.0698324022346369,3.05724846227639,6.00089541996146,8.62993642642093e-07,3.84180962983083e-05,2.68086651843143e-05,"CLU/ICAM1/AGTR1/IL6ST/SERPINE1/GJA1/AKAP12/CTSB/PTGIS/CAV1/SLC24A3/SERPING1/NR3C1/F2R/CCL2/SERPINF1/MMP2/LGALS1/ADAMTS1/C3/CTSC/PRKCB/STC1/CTLA4/MTHFR",25
"C0202236","Triglycerides measurement","33/495","563/21671",0.0586145648312611,2.56613380698638,5.75664714529837,8.70718067416234e-07,3.85404694297494e-05,2.68940588041044e-05,"COL4A1/IL18BP/RDX/APOC1/TCEA2/VWF/ICAM1/AGTR1/IL2RB/JAK3/TGFBR1/MIR100HG/EDNRA/SERPINE1/BNC2/CTSB/TAGLN/HTR2B/VCAM1/MEIS1/MEF2C/ANGPTL1/GNG2/SPARC/PBX3/TFPI/COL1A2/C3/C1QC/HLA-DRA/ELN/TYMS/ABCC3",33
"C0154830","Proliferative diabetic retinopathy","17/495","180/21671",0.0944444444444444,4.13475869809203,6.45687156057827,8.76327745233206e-07,3.85683790600933e-05,2.69135345201705e-05,"AOC3/VWF/ICAM1/POSTN/FGFR1/SLIT2/SERPINE1/TNC/VCAM1/PLXDC1/CCL2/SERPINF1/MMP2/VEGFC/LGALS1/AKR1B1/MTHFR",17
"C0152171","Idiopathic pulmonary hypertension","16/495","161/21671",0.0993788819875776,4.35078737687433,6.52453694267239,9.30159785019216e-07,4.0425540504032e-05,2.82094867963369e-05,"PDE5A/ICAM1/FGL2/SERPINE1/ACTA2/DCN/CAV1/FHL1/CLIC4/HTR2B/F2R/CCL2/KCNMB1/CFH/HLA-DQB1/TK1",16
"C0019569","Hirschsprung Disease","26/495","384/21671",0.0677083333333333,2.96425715488215,5.93768038863146,9.34888160635426e-07,4.0425540504032e-05,2.82094867963369e-05,"ICAM1/GLI3/TCF4/ADARB1/MCC/SETBP1/AKT3/NID1/SLIT2/EDNRA/ACKR3/CSGALNACT2/DCLK1/TUBA1A/CAV1/FHL1/ANGPTL2/MITF/ACTG2/ZEB2/GAP43/COL6A2/COL6A1/RBPMS2/STC1/ERCC1",26
"C1708349","Hereditary Diffuse Gastric Cancer","23/495","312/21671",0.0737179487179487,3.2273569023569,6.05880175107705,9.38018080895547e-07,4.0425540504032e-05,2.82094867963369e-05,"RGS2/FYN/GLI3/ZNF667-AS1/DLC1/FILIP1/IGFBP7/SERPINE1/CAV1/ALDH1A3/F2R/DES/GREM1/CTSC/PRKCB/RORA/THBD/CDH2/ERCC1/UMPS/MTHFR/CDH1/TYMS",23
"C0040034","Thrombocytopenia","34/495","592/21671",0.0574324324324324,2.51438028938029,5.7119038836392,9.39400631387267e-07,4.0425540504032e-05,2.82094867963369e-05,"PECAM1/VWF/FLI1/MCC/FGFR1/JAM3/SERPINE1/CCL5/PTPRC/PRKG1/GEM/C1R/MYL9/F2R/SPARC/CCL2/FLNA/PDPN/SERPINF1/CFH/WIPF1/THBS1/C3/ELN/BCHE/THBD/ATP7B/ATP7A/ERCC1/DHFR/CTLA4/MTHFR/TYMS/HLA-DPA1",34
"C2717836","Steroid Sulfatase Deficiency Disease","17/495","181/21671",0.0939226519337017,4.11191472738434,6.42774824748946,9.47121421877337e-07,4.05326106843196e-05,2.82842018106434e-05,"PECAM1/FGFR1/CD8A/SERPINE1/STOM/TIMP2/MITF/CCL2/MMP2/VEGFC/CFH/LGALS1/PRIMA1/PRKCB/THBD/ERCC1/TYMS",17
"C0043094","Weight Gain","14/495","124/21671",0.112903225806452,4.94288041707397,6.73195390110059,9.60732588886211e-07,4.0665763024659e-05,2.83771173076255e-05,"IGFBP5/SORBS2/SETBP1/NID1/KCNMA1/CAV1/CLIC4/SPARC/KCNMB1/MMP2/CFH/FSTL1/PALLD/ATP7B",14
"C4025272","Peripheral arterial stenosis","14/495","124/21671",0.112903225806452,4.94288041707397,6.73195390110059,9.60732588886211e-07,4.0665763024659e-05,2.83771173076255e-05,"CHRNA3/TGFBR1/EDNRA/PRKG1/MFAP5/ACTA2/MYLK/MYH11/VCAM1/ANTXR1/F2R/CCL2/MMP2/ELN",14
"C0005779","Blood Coagulation Disorders","21/495","267/21671",0.0786516853932584,3.44335489728748,6.14192916400224,9.86659662712878e-07,4.15362268879019e-05,2.89845387187107e-05,"HAVCR2/COL4A1/PECAM1/VWF/FLI1/STON1/SERPINE1/CCL5/PRKG1/CLDN11/SERPING1/MFGE8/ACTG2/F2R/FLNA/SERPINF1/TFPI/A2M/HLA-DQB1/THBD/MTHFR",21
"C0085207","Gestational Diabetes","36/495","649/21671",0.0554699537750385,2.42846337021992,5.64890839172953,1.01259493200564e-06,4.2397623477382e-05,2.95856328640054e-05,"AOC3/ADAMTS5/CLU/PECAM1/ICAM1/AGTR1/PAPPA/CYBB/TGFBR1/FGFR1/SERPINE1/GJA1/PTPRC/CYP1B1/CTSB/DCN/CAV1/TAGLN/HTR2B/ACTG2/VCAM1/NR3C1/UBE2E2/COL6A2/F2R/SPARC/CCL2/LGALS1/HLA-DQB1/LUM/CDH5/THBD/ABCC2/MTR/MTHFR/CDON",36
"C0220641","Lip and Oral Cavity Carcinoma","39/495","734/21671",0.053133514986376,2.32617455206011,5.58858144388121,1.03395399539315e-06,4.30591809049211e-05,3.00472765497669e-05,"MMP11/FILIP1L/SAMD4A/ST8SIA4/ICAM1/SMARCA1/POSTN/MCC/TGFBR1/DKK3/SLIT2/SERPINE1/CCL5/CTSB/TNC/TIMP2/DCN/CAV1/FHL1/RECK/ANGPTL2/ZEB2/RGMA/CRYAB/CCL2/PDPN/MMP2/VEGFC/MCAM/LGALS1/MSN/HLA-DQB1/AKR1B1/THBD/CTLA4/MTHFR/AXIN2/CDH1/LCP1",39
"C0278595","Adult Fibrosarcoma","26/495","387/21671",0.0671834625322997,2.94127841724741,5.89151210756789,1.08167921240525e-06,4.48058137930002e-05,3.12661005105598e-05,"EPHA3/CLU/FLI1/ICAM1/IL2RB/SERPINE1/CCL5/GJA1/AKAP12/TNC/TIMP2/NR3C1/ANGPTL1/CCL2/FLNA/ARL4C/SDC2/MMP2/VEGFC/COL1A2/THBS1/ADAMTS1/PRKCB/AKR1B1/ABCC2/RRM2",26
"C0024232","Lymphatic Metastasis","29/495","463/21671",0.0626349892008639,2.74214717368065,5.79342741095152,1.08840198949193e-06,4.48444777159812e-05,3.12930807169151e-05,"HAVCR2/VWF/FLI1/LAYN/ICAM1/TIAM1/JAM3/SERPINE1/ACKR3/ETV1/CTSB/MFAP5/DCLK1/DCN/CAV1/NRP2/RECK/TWIST2/CRYAB/MEIS2/CCL2/PDPN/SPARCL1/MMP2/VEGFC/RASSF2/CTSK/CDH1/TYMS",29
"C0155626","Acute myocardial infarction","40/495","766/21671",0.0522193211488251,2.28615133053775,5.54104224450861,1.15519116995128e-06,4.73445016002255e-05,3.30376310648835e-05,"IL18BP/PTGER3/PECAM1/VWF/ICAM1/GLI3/AGTR1/PAPPA/CYBB/POSTN/ATXN1/HLA-DOA/TGFBR1/AKT3/SOX7/SERPINE1/CCL5/GJA1/AKAP12/TNC/TIMP2/CAV1/SERPING1/VCAM1/F2R/CSRP1/CCL2/PDPN/GBP5/SERPINF1/MMP2/TFPI/FSTL1/LGALS1/C3/THBD/CDH2/CTLA4/MTHFR/CD27",40
"C0027796","Neuralgia","40/495","767/21671",0.0521512385919166,2.28317068995035,5.53194056657669,1.19327475566456e-06,4.85846221944346e-05,3.39030039230328e-05,"PDE5A/CD74/APOC1/GPR34/ICAM1/CYBB/ADARB1/MCC/AKT3/PMP22/CD38/EDNRA/CCL5/GJA1/ACKR3/CTSB/PRKG1/CACNA2D1/KCNMA1/CAV1/HTR2B/RGS10/NR3C1/ZEB2/SYNM/GAP43/RGMA/CCL2/THBS4/MMP2/LGALS1/A2M/NFATC1/HLA-DQB1/PRKCB/RORA/P2RY13/ATP7A/CDH1/TYMS",40
"C0235480","Paroxysmal atrial fibrillation","19/495","226/21671",0.084070796460177,3.68060248502726,6.19346519168563,1.19799416978273e-06,4.85846221944346e-05,3.39030039230328e-05,"EPHA3/VWF/AGTR1/SSPN/ATXN1/CAV2/CAV1/CFL2/PLN/VCAM1/PHLDB2/NR3C1/DES/MYOCD/CALU/FBXO32/GNB4/WIPF1/THBD",19
"C0278488","Carcinoma breast stage IV","33/495","573/21671",0.0575916230366492,2.52134962187318,5.64281469749027,1.28166891940595e-06,5.17073304672837e-05,3.60820718264778e-05,"SORBS1/MMP11/ST8SIA4/ICAM1/PCDH7/FGFR1/GJA1/PTPRC/CTSB/TNC/KCNMA1/DCN/CAV1/HSD17B6/ACTG2/VCAM1/ALDH1A3/NR3C1/ANTXR1/SPARC/CCL2/MMP2/ADAMTS1/CDH11/BCHE/PRKCB/CDH5/CTSK/TK1/CTLA4/RRM2/CDH1/TYMS",33
"C0265010","Ruptured thoracic aortic aneurysm","4/495","5/21671",0.8,35.0238383838384,11.6329277430345,1.32060539978574e-06,5.21908644221444e-05,3.64194883345851e-05,"AOC3/SERPINE1/EFEMP2/ATP7A",4
"C0265012","Ruptured abdominal aortic aneurysm","4/495","5/21671",0.8,35.0238383838384,11.6329277430345,1.32060539978574e-06,5.21908644221444e-05,3.64194883345851e-05,"AOC3/SERPINE1/EFEMP2/ATP7A",4
"C1305122","Thoracoabdominal aortic aneurysm, ruptured","4/495","5/21671",0.8,35.0238383838384,11.6329277430345,1.32060539978574e-06,5.21908644221444e-05,3.64194883345851e-05,"AOC3/SERPINE1/EFEMP2/ATP7A",4
"C2931117","Fetal megacystis","4/495","5/21671",0.8,35.0238383838384,11.6329277430345,1.32060539978574e-06,5.21908644221444e-05,3.64194883345851e-05,"ACTA2/MYLK/ACTG2/LMOD1",4
"C1704436","Peripheral Arterial Diseases","23/495","319/21671",0.0721003134796238,3.15653715841804,5.93257309459052,1.3735809299139e-06,5.3805460056481e-05,3.75461749208461e-05,"CHRNA3/COL4A1/ADAMTS5/IL18BP/PECAM1/AGTR1/CYBB/EDNRA/ANGPTL2/FEZ1/VCAM1/ZEB2/ANTXR1/F2R/CCL2/FLNA/THBS4/FAM20C/MMP2/MCAM/THBS1/ATP7B/MTHFR",23
"C0242488","Acute Lung Injury","12/495","93/21671",0.129032258064516,5.64900619094167,6.86919895841465,1.37535258083956e-06,5.3805460056481e-05,3.75461749208461e-05,"PECAM1/ICAM1/SERPINE1/GJA1/AKAP12/TIMP2/MYLK/CAV1/CCL2/MMP2/C3/THBD",12
"C0042781","Visceral Myopathy","5/495","10/21671",0.5,21.889898989899,10.1019957117099,1.39687906796365e-06,5.41011263022321e-05,3.77524948104912e-05,"MYLK/CLMP/MYH11/ACTG2/LMOD1",5
"C0521618","Stenosis of ureter","5/495","10/21671",0.5,21.889898989899,10.1019957117099,1.39687906796365e-06,5.41011263022321e-05,3.77524948104912e-05,"SETBP1/FLNA/CDH11/CTLA4/HLA-DPA1",5
"C0027697","Nephritis","22/495","296/21671",0.0743243243243243,3.2539039039039,5.96950445431161,1.41037417059963e-06,5.41534887636186e-05,3.77890340414994e-05,"IL18BP/ST8SIA4/FLI1/ICAM1/AGTR1/LST1/SERPINE1/CCL5/PTPRC/AXL/CAV1/C1R/VCAM1/CCL2/CFH/LGALS1/GREM1/HLA-DQB1/C3/IL10RA/ITGA4/CTLA4",22
"C0747845","early pregnancy","21/495","273/21671",0.0769230769230769,3.36767676767677,6.01904008572198,1.41221336564045e-06,5.41534887636186e-05,3.77890340414994e-05,"HAVCR2/PECAM1/AGTR1/PCSK5/FGFR1/SLIT2/SERPINE1/CCL5/GJA1/ACKR3/PTGIS/DCN/CCL2/SPARCL1/MMP2/PALLD/THBS1/MTRR/DHFR/MTR/MTHFR",21
"C1397307","Cardiac fibrosis","22/495","297/21671",0.0740740740740741,3.24294799850355,5.95065288923211,1.49144831606632e-06,5.69101411637918e-05,3.97126632253076e-05,"OGN/AGTR1/ITGA11/CYBB/POSTN/TGFBR1/HSPB7/SERPINE1/GJA1/ACKR3/DDR2/TIMP2/DCN/PLN/MITF/NR3C1/CCL2/FLNA/MMP2/RCN3/LUM/HLA-DMB",22
"C0473583","Nevus elasticus","8/495","37/21671",0.216216216216216,9.46590226590227,7.8798108167016,1.50983810802298e-06,5.70497852914438e-05,3.98101087789371e-05,"VWF/ICAM1/MYH11/MGP/MMP2/CFH/ELN/ABCC2",8
"C0546884","Hypovolemia","8/495","37/21671",0.216216216216216,9.46590226590227,7.8798108167016,1.50983810802298e-06,5.70497852914438e-05,3.98101087789371e-05,"TGFBR1/PRKG1/MFAP5/ACTA2/MYLK/MYH11/MMP2/ELN",8
"C0243038","Carcinoma, Lewis Lung","17/495","188/21671",0.0904255319148936,3.95881151944982,6.22958121716923,1.60629333065783e-06,6.03997482489105e-05,4.21477580629942e-05,"CHST15/PTGER3/PECAM1/FGL2/FGFR1/GJA1/PTGIS/DPYSL3/ANGPTL1/CCL2/SERPINF1/SDC2/MMP2/FBXO32/LGALS1/THBS1/ADAMTS1",17
"C0270824","Visual seizure","18/495","209/21671",0.0861244019138756,3.7705089169204,6.15329435684243,1.61439920981173e-06,6.0411286372955e-05,4.21558095213997e-05,"CHRNA3/CLU/TCF4/MAP1B/FGFR1/IL6ST/CCL5/GJA1/NRP2/PRICKLE1/NR3C1/GAP43/MPDZ/ADAMTS1/BCHE/C7/ABCC2/ATP7A",18
"C4722099","High grade glioma","17/495","190/21671",0.0894736842105263,3.91713981924508,6.17471460557345,1.85901473676245e-06,6.90437968948696e-05,4.81796916649891e-05,"PECAM1/ICAM1/TCF4/IL2RB/AKT3/FGFR1/SOX7/CCL5/WWTR1/EFS/TNC/ALDH1A3/SERPINF1/EMP3/STC1/ERCC1/MTHFR",17
"C0008924","Cleft upper lip","20/495","255/21671",0.0784313725490196,3.43370964547435,5.97695196356699,1.86291680235318e-06,6.90437968948696e-05,4.81796916649891e-05,"FILIP1L/EPHA3/CRISPLD2/GLI3/FGFR1/JAM3/GJA1/MASP1/MEIS2/CCL2/GREM1/PDGFC/COL8A1/MTR/SLC19A1/MTHFR/AXIN2/CDH1/TYMS/CDON",20
"C0154841","Central retinal vein occlusion","8/495","38/21671",0.210526315789474,9.21679957469431,7.75079424062682,1.87449579887929e-06,6.91421164672334e-05,4.82483003871939e-05,"VWF/ICAM1/AGTR1/SERPINE1/SERPINF1/MMP2/LOXL1/MTHFR",8
"C2363741","HIV-1 infection","37/495","695/21671",0.0532374100719424,2.3307230579173,5.45166094859117,1.88383968704914e-06,6.91574512601075e-05,4.82590012122592e-05,"HAVCR2/EPHA3/CD74/VWF/ICAM1/CYBB/IL2RB/DKK3/TIAM1/IL6ST/SLIT2/CD300A/CLEC4A/IGFBP7/CD38/CCL5/PTPRC/SLAMF7/CTSB/GEM/PLN/SERPING1/ZEB2/CCL2/LGALS1/GREM1/MSN/PDLIM7/SLFN11/HLA-DQB1/THBS1/LILRB2/PRKCB/ABCC2/CTLA4/CD27/HLA-DPA1",37
"C0011269","Dementia, Vascular","18/495","212/21671",0.0849056603773585,3.71715265866209,6.07837263168223,1.98092551960388e-06,7.23785333719417e-05,5.05067157058884e-05,"FYN/CLU/VWF/ICAM1/AGTR1/FGFR1/SERPINE1/CAV1/CFL2/MASP1/PHLDB2/SYNM/GAP43/CCL2/MMP2/BCHE/SLC19A1/MTHFR",18
"C0034155","Purpura, Thrombotic Thrombocytopenic","11/495","80/21671",0.1375,6.01972222222222,6.87698996963686,1.9998666622653e-06,7.27275453798451e-05,5.07502609870636e-05,"VWF/SERPINE1/CCL2/SERPINF1/CFH/TFPI/HLA-DQB1/THBS1/C3/THBD/CD27",11
"C0005967","Bone neoplasms","15/495","151/21671",0.0993377483443709,4.34898655428457,6.3138002072956,2.04137953097795e-06,7.34964310876225e-05,5.12867997927544e-05,"PDLIM3/FLI1/ICAM1/HLA-DOA/ACKR3/CTSB/CAV1/SPARC/PDPN/SERPINF1/SDC2/MMP2/CTSK/CTLA4/ABCC3",15
"C0037052","Sick Sinus Syndrome","9/495","51/21671",0.176470588235294,7.72584670231729,7.35214897921179,2.04158896094475e-06,7.34964310876225e-05,5.12867997927544e-05,"ICAM1/CACNA2D1/GNB5/VCAM1/MEF2C/KCNJ8/CCL2/COL1A2/THBS1",9
"C0018818","Ventricular Septal Defects","27/495","426/21671",0.0633802816901408,2.77477592829706,5.65626896187364,2.04947445325671e-06,7.34964310876225e-05,5.12867997927544e-05,"FLI1/GLI3/PCSK5/SSPN/RAB23/AKT3/FGFR1/GJA1/ZFPM2/PLN/GPC6/MASP1/ZEB2/MEF2C/MEIS2/MGP/MMP2/VEGFC/NFATC1/THBS1/DTNA/ELN/PRKCB/CDH5/MTRR/MTR/MTHFR",27
"C4551686","Malignant neoplasm of soft tissue","37/495","699/21671",0.0529327610872675,2.31738558691348,5.41304530517014,2.15281843854183e-06,7.68466895158757e-05,5.36246552603071e-05,"MMP11/CLU/PECAM1/FLI1/SMARCA1/ADARB1/FGFR1/SLIT2/IGFBP7/CD38/EDNRA/SERPINE1/CSF2RA/ACKR3/CD3D/CALD1/DCN/CAV1/MYL9/F2R/DES/CCL2/MMP2/VEGFC/JAZF1/MCAM/TFPI/LGALS1/NFATC1/LRRC15/ABCC2/ERCC1/DHFR/CTLA4/MTHFR/TYMS/LCP1",37
"C0037199","Sinusitis","12/495","97/21671",0.123711340206186,5.41605748203686,6.66446572439015,2.16710727294794e-06,7.70018942030034e-05,5.37329591819782e-05,"CLU/ST8SIA4/CYBB/POSTN/IGHM/SERPINE1/CCL5/PDPN/MGP/WIPF1/CTLA4/HLA-DPA1",12
"C4086152","Childhood Astrocytoma","34/495","615/21671",0.0552845528455285,2.4203465549807,5.46328724479106,2.19011225561855e-06,7.74639704658507e-05,5.40554022235101e-05,"QKI/RGS2/PTGER3/FLI1/ICAM1/SMARCA1/TCF4/ADARB1/RAB23/AKT3/FGFR1/LATS2/EDNRA/SERPINE1/CCL5/GJA1/ACKR3/AKAP12/CYP1B1/GEM/AXL/TNC/TIMP2/CAV1/VCAM1/GAP43/SPARC/CCL2/MMP2/A2M/CDH11/AKR1B1/CCDC88A/ABCC3",34
"C1969372","Tubulointerstitial fibrosis","23/495","328/21671",0.0701219512195122,3.06992485833949,5.77529085167293,2.20432797110292e-06,7.76123839280148e-05,5.41589671369068e-05,"LAYN/ICAM1/AGTR1/CYBB/TGFBR1/DKK3/NREP/SERPINE1/CCL5/FERMT2/DDR2/CAV1/ZEB2/ANTXR1/F2R/SPARC/CCL2/MMP2/VEGFC/THBS1/ADAMTS1/C3/CDH1",23
"C0151779","Cutaneous Melanoma","30/495","507/21671",0.0591715976331361,2.59052059052059,5.54057055899702,2.27659901276081e-06,7.97942803296165e-05,5.56815238415183e-05,"FLI1/ICAM1/JAK3/SYNE1/RASSF8/ACKR3/CYP1B1/GEM/FERMT2/GBP1/NRP2/RECK/MITF/VCAM1/TTC7B/DES/SERPINF1/ATP2B4/SDC2/MMP2/VEGFC/MCAM/HLA-DQB1/THBS1/CTSK/RORA/CTLA4/CDH1/TYMS/CD27",30
"C0149940","Sciatic Neuropathy","13/495","115/21671",0.11304347826087,4.94902064119455,6.49178798014141,2.30918562623084e-06,8.05718552287573e-05,5.62241260820075e-05,"ICAM1/PCSK5/PMP22/FGFR1/JAM3/SERPINE1/CCL5/AKAP12/CAV1/RGMA/KCNJ8/CCL2/C3",13
"C0155094","Corneal pannus","10/495","66/21671",0.151515151515152,6.63330272421182,7.00757917849645,2.36853242779176e-06,8.22719828954034e-05,5.74104980727433e-05,"ADAMTS5/ADAMTS12/ICAM1/IGFBP7/TIMP2/CAV1/MMP2/VEGFC/CDH11/CTSK",10
"C0524910","Hepatitis C, Chronic","27/495","430/21671",0.0627906976744186,2.74896405919662,5.60064085623753,2.44348493950321e-06,8.44965818812137e-05,5.89628532159257e-05,"SLC11A1/HAVCR2/AOC3/IL18BP/AGTR1/CD38/SERPINE1/CCL5/YME1L1/GEM/TNC/RECK/BOC/CYBRD1/F2R/CCL2/MMP2/HLA-DQB1/C3/LAMB2/ADAMTS2/ABCC2/DHFR/CTLA4/MTHFR/CD27/HLA-DPA1",27
"C0037284","Skin lesion","32/495","563/21671",0.0568383658969805,2.48837217647164,5.4708182676383,2.45565495056716e-06,8.45400144315254e-05,5.89931610346777e-05,"CLU/CD74/ICAM1/SMARCA1/POSTN/TCF4/IL2RB/SETBP1/SLIT2/CCL5/ACKR3/PTPRC/GLIS2/TNC/DCN/VCAM1/CCL2/FLNA/MCAM/PDLIM7/THBS1/ELN/CTSK/ITGA4/EDIL3/MTRR/ERCC1/DHFR/MTHFR/CDH1/TYMS/CD27",32
"C0338106","Adenocarcinoma of colon","26/495","406/21671",0.0640394088669951,2.80363238294273,5.60903872492207,2.62349878829257e-06,8.991867970847e-05,6.27464661289349e-05,"MMP11/LAYN/TGFBR1/FGFR1/IGFBP7/EDNRA/SERPINE1/ACKR3/CTSB/WWTR1/MFAP5/DCLK1/CAV1/F2R/FLNA/SDC2/MMP2/VEGFC/AEBP1/GREM1/LUM/AKR1B1/COL8A1/AXIN2/CDH1/TYMS",26
"C0035412","Rhabdomyosarcoma","32/495","565/21671",0.0566371681415929,2.47956377938679,5.44835050497453,2.64540058583208e-06,9.02699248363669e-05,6.29915697113272e-05,"EPHA3/ST8SIA4/ICAM1/GLI3/SMARCA1/TGFBR1/TRAC/FGFR1/IL6ST/SERPINE1/CCL5/ACKR3/RPS6KA2/PTPRC/EFS/CAV2/TNC/CAV1/SERPING1/TWIST2/MEF2C/F2R/DES/CCL2/SERPINF1/MMP2/CFH/PDGFC/SLFN11/IGFBP6/CCDC88A/RRM2",32
"C0019079","Hemoptysis","10/495","67/21671",0.149253731343284,6.53429820594,6.93654111245842,2.7278601658022e-06,9.26754598434379e-05,6.46701844478038e-05,"COL3A1/TGFBR1/PRKG1/MFAP5/ACTA2/MYLK/MYH11/ELN/CTLA4/HLA-DPA1",10
"C0024312","Lymphopenia","19/495","239/21671",0.0794979079497908,3.48040234985842,5.89521739878204,2.75600845553953e-06,9.32228886314812e-05,6.50521876313284e-05,"DOCK2/PECAM1/MAP4K4/JAK3/CCL5/CD3D/PTPRC/SLAMF7/MYLK/C1R/NR3C1/WIPF1/NFATC1/MSN/HLA-DQB1/C3/BCHE/CTLA4/CD27",19
"C0029925","Ovarian Carcinoma","31/495","539/21671",0.0575139146567718,2.51794756470081,5.45620830525211,2.77436877689545e-06,9.34359154166615e-05,6.52008405920281e-05,"ADAM12/CLU/CHST15/AGTR1/PAPPA/DLC1/KIF26B/IGFBP7/SERPINE1/BNC2/AXL/EFEMP1/TIMP2/CAV1/ZEB2/F2R/SPARC/HTRA1/CCL2/MMP2/MCAM/LGALS1/PALLD/EFEMP2/CTSK/PCDH17/ABCC2/ATP7B/ERCC1/CDH1/TYMS",31
"C2936380","Neointima","8/495","40/21671",0.2,8.7559595959596,7.50649718338472,2.83196110064913e-06,9.49626436607278e-05,6.6266212129566e-05,"CYBB/FGFR1/SERPINE1/PTPRC/AXL/MMP2/TFPI/ATP7A",8
"C0342257","Complications of Diabetes Mellitus","19/495","240/21671",0.0791666666666667,3.46590067340067,5.87313620680929,2.93077451182172e-06,9.78524972783235e-05,6.82827909174435e-05,"RGS2/AOC3/RDX/AGTR1/SERPINE1/PLN/F2R/SPARC/CCL2/SERPINF1/MMP2/LGALS1/MSN/HLA-DQB1/THBS1/PRKCB/AKR1B1/CTLA4/MTHFR",19
"C0011303","Demyelinating Diseases","15/495","156/21671",0.0961538461538462,4.20959595959596,6.15108997313875,3.07065226659335e-06,0.000102082714407863,7.12346934219873e-05,"QKI/HAVCR2/ICAM1/SMARCA1/AKT3/PMP22/FGFR1/CCL5/ACKR3/CTSB/PRICKLE1/CRYAB/CCL2/ITGA4/HLA-DPA1",15
"C0494463","Alzheimer Disease, Late Onset","25/495","385/21671",0.0649350649350649,2.84284402466221,5.57804489817654,3.19632179291094e-06,0.000105806447042257,7.38331642222118e-05,"ADAM12/CLU/APOC1/FRMD4A/ATXN1/HECTD2/CCL5/PRKG1/FERMT2/CAV1/MSRB3/ACTG2/SYNM/MEF2C/CCL2/CFH/A2M/ADAMTS1/HLA-DRA/BCHE/MS4A6A/MTRR/MTHFR/TYMS/SLC25A27",25
"C0699949","airway disease","17/495","198/21671",0.0858585858585859,3.75887154372003,5.96249192318472,3.26881290674359e-06,0.000107745637343131,7.51863573398805e-05,"RGS2/PDE5A/ADAMTS12/ICAM1/POSTN/IL2RB/CD38/GJA1/CAV1/CCL2/LGALS1/HLA-DQB1/C3/PRKCB/AKR1B1/ITGA4/CD300LF",17
"C0877015","Pelvic Organ Prolapse","13/495","119/21671",0.109243697478992,4.78266700619642,6.32612681847403,3.3978168218784e-06,0.000111523258907924,7.78224325617555e-05,"COL3A1/CALD1/DCN/ACTG2/DES/MMP2/LGALS1/THBS1/LOXL1/POPDC2/ELN/LUM/SLC19A1",13
"C0019158","Hepatitis","35/495","656/21671",0.0533536585365854,2.33581239221483,5.31181304978406,3.42569305639097e-06,0.000111963790779766,7.8129841636987e-05,"IL18BP/CLU/RDX/PECAM1/LSAMP/ICAM1/FGL2/POSTN/TCF4/STON1/SETBP1/JAM3/IGFBP7/IGHM/GJA1/CD3D/CYP1B1/C1S/DCLK1/TIMP2/ACTG2/VCAM1/NR3C1/F2R/SPARC/CCL2/LGALS1/BCHE/ABCC2/ATP7B/ATP7A/CTLA4/MTHFR/RRM2/SLAMF8",35
"C0002170","Alopecia","29/495","491/21671",0.0590631364562118,2.58577218210619,5.43411286397228,3.48275276787287e-06,0.00011335043252077,7.90974589253745e-05,"COL3A1/APOC1/ICAM1/TCF4/SSPN/SETBP1/FGFR1/PRKD1/TRPS1/EBF1/EDNRA/GJA1/CTSB/DCN/C1R/TWIST2/ANTXR1/HTRA1/CCL2/MGP/MSN/HLA-DQB1/HLA-DRA/RORA/ABCC2/CTLA4/SLC19A1/MTHFR/TYMS",29
"C0080178","Spina Bifida","16/495","179/21671",0.0893854748603352,3.91327803171379,5.98384209323856,3.77025041260117e-06,0.000122193973623467,8.52686010513411e-05,"FLI1/CD38/GPR161/TIMP2/CCL2/MMP2/PRKCB/PRICKLE2/CCDC88A/ABCC2/MTRR/DHFR/MTR/SLC19A1/MTHFR/TYMS",16
"C0021368","Inflammation","28/495","467/21671",0.0599571734475375,2.6249129409729,5.42737376415185,3.86422317889837e-06,0.000124543731449942,8.69082937197404e-05,"PDE5A/CLU/PECAM1/VWF/ICAM1/AGTR1/ITGA1/CD38/SERPINE1/CCL5/CTSB/SERPING1/VCAM1/NR3C1/CRYAB/F2R/CCL2/PDPN/SERPINF1/MMP2/VEGFC/A2M/THBS1/C3/STC1/THBD/ATP7B/CDH1",28
"C0232475","Decreased peristalsis","4/495","6/21671",0.666666666666667,29.186531986532,10.5571821293254,3.89004512972315e-06,0.000124543731449942,8.69082937197404e-05,"MYLK/MYH11/ACTG2/LMOD1",4
"C0023462","Acute Megakaryocytic Leukemias","15/495","159/21671",0.0943396226415094,4.13016962073566,6.05670094752083,3.89098670421973e-06,0.000124543731449942,8.69082937197404e-05,"APOC1/VWF/JAK3/DLC1/RUNX1T1/FGFR1/CD8A/MIR100HG/CD38/GLIS2/TNC/MYH11/TNS1/MYOCD/THBD",15
"C0220756","Niemann-Pick Disease, Type C","17/495","201/21671",0.0845771144278607,3.702768983366,5.88573932817297,4.00747449169907e-06,0.000126891435219626,8.85465530396376e-05,"HAVCR2/S1PR3/LIPA/POSTN/TGFBR1/DKK3/NEGR1/CCL5/CAV1/CCL2/PDLIM7/THBS1/IGFBP6/ATP7B/ERCC1/CTLA4/CDH1",17
"C0032584","polyps","25/495","390/21671",0.0641025641025641,2.80639730639731,5.50376212984806,4.01286991760984e-06,0.000126891435219626,8.85465530396376e-05,"PDE5A/PTGER3/AGTR1/POSTN/TGFBR1/IGFBP7/EDNRA/SERPINE1/ACKR3/CALD1/PTGIS/MFAP5/DCLK1/VCAM1/NR3C1/PDPN/MMP2/VEGFC/LGALS1/GREM1/C3/HLA-DRA/MTHFR/AXIN2/CDH1",25
"C3495549","Patent ductus arteriosus - persisting type","7/495","30/21671",0.233333333333333,10.2152861952862,7.72219711786924,4.01347813436721e-06,0.000126891435219626,8.85465530396376e-05,"VWF/AGTR1/PTGIS/ACTA2/MYH11/NFATC1/MTHFR",7
"C0266052","Precocious exfoliation of primary tooth","6/495","20/21671",0.3,13.1339393939394,8.30018801769198,4.0676572675113e-06,0.000127563049368998,8.90152144413831e-05,"COL3A1/PRKD1/GJA1/C1S/C1R/CTSC",6
"C3888896","Wet age-related macular degeneration","6/495","20/21671",0.3,13.1339393939394,8.30018801769198,4.0676572675113e-06,0.000127563049368998,8.90152144413831e-05,"TNC/MFGE8/HTRA1/SERPINF1/CFH/C3",6
"C0152136","Low Tension Glaucoma","12/495","103/21671",0.116504854368932,5.10055898793763,6.37774028168216,4.10772309752997e-06,0.000128300093199464,8.95295335560969e-05,"GAS7/EDNRA/CYP1B1/ZFPM2/CAV2/DCLK1/CAV1/CCL2/HLA-DQB1/LOXL1/AKR1B1/MTHFR",12
"C0272242","Complement deficiency disease","8/495","42/21671",0.19047619047619,8.33900913900914,7.27870208778828,4.17566876557738e-06,0.000129898515093022,9.06449338881415e-05,"C1S/C1R/SERPING1/CFH/C3/C1QC/C7/THBD",8
"C3887590","Stricture of ureter","5/495","12/21671",0.416666666666667,18.2415824915825,9.13395016399606,4.22672862896235e-06,0.00013096095983977,9.13863221461966e-05,"SETBP1/FLNA/CDH11/CTLA4/HLA-DPA1",5
"C0035344","Retinopathy of Prematurity","17/495","202/21671",0.0841584158415842,3.68443844384438,5.86048174419485,4.2851440044493e-06,0.000132241934097467,9.22802032411288e-05,"QKI/ICAM1/AGTR1/JAM3/CCL5/FZD1/TUBA1A/NRP2/GAP43/SERPINF1/MMP2/TFPI/LGALS1/C3/STC1/EDIL3/MTHFR",17
"C0206682","Follicular thyroid carcinoma","21/495","293/21671",0.0716723549488055,3.13780122039508,5.63284350333781,4.32406492799989e-06,0.000132913519572568,9.27488446335817e-05,"OGN/ST8SIA4/ICAM1/POSTN/RAB23/IGFBP7/SERPINE1/FZD1/CAV2/TNC/CAV1/HTRA1/PDPN/MMP2/VEGFC/THBS1/PRKCB/IGFBP6/STC1/ERCC1/RRM2",21
"C0158266","Intervertebral Disc Degeneration","23/495","342/21671",0.0672514619883041,2.94425541969402,5.54103910497336,4.43595281080981e-06,0.000135813796334122,9.47726968317385e-05,"COL3A1/IGFBP5/ADAMTS5/PECAM1/CD74/ICAM1/POSTN/CD38/TSHZ3/CPQ/CAV1/GPC6/GAP43/SPARC/HTRA1/MGP/MMP2/MCAM/FSTL1/PDLIM7/ADAMTS1/IGFBP6/ATP7A",23
"C0740457","Malignant neoplasm of kidney","35/495","664/21671",0.052710843373494,2.30767007423634,5.23251278376668,4.47145678325469e-06,0.000136361827728704,9.51551205222248e-05,"QKI/HAVCR2/EPHA3/CLU/DERL3/CD74/ICAM1/AGTR1/SMARCA1/POSTN/TCF4/DKK3/IGFBP7/ACKR3/CYP1B1/CTSB/AXL/CAV2/DCLK1/TIMP2/CHRDL1/CAV1/FEZ1/MITF/TWIST2/ZEB2/CCL2/MMP2/MCAM/CTSK/RORA/ABCC2/ATP7B/CTLA4/TYMS",35
"C0398623","Thrombophilia","15/495","161/21671",0.093167701863354,4.07886316581969,5.9950555518573,4.54146856053269e-06,0.000137953786156417,9.62660105607239e-05,"VWF/SERPINE1/SERPING1/MFGE8/F2R/PDPN/MGP/SERPINF1/CFH/TFPI/A2M/C3/THBD/MTRR/MTHFR",15
"C0856742","Post MI","17/495","203/21671",0.083743842364532,3.66628850077126,5.83538421515919,4.5799850455484e-06,0.000138487179177096,9.66382193966852e-05,"JPH2/VWF/POSTN/TNC/TIMP2/PLN/DES/LTBP1/CCL2/PDPN/MGP/ATP2B4/MMP2/FBXO32/FSTL1/ELN/CTSK",17
"C1504336","Polypoidal choroidal vasculopathy","9/495","56/21671",0.160714285714286,7.03603896103896,6.91478241574743,4.59478505661162e-06,0.000138487179177096,9.66382193966852e-05,"SERPING1/HTRA1/SERPINF1/CFH/COL1A2/C3/LOXL1/ELN/COL8A1",9
"C0007286","Carpal Tunnel Syndrome","11/495","87/21671",0.126436781609195,5.53537675606641,6.4806284211113,4.63029846823334e-06,0.000139016635406727,9.70076810868145e-05,"ADAMTS5/TGFBR1/PMP22/SERPINE1/TNC/EFEMP1/LTBP1/CCL2/AEBP1/UMPS/HLA-DPA1",11
"C0018133","Graft-vs-Host Disease","27/495","447/21671",0.0604026845637584,2.6444173276388,5.37108813034292,5.02087953382886e-06,0.000150161130768488,0.000104784460094335,"HAVCR2/AOC3/PECAM1/ICAM1/JAK3/HLA-DOA/IL6ST/CCL5/PTPRC/GEM/MYLK/CAV1/VCAM1/NR3C1/F2R/CCL2/MCAM/HLA-DQB1/C3/BCHE/THBD/CTLA4/MTHFR/TYMS/CD27/LILRB4/HLA-DPA1",27
"C4275242","Sudden sensorineural hearing loss","10/495","72/21671",0.138888888888889,6.08052749719416,6.60189059752005,5.32663131087295e-06,0.000158692638977007,0.000110737861462885,"PDE5A/ICAM1/CAV1/VCAM1/VEGFC/CFH/C3/MTRR/MTR/MTHFR",10
"C0006287","Bronchopulmonary Dysplasia","26/495","423/21671",0.0614657210401891,2.6909568498221,5.36974634598981,5.50498812880638e-06,0.000163377923546875,0.00011400731615818,"IL18BP/CLU/PECAM1/CRISPLD2/AGTR1/POSTN/IL6ST/SYNE1/EDNRA/SERPINE1/ACKR3/CYP1B1/TNC/TIMP2/BOC/ACTG2/NR3C1/CAP2/CCL2/FLNA/MMP2/LGALS1/THBS1/LOXL1/ELN/MTHFR",26
"C0024115","Lung diseases","36/495","700/21671",0.0514285714285714,2.25153246753247,5.14625926067453,5.64572604938022e-06,0.000166915244192745,0.00011647570616138,"SLC11A1/COL3A1/IGFBP5/LAIR1/PDE5A/CRISPLD2/ICAM1/PCSK5/POSTN/AP1S2/EDNRA/SERPINE1/CCL5/ACKR3/CTSB/TIMP2/MYLK/DCN/CAV1/NR3C1/RGMA/F2R/CCL2/FLNA/MMP2/MCAM/FSTL1/GREM1/A2M/EFEMP2/ELN/LUM/CTSC/CTSK/STC1/EDIL3",36
"C3495559","Juvenile arthritis","27/495","450/21671",0.06,2.62678787878788,5.33168340337279,5.6763164651044e-06,0.000167181548816345,0.000116661537115514,"SLC11A1/CLU/ICAM1/POSTN/IL2RB/IL6ST/CCL5/PTPRC/CALD1/GEM/GNG11/TIMP2/VCAM1/CCL2/PGM5/MMP2/FNBP1/TFPI/MSN/HLA-DQB1/THBS1/CTLA4/SLC19A1/MTHFR/ABCC3/ADGRL2/HLA-DPA1",27
"C0003811","Cardiac Arrhythmia","31/495","559/21671",0.0554561717352415,2.42785999530186,5.22922022648897,5.80730454277058e-06,0.000170391594652655,0.000118901550347396,"SORBS1/COL4A1/GJC1/EPHA3/PDE5A/VWF/AGTR1/CYBB/IL2RB/HSPB7/CD38/GJA1/ETV1/CACNA2D1/GNG11/PLN/FHL1/ITPR1/ANK2/ACTG2/HOPX/KCNJ8/FAM20C/POPDC2/EFEMP2/ELN/BCHE/KCNE4/CTLA4/CES2/HLA-DPA1",31
"C0020429","Hyperalgesia","27/495","451/21671",0.0598669623059867,2.62096351542028,5.318619383593,5.91161008956125e-06,0.000172797478316005,0.000120580408380922,"IL18BP/PTGER3/RBMS3/CYBB/IL2RB/JAK3/ITGA1/TGFBR1/IL6ST/EDNRA/CCL5/GJA1/PRKG1/CACNA2D1/ITPR1/HTR2B/RGS10/NR3C1/F2R/SPARC/CCL2/C3/IL10RA/PRKCB/AKR1B1/THBD/ATP7B",27
"C0086565","Liver Dysfunction","10/495","73/21671",0.136986301369863,5.99723259997233,6.53874373766691,6.04765123974604e-06,0.000176109422943883,0.00012289152796239,"COL3A1/RNASE6/CRISPLD2/HLA-DOA/SERPINE1/CD3D/ACTA2/CCL2/ATP7B/MTHFR",10
"C0020517","Hypersensitivity","11/495","90/21671",0.122222222222222,5.35086419753086,6.32369756453368,6.46847971714396e-06,0.000186594885645416,0.000130208425100794,"HAVCR2/IL2RB/IL6ST/CLEC4A/CSF2RA/MYLK/HTR2B/CCL2/HLA-DQB1/AKR1B1/MTHFR",11
"C0020534","Orbital separation excessive","32/495","590/21671",0.0542372881355932,2.37449751754836,5.17528716100511,6.47759247867156e-06,0.000186594885645416,0.000130208425100794,"COL3A1/TPM2/FLI1/GLI3/MAF/SETBP1/TGFBR1/AKT3/FGFR1/IGHM/GJA1/BNC2/PRKG1/MFAP5/DDR2/ACTA2/MYLK/MASP1/MYH11/TWIST2/ZEB2/MEF2C/ANTXR1/FLNA/FAM20C/MMP2/COL1A2/CDH11/EFEMP2/ELN/UMPS/CDH1",32
"C0520679","Sleep Apnea, Obstructive","28/495","480/21671",0.0583333333333333,2.55382154882155,5.26327575141711,6.47999280126737e-06,0.000186594885645416,0.000130208425100794,"COL3A1/CLU/PTGER3/VWF/ICAM1/AGTR1/PAPPA/SGCD/EDNRA/SERPINE1/GJA1/CAV1/VCAM1/NR3C1/GAP43/F2R/COL6A1/CCL2/MGP/KCNMB1/MMP2/HLA-DQB1/C3/ELN/ADAMTS2/COL13A1/MTHFR/FPR3",28
"C0376618","Endotoxemia","25/495","401/21671",0.0623441396508728,2.72941383913953,5.34438162710546,6.5194893628778e-06,0.000187036905943894,0.000130516872820185,"IGFBP5/PECAM1/VWF/ICAM1/IL6ST/SLIT2/EDNRA/SERPINE1/CCL5/GJA1/ACKR3/MYLK/VCAM1/NR3C1/F2R/SPARC/CCL2/MMP2/FBXO32/TFPI/GREM1/ADAMTS1/CDH5/THBD/ABCC2",25
"C0741160","Aortic Aneurysm, Ruptured","5/495","13/21671",0.384615384615385,16.8383838383838,8.73340209908042,6.73945410672759e-06,0.000192633990814435,0.000134422594049509,"AOC3/SERPINE1/MMP2/EFEMP2/ATP7A",5
"C1845050","PIGMENTARY DISORDER, RETICULATE, WITH SYSTEMIC MANIFESTATIONS","17/495","209/21671",0.0813397129186603,3.56103619931371,5.68805590072714,6.76472867173978e-06,0.00019264554518859,0.00013443065684746,"AOC3/PECAM1/VWF/ICAM1/POSTN/IL2RB/FGFR1/SERPINE1/PTPRC/TNC/TIMP2/PLXDC1/SPARC/CCL2/MMP2/LGALS1/THBS1",17
"C0751324","Multiple Sclerosis, Acute Fulminating","8/495","45/21671",0.177777777777778,7.78307519640853,6.96393774723989,7.18127174633028e-06,0.000203758721417855,0.000142185580942379,"SLC11A1/ICAM1/CLDN11/VCAM1/MCAM/HLA-DQB1/HLA-DRA/BCHE",8
"C4551472","Hypertrophic obstructive cardiomyopathy","18/495","233/21671",0.0772532188841202,3.3821303160359,5.58935165733642,7.48047516835299e-06,0.000211473579029424,0.000147569112522061,"COL4A1/JPH2/TPM2/VWF/AGTR1/SGCD/FZD1/FERMT2/ACTA2/PLN/FHL1/NEXN/CRYAB/MEF2C/MYL9/DES/MMP2/COL1A2",18
"C0742343","Acute Chest Syndrome","25/495","405/21671",0.0617283950617284,2.70245666541963,5.28774817406016,7.73885435170929e-06,0.000217982421121237,0.000152111070224028,"COL3A1/PECAM1/VWF/LIPA/ICAM1/GLI3/AGTR1/PAPPA/EDNRA/SERPINE1/CCL5/TIMP2/ANGPTL2/VCAM1/NR3C1/CCL2/MGP/SERPINF1/MMP2/TFPI/FSTL1/GREM1/THBS1/THBD/MTHFR",25
"C0007124","Noninfiltrating Intraductal Carcinoma","28/495","486/21671",0.0576131687242798,2.52229288772499,5.18934099930179,8.16544135265038e-06,0.000229164886658079,0.000159914345331273,"MMP11/CLU/PECAM1/VWF/ICAM1/AGTR1/POSTN/FGFR1/PRKD1/TRPS1/TIAM1/SLIT2/IGFBP7/SERPINE1/CTSB/TNC/DDR2/TIMP2/MYLK/CAV1/SPARC/MMP2/LGALS1/THBS1/CDH11/ITGA4/CTLA4/CDH1",28
"C0036220","Kaposi Sarcoma","28/495","488/21671",0.0573770491803279,2.51195562179169,5.16494038342738,8.81069489726298e-06,0.000246381381495303,0.000171928247377714,"S1PR3/PECAM1/ICAM1/MAP4K4/RBMS3/FGFR1/IL6ST/EDNRA/CCL5/ACKR3/PTPRC/CTSB/GEM/AXL/DCN/GBP1/VCAM1/NR3C1/MRGPRF/PDPN/MMP2/VEGFC/LGALS1/PDLIM7/THBS1/ADAMTS1/DHFR/TYMS",28
"C0007785","Cerebral Infarction","35/495","687/21671",0.0509461426491994,2.23041183303192,5.01065867685159,9.33925271972782e-06,0.000260222487651121,0.000181586757727385,"COL3A1/AOC3/VWF/ICAM1/AGTR1/CYBB/POSTN/IL2RB/JAK3/FGFR1/SERPINE1/CCL5/GJA1/ACKR3/PTGIS/CAV2/TNC/CAV1/MFGE8/NR3C1/ANGPTL1/F2R/HTRA1/CCL2/SERPINF1/SMTN/MMP2/VEGFC/PRKCB/STC1/THBD/EDIL3/SLC19A1/MTHFR/AXIN2",35
"C0553580","Ewings sarcoma","29/495","517/21671",0.0560928433268859,2.45573334896352,5.12201615319107,9.37440881303836e-06,0.000260265844680269,0.000181617012846452,"MMP11/EPHA3/FLI1/PAPPA/TCF4/HLA-DOA/FGFR1/CD38/EDNRA/LMO3/GJA1/EGR2/ACKR3/ETV1/PTPRC/AXL/TNC/CAV1/NR3C1/MEIS1/MCAM/SLFN11/CDH11/RASSF2/PRIMA1/PRKCB/CDH2/CTLA4/ABCC3",29
"C2678065","Myofibrillar Myopathy","9/495","61/21671",0.147540983606557,6.45931445603577,6.5280840200895,9.50665306771516e-06,0.000261449783018142,0.000182443180969215,"HSPB8/TPM2/LDB3/CFL2/PLN/FHL1/SYNM/CRYAB/DES",9
"C0027726","Nephrotic Syndrome","24/495","384/21671",0.0625,2.73623737373737,5.24840781586355,9.55206410975139e-06,0.000261449783018142,0.000182443180969215,"COL4A1/PDE5A/CLU/AGTR1/MAF/EDNRA/SERPINE1/CD2/ZFPM2/CTSB/STOM/C1S/C1R/KANK2/NR3C1/CCL2/MGP/CFH/TFPI/A2M/HLA-DQB1/C3/LAMB2/MTHFR",24
"C0677932","Progressive Neoplastic Disease","24/495","384/21671",0.0625,2.73623737373737,5.24840781586355,9.55206410975139e-06,0.000261449783018142,0.000182443180969215,"HAVCR2/PECAM1/CD74/VWF/ATXN1/PMP22/CD38/SERPINE1/CCL5/PTPRC/GEM/TIMP2/MEF2C/CCL2/PDPN/MMP2/CFH/PDLIM7/HLA-DQB1/ELN/ITGA4/ERCC1/TK1/TYMS",24
"C3539781","Progressive cGVHD","24/495","384/21671",0.0625,2.73623737373737,5.24840781586355,9.55206410975139e-06,0.000261449783018142,0.000182443180969215,"HAVCR2/PECAM1/CD74/VWF/ATXN1/PMP22/CD38/SERPINE1/CCL5/PTPRC/GEM/TIMP2/MEF2C/CCL2/PDPN/MMP2/CFH/PDLIM7/HLA-DQB1/ELN/ITGA4/ERCC1/TK1/TYMS",24
"C0375381","Urethral intrinsic sphincter deficiency","5/495","14/21671",0.357142857142857,15.6356421356421,8.37503715308691,1.0286831251808e-05,0.000280569700269382,0.000195785316819992,"TIMP2/ACTG2/TWIST2/MMP2/A2M",5
"C0017921","Glycogen storage disease type II","16/495","194/21671",0.0824742268041237,3.61070498802458,5.58446979526613,1.05549641622319e-05,0.000286872815440871,0.000200183715505303,"VWF/HMCN1/EFEMP1/FHL1/SERPING1/MFGE8/DES/HTRA1/CCL2/SERPINF1/CFH/C3/ELN/COL8A1/STC1/DHFR",16
"C1855285","Protruding ear","14/495","152/21671",0.0921052631578947,4.03234981392876,5.73588113087286,1.07359693668227e-05,0.000290772093410519,0.0002029046842055,"COL3A1/COL4A1/TPM2/FRMD4A/FGFR1/TRPS1/AP1S2/EDNRA/GJA1/ANTXR1/COL6A2/COL6A1/FLNA/ELN",14
"C3888088","SMITH-MCCORT DYSPLASIA 1","9/495","62/21671",0.145161290322581,6.35513196480938,6.45592948961038,1.08985918579352e-05,0.000294148057601276,0.000205260477500449,"RUNX1T1/CALD1/MYH11/TAGLN/LMOD1/MYOCD/MGP/ELN/THBD",9
"C4321245","Cleft lip or lips","10/495","78/21671",0.128205128205128,5.61279461279461,6.23971879475598,1.10621479291981e-05,0.000297525687012391,0.000207617432808597,"CRISPLD2/FGFR1/GJA1/CCL2/GREM1/PDGFC/SLC19A1/MTHFR/CDH1/TYMS",10
"C1378703","Renal carcinoma","34/495","665/21671",0.0511278195488722,2.23836561099719,4.95904576630543,1.16504803135767e-05,0.000312265122868392,0.000217902809725793,"QKI/HAVCR2/EPHA3/DERL3/CD74/ICAM1/AGTR1/SMARCA1/POSTN/TCF4/DKK3/JAM3/IGFBP7/ACKR3/CTSB/CAV2/DCLK1/CHRDL1/CAV1/FEZ1/MITF/TWIST2/ZEB2/SPARC/HOXB2/CCL2/MMP2/MCAM/CDH11/CTSK/RORA/ABCC2/CTLA4/TYMS",34
"C0751674","Lymphangioleiomyomatosis","11/495","96/21671",0.114583333333333,5.01643518518518,6.02991330718418,1.21251690376986e-05,0.0003238674460897,0.000225999067181786,"SERPINE1/GJA1/DDR2/DES/CCL2/PDPN/MMP2/VEGFC/PDGFC/CTSK/CTLA4",11
"C4021726","EMG: myopathic abnormalities","12/495","115/21671",0.104347826086957,4.56832674571805,5.86596596518734,1.29378267429584e-05,0.000344386274745552,0.000240317382257519,"TPM2/FGFR1/SYNE1/COL12A1/LDB3/FHL1/CRYAB/COL6A2/DES/COL6A1/COL13A1/CDON",12
"C0575158","Kyphoscoliosis deformity of spine","14/495","155/21671",0.0903225806451613,3.95430433365917,5.64352435743523,1.34276888592828e-05,0.000356201636657551,0.000248562300982038,"TPM2/POSTN/RAB23/SETBP1/TGFBR1/PMP22/EGR2/COL12A1/FLNA/MMP2/AEBP1/ELN/COL13A1/ERCC1",14
"C0275518","Acute infectious disease","16/495","198/21671",0.0808080808080808,3.53776145291297,5.48462729278077,1.36388478317583e-05,0.000360568311620476,0.000251609425601145,"SORBS1/CD74/ICAM1/CYBB/ITGA1/CLEC4A/CD38/CCL5/CCL2/CFH/PDLIM7/HLA-DQB1/THBS1/EFEMP2/BCHE/CTLA4",16
"C0004936","Mental disorders","38/495","789/21671",0.0481622306717364,2.10853272906505,4.84965748485372,1.37856931886779e-05,0.000363210814420065,0.000253453399655786,"QKI/S1PR3/EPHA3/LSAMP/ICAM1/TMTC1/AGTR1/TCF4/ATXN1/NLGN4X/ADARB1/SYNE1/NEGR1/EDNRA/FIBIN/GJA1/ACKR3/CLDN11/DCLK1/KCNMA1/FEZ1/SGCE/ACTG2/NR3C1/RGMA/MEF2C/SRPX/FLNA/SDC2/NDN/A2M/PDLIM7/BCHE/IL10RA/ADAM19/CTLA4/MTHFR/TYMS",38
"C0178664","Glomerulosclerosis (disorder)","17/495","221/21671",0.0769230769230769,3.36767676767677,5.40897522605704,1.41149664271217e-05,0.000370625525235542,0.000258627484757431,"RGS2/COL3A1/CLU/APOC1/ICAM1/AGTR1/TGFBR1/SERPINE1/GJA1/TNC/TAGLN/DES/CCL2/MMP2/COL1A2/C3/PRKCB",17
"C4721509","Usual Interstitial Pneumonia","9/495","64/21671",0.140625,6.15653409090909,6.31627071121309,1.42099917223319e-05,0.000371860121220214,0.000259489002468615,"SERPINE1/CCL5/PTPRC/TNC/DCN/CCL2/PDPN/MMP2/COL1A2",9
"C3642347","Basal-Like Breast Carcinoma","18/495","245/21671",0.073469387755102,3.21647495361781,5.33439794653684,1.48621247986977e-05,0.000387616224547853,0.00027048382364456,"CD74/VWF/MAP4K4/POSTN/DKK3/WWTR1/TNC/MFAP5/DCLK1/CAV1/TWIST2/CRYAB/CCL2/PDPN/VEGFC/PRKCB/AKR1B1/CDH1",18
"C0019348","Herpes Simplex Infections","33/495","645/21671",0.0511627906976744,2.23989664082687,4.8876162680946,1.54633600311408e-05,0.000401943579869853,0.00028048164521338,"HAVCR2/EPHA3/PECAM1/VWF/ICAM1/TCF4/STON1/AKT3/PRKD1/CD38/CCL5/GJA1/PTPRC/CTSB/CLDN11/TIMP2/ITPR1/HSPB6/NR3C1/SPARC/CCL2/SERPINF1/LGALS1/PDLIM7/HLA-DQB1/THBS1/C3/AKR1B1/THBD/CTLA4/TYMS/CES2/PILRA",33
"C0085437","Meningitis, Bacterial","10/495","81/21671",0.123456790123457,5.40491333083926,6.07244579892797,1.55354437258723e-05,0.00040246671271106,0.000280846694357875,"ICAM1/IGFBP7/GJA1/TIMP2/GBP1/CCL2/SERPINF1/FAM20C/MMP2/CFH",10
"C0042384","Vasculitis","20/495","294/21671",0.0680272108843537,2.97821754964612,5.22136949961207,1.56883386579317e-05,0.000403727146991159,0.000281726242379714,"LSAMP/VWF/ICAM1/PMP22/CCL5/TNC/CAV1/SERPING1/VCAM1/ZEB2/CCL2/MMP2/CFH/WIPF1/PALLD/HLA-DQB1/PRKCB/AKR1B1/CTLA4/HLA-DPA1",20
"C0856825","Acute GVH disease","20/495","294/21671",0.0680272108843537,2.97821754964612,5.22136949961207,1.56883386579317e-05,0.000403727146991159,0.000281726242379714,"PECAM1/VWF/ICAM1/CD38/SERPINE1/CCL5/GEM/CAV1/VCAM1/NR3C1/HLA-DQB1/C3/BCHE/THBD/DHFR/CTLA4/SLC19A1/MTHFR/TYMS/HLA-DPA1",20
"C1292769","Precursor B-cell lymphoblastic leukemia","27/495","478/21671",0.0564853556485356,2.47291745910993,4.97858848501888,1.68173576894079e-05,0.000426948484634447,0.000297930404636401,"LAIR1/GAS7/ICAM1/JAK3/FGFR1/IGFBP7/IGHM/EBF1/CD38/SERPINE1/CSF2RA/PTPRC/CSRP2/AXL/NR3C1/F2R/HOXB2/PBX3/HLA-DQB1/C3/ELN/LCP2/DHFR/SLC19A1/MTHFR/LAPTM5/CD27",27
"C0033300","Progeria","12/495","118/21671",0.101694915254237,4.45218284540319,5.74898294548919,1.68287162052562e-05,0.000426948484634447,0.000297930404636401,"PECAM1/GJA1/HIP1/KCNMA1/TWIST2/DES/PRELP/A2M/ELN/CDH5/EDIL3/ERCC1",12
"C0339505","Venous retinal branch occlusion","6/495","25/21671",0.24,10.5071515151515,7.27179594470689,1.68662840560471e-05,0.000426948484634447,0.000297930404636401,"AGTR1/CAV1/CCL2/MMP2/LOXL1/MTHFR",6
"C1306557","Chronic venous insufficiency","6/495","25/21671",0.24,10.5071515151515,7.27179594470689,1.68662840560471e-05,0.000426948484634447,0.000297930404636401,"ICAM1/EFEMP1/TIMP2/VCAM1/MMP2/COL1A2",6
"C2316787","Chronic kidney disease stage 3","6/495","25/21671",0.24,10.5071515151515,7.27179594470689,1.68662840560471e-05,0.000426948484634447,0.000297930404636401,"CLU/ICAM1/PRKD1/PKD2/VCAM1/MGP",6
"C0521532","Diaphragmatic paresis","4/495","8/21671",0.5,21.889898989899,9.03508254464484,1.75024860637005e-05,0.000438751640936647,0.000306166806121962,"PMP22/COL12A1/COL6A2/COL6A1",4
"C1855311","Megacystis","4/495","8/21671",0.5,21.889898989899,9.03508254464484,1.75024860637005e-05,0.000438751640936647,0.000306166806121962,"MYLK/MYH11/ACTG2/LMOD1",4
"C4025008","Reduced systolic function","4/495","8/21671",0.5,21.889898989899,9.03508254464484,1.75024860637005e-05,0.000438751640936647,0.000306166806121962,"TPM2/SGCD/PLN/DES",4
"C0015300","Exophthalmos","17/495","225/21671",0.0755555555555556,3.30780695847363,5.32019655595959,1.78164557148471e-05,0.000445181503120018,0.000310653650579762,"COL3A1/FLI1/ICAM1/TGFBR1/RUNX1T1/FGFR1/ZFPM2/DDR2/FLNA/FAM20C/MMP2/CDH11/EFEMP2/CTSK/CTLA4/HLA-DPA1/CDON",17
"C0949658","Cardiomyopathy, Hypertrophic, Familial","10/495","83/21671",0.120481927710843,5.27467445539735,5.96548802723116,1.93149290249285e-05,0.000481072155071048,0.000335698631047581,"JPH2/ICAM1/ACTA2/CAV1/PLN/FHL1/HTR2B/MYL9/DES/CALU",10
"C0279986","Childhood Leiomyosarcoma","13/495","140/21671",0.0928571428571429,4.06526695526696,5.56301603437056,2.02239193033885e-05,0.000502097688859127,0.000350370531791161,"SERPINE1/CALD1/AXL/MYLK/TNS1/ZEB2/LMOD1/DES/MYOCD/ARL4C/ELN/CDH2/CDH1",13
"C0241005","Creatine phosphokinase serum increased","17/495","228/21671",0.0745614035087719,3.26428318270424,5.25491242393986,2.11363239869421e-05,0.000521138435098246,0.00036365742104305,"COL4A1/TPM2/LAMA4/SGCD/SYNE1/COL12A1/LDB3/CFL2/PLN/FHL1/NEXN/CRYAB/CAP2/COL6A2/DES/COL6A1/ELN",17
"C0740391","Middle Cerebral Artery Occlusion","32/495","626/21671",0.0511182108626198,2.23794494465421,4.80534001957152,2.11701600193647e-05,0.000521138435098246,0.00036365742104305,"HSPB8/PECAM1/LSAMP/VWF/ICAM1/JAK3/TGFBR1/FGFR1/PRKD1/IL6ST/SLIT2/SERPINE1/GJA1/FZD1/CTSB/CAV1/NR3C1/GAP43/RGMA/DPYSL3/CRYAB/F2R/SPARC/CCL2/SERPINF1/THBS4/MMP2/CFH/ADAMTS1/C3/RTN1/AXIN2",32
"C0042834","Vital capacity","25/495","430/21671",0.0581395348837209,2.54533709184872,4.94857399027561,2.13547645396811e-05,0.000521138435098246,0.00036365742104305,"FILIP1L/JPH2/SAMD4A/HMCN1/DKK3/FILIP1/SYNE1/EBF1/PRKG1/EFEMP1/ITPR1/FEZ1/MSRB3/TNS1/CCDC69/ANTXR1/MEIS2/HTRA1/LTBP1/JAZF1/CFH/THBS1/ADAMTS1/LOXL1/COL8A1",25
"C0024530","Malaria","34/495","685/21671",0.0496350364963504,2.17301187053012,4.76972070746752,2.14421542940125e-05,0.000521138435098246,0.00036365742104305,"SLC11A1/HAVCR2/S1PR3/LAIR1/CLU/PECAM1/LSAMP/VWF/ICAM1/MAF/CYBB/DLC1/HLA-DOA/EDNRA/CCL5/ACKR3/PTPRC/PRKG1/GEM/CPQ/ACTG2/CCL2/ATP2B4/CFH/C3/CTSC/IL10RA/THBD/DHFR/CTLA4/UMPS/MTHFR/TYMS/CD27",34
"C1262091","Lymphocytic infiltration","10/495","84/21671",0.119047619047619,5.21188071188071,5.91329643626891,2.14837197261782e-05,0.000521138435098246,0.00036365742104305,"AOC3/CD8A/CCL5/GEM/GBP1/THBS1/RORA/ERCC1/CTLA4/SLAMF8",10
"C1519666","Tumor-Associated Vasculature","10/495","84/21671",0.119047619047619,5.21188071188071,5.91329643626891,2.14837197261782e-05,0.000521138435098246,0.00036365742104305,"PECAM1/FLI1/IL6ST/ACKR3/TNC/ANTXR1/SERPINF1/MCAM/THBS1/FNDC1",10
"C1578482","Valgus deformities of feet","6/495","26/21671",0.230769230769231,10.1030303030303,7.10074568147463,2.15050789369874e-05,0.000521138435098246,0.00036365742104305,"TPM2/GLI3/TCF4/COL12A1/COL6A2/COL6A1",6
"C0235522","Disorder of vein","5/495","16/21671",0.3125,13.6811868686869,7.75801992360922,2.16100675534692e-05,0.000521138435098246,0.00036365742104305,"ICAM1/GJA1/EFEMP1/VCAM1/MTHFR",5
"C0345050","Congenital aneurysm of ascending aorta","5/495","16/21671",0.3125,13.6811868686869,7.75801992360922,2.16100675534692e-05,0.000521138435098246,0.00036365742104305,"COL3A1/ACTA2/MYLK/MYH11/EFEMP2",5
"C0003706","Arachnodactyly","11/495","102/21671",0.107843137254902,4.72135076252723,5.75964583023254,2.16636426673942e-05,0.000521138435098246,0.00036365742104305,"TGFBR1/PRKG1/MFAP5/ACTA2/MYLK/MYH11/ACTG2/FLNA/EFEMP2/ELN/CTSC",11
"C0001969","Alcoholic Intoxication","8/495","52/21671",0.153846153846154,6.73535353535354,6.33073530580211,2.17964112893919e-05,0.000521720701627219,0.000364063734471547,"FYN/SERPINE1/KCNMA1/MFGE8/NR3C1/BCHE/MTR/MTHFR",8
"C0278607","Adult Leiomyosarcoma","13/495","141/21671",0.0921985815602837,4.03643527473315,5.53046515589544,2.18225545219751e-05,0.000521720701627219,0.000364063734471547,"SERPINE1/CALD1/AXL/MYLK/TNS1/ZEB2/LMOD1/DES/MYOCD/ARL4C/ELN/CDH2/CDH1",13
"C1336076","Sporadic Breast Carcinoma","15/495","184/21671",0.0815217391304348,3.56900527009223,5.35052140429105,2.2740473397878e-05,0.000541992944430656,0.00037820997861734,"PTGER3/TGFBR1/TRPS1/EFEMP1/CAV1/NR3C1/DIXDC1/BCHE/ERCC1/CTLA4/SLC19A1/MTHFR/CDH1/TYMS/CD27",15
"C0149521","Pancreatitis, Chronic","23/495","379/21671",0.0606860158311346,2.65682151328589,4.97504704997728,2.33002526847874e-05,0.000553631157350807,0.000386331280388709,"CYGB/CLU/ST8SIA4/CRISPLD2/ICAM1/IL2RB/TNC/DCN/CAV1/DPYSL3/SPARC/CCL2/TGFB1I1/SPARCL1/SDC2/TACR2/FSTL1/LGALS1/GREM1/A2M/NFATC1/TK1/MTHFR",23
"C0242852","Proliferative vitreoretinopathy","13/495","142/21671",0.0915492957746479,4.00800967420686,5.49821303328915,2.35307815300415e-05,0.00055739887991346,0.000388960447953527,"POSTN/MAP1B/FGFR1/IL6ST/SERPINE1/DCN/CAV1/F2R/CCL2/MMP2/LGALS1/GREM1/IGFBP6",13
"C0280099","Adult Solid Neoplasm","14/495","163/21671",0.0858895705521472,3.76022804734461,5.40815143401175,2.37265573889548e-05,0.000559471213301844,0.000390406550111429,"HAVCR2/EPHA3/AGTR1/MLLT11/DKK3/PTPRC/TNC/NR3C1/MYL9/SERPINF1/MMP2/MCAM/MTHFR/TYMS",14
"C0270685","Cerebral calcification","11/495","103/21671",0.106796116504854,4.67551240560949,5.71665072836034,2.37627200072691e-05,0.000559471213301844,0.000390406550111429,"FGFR1/AP1S2/GJA1/MGP/FAM20C/HLA-DQB1/ATP1A2/CTSC/MYO5A/ATP7A/ERCC1",11
"C0162810","Cicatrix, Hypertrophic","15/495","185/21671",0.0810810810810811,3.54971334971335,5.32487634908368,2.42379647231268e-05,0.000568931135591939,0.00039700781133415,"COL3A1/AGTR1/POSTN/TGFBR1/NREP/SERPINE1/TIMP2/DCN/ZEB2/F2R/TGFB1I1/THBS4/MMP2/ELN/LUM",15
"C0020443","Hypercholesterolemia","27/495","489/21671",0.0552147239263804,2.41728945900725,4.84662698223372,2.50697612784246e-05,0.000586677857591169,0.000409391713037717,"CHRNA3/COL3A1/CLU/ST8SIA4/VWF/LIPA/ICAM1/AGTR1/CYBB/EDNRA/SERPINE1/CCL5/GJA1/ACKR3/PTPRC/MYLK/CAV1/VCAM1/NR3C1/CCL2/FLNA/THBS1/C3/BCHE/ABCC2/MTHFR/ABCC3",27
"C0019880","Homocystinuria","7/495","39/21671",0.179487179487179,7.85791245791246,6.55369150368665,2.53853459092815e-05,0.000590495163403287,0.000412055480462022,"VWF/TFPI/BCHE/THBD/MTRR/MTR/MTHFR",7
"C0265004","Dilatation of aorta","7/495","39/21671",0.179487179487179,7.85791245791246,6.55369150368665,2.53853459092815e-05,0.000590495163403287,0.000412055480462022,"COL3A1/AOC3/ADAMTS5/CTSB/ADAMTS1/ELN/THBD",7
"C0032326","Pneumothorax","9/495","69/21671",0.130434782608696,5.71040843214756,5.99164703314624,2.64344756464493e-05,0.000613058228614958,0.000427800291347359,"COL3A1/TGFBR1/SLIT2/PRKG1/MFAP5/ACTA2/MYLK/MYH11/ELN",9
"C0270726","Alexander Disease","6/495","27/21671",0.222222222222222,9.72884399551066,6.93872925879556,2.71185978559734e-05,0.000627046743260806,0.000437561665327333,"COL4A1/HSPB8/CD38/SYNM/CRYAB/DES",6
"C0023479","Acute myelomonocytic leukemia","11/495","105/21671",0.104761904761905,4.58645502645503,5.63229416664028,2.84932903440324e-05,0.000656872104181176,0.000458374203999394,"CYBB/SETBP1/MLLT11/RUNX1T1/FGFR1/CD38/MYH11/FLNA/DHFR/HLA-DMB/LILRB4",11
"C0019243","Angioedemas, Hereditary","8/495","54/21671",0.148148148148148,6.48589599700711,6.17101823165677,2.89558100983862e-05,0.000665554020837091,0.000464432562408913,"C1S/CPQ/SERPING1/VCAM1/NR3C1/SERPINF1/TFPI/A2M",8
"C0005398","Cholestasis, Extrahepatic","10/495","87/21671",0.114942528735632,5.0321606873331,5.76157981007123,2.92884530909302e-05,0.000671208158705163,0.000468378095988559,"PDLIM3/COL3A1/CYGB/ACTA2/TIMP2/MMP2/LGALS1/PALLD/ABCC2/ABCC3",10
"C0004368","Autoimmune state","9/495","70/21671",0.128571428571429,5.62883116883117,5.9305302193927,2.97290287504982e-05,0.000674476493518048,0.000470658784053593,"TCF4/TRAC/CAV1/C1R/SERPING1/WIPF1/HLA-DQB1/CTLA4/HLA-DPA1",9
"C0010495","Cutis Laxa","9/495","70/21671",0.128571428571429,5.62883116883117,5.9305302193927,2.97290287504982e-05,0.000674476493518048,0.000470658784053593,"EPHA3/POSTN/OSMR/DCN/MMP2/LOXL1/EFEMP2/ELN/ATP7A",9
"C0008479","Chondrosarcoma","23/495","385/21671",0.0597402597402597,2.61541650268923,4.88965189710374,2.97924729429273e-05,0.000674476493518048,0.000470658784053593,"CLU/ICAM1/POSTN/TUSC3/FGFR1/SERPINE1/CCL5/TNC/FERMT2/TIMP2/DCN/VCAM1/PDPN/SDC2/MMP2/VEGFC/TFPI/COL1A2/LBH/ADAMTS2/CTSK/EDIL3/MTHFR",23
"C0239676","High forehead","16/495","211/21671",0.0758293838862559,3.31979510747283,5.17709444671391,2.99281868363217e-05,0.000674476493518048,0.000470658784053593,"FLI1/GLI3/MAF/SETBP1/AKT3/FGFR1/TRPS1/AP1S2/GJA1/MEF2C/ANTXR1/CDH11/ELN/CTSK/ATP7A/CDH1",16
"C0018809","Heart Neoplasm","5/495","17/21671",0.294117647058824,12.8764111705288,7.48946352873592,3.00405874339952e-05,0.000674476493518048,0.000470658784053593,"MYLK/MYH11/ACTG2/LMOD1/ATP7B",5
"C0410179","Ullrich congenital muscular dystrophy 1","5/495","17/21671",0.294117647058824,12.8764111705288,7.48946352873592,3.00405874339952e-05,0.000674476493518048,0.000470658784053593,"VWF/COL12A1/TNC/COL6A2/COL6A1",5
"C4021343","Broad hallux phalanx","5/495","17/21671",0.294117647058824,12.8764111705288,7.48946352873592,3.00405874339952e-05,0.000674476493518048,0.000470658784053593,"FLI1/GLI3/FGFR1/KCNJ8/DACT1",5
"C0751587","CADASIL Syndrome","7/495","40/21671",0.175,7.66146464646465,6.44720553108001,3.01693972323248e-05,0.000675410840929446,0.000471310784265251,"COL4A1/CLU/DCN/ACTG2/HTRA1/ELN/THBD",7
"C0035312","Retinal Drusen","4/495","9/21671",0.444444444444444,19.4576879910213,8.46758120651585,3.09350127981299e-05,0.000690555069551338,0.000481878631028051,"EFEMP1/HTRA1/CCL2/CFH",4
"C0011875","Diabetic Angiopathies","11/495","106/21671",0.10377358490566,4.54318658280922,5.59090760357585,3.11490080384863e-05,0.000691347324544742,0.000482431477236095,"AOC3/ICAM1/IGFBP7/SERPINE1/SPARC/CCL2/SERPINF1/THBS1/PRKCB/AKR1B1/MTHFR",11
"C0037268","Skin Abnormalities","11/495","106/21671",0.10377358490566,4.54318658280922,5.59090760357585,3.11490080384863e-05,0.000691347324544742,0.000482431477236095,"APOC1/TGFBR1/SERPINE1/AKAP12/ANGPTL2/ANTXR1/MMP2/CTSC/CTSK/ATP7A/MTHFR",11
"C0279628","Adenocarcinoma Of Esophagus","26/495","468/21671",0.0555555555555556,2.43221099887767,4.78896171890928,3.18618128994581e-05,0.000705147436340579,0.000492061381169075,"DOCK2/MMP11/CYGB/ICAM1/AGTR1/DKK3/IGFBP7/CCL5/ETV1/AKAP12/CTSB/AXL/TNC/DCLK1/CAV1/F2R/SPARC/SERPINF1/SMTN/MMP2/C3/ERCC1/MTR/MTHFR/CDH1/TYMS",26
"C4020969","Inflammatory abnormality of the eye","10/495","88/21671",0.113636363636364,4.97497704315886,5.71255173845559,3.23787194110931e-05,0.000714545756576431,0.000498619655648413,"AOC3/CYBB/PTPRC/NR3C1/F2R/CFH/LGALS1/AKR1B1/CTLA4/HLA-DPA1",10
"C1135196","Heart Failure, Diastolic","8/495","55/21671",0.145454545454545,6.36797061524334,6.09416066520366,3.32146494434352e-05,0.000730911007354684,0.000510039548122128,"COL4A1/AGTR1/FIBIN/FHL1/KANK2/COL6A1/MS4A6A/COL8A1",8
"C1836156","Progressive proximal muscle weakness","6/495","28/21671",0.214285714285714,9.38138528138528,6.78494266368735,3.38522670730166e-05,0.000742831900134806,0.000518358107708186,"COL12A1/LDB3/CAV1/CRYAB/COL6A2/COL6A1",6
"C0345905","Intrahepatic Cholangiocarcinoma","26/495","470/21671",0.0553191489361702,2.42186116483989,4.76472718797242,3.42321135658499e-05,0.00074904506124597,0.000522693735238297,"COL3A1/LRRFIP1/PECAM1/PTPN14/POSTN/AKT3/FGFR1/IL6ST/SLIT2/LATS2/PEG3/WWTR1/MFAP5/ZEB2/SPARC/CCL2/SDC2/MMP2/VEGFC/PDLIM7/HLA-DQB1/CDH2/MTHFR/CDH1/TYMS/ABCC3",26
"C0278876","Adult Medulloblastoma","36/495","762/21671",0.047244094488189,2.0683369124314,4.59017432508404,3.48319480161173e-05,0.000760023293895336,0.000530354493885136,"EPHA3/PECAM1/FLI1/GLI3/MAP4K4/TCF4/IL2RB/DKK3/IL6ST/MIR100HG/SLIT2/EDNRA/SERPINE1/GJA1/ACKR3/AKAP12/CYP1B1/GPR161/CTSB/CLDN11/EFS/NRP2/MEIS1/F2R/SPARC/CCL2/MMP2/COL1A2/THBS1/C3/CDH5/CDH2/ATP7A/DHFR/CDH1/TYMS",36
"C0040021","Thromboangiitis Obliterans","12/495","127/21671",0.094488188976378,4.1366738248628,5.42023530984199,3.52473237926147e-05,0.000765829698140103,0.000534406280993848,"HAVCR2/ICAM1/HLA-DOA/SLIT2/SERPINE1/CCL5/PTPRC/ACTA2/VCAM1/NR3C1/HOXB2/PRKCB",12
"C0279068","Childhood Solid Neoplasm","14/495","169/21671",0.0828402366863905,3.62672882672883,5.24118216793062,3.54935271923957e-05,0.000765829698140103,0.000534406280993848,"HAVCR2/EPHA3/AGTR1/MLLT11/DKK3/PTPRC/TNC/NR3C1/MYL9/SERPINF1/MMP2/MCAM/MTHFR/TYMS",14
"C1867441","Pterygium Of Conjunctiva And Cornea","14/495","169/21671",0.0828402366863905,3.62672882672883,5.24118216793062,3.54935271923957e-05,0.000765829698140103,0.000534406280993848,"COL3A1/COL4A1/CLU/PECAM1/TCF4/EFEMP1/ZEB2/SPARC/PDPN/MMP2/VEGFC/LOXL1/ELN/CTLA4",14
"C4520843","Pterygium of eye","14/495","169/21671",0.0828402366863905,3.62672882672883,5.24118216793062,3.54935271923957e-05,0.000765829698140103,0.000534406280993848,"COL3A1/COL4A1/CLU/PECAM1/TCF4/EFEMP1/ZEB2/SPARC/PDPN/MMP2/VEGFC/LOXL1/ELN/CTLA4",14
"C1858127","Limb-girdle muscle weakness","7/495","41/21671",0.170731707317073,7.47459965508746,6.34434336234355,3.56707173487754e-05,0.000766121583390361,0.000534609962453899,"TPM2/LDB3/CFL2/CRYAB/COL6A2/COL6A1/COL13A1",7
"C0026010","Microphthalmos","21/495","337/21671",0.0623145400593472,2.72811797500225,4.88834989034379,3.5704865944219e-05,0.000766121583390361,0.000534609962453899,"COL4A1/TFEC/GLI3/FGFR1/CD38/GJA1/FZD1/CYP1B1/YME1L1/TUBA1A/MITF/ALDH1A3/ZEB2/MEIS1/DES/SERPINF1/DACT1/MAB21L2/MMP2/CTSK/ERCC1",21
"C0018213","Graves Disease","30/495","585/21671",0.0512820512820513,2.24511784511785,4.66768328633583,3.608681696436e-05,0.000770073065883429,0.000537367360173863,"HAVCR2/LAIR1/ICAM1/CYBB/HLA-DOA/LST1/SLIT2/EDNRA/SERPINE1/CCL5/GJA1/ACKR3/PTPRC/EFS/GEM/TIMP2/VCAM1/PRICKLE1/PHLDB2/LMOD1/FLNA/NDN/MMP2/CFH/PDLIM7/HLA-DQB1/CCDC88A/CTLA4/MTHFR/SLC25A27",30
"C0024305","Lymphoma, Non-Hodgkin","35/495","733/21671",0.0477489768076398,2.09044055838053,4.5919428789266,3.6087854752864e-05,0.000770073065883429,0.000537367360173863,"HAVCR2/PDLIM3/LAIR1/ADAM12/GPR34/ICAM1/DLC1/TGFBR1/FGFR1/CD38/CCL5/PTPRC/CYP1B1/TNC/TIMP2/SERPING1/VCAM1/PLEKHO1/MMP2/LGALS1/PDLIM7/HLA-DQB1/DIXDC1/BCHE/IL10RA/PRKCB/RORA/EDIL3/MTRR/MTR/CTLA4/SLC19A1/MTHFR/TYMS/CES2",35
"C0175754","Agenesis of corpus callosum","31/495","615/21671",0.0504065040650407,2.20678656483535,4.64184013664168,3.70965691588059e-05,0.000787260341655097,0.000549360872762706,"COL4A1/PECAM1/FRMD4A/FLI1/GLI3/SMARCA1/EML1/AKT3/DKK3/FGFR1/PRKD1/ACKR3/PTPRC/TUBA1A/ACTG2/PRICKLE1/TWIST2/NR3C1/ZEB2/MEF2C/DACT1/VEGFC/MCAM/CDH2/ERCC1/CTLA4/RRM2/AXIN2/CDH1/TYMS/CDON",31
"C1565489","Renal Insufficiency","31/495","615/21671",0.0504065040650407,2.20678656483535,4.64184013664168,3.70965691588059e-05,0.000787260341655097,0.000549360872762706,"COL4A1/CLU/PECAM1/VWF/ICAM1/AGTR1/TCF4/DKK3/EDNRA/SERPINE1/CSF2RA/ACKR3/CAV1/C1R/MASP1/CCL2/PLEKHO1/SERPINF1/DACT1/SDC2/MMP2/CFH/C3/ELN/LAMB2/PRKCB/AKR1B1/THBD/CTLA4/MTHFR/HLA-DPA1",31
"C0521620","Dilatation of ureter","9/495","72/21671",0.125,5.47247474747475,5.81175655467001,3.73704779029102e-05,0.00079090634381405,0.000551905102189945,"GLI3/AGTR1/RAB23/SETBP1/MYLK/MYH11/ACTG2/LMOD1/FLNA",9
"C0004943","Behcet Syndrome","27/495","502/21671",0.0537848605577689,2.35469032959073,4.69517526653268,3.94486520573946e-05,0.000831994991374205,0.000580577314023746,"SLC11A1/HAVCR2/VWF/ICAM1/GLI3/PAPPA/IL2RB/ADARB1/TGFBR1/IL6ST/SERPINE1/CCL5/GEM/TIMP2/CPQ/PDGFRL/VCAM1/ZEB2/CCL2/FLNA/MMP2/MCAM/HLA-DQB1/THBD/CTLA4/MTHFR/TYMS",27
"C0220668","Congenital contractural arachnodactyly","29/495","559/21671",0.0518783542039356,2.2712238665727,4.65557518058497,3.95267437162029e-05,0.000831994991374205,0.000580577314023746,"PDLIM3/FILIP1L/PECAM1/ICAM1/POSTN/FGFR1/IGFBP7/EBF1/SERPINE1/ACKR3/PEG3/PKD2/CTSB/WWTR1/MFAP5/RECK/ACTG2/ALDH1A3/F2R/LGALS1/COL1A2/LUM/PRIMA1/ABCC2/MTHFR/CDH1/TYMS/CES2/ABCC3",29
"C0027868","Neuromuscular Diseases","14/495","171/21671",0.0818713450292398,3.58431094571445,5.18720824215509,4.04188912645562e-05,0.00084846810768361,0.000592072476518317,"COL4A1/HSPB8/ATXN1/SGCD/PMP22/SYNE1/LDB3/CAV2/TIMP2/MEF2C/DES/SYNC/MMP2/ATP7A",14
"C0020557","Hypertriglyceridemia","21/495","340/21671",0.0617647058823529,2.70404634581105,4.84200623079898,4.06147199674074e-05,0.000849887032363339,0.000593062621276278,"HAVCR2/PDE5A/APOC1/VWF/LIPA/ICAM1/AGTR1/POSTN/IL6ST/SYNE1/SERPINE1/CAV1/FHL1/VCAM1/NR3C1/C3/BCHE/AKR1B1/MTRR/MTR/MTHFR",21
"C0022876","Premature Obstetric Labor","5/495","18/21671",0.277777777777778,12.1610549943883,7.24256753615763,4.08156436921201e-05,0.000849887032363339,0.000593062621276278,"PECAM1/ICAM1/VCAM1/F2R/CCL2",5
"C1844573","Large earlobe","5/495","18/21671",0.277777777777778,12.1610549943883,7.24256753615763,4.08156436921201e-05,0.000849887032363339,0.000593062621276278,"SETBP1/GJA1/ZEB2/CDH11/ELN",5
"C1560249","Adverse Event Associated with Cardiac Arrhythmia","7/495","42/21671",0.166666666666667,7.296632996633,6.24489149291575,4.1969727065415e-05,0.000871575082704303,0.000608196834996208,"AGTR1/HSPB7/GJA1/ANK2/FAM20C/POPDC2/KCNE4",7
"C0867389","Chronic graft-versus-host disease","17/495","241/21671",0.0705394190871369,3.08820151724716,4.98402180543344,4.27792406209379e-05,0.000886010689437929,0.000618270195858476,"HAVCR2/CLU/PECAM1/ICAM1/AGTR1/TGFBR1/CD38/CCL5/GEM/CAV1/F2R/MCAM/A2M/HLA-DQB1/THBD/CTLA4/CD27",17
"C0033847","Pseudoxanthoma Elasticum","8/495","57/21671",0.140350877192982,6.14453304979621,5.94601371812781,4.33132059343716e-05,0.00089467758178038,0.000624318070099644,"VWF/ICAM1/MYH11/MGP/MMP2/CFH/ELN/ABCC2",8
"C0011644","Scleroderma","20/495","316/21671",0.0632911392405063,2.77087328986063,4.84832061853072,4.38846768668339e-05,0.000902076994866675,0.000629481480239768,"COL3A1/PDE5A/FLI1/ICAM1/POSTN/TGFBR1/SERPINE1/CCL5/EGR2/GEM/TNC/DDR2/CAV1/SPARC/CCL2/COL1A2/HLA-DQB1/THBS1/PRKCB/CTLA4",20
"C0004604","Back Pain","11/495","110/21671",0.1,4.3779797979798,5.4303651275286,4.40207983552289e-05,0.000902076994866675,0.000629481480239768,"OGN/CD74/FLI1/SYNE1/CD38/FHL1/SPARC/CCL2/CFH/PALLD/ATP7B",11
"C0019061","Hemolytic-Uremic Syndrome","11/495","110/21671",0.1,4.3779797979798,5.4303651275286,4.40207983552289e-05,0.000902076994866675,0.000629481480239768,"CLU/VWF/PCSK5/ACKR3/FHL1/SPARC/CCL2/CFH/C3/THBD/MTHFR",11
"C0278510","Childhood Medulloblastoma","36/495","771/21671",0.0466926070038911,2.04419290178045,4.51382662157622,4.4382190258865e-05,0.000907082970303875,0.000632974717342791,"EPHA3/PECAM1/FLI1/GLI3/MAP4K4/TCF4/IL2RB/DKK3/IL6ST/MIR100HG/SLIT2/EDNRA/SERPINE1/GJA1/ACKR3/AKAP12/CYP1B1/GPR161/CTSB/CLDN11/EFS/NRP2/MEIS1/F2R/SPARC/CCL2/MMP2/COL1A2/THBS1/C3/CDH5/CDH2/ATP7A/DHFR/CDH1/TYMS",36
"C0008312","Primary biliary cirrhosis","26/495","478/21671",0.0543933054393305,2.38132792358734,4.66900792836193,4.53892741788288e-05,0.000925224520497915,0.000645634135480016,"PDLIM3/CYGB/PDE5A/RDX/CD74/ICAM1/GLI3/HLA-DOA/ITGA1/SLIT2/JAM3/CCL5/CD3D/DDR2/VCAM1/PRICKLE1/NR3C1/MMP2/HLA-DQB1/HLA-DRA/PRKCB/CDH5/ABCC2/CTLA4/ABCC3/HLA-DPA1",26
"C0427515","Neutrophil abnormality","9/495","74/21671",0.121621621621622,5.32457002457003,5.69734043035273,4.66108332282499e-05,0.000947631270829458,0.000661269867736049,"LAMA4/CYBB/SGCD/LDB3/PLN/NEXN/CRYAB/CAP2/DES",9
"C1857276","Trichohepatoenteric Syndrome","24/495","424/21671",0.0566037735849057,2.4781017724414,4.69946639186284,4.7594018420499e-05,0.000965087085563311,0.000673450770430593,"COL3A1/VWF/GLI3/AGTR1/SETBP1/TRPS1/EDNRA/SERPINE1/GJA1/GEM/TSHZ3/MYLK/TUBA1A/MYH11/SGCE/ACTG2/NR3C1/ZEB2/LMOD1/MMP2/TFPI/COL1A2/LOXL1/ELN",24
"C4721579","Secondary malignant neoplasm of colon and/or rectum","23/495","397/21671",0.0579345088161209,2.5363610920286,4.72361036756755,4.7861836517619e-05,0.000965724921612901,0.000673895861019235,"SGCD/PRKD1/SERPINE1/CCL5/PTPRC/GEM/MYH11/ACTG2/MEIS2/CCL2/ARL4C/THBS1/THBD/ABCC2/ERCC1/TK1/CTLA4/SLC19A1/UMPS/MTHFR/CDH1/TYMS/CES2",23
"C0026267","Mitral Valve Prolapse Syndrome","11/495","111/21671",0.0990990990990991,4.33853853853854,5.39142534613529,4.78748218305389e-05,0.000965724921612901,0.000673895861019235,"COL3A1/TPM2/VWF/AGTR1/TGFBR1/TRPS1/FLNA/MMP2/AEBP1/COL1A2/ELN",11
"C0007114","Malignant neoplasm of skin","27/495","508/21671",0.0531496062992126,2.32687902648533,4.62684190765945,4.83153649750493e-05,0.000972080044407095,0.000678330551324342,"HAVCR2/ADAM12/PDE5A/ICAM1/TGFBR1/PMP22/EDNRA/GJA1/ACKR3/ETV1/PTPRC/AKAP12/WWTR1/GEM/CAV1/SPARC/PDPN/MMP2/VEGFC/GREM1/THBS1/ATP7A/ERCC1/DHFR/CTLA4/MTHFR/CD27",27
"C0278701","Gastric Adenocarcinoma","25/495","453/21671",0.0551876379690949,2.4161036412692,4.65695465225264,5.01949229609539e-05,0.00100398766196318,0.000700596116729982,"COL4A1/MMP11/LAYN/GLI3/JAK3/MCC/AKT3/FGFR1/LATS2/SERPINE1/AXL/STOM/DCLK1/TIMP2/ZEB2/ANTXR1/SPARC/MMP2/LGALS1/HLA-DQB1/IGFBP6/ERCC1/MTHFR/CDH1/TYMS",25
"C0035435","Rheumatism","15/495","197/21671",0.0761421319796954,3.33348715582218,5.03027982162533,5.02901126828961e-05,0.00100398766196318,0.000700596116729982,"CYBB/EDNRA/VCAM1/NR3C1/DES/MGP/CFH/FSTL1/PDLIM7/HLA-DQB1/CDH11/C3/LUM/CTLA4/HLA-DMB",15
"C0039103","Synovitis","15/495","197/21671",0.0761421319796954,3.33348715582218,5.03027982162533,5.02901126828961e-05,0.00100398766196318,0.000700596116729982,"DOCK2/CLU/ICAM1/GLI3/PAPPA/SERPINE1/CCL5/TNC/DDR2/VCAM1/F2R/CCL2/VEGFC/THBS1/CDH11",15
"C3888570","Degenerative mitral valve disease","4/495","10/21671",0.4,17.5119191919192,7.98488001064647,5.06271019515741e-05,0.00100811704811541,0.000703477658020114,"PECAM1/ACTA2/DCN/DES",4
"C0428474","Serum LDL cholesterol measurement","18/495","269/21671",0.0669144981412639,2.9295032105441,4.86860517819662,5.12827334703726e-05,0.00101855398323463,0.000710760691957796,"COL4A1/LAIR1/APOC1/ICAM1/AGTR1/TGFBR1/AKT3/GPC6/TAGLN/HTR2B/F2R/LMOD1/MYOCD/PBX3/TFPI/HLA-DRA/ATP1A2/ABCC3",18
"C0023892","Biliary cirrhosis","12/495","132/21671",0.0909090909090909,3.97998163452709,5.25046630830394,5.16246523275937e-05,0.00102272265199371,0.000713669645180223,"CYGB/PDE5A/ICAM1/CCL5/CD3D/CAV2/CAV1/MMP2/CDH5/ABCC2/CTLA4/CD27",12
"C0010051","Coronary Aneurysm","9/495","75/21671",0.12,5.25357575757576,5.64167722496806,5.19105417937453e-05,0.00102521851217033,0.000715411290036913,"VWF/SETBP1/HLA-DOA/PRKD1/SERPINE1/GJA1/CCL2/MMP2/THBD",9
"C0206733","Strawberry nevus of skin","11/495","112/21671",0.0982142857142857,4.29980158730159,5.35294305272345,5.20153466670461e-05,0.00102521851217033,0.000715411290036913,"PECAM1/AGTR1/AKT3/FGFR1/PTPRC/ANTXR1/CCL2/SERPINF1/VEGFC/THBS1/PAPLN",11
"C0268731","Renal glomerular disease","16/495","221/21671",0.0723981900452489,3.16957813428402,4.95641742130713,5.23782002290247e-05,0.00102975009891885,0.00071857349232178,"MMP11/HMCN1/TNC/FERMT2/DCN/CAV1/MITF/NR3C1/CCL2/CFH/WIPF1/PDGFC/C3/AKR1B1/CTLA4/HLA-DPA1",16
"C0149931","Migraine Disorders","27/495","512/21671",0.052734375,2.30870028409091,4.58181657386017,5.51861734838142e-05,0.00107865950049265,0.00075270313167132,"COL3A1/COL4A1/VWF/ICAM1/AGTR1/ADARB1/SYNE1/EDNRA/PTPRC/PRKG1/GEM/CAV2/TIMP2/SLC24A3/MEIS1/CCL2/FLNA/MMP2/TSPAN2/HLA-DQB1/C3/ATP1A2/MTRR/MTR/CTLA4/MTHFR/TYMS",27
"C0149630","Bicuspid aortic valve","13/495","154/21671",0.0844155844155844,3.69569723206087,5.13275700256957,5.518632880837e-05,0.00107865950049265,0.00075270313167132,"ADAMTS5/TGFBR1/EGR2/PRKG1/TNC/MFAP5/ACTA2/MYLK/MYH11/ZEB2/FLNA/MMP2/ELN",13
"C1840264","IMMUNE SUPPRESSION","16/495","222/21671",0.0720720720720721,3.15530075530076,4.9350429271744,5.5283736340767e-05,0.00107865950049265,0.00075270313167132,"HAVCR2/ICAM1/FGL2/CD84/CD38/EGR2/AXL/TNC/NRP2/ACTG2/PDPN/TFPI/LGALS1/THBD/CTLA4/LILRB4",16
"C0266464","Polymicrogyria","15/495","199/21671",0.0753768844221105,3.29998477234658,4.98339532687569,5.64548328441858e-05,0.00109874154575644,0.000766716653411515,"COL3A1/COL4A1/MAP1B/EML1/TUSC3/MN1/AKT3/PMP22/CTSB/TUBA1A/PRICKLE1/FLNA/ATP1A2/CCDC88A/ERCC1",15
"C0343641","Human papilloma virus infection","24/495","429/21671",0.0559440559440559,2.44921946740129,4.63527168271884,5.72062193686568e-05,0.00110911601735401,0.000773956099462247,"MMP11/PECAM1/FGFR1/TIAM1/CCL5/PEG3/CYP1B1/CTSB/GEM/TNC/CAV1/MFGE8/HSPB6/SPARC/HOXB2/CCL2/MGP/MMP2/PDLIM7/HLA-DQB1/THBS1/MTHFR/CDH1/TYMS",24
"C0024437","Macular degeneration","7/495","44/21671",0.159090909090909,6.96496786042241,6.05544964599487,5.73122641466022e-05,0.00110911601735401,0.000773956099462247,"EFEMP1/TUBB6/CRYAB/HTRA1/SERPINF1/MMP2/CFH",7
"C0221013","Mastocytosis, Systemic","10/495","94/21671",0.106382978723404,4.65742531699979,5.43317825398675,5.74174442239811e-05,0.00110911601735401,0.000773956099462247,"CLU/RUNX1T1/FGFR1/CD38/CD2/PTPRC/NRP2/MYH11/MITF/CCL2",10
"C0017525","Giant Cell Tumors","9/495","76/21671",0.118421052631579,5.18444976076555,5.58699960864794,5.77095451928829e-05,0.00111198541558227,0.00077595840420386,"ADAM12/FGFR1/GJA1/TNC/F2R/CCL2/PDPN/MMP2/CDH11",9
"C1270972","Mild cognitive disorder","24/495","430/21671",0.0558139534883721,2.44352360817477,4.62254055729464,5.93255171910593e-05,0.00114028649171699,0.000795707276416585,"RGS2/IL18BP/CLU/APOC1/SMARCA1/RUNX1T1/SYNE1/SERPINE1/CTSB/FERMT2/CFL2/MFGE8/ACTG2/VCAM1/SYNM/GAP43/SRPX/CCL2/C3/BCHE/ADAMTS2/MS4A6A/MTHFR/PILRA",24
"C0018784","Sensorineural Hearing Loss (disorder)","36/495","783/21671",0.0459770114942529,2.01286427493324,4.41360838334029,6.08208932028767e-05,0.00116613524442941,0.000813744884306336,"PDE5A/RDX/VWF/GLI3/LAMA4/MAF/RAB23/SGCD/PMP22/FGFR1/AP1S2/EDNRA/GJA1/ACKR3/NPL/YME1L1/LDB3/CHRDL1/PLN/CCDC50/NEXN/MITF/CRYAB/CAP2/DES/FLNA/LGALS1/HLA-DQB1/ELN/ATP1A2/PRKCB/COL13A1/ERCC1/CTLA4/MTHFR/HLA-DPA1",36
"C0333516","Tumor necrosis","21/495","350/21671",0.06,2.62678787878788,4.69106289647274,6.1638888267203e-05,0.00117599711457575,0.000820626630158381,"HSPB8/CHST15/PECAM1/ICAM1/DKK3/FGFR1/SERPINE1/CCL5/PTPRC/CTSB/TIMP2/ANTXR1/SPARC/CALU/MMP2/VEGFC/THBS1/CTSK/ABCC2/MTHFR/TYMS",21
"C1868683","B-CELL MALIGNANCY, LOW-GRADE","21/495","350/21671",0.06,2.62678787878788,4.69106289647274,6.1638888267203e-05,0.00117599711457575,0.000820626630158381,"LAIR1/DERL3/CD74/ICAM1/IL2RB/TGFBR1/CD8A/CD38/CD2/GEM/DCN/NR3C1/F2R/CFH/PDLIM7/NCKAP1L/ERCC1/CTLA4/CD27/LILRB4/BMS1P20",21
"C1176475","Ductal Carcinoma","18/495","273/21671",0.0659340659340659,2.88658008658009,4.79600987815268,6.20633156855283e-05,0.00118118536437372,0.000824247060766036,"AOC3/COL4A1/MMP11/PECAM1/AGTR1/RAB23/SERPINE1/TNC/MFAP5/TIMP2/CAV1/MFGE8/SPARC/MMP2/STC1/CDH2/ERCC1/CDH1",18
"C0600518","Choroidal Neovascularization","6/495","31/21671",0.193548387096774,8.47350928641251,6.36629689373788,6.24260757036197e-05,0.00118227966357026,0.000825010677488321,"AOC3/ICAM1/HTRA1/SERPINF1/MMP2/CFH",6
"C0751336","Distal Muscular Dystrophies","6/495","31/21671",0.193548387096774,8.47350928641251,6.36629689373788,6.24260757036197e-05,0.00118227966357026,0.000825010677488321,"HSPB8/LDB3/FHL1/SYNM/CRYAB/DES",6
"C0024198","Lyme Disease","14/495","178/21671",0.0786516853932584,3.44335489728748,5.00447040864067,6.26881120042458e-05,0.00118434662337778,0.000826453029889094,"SORBS1/AOC3/RBMS3/CD300A/CD38/DCN/FHL1/VCAM1/CCL2/PPP1R14A/FAM20C/CFH/TFPI/PDLIM7",14
"C0010278","Craniosynostosis","26/495","488/21671",0.0532786885245902,2.33253022023514,4.55201134704871,6.38909845188162e-05,0.00120119121255753,0.000838207411157256,"VWF/GLI3/AGTR1/POSTN/RAB23/MN1/TGFBR1/FGFR1/TRPS1/IL6ST/CD8A/CCL5/GJA1/EGR2/KCNMA1/CAV1/GPC6/MASP1/VCAM1/SPARC/FLNA/HLA-DQB1/CDH11/IGHD/CTLA4/AXIN2",26
"C0221210","Congenital malrotation of intestine","9/495","77/21671",0.116883116883117,5.11711924439197,5.53327622103547,6.40449226421712e-05,0.00120119121255753,0.000838207411157256,"FLI1/ZFPM2/ACTA2/MYLK/CLMP/MYH11/ACTG2/LMOD1/FLNA",9
"C0423757","Thin skin","9/495","77/21671",0.116883116883117,5.11711924439197,5.53327622103547,6.40449226421712e-05,0.00120119121255753,0.000838207411157256,"COL3A1/MAP1B/TGFBR1/PRKD1/C1R/TWIST2/FLNA/COL1A2/ADAMTS2",9
"C0333463","Senile Plaques","17/495","249/21671",0.0682730923694779,2.98898219139183,4.82625930189631,6.42838260376653e-05,0.00120275970166124,0.000839301923985281,"HSPB8/CLU/ICAM1/AGTR1/RUNX1T1/DCN/C1R/ACTG2/HSPB6/GAP43/SRPX/CCL2/AEBP1/A2M/BCHE/RTN1/CTSK",17
"C0010417","Cryptorchidism","34/495","725/21671",0.0468965517241379,2.05312156043191,4.40967973490636,6.64035153259662e-05,0.00123942561377093,0.000864887891436491,"COL3A1/COL4A1/MMP11/TPM2/FLI1/GLI3/TCF4/RAB23/FGFR1/AP1S2/SYNE1/EDNRA/ACKR3/ZFPM2/GPR161/AXL/ACTA2/MYLK/TUBA1A/GPC6/MYH11/ACTG2/F2R/LMOD1/COL6A1/FLNA/DACT1/NDN/MMP2/AEBP1/HLA-DQB1/CDH11/ELN/CDON",34
"C3250443","MYOTONIC DYSTROPHY 1","14/495","179/21671",0.0782122905027933,3.42411827774956,4.97911316100979,6.66145910666916e-05,0.00124037649616008,0.000865551429978395,"PDLIM3/IGFBP5/ASB2/SYNE1/LDB3/GEM/TIMP2/CAV1/CCL2/MMP2/HLA-DQB1/LILRB2/PRKCB/CTLA4",14
"C1857482","Slender finger","5/495","20/21671",0.25,10.9449494949495,6.8028154711042,7.11184932073738e-05,0.00131790394350315,0.000919651127222021,"COL3A1/TRPS1/COL12A1/COL6A2/COL6A1",5
"C2745948","Hyalinosis, Systemic","5/495","20/21671",0.25,10.9449494949495,6.8028154711042,7.11184932073738e-05,0.00131790394350315,0.000919651127222021,"VWF/ELN/MTHFR/TYMS/CES2",5
"C0032227","Pleural effusion disorder","16/495","227/21671",0.0704845814977974,3.08580073866418,4.82995336195286,7.20446242868081e-05,0.00133187985614705,0.000929403707355256,"SORBS1/TCF4/IL2RB/EFEMP1/C1R/NR3C1/CCL2/SDC2/MMP2/CFH/MCAM/FSTL1/LGALS1/LUM/TK1/CTLA4",16
"C4521042","Complete Trisomy 21 Syndrome","32/495","669/21671",0.0478325859491779,2.09410094970633,4.39491234662261,7.53490796355052e-05,0.00138678994060099,0.000967720704062683,"FYN/CLU/ICAM1/PAPPA/JAK3/TIAM1/IGFBP7/CD38/EDNRA/GJA1/EGR2/ACKR3/GLIS2/EFS/ANGPTL2/SYNM/GAP43/COL6A2/COL6A1/CCL2/FLNA/CFH/A2M/NFATC1/THBS1/BCHE/MTRR/DHFR/MTR/SLC19A1/MTHFR/TYMS",32
"C0085669","Acute leukemia","31/495","639/21671",0.0485133020344288,2.12390256240022,4.4090892993001,7.53729105335677e-05,0.00138678994060099,0.000967720704062683,"SORBS1/VWF/SMARCA1/IL2RB/STON1/MLLT11/RUNX1T1/DKK3/FGFR1/IL6ST/IGFBP7/EBF1/CD38/PTPRC/AKAP12/TIMP2/MYH11/MEIS1/ANGPTL1/MMP2/LGALS1/WIPF1/CDH5/STC1/ITGA4/MTRR/DHFR/CTLA4/MTHFR/TYMS/ABCC3",31
"C0264408","Childhood asthma","19/495","303/21671",0.0627062706270627,2.74526786011935,4.67747590235412,7.6618513383132e-05,0.00140636730963446,0.000981382055930114,"HAVCR2/CLU/ICAM1/POSTN/SERPINE1/CCL5/KLHL5/AXL/BOC/ANTXR1/JAZF1/FSTL1/AKR1B1/RORA/ITGA4/CTLA4/MTHFR/CDH1/HLA-DPA1",19
"C1860493","Abnormality of the sternum","7/495","46/21671",0.152173913043478,6.66214317083882,5.8774885985112,7.69618504438421e-05,0.00140724382158537,0.000981993697778258,"TGFBR1/PRKG1/MFAP5/ACTA2/MYLK/MYH11/ELN",7
"C0042487","Venous Thrombosis","11/495","117/21671",0.094017094017094,4.11604938271605,5.16705892535242,7.76515571654625e-05,0.00140724382158537,0.000981993697778258,"VWF/SERPINE1/VCAM1/CCL2/MMP2/TFPI/THBD/MTRR/CTLA4/MTHFR/HLA-DPA1",11
"C0085109","Corneal Neovascularization","11/495","117/21671",0.094017094017094,4.11604938271605,5.16705892535242,7.76515571654625e-05,0.00140724382158537,0.000981993697778258,"PECAM1/ICAM1/GLI3/CYP1B1/DCN/MXRA7/ANGPTL1/CCL2/SERPINF1/MMP2/VEGFC",11
"C0266200","Microcolon","4/495","11/21671",0.363636363636364,15.9199265381084,7.56735123839883,7.81209867727745e-05,0.00140724382158537,0.000981993697778258,"MYLK/MYH11/ACTG2/LMOD1",4
"C0428975","Supraventricular Arrhythmia by ECG Finding","4/495","11/21671",0.363636363636364,15.9199265381084,7.56735123839883,7.81209867727745e-05,0.00140724382158537,0.000981993697778258,"COL4A1/SYNE1/FHL1/DES",4
"C0020295","Hydronephrosis","17/495","253/21671",0.0671936758893281,2.94172555595481,4.749728013305,7.82459390909114e-05,0.00140724382158537,0.000981993697778258,"VWF/FLI1/GLI3/RAB23/SETBP1/FGFR1/BNC2/KCNMA1/CLMP/MASP1/ACTG2/ZEB2/CCL2/FLNA/ATP7A/CTLA4/HLA-DPA1",17
"C0028259","Nodule","18/495","278/21671",0.0647482014388489,2.83466317854807,4.70709526785696,7.83279177379776e-05,0.00140724382158537,0.000981993697778258,"PDLIM3/DKK3/FGFR1/CALD1/CTSB/AXL/TNC/FERMT2/ANGPTL2/MITF/ANGPTL1/DES/HTRA1/MMP2/CDH11/LOXL1/MTRR/CDH1",18
"C0018824","Heart valve disease","9/495","79/21671",0.113924050632911,4.98757192174914,5.42857359761289,7.84830016685876e-05,0.00140724382158537,0.000981993697778258,"VWF/POSTN/FGFR1/TNC/HTR2B/GAP43/CCL2/FLNA/COL1A2",9
"C0042025","Urinary Stress Incontinence","9/495","79/21671",0.113924050632911,4.98757192174914,5.42857359761289,7.84830016685876e-05,0.00140724382158537,0.000981993697778258,"TIMP2/DCN/ACTG2/TWIST2/LTBP1/MMP2/A2M/LOXL1/ELN",9
"C0241240","Tall stature","9/495","79/21671",0.113924050632911,4.98757192174914,5.42857359761289,7.84830016685876e-05,0.00140724382158537,0.000981993697778258,"GLI3/TCF4/TGFBR1/PRKG1/MFAP5/ACTA2/MYLK/MYH11/ELN",9
"C0149516","Chronic sinusitis","15/495","205/21671",0.0731707317073171,3.20339985218034,4.84623840525557,7.91018001432316e-05,0.00141506361180017,0.000987450452742177,"HAVCR2/ICAM1/POSTN/CD8A/CCL5/EGR2/ACKR3/CAV1/NR3C1/SPARC/PDPN/MGP/MMP2/TFPI/C3",15
"C4282128","PATENT DUCTUS ARTERIOSUS 1","16/495","229/21671",0.0698689956331878,3.05885051387235,4.78872614354937,7.99075980874626e-05,0.00142512864800827,0.000994473970609277,"CHST15/AGTR1/SMARCA1/DLC1/SLIT2/GJA1/CYP1B1/AXL/TNC/DCLK1/RECK/SPARC/CCL2/LGALS1/PALLD/CTLA4",16
"C0042974","von Willebrand Disease","8/495","62/21671",0.129032258064516,5.64900619094167,5.60465295023779,8.02163814267503e-05,0.00142512864800827,0.000994473970609277,"EPHA3/VWF/CRISPLD2/SERPINE1/ANTXR1/FAM20C/THBS1/MTHFR",8
"C4321477","Sickle Cell-SS Disease","8/495","62/21671",0.129032258064516,5.64900619094167,5.60465295023779,8.02163814267503e-05,0.00142512864800827,0.000994473970609277,"PDE5A/ICAM1/SERPINE1/MFGE8/VCAM1/ANTXR1/THBS1/MTHFR",8
"C4049938","Physical Activity Measurement","13/495","160/21671",0.08125,3.55710858585859,4.96351058763246,8.1776105437132e-05,0.001442553591009,0.00100663333059253,"SSPN/NEGR1/HIP1/EFEMP1/MEIS1/MEF2C/LMOD1/LTBP1/CALU/JAZF1/HLA-DQB1/LOXL1/HLA-DRA",13
"C0432072","Dysmorphic features","24/495","439/21671",0.0546697038724374,2.39342859115069,4.50953348140423,8.18072862761159e-05,0.001442553591009,0.00100663333059253,"COL4A1/TPM2/FLI1/TCF4/MAP1B/MN1/SETBP1/AKT3/PMP22/FGFR1/TRPS1/CD38/GJA1/TUBA1A/TWIST2/ZEB2/MEF2C/MEIS2/COL6A2/NDN/COL1A2/ELN/CTSK/EDIL3",24
"C1854301","Motor delay","22/495","384/21671",0.0572916666666667,2.50821759259259,4.55913524309563,8.18901563805986e-05,0.001442553591009,0.00100663333059253,"TPM2/TCF4/TUSC3/SETBP1/PMP22/SYNE1/EGR2/COL12A1/TUBA1A/ITPR1/ZEB2/MEF2C/COL6A2/DES/SPARC/COL6A1/FLNA/NDN/MPDZ/ADAMTS2/RORA/COL13A1",22
"C0040053","Thrombosis","10/495","98/21671",0.102040816326531,4.46732632446918,5.25971937900699,8.20112380273412e-05,0.001442553591009,0.00100663333059253,"PTGER3/PECAM1/VWF/SERPINE1/CD2/DCN/TFPI/THBD/SLC19A1/MTHFR",10
"C0392514","Hereditary hemochromatosis","17/495","254/21671",0.0669291338582677,2.93014395927782,4.73082989903291,8.21283415485373e-05,0.001442553591009,0.00100663333059253,"ICAM1/GLI3/TCF4/TUSC3/RAB23/EDNRA/ACKR3/CYBRD1/VCAM1/TWIST2/MEF2C/CCL2/VEGFC/IGFBP6/AKR1B1/ATP7B/CD27",17
"C0023530","Leukopenia","24/495","440/21671",0.0545454545454545,2.38798898071625,4.49714843483684,8.47246918908212e-05,0.00148479064114548,0.00103610691321592,"ICAM1/DKK3/PTPRC/CYP1B1/YME1L1/GEM/BOC/MYH11/CCL2/MMP2/HLA-DQB1/C3/BCHE/AKR1B1/ABCC2/ERCC1/DHFR/MTR/CTLA4/SLC19A1/UMPS/MTHFR/TYMS/ABCC3",24
"C0085413","Polycystic Kidney, Autosomal Dominant","18/495","280/21671",0.0642857142857143,2.81441558441558,4.67208064204437,8.58209544369037e-05,0.00150060747870938,0.00104714411556018,"AGTR1/POSTN/DKK3/PRKD1/EDNRA/SERPINE1/CALD1/GLIS2/PKD2/WWTR1/TNC/DCN/PDE1A/SPARC/CCL2/CFH/PRKCB/ATP7B",18
"C0750927","Apraxia, Developmental Verbal","9/495","80/21671",0.1125,4.92522727272727,5.3775383154848,8.66699115562515e-05,0.00151203859215028,0.00105512090052478,"PECAM1/MYLK/CAV1/MYL9/CCL2/MMP2/LGALS1/CTSC/MTHFR",9
"C0010034","Corneal Diseases","7/495","47/21671",0.148936170212766,6.5203954437997,5.79243531111826,8.8668737237813e-05,0.00153997318081637,0.00107461403284439,"ICAM1/TCF4/GJA1/MXRA7/DES/COL6A1/MMP2",7
"C0016052","Fibromuscular Dysplasia","7/495","47/21671",0.148936170212766,6.5203954437997,5.79243531111826,8.8668737237813e-05,0.00153997318081637,0.00107461403284439,"CAV2/ACTA2/MYLK/FLNA/TACR2/EFEMP2/RTN1",7
"C0810364","Cleft Lip with or without Cleft Palate","10/495","99/21671",0.101010101010101,4.42220181614121,5.21780806738317,8.93946981069763e-05,0.00154910812424304,0.00108098851943794,"EPHA3/CRISPLD2/TGFBR1/TIMP2/GREM1/PDGFC/DHFR/MTHFR/AXIN2/CDH1",10
"C0004245","Atrioventricular Block","8/495","63/21671",0.126984126984127,5.55933942600609,5.54083229023816,9.00717386728304e-05,0.00155735644589229,0.00108674430941021,"GJC1/SYNE1/PKD2/CACNA2D1/CAV1/FHL1/DES/MMP2",8
"C0158646","Cleft palate with cleft lip","11/495","119/21671",0.092436974789916,4.0468720821662,5.09558445400482,9.05827361121973e-05,0.00155923083094462,0.00108805228055236,"FGFR1/STOM/TIMP2/DCN/SPARC/MTRR/CDH2/MTR/SLC19A1/MTHFR/CDH1",11
"C0280141","Acute Undifferentiated Leukemia","11/495","119/21671",0.092436974789916,4.0468720821662,5.09558445400482,9.05827361121973e-05,0.00155923083094462,0.00108805228055236,"SETBP1/FGFR1/IGFBP7/CD38/MYH11/NR3C1/MEIS1/MEF2C/F2R/PBX3/PCDH17",11
"C0026640","Mouth Neoplasms","12/495","140/21671",0.0857142857142857,3.75255411255411,4.99548746881577,9.14873041716776e-05,0.00156972463203928,0.00109537499633382,"ICAM1/POSTN/TIAM1/CYP1B1/TNC/DCN/CAV1/RECK/CRYAB/CCL2/ATP7B/UMPS",12
"C0026265","Diseases of mitral valve","5/495","21/21671",0.238095238095238,10.4237614237614,6.60564257584094,9.15976676583725e-05,0.00156972463203928,0.00109537499633382,"VWF/GJA1/SLC24A3/MMP2/FSTL1",5
"C0206139","Lichen Planus, Oral","17/495","257/21671",0.066147859922179,2.89593994418897,4.67468476728735,9.48116765977732e-05,0.00162121688063212,0.00113130698113063,"ICAM1/ITGA11/POSTN/SYNE1/CCL5/GEM/TNC/CAV1/VCAM1/CCL2/PDPN/MMP2/MCAM/LUM/ITGA4/MTHFR/CDH1",17
"C0340629","Aortic aneurysm without mention of rupture NOS","10/495","100/21671",0.1,4.3779797979798,5.17644971452575,9.73339028617137e-05,0.00166067932063179,0.00115884440341966,"PECAM1/AGTR1/SERPINE1/TNC/ACTA2/TAGLN/CCL2/MMP2/THBS1/ELN",10
"C0677607","Hashimoto Disease","20/495","335/21671",0.0597014925373134,2.613719282376,4.55097009368959,9.81586726277179e-05,0.00167107050148198,0.00116609550941199,"ICAM1/CYBB/HLA-DOA/CD38/EDNRA/CCL5/GJA1/PTPRC/CTSB/GEM/C1S/CAV1/PDLIM7/HLA-DQB1/C3/MTRR/TK1/CTLA4/CD27/SLC25A27",20
"C0027947","Neutropenia","22/495","389/21671",0.0565552699228792,2.47597829191659,4.49116118935298,9.8789044317744e-05,0.00167469806785989,0.00116862687410283,"ICAM1/DKK3/IGHM/CYP1B1/YME1L1/GEM/BOC/CCL2/MMP2/WIPF1/MSN/HLA-DQB1/C3/BCHE/ABCC2/ERCC1/DHFR/MTR/CTLA4/UMPS/MTHFR/TYMS",22
"C0003857","Congenital arteriovenous malformation","13/495","163/21671",0.0797546012269939,3.49164032967714,4.88190395534466,9.88041591804761e-05,0.00167469806785989,0.00116862687410283,"PECAM1/VWF/ICAM1/PTPN14/TGFBR1/EDNRA/VCAM1/CRYAB/MGP/MMP2/THBS1/ELN/CDH5",13
"C0853879","Invasive carcinoma of breast","25/495","473/21671",0.0528541226215645,2.31394281077156,4.4174300425815,9.98500135711684e-05,0.00168872970550714,0.00117841833989416,"SORBS1/CD74/AGTR1/PAPPA/PTPN14/POSTN/TGFBR1/FGFR1/PRKD1/SLIT2/SERPINE1/FZD1/CYP1B1/TNC/FERMT2/RECK/F2R/ATP2B4/PDGFC/THBS1/LUM/AKR1B1/CDH5/CDH1/TYMS",25
"C0205699","Carcinomatosis","14/495","186/21671",0.0752688172043011,3.29525361138264,4.80650682658377,0.000100619837773281,0.00169804196817393,0.0011849165622424,"FILIP1L/CD74/TRPS1/IL6ST/BASP1/CCL5/ACKR3/EFEMP1/DES/SPARC/MGP/NDN/ATP7B/CDH1",14
"C2350236","Idiopathic Interstitial Pneumonias","8/495","64/21671",0.125,5.47247474747475,5.47836216266236,0.00010090913109433,0.001699222020558,0.00118574001869425,"RBMS3/POSTN/SERPINE1/PTPRC/DCN/RECK/CCL2/THBD",8
"C4529962","Fatty Liver Disease","34/495","741/21671",0.0458839406207827,2.00878965089491,4.27203890380624,0.00010117462469307,0.0016999970561226,0.00118628084895288,"HAVCR2/PDLIM3/CLU/RDX/LIPA/ICAM1/CYBB/IL2RB/LATS2/CD38/CCL5/ACKR3/WWTR1/DCN/HSD17B6/VCAM1/ALDH1A3/NR3C1/CCL2/SERPINF1/MMP2/CFH/AEBP1/A2M/C3/LUM/PRKCB/AKR1B1/RORA/THBD/ABCC2/MTHFR/CES2/ABCC3",34
"C0265110","Cerebral Vasospasm","7/495","48/21671",0.145833333333333,6.38455387205387,5.70982058409131,0.000101785968866216,0.00170656734813358,0.00119086568723632,"AGTR1/EDNRA/GJA1/PKD2/TNC/CCL2/EFEMP2",7
"C0085110","Severe Combined Immunodeficiency","18/495","284/21671",0.0633802816901408,2.77477592829706,4.602966942884,0.000102727354166468,0.00171863085393837,0.00119928376411235,"DOCK2/EPHA3/PECAM1/PAPPA/CYBB/IL2RB/JAK3/TGFBR1/CD38/CD3D/PTPRC/ANGPTL2/SPARC/PDPN/LGALS1/PDLIM7/DHFR/CTLA4",18
"C0872084","Sarcopenia","13/495","164/21671",0.0792682926829268,3.47034983986203,4.85512658939871,0.00010512294200162,0.00175050781051014,0.00122152793387006,"SORBS1/CLU/DKK3/CD38/FZD1/CAV1/ANGPTL2/MFGE8/NR3C1/FAM20C/FBXO32/BCHE/MTHFR",13
"C4317089","Infantile hemangioma","9/495","82/21671",0.109756097560976,4.80509977827051,5.27796861554525,0.000105205879759591,0.00175050781051014,0.00122152793387006,"PECAM1/AGTR1/PTPRC/ANTXR1/CCL2/SERPINF1/VEGFC/THBS1/PAPLN",9
"C0037116","Silicosis","11/495","121/21671",0.0909090909090909,3.97998163452709,5.02565563075594,0.000105310694513004,0.00175050781051014,0.00122152793387006,"SLC11A1/AGTR1/CCL2/SDC2/MMP2/FSTL1/HLA-DQB1/ELN/PRKCB/PDZRN4/BMS1P20",11
"C4025252","Abnormal nasal morphology","6/495","34/21671",0.176470588235294,7.72584670231729,6.00064578676324,0.00010760235535829,0.00178477054519339,0.00124543693173632,"AKT3/BNC2/ZFPM2/MASP1/TWIST2/ERCC1",6
"C0039483","Giant Cell Arteritis","17/495","260/21671",0.0653846153846154,2.86252525252525,4.61934563615718,0.000109185154030999,0.00180556517979477,0.00125994770791663,"ICAM1/TGFBR1/DKK3/CCL5/WWTR1/CAV1/MFGE8/VCAM1/CCL2/MMP2/HLA-DQB1/ELN/AKR1B1/MTRR/CTLA4/MTHFR/TYMS",17
"C0339143","Thyroid associated opthalmopathies","15/495","211/21671",0.0710900473933649,3.11230791325578,4.71404458619603,0.000109322239778433,0.00180556517979477,0.00125994770791663,"HAVCR2/IGFBP5/ICAM1/HLA-DOA/FGFR1/SERPINE1/CCL5/EFS/TIMP2/VCAM1/NR3C1/CCL2/MMP2/CTLA4/MTHFR",15
"C4551675","Keratoderma, Palmoplantar","13/495","165/21671",0.0787878787878788,3.44931741659014,4.82855644989764,0.000111787784000915,0.00184235781887466,0.00128562210715498,"LAMA4/SGCD/GJA1/LDB3/PLN/NEXN/KANK2/CRYAB/CAP2/DES/FLNA/CTSC/CTLA4",13
"C0238288","Muscular Dystrophy, Facioscapulohumeral","12/495","143/21671",0.0839160839160839,3.67382920110193,4.90467154871036,0.000112119821476653,0.00184390687294724,0.00128670305795644,"PDLIM3/COL3A1/PMP22/CAV2/DCN/FHL1/FLNA/SDC2/TACR2/ELN/LUM/RTN1",12
"C0221505","Lesion of brain","14/495","188/21671",0.074468085106383,3.26019772189985,4.75869624776036,0.000112754570167433,0.00184920669156203,0.00129040134278759,"CLU/PECAM1/ICAM1/SERPINE1/GJA1/TNC/TUBA1A/CAV1/MFGE8/GAP43/CCL2/C3/CTLA4/MTHFR",14
"C0014170","Endometrial Neoplasms","17/495","261/21671",0.0651340996168582,2.85155772282209,4.60107451575478,0.000114383882409679,0.00184920669156203,0.00129040134278759,"CLU/LSAMP/TMTC1/ACKR3/CYP1B1/DCN/CAV1/HTRA1/CCL2/SERPINF1/MMP2/JAZF1/FSTL1/AKR1B1/ERCC1/MTHFR/CDH1",17
"C0334460","Elastofibroma","3/495","5/21671",0.6,26.2678787878788,8.63921950378099,0.000114469957409591,0.00184920669156203,0.00129040134278759,"POSTN/TNC/ELN",3
"C1850853","Hyperextensibility at wrists","3/495","5/21671",0.6,26.2678787878788,8.63921950378099,0.000114469957409591,0.00184920669156203,0.00129040134278759,"COL12A1/COL6A2/COL6A1",3
"C1850854","Increased laxity of ankles","3/495","5/21671",0.6,26.2678787878788,8.63921950378099,0.000114469957409591,0.00184920669156203,0.00129040134278759,"GLI3/COL6A2/COL6A1",3
"C1956258","Familial Thrombotic Thrombocytopenic Purpura","3/495","5/21671",0.6,26.2678787878788,8.63921950378099,0.000114469957409591,0.00184920669156203,0.00129040134278759,"CFH/TFPI/THBD",3
"C0339543","Epiretinal Membrane","10/495","102/21671",0.0980392156862745,4.29213705684294,5.09533894599131,0.000115014156365879,0.00184920669156203,0.00129040134278759,"POSTN/MAP1B/IL2RB/PTPRC/KCNMA1/PLXDC1/SPARC/MGP/LGALS1/THBS1",10
"C0023653","Lichenification","4/495","12/21671",0.333333333333333,14.593265993266,7.20120755789384,0.000115068115844681,0.00184920669156203,0.00129040134278759,"OSMR/VEGFC/HLA-DRA/CTLA4",4
"C0023654","Lichenification and lichen simplex chronicus","4/495","12/21671",0.333333333333333,14.593265993266,7.20120755789384,0.000115068115844681,0.00184920669156203,0.00129040134278759,"OSMR/VEGFC/HLA-DRA/CTLA4",4
"C0266050","Failure of exfoliation of primary tooth","4/495","12/21671",0.333333333333333,14.593265993266,7.20120755789384,0.000115068115844681,0.00184920669156203,0.00129040134278759,"RAB23/COL6A1/FLNA/CTSK",4
"C1565321","Cholera Infantum","4/495","12/21671",0.333333333333333,14.593265993266,7.20120755789384,0.000115068115844681,0.00184920669156203,0.00129040134278759,"MYLK/ABCC2/MTR/MTHFR",4
"C1701938","Associated Pulmonary Arterial Hypertension","5/495","22/21671",0.227272727272727,9.94995408631772,6.42130529513352,0.000116322911399836,0.00186350135471602,0.00130037635132112,"AGTR1/EDNRA/SERPINE1/CAV1/HLA-DPA1",5
"C0240479","Neck muscle weakness","7/495","49/21671",0.142857142857143,6.25425685425685,5.62952171811931,0.000116438762675259,0.00186350135471602,0.00130037635132112,"TPM2/SYNE1/CFL2/CRYAB/DES/LAMB2/COL13A1",7
"C4721698","Metastatic Renal Cell Carcinoma","12/495","144/21671",0.0833333333333333,3.6483164983165,4.87494216481951,0.00011983057208318,0.00191383012650787,0.00133549644633127,"ICAM1/DLC1/HLA-DOA/SERPINE1/PEG3/AXL/TIMP2/NRP2/VCAM1/MMP2/CTLA4/TYMS",12
"C0271650","Impaired glucose tolerance","29/495","596/21671",0.0486577181208054,2.13022506948681,4.27773980909419,0.000121630730569725,0.00193704415788744,0.0013516955101787,"OGN/IGFBP5/CLU/APOC1/ICAM1/GLI3/AGTR1/MAP4K4/EDNRA/SERPINE1/CCL5/CYP1B1/MYLK/DCN/CAV1/VCAM1/NR3C1/CCL2/SERPINF1/HLA-DQB1/THBS1/CDH11/C3/ELN/LUM/PRKCB/CD300LF/CES2/HLA-DMB",29
"C0860207","Drug-Induced Liver Disease","27/495","537/21671",0.0502793296089385,2.201218892839,4.3095163871301,0.0001219501231284,0.00193704415788744,0.0013516955101787,"COL3A1/CLU/VWF/STON1/TGFBR1/NREP/CCL5/GEM/CPQ/TUBA1A/ITPR1/SERPING1/CCDC80/NR3C1/CCL2/MMP2/CFH/A2M/HLA-DQB1/C3/CDH5/ALDH1L2/ABCC2/DHFR/CTLA4/MTHFR/ABCC3",27
"C0585362","Squamous cell carcinoma of mouth","11/495","123/21671",0.0894308943089431,3.91526648599819,4.95721121153744,0.000122034282087409,0.00193704415788744,0.0013516955101787,"PECAM1/FGFR1/NID1/CALD1/GBP1/CCL2/PDPN/MMP2/CFH/ERCC1/CDH1",11
"C0021053","Immune System Diseases","24/495","451/21671",0.0532150776053215,2.32974534704025,4.36308979858633,0.000123519415445896,0.00195660816368897,0.00136534753700285,"HAVCR2/PECAM1/CD74/FLI1/CYBB/IL2RB/JAK3/PMP22/CCL5/GJA1/PTPRC/GEM/TIMP2/NR3C1/CFH/FSTL1/LGALS1/MSN/THBS1/CTSC/LILRB2/IGSF6/CTLA4/SLAMF8",24
"C0000731","Abdomen distended","10/495","103/21671",0.0970873786407767,4.25046582328136,5.05556117503851,0.000124826138770031,0.00196994006347238,0.00137465071628557,"FLI1/LIPA/MYLK/C1R/MYH11/ACTG2/ZEB2/LMOD1/FLNA/HLA-DQB1",10
"C0409959","Osteoarthritis, Knee","21/495","368/21671",0.0570652173913043,2.49830368906456,4.4321399516563,0.000124869683858112,0.00196994006347238,0.00137465071628557,"AOC3/ADAM12/ADAMTS5/AGTR1/CYBB/POSTN/TGFBR1/SERPINE1/DDR2/EFEMP1/TIMP2/LTBP1/CCL2/MGP/THBS4/MMP2/GREM1/LUM/CTSK/STC1/CDH2",21
"C0338503","Septo-Optic Dysplasia","6/495","35/21671",0.171428571428571,7.50510822510823,5.88857421671049,0.000127380106352221,0.00199883873916389,0.00139481660152018,"FGFR1/GPR161/TUBA1A/FLNA/IGHD/CDON",6
"C1720164","Central corneal thickness","6/495","35/21671",0.171428571428571,7.50510822510823,5.88857421671049,0.000127380106352221,0.00199883873916389,0.00139481660152018,"COL12A1/COL8A2/GLT8D2/COL6A2/LTBP1/ADAMTS2",6
"C1302401","Adenoma of large intestine","24/495","452/21671",0.0530973451327434,2.32459104317511,4.3510960061279,0.000127729767391011,0.00199883873916389,0.00139481660152018,"OGN/CD74/PMP22/DKK3/EFEMP1/DCN/BOC/PTPRM/SPARC/LGALS1/GREM1/CHRDL2/RASSF2/ITGA4/ABCC2/MTRR/CDH2/ERCC1/MTR/CTLA4/SLC19A1/MTHFR/CDH1/TYMS",24
"C0001486","Adenovirus Infections","12/495","145/21671",0.0827586206896552,3.62315569487983,4.84547651093799,0.000127991739559165,0.00199883873916389,0.00139481660152018,"ADAMTS5/ICAM1/TRPS1/CD38/SERPINE1/GJA1/CALD1/PLEKHO1/C1QC/MYO5A/THBD/DHFR",12
"C0278678","Metastatic Renal Cell Cancer","12/495","145/21671",0.0827586206896552,3.62315569487983,4.84547651093799,0.000127991739559165,0.00199883873916389,0.00139481660152018,"ICAM1/DLC1/HLA-DOA/SERPINE1/PEG3/AXL/TIMP2/NRP2/VCAM1/MMP2/CTLA4/TYMS",12
"C0033687","Proteinuria","16/495","239/21671",0.0669456066945607,2.93086513672288,4.58912230483902,0.000131599692274035,0.00205104872505971,0.00143124943307671,"CLU/ICAM1/AGTR1/CYBB/CTSB/C1R/KANK2/CFH/TFPI/C3/ELN/LAMB2/THBD/ATP7B/CTLA4/HLA-DPA1",16
"C0020492","Hyperostosis","7/495","50/21671",0.14,6.12917171717172,5.55142457509944,0.000132759279325671,0.0020567067553133,0.00143519768281541,"GLI3/PAPPA/DLC1/CCL2/FLNA/WIPF1/ADAMTS1",7
"C1691228","Cystic Kidney Diseases","7/495","50/21671",0.14,6.12917171717172,5.55142457509944,0.000132759279325671,0.0020567067553133,0.00143519768281541,"COL4A1/PRKD1/GLIS2/PKD2/CPQ/TNS1/CYS1",7
"C1843700","Increased variability in muscle fiber diameter","7/495","50/21671",0.14,6.12917171717172,5.55142457509944,0.000132759279325671,0.0020567067553133,0.00143519768281541,"TPM2/COL12A1/CFL2/FHL1/CRYAB/COL6A2/COL6A1",7
"C0202117","Low density lipoprotein cholesterol measurement","25/495","483/21671",0.05175983436853,2.26603509212205,4.30213879972235,0.000138339195130406,0.00213887306483058,0.00149253444058122,"COL4A1/LAIR1/RDX/APOC1/TCEA2/ICAM1/AGTR1/PCSK5/ITGA1/TGFBR1/AKT3/TRPS1/GPC6/TAGLN/HTR2B/MITF/F2R/LMOD1/MYOCD/PBX3/TFPI/HLA-DRA/ATP1A2/RORA/ABCC3",25
"C1536085","Geographic Atrophy","9/495","85/21671",0.105882352941176,4.63550802139037,5.13450492400991,0.000139160789687156,0.0021472897946548,0.00149840774804686,"HMCN1/EFEMP1/CRYAB/HTRA1/MMP2/CFH/C3/COL8A1/PILRA",9
"C0027668","Neoplasms, Vascular Tissue","8/495","67/21671",0.119402985074627,5.227438564752,5.29855824778669,0.000140078616042853,0.00215287492037289,0.00150230512401848,"FLI1/WWTR1/DCN/F2R/SPARC/PDPN/VEGFC/CDH5",8
"C0426891","Broad thumbs","8/495","67/21671",0.119402985074627,5.227438564752,5.29855824778669,0.000140078616042853,0.00215287492037289,0.00150230512401848,"GLI3/RAB23/FGFR1/PRKD1/TRPS1/MEIS2/FLNA/DACT1",8
"C0220597","Adult Hodgkin Lymphoma","22/495","399/21671",0.0551378446115288,2.41392369813422,4.35831233318867,0.000142143839384709,0.00217598059263627,0.00151842857341477,"HAVCR2/EPHA3/PDE5A/ICAM1/HLA-DOA/PMP22/EBF1/CD38/SERPINE1/CCL5/PTPRC/GLIS2/GEM/CHRDL1/SERPING1/VEGFC/LGALS1/PDLIM7/HLA-DQB1/IL10RA/CTLA4/CD27",22
"C0220644","Childhood Hodgkin Lymphoma","22/495","399/21671",0.0551378446115288,2.41392369813422,4.35831233318867,0.000142143839384709,0.00217598059263627,0.00151842857341477,"HAVCR2/EPHA3/PDE5A/ICAM1/HLA-DOA/PMP22/EBF1/CD38/SERPINE1/CCL5/PTPRC/GLIS2/GEM/CHRDL1/SERPING1/VEGFC/LGALS1/PDLIM7/HLA-DQB1/IL10RA/CTLA4/CD27",22
"C0442874","Neuropathy","25/495","484/21671",0.0516528925619835,2.26135320143585,4.29076522649141,0.000142834653220595,0.00218224304506259,0.00152279859708867,"AOC3/HSPB8/IL18BP/ADAMTS12/ATXN1/HLA-DOA/IGLV1-44/PMP22/IGHM/CCL5/GJA1/EGR2/LDB3/PTGIS/SERPING1/TNS1/ACTG2/GAP43/CCL2/MMP2/C3/BCHE/AKR1B1/ERCC1/CTLA4",25
"C3806482","Recurrent respiratory infections","19/495","318/21671",0.059748427672956,2.61577409313258,4.43787271086556,0.000144150256430396,0.00219800765021623,0.00153379935095334,"TPM2/FLI1/CYBB/IL2RB/TRPS1/CD8A/IGHM/CD3D/FLNA/NDN/WIPF1/MSN/ELN/CTSC/MYO5A/COL13A1/CTLA4/UMPS/HLA-DPA1",19
"C0162154","Atrophic scar","5/495","23/21671",0.217391304347826,9.5173473869126,6.24840944247302,0.000145858664940323,0.00220234533919173,0.00153682624875991,"COL3A1/C1S/C1R/AEBP1/COL1A2",5
"C1442965","Avascular necrosis of the capital femoral epiphysis","5/495","23/21671",0.217391304347826,9.5173473869126,6.24840944247302,0.000145858664940323,0.00220234533919173,0.00153682624875991,"TRPS1/COL1A2/ADAMTS2/ATP7A/MTHFR",5
"C1865992","Short hallux","5/495","23/21671",0.217391304347826,9.5173473869126,6.24840944247302,0.000145858664940323,0.00220234533919173,0.00153682624875991,"FGFR1/GJA1/KCNJ8/FLNA/MGP",5
"C2717759","Degenerative Intervertebral Discs","5/495","23/21671",0.217391304347826,9.5173473869126,6.24840944247302,0.000145858664940323,0.00220234533919173,0.00153682624875991,"ICAM1/POSTN/CCL5/SPARC/MCAM",5
"C3163798","Recurrent lower respiratory tract infection","5/495","23/21671",0.217391304347826,9.5173473869126,6.24840944247302,0.000145858664940323,0.00220234533919173,0.00153682624875991,"CPQ/COL6A2/COL6A1/LAMB2/COL13A1",5
"C1319315","Adenocarcinoma of large intestine","27/495","543/21671",0.0497237569060773,2.17689603214465,4.24638053398708,0.000146140653801259,0.00220234533919173,0.00153682624875991,"EPHA3/APOC1/LSAMP/TMTC1/TCF4/DLC1/MCC/IGFBP7/RPS6KA2/GEM/TNC/BOC/PDGFRL/FLNA/MMP2/BNIP2/GREM1/CHRDL2/PRKCB/IGFBP6/ABCC2/ATP7B/ATP7A/MTHFR/AXIN2/CDH1/TYMS",27
"C1268935","Congenital Thrombotic Thrombocytopenic Purpura","6/495","36/21671",0.166666666666667,7.296632996633,5.78084430211315,0.000149932647655917,0.0022490118587936,0.00156939077485223,"VWF/CCL2/CFH/TFPI/THBS1/THBD",6
"C1858556","OVERLAP CONNECTIVE TISSUE DISEASE","6/495","36/21671",0.166666666666667,7.296632996633,5.78084430211315,0.000149932647655917,0.0022490118587936,0.00156939077485223,"S1PR3/FGFR1/NEGR1/CYP1B1/FERMT2/F2R",6
"C1861403","Variable expressivity","19/495","319/21671",0.0595611285266458,2.60757417434533,4.42239135878176,0.000150108330879976,0.0022490118587936,0.00156939077485223,"HAVCR2/COL4A1/TPM2/VWF/GLI3/PMP22/EGR2/KCNMA1/TUBB6/CAV1/MITF/COL6A2/COL6A1/MPDZ/VEGFC/ERCC1/DHFR/CD27/CDON",19
"C0036420","Localized scleroderma","7/495","51/21671",0.137254901960784,6.00899187958012,5.47542282247482,0.000150886724779227,0.00225196256288997,0.00157144981592401,"FLI1/POSTN/CCL5/BNC2/DCN/SPARC/COL1A2",7
"C1853238","Conotruncal defect","7/495","51/21671",0.137254901960784,6.00899187958012,5.47542282247482,0.000150886724779227,0.00225196256288997,0.00157144981592401,"ZFPM2/MTRR/DHFR/MTR/SLC19A1/MTHFR/TYMS",7
"C0542476","Forgetful","23/495","429/21671",0.0536130536130536,2.34716865625957,4.30886616186841,0.000152583601452288,0.00227290880163351,0.00158606638351721,"FYN/PDE5A/CLU/AGTR1/CYBB/ATXN1/TIAM1/IGFBP7/EDNRA/GJA1/ACKR3/CTSB/PRKG1/ITPR1/NR3C1/SYNM/LGALS1/HLA-DQB1/BCHE/PRKCB/IGSF6/CDH1/SLC25A27",23
"C2945695","Limb ischemia","13/495","171/21671",0.0760233918128655,3.32828873530628,4.67332251094835,0.000159954729834178,0.00237813692379184,0.00165949598484394,"QKI/OGN/VWF/IL2RB/ATXN1/FGFR1/ACKR3/ACTA2/TIMP2/ACTG2/VEGFC/EDIL3/MTHFR",13
"C0019214","Hepatosplenomegaly","11/495","127/21671",0.0866141732283465,3.79195100612423,4.82454736185563,0.000162344362083575,0.00240904105114822,0.00168106130126872,"HAVCR2/VWF/LIPA/TCF4/JAK3/CD3D/STOM/TIMP2/CAV1/MMP2/PALLD",11
"C1619692","Nephrogenic Fibrosing Dermopathy","4/495","13/21671",0.307692307692308,13.4707070707071,6.87644019867646,0.000163214187728215,0.00241731758727104,0.00168683677968076,"ACTA2/DCN/CAV1/CCL2",4
"C1837218","Cleft palate, isolated","18/495","295/21671",0.0610169491525424,2.67130970724191,4.4189065185614,0.000165243446887312,0.002442701793109,0.0017045502205029,"PDLIM3/CRISPLD2/MN1/FGFR1/BNC2/TIMP2/TNS1/MEIS2/MMP2/GREM1/PDGFC/MTR/CTLA4/SLC19A1/MTHFR/AXIN2/CDH1/TYMS",18
"C0600033","Acquired Kyphoscoliosis","12/495","149/21671",0.0805369127516778,3.52588977018507,4.73016516772496,0.000165579550300603,0.00244300799357803,0.00170476389131548,"TPM2/POSTN/RAB23/SETBP1/PMP22/EGR2/COL12A1/FLNA/MMP2/ELN/COL13A1/ERCC1",12
"C0027092","Myopia","25/495","490/21671",0.0510204081632653,2.23366316223459,4.22310128593302,0.000172644403228915,0.00254240218139007,0.00177412249465775,"COL4A1/MMP11/MAF/TCF4/TGFBR1/GJA1/YME1L1/KCNMA1/TIMP2/DCN/MYH11/TWIST2/ZEB2/ANTXR1/HTRA1/COL6A1/SERPINF1/MMP2/CFH/ELN/LUM/LAMB2/ADAMTS2/COL8A1/MYO5A",25
"C0024636","Malocclusion","11/495","128/21671",0.0859375,3.76232638888889,4.79222253880152,0.000174025207600476,0.00255787335497777,0.00178491848802246,"GLI3/IL2RB/TRPS1/GJA1/CPQ/NR3C1/FLNA/COL1A2/CDH11/ELN/CDH1",11
"C0272322","Severe hereditary factor VIII deficiency disease","6/495","37/21671",0.162162162162162,7.0994266994267,5.6771655249789,0.000175530741220983,0.00257511576041237,0.00179695047083283,"VWF/HLA-DOA/TFPI/THBD/CTLA4/MTHFR",6
"C3714514","Infection","25/495","491/21671",0.0509164969450102,2.22911395009155,4.21191896468327,0.000178117139242716,0.00260811977424211,0.00181998111632941,"SLC11A1/APOC1/ICAM1/CD38/CCL5/CD2/PTPRC/CAV2/CAV1/VCAM1/ANTXR1/F2R/CCL2/FLNA/MMP2/CFH/MSN/HLA-DQB1/LRRC15/IL10RA/CTLA4/MTHFR/CDH1/CD27/PILRA",25
"C0035222","Respiratory Distress Syndrome, Adult","23/495","434/21671",0.0529953917050691,2.32012754270819,4.24741077394048,0.000180584081913857,0.00263925339340516,0.00184170657522871,"S1PR3/VWF/ICAM1/AGTR1/AKT3/EBF1/SERPINE1/CYP1B1/TNC/MYLK/DCN/CAV1/SERPING1/ANGPTL2/NR3C1/CCL2/PDPN/MMP2/TFPI/IGFBP6/AKR1B1/CDH5/THBD",23
"C0242698","Ventricular Dysfunction, Left","9/495","88/21671",0.102272727272727,4.47747933884298,4.99758374120424,0.000181815157823502,0.00265224145480386,0.00185076981945423,"TGFBR1/PRKG1/LDB3/MFAP5/ACTA2/MYLK/PLN/MYH11/ELN",9
"C0276138","Viral myocarditis","11/495","129/21671",0.0852713178294574,3.73316106804479,4.76022149656024,0.000186411285462399,0.00271417634810478,0.00189398882241674,"OGN/GJA1/PTPRC/CTSB/CAV1/GBP1/VCAM1/F2R/SPARC/CCL2/ADAMTS1",11
"C0016529","Forced expiratory volume function","17/495","272/21671",0.0625,2.73623737373737,4.4056186719387,0.000187584707123422,0.00272224580356526,0.00189961979715271,"CHRNA3/RDX/MN1/ITGA1/SYNE1/EBF1/LDB3/TSHZ3/EFEMP1/MSRB3/TNS1/NEXN/JAZF1/HLA-DQB1/BCHE/COL8A1/ADAM19",17
"C0345392","Congenital kyphoscoliosis","12/495","151/21671",0.0794701986754967,3.47918924342765,4.67398280206666,0.000187668378402253,0.00272224580356526,0.00189961979715271,"TPM2/POSTN/RAB23/SETBP1/PMP22/EGR2/COL12A1/FLNA/MMP2/ELN/COL13A1/ERCC1",12
"C0521158","Recurrent tumor","33/495","735/21671",0.0448979591836735,1.96562358276644,4.07206563411194,0.000190510162505311,0.00275473479260342,0.00192229105141106,"SLC11A1/MMP11/CLU/PECAM1/AGTR1/POSTN/OSMR/PMP22/PRKD1/SLIT2/EDNRA/CCL5/ACKR3/CYP1B1/CTSB/TNC/FERMT2/CAV1/HSPB6/F2R/CCL2/PDPN/MMP2/VEGFC/TFPI/THBS1/AKR1B1/STC1/CTLA4/UMPS/CDH1/TYMS/LCP1",33
"C0010606","Adenoid Cystic Carcinoma","19/495","325/21671",0.0584615384615385,2.55943434343434,4.33072506357222,0.00019061939695784,0.00275473479260342,0.00192229105141106,"PECAM1/SMARCA1/MLLT11/AKT3/PRKD1/GJA1/ACKR3/CTSB/SLC24A3/NRP2/RECK/ZEB2/SERPINF1/MMP2/VEGFC/MCAM/CDH5/CDH1/TYMS",19
"C1866141","Foot dorsiflexor weakness","8/495","70/21671",0.114285714285714,5.00340548340548,5.12922513996419,0.000191003262553225,0.00275514203303032,0.00192257522926749,"TPM2/PMP22/EGR2/LDB3/CFL2/FHL1/CRYAB/DES",8
"C0042164","Uveitis","16/495","247/21671",0.0647773279352227,2.83593833067517,4.43676449572604,0.000191971165113767,0.00276395658916588,0.00192872614529289,"AOC3/ICAM1/TCF4/IL6ST/CCL5/EGR2/GEM/NR3C1/ZEB2/CCL2/SERPINF1/CFH/HLA-DQB1/AKR1B1/THBD/CTLA4",16
"C0025312","Meningomyelocele","9/495","89/21671",0.101123595505618,4.42717058222676,4.95330387097423,0.000198248198220272,0.00284903625865349,0.0019880958848962,"GLI3/DLC1/PRICKLE1/CCL2/FLNA/DACT1/PRICKLE2/SLC19A1/MTHFR",9
"C0001342","Acute periodontitis","11/495","130/21671",0.0846153846153846,3.70444444444444,4.72853819286133,0.000199536537583725,0.00285513343196481,0.00199235057457693,"CLU/SLAMF7/TIMP2/HTRA1/CCL2/MMP2/HLA-DQB1/POPDC2/ELN/CTSC/CTLA4",11
"C0476403","Electromyogram abnormal","11/495","130/21671",0.0846153846153846,3.70444444444444,4.72853819286133,0.000199536537583725,0.00285513343196481,0.00199235057457693,"LAMA4/SGCD/COL12A1/LDB3/PLN/NEXN/CRYAB/CAP2/COL6A2/DES/COL6A1",11
"C0240340","Microdontia (disorder)","10/495","109/21671",0.0917431192660551,4.0164952275044,4.82704626822369,0.000199778249435183,0.00285513343196481,0.00199235057457693,"COL3A1/FGFR1/PRKD1/TRPS1/GJA1/C1S/C1R/TWIST2/ELN/AXIN2",10
"C0264716","Chronic heart failure","15/495","223/21671",0.0672645739910314,2.94482946052453,4.46324417287058,0.000201015223015973,0.00286752102666985,0.00200099480505384,"CLU/VWF/AGTR1/RBMS3/DKK3/IL6ST/EDNRA/GJA1/ACKR3/CCL2/PLEKHO1/MMP2/FSTL1/PRIMA1/CTSK",15
"C0035126","Reperfusion Injury","18/495","300/21671",0.06,2.62678787878788,4.33799676686152,0.000203289968882431,0.00289463988780021,0.00201991871170914,"AOC3/PDE5A/PECAM1/ICAM1/CYBB/IL6ST/CCL5/CTSB/CAV1/VCAM1/KCNJ8/CCL2/VEGFC/CFH/THBS1/C3/STC1/ERCC1",18
"C0039685","Tetralogy of Fallot","17/495","274/21671",0.062043795620438,2.71626483816265,4.3711250802559,0.000204576659628079,0.00290761615684238,0.00202897372706941,"PECAM1/LSAMP/RAB23/FGFR1/NID1/EDNRA/GJA1/ACKR3/ZFPM2/PLN/MEIS2/DACT1/PBX3/MMP2/ELN/MTHFR/CDON",17
"C0041948","Uremia","10/495","110/21671",0.0909090909090909,3.97998163452709,4.79055213962187,0.000215353994543178,0.00305518688961805,0.00213195057254524,"PDLIM3/AOC3/ICAM1/TGFBR1/VCAM1/SPARC/MYOCD/MGP/MMP2/MTHFR",10
"C0029434","Osteogenesis Imperfecta","9/495","90/21671",0.1,4.3779797979798,4.90967349283194,0.000215897654842625,0.0030573002457239,0.00213342530090807,"COL3A1/CD38/WWTR1/TNC/DCN/SPARC/SERPINF1/COL1A2/EFEMP2",9
"C0037274","Dermatologic disorders","29/495","617/21671",0.0470016207455429,2.05772146096295,4.07527274404313,0.000218315213497065,0.00308589351048953,0.00215337806628396,"FYN/LAIR1/PECAM1/FLI1/AGTR1/POSTN/OSMR/JAK3/ITGA1/CCL5/GJA1/GEM/TNC/DCN/CAV1/MITF/VCAM1/NR3C1/HOPX/F2R/DES/CCL2/SERPINF1/VEGFC/MCAM/ELN/RORA/EMCN/MTHFR",29
"C0034072","Cor pulmonale","5/495","25/21671",0.2,8.7559595959596,5.93235055182673,0.000221787414653667,0.00312357329801327,0.00217967152965852,"CHRNA3/AGTR1/CAV2/CAV1/FLNA",5
"C0232513","Premature tooth loss","5/495","25/21671",0.2,8.7559595959596,5.93235055182673,0.000221787414653667,0.00312357329801327,0.00217967152965852,"COL3A1/GJA1/C1R/CDH11/CTSC",5
"C1840375","Elevated diastolic blood pressure","4/495","14/21671",0.285714285714286,12.5085137085137,6.58558257931766,0.000224385130318778,0.00314096628939559,0.00219180859337197,"AGTR1/PKD2/PTGIS/KCNMB1",4
"C1843643","Nocturnal hypoventilation","4/495","14/21671",0.285714285714286,12.5085137085137,6.58558257931766,0.000224385130318778,0.00314096628939559,0.00219180859337197,"TPM2/CFL2/COL6A2/COL6A1",4
"C1845202","Nephrogenic Syndrome of Inappropriate Antidiuresis","4/495","14/21671",0.285714285714286,12.5085137085137,6.58558257931766,0.000224385130318778,0.00314096628939559,0.00219180859337197,"VWF/EDNRA/ACKR3/MSN",4
"C0040517","Gilles de la Tourette syndrome","13/495","177/21671",0.0734463276836158,3.21546538834674,4.52483837922552,0.000224987629355978,0.00314096628939559,0.00219180859337197,"NLGN4X/CD8A/LMO3/SGCE/HTR2B/MEIS1/CCL2/PDLIM7/IL10RA/COL8A1/CDH2/TYMS/FPR3",13
"C4015214","CTLA4 Haploinsufficiency","3/495","6/21671",0.5,21.889898989899,7.82424983694166,0.000225049869689459,0.00314096628939559,0.00219180859337197,"JAK3/HLA-DOA/CTLA4",3
"C0409974","Lupus Erythematosus","27/495","558/21671",0.0483870967741935,2.11837732160313,4.09204657830862,0.000226345146139778,0.00315336241366676,0.00220045877589504,"MMP11/VWF/FLI1/ICAM1/CYBB/RUNX1T1/CD38/EGR2/CD2/PTPRC/GEM/C1R/MASP1/MFGE8/VCAM1/CCL2/SDC2/MMP2/CFH/C3/LBH/C1QC/BCHE/PRKCB/CTLA4/MTHFR/LILRB4",27
"C0745103","Hyperlipoproteinemia Type IIa","14/495","201/21671",0.0696517412935323,3.049339162772,4.46278471498163,0.000227158047750252,0.00315900581305826,0.00220439681602106,"PDE5A/LIPA/ICAM1/IL2RB/SERPINE1/PLN/MITF/NR3C1/MYL9/SDC2/MMP2/THBD/CTLA4/MTHFR",14
"C0024790","Paroxysmal nocturnal hemoglobinuria","11/495","132/21671",0.0833333333333333,3.6483164983165,4.66610142392468,0.000228146206085846,0.00316706185007341,0.0022100184271851,"SORBS1/CD38/PTPRC/EFS/GEM/CCL2/FLNA/CFH/TFPI/C3/THBD",11
"C0009917","Contracture","10/495","111/21671",0.0900900900900901,3.94412594412594,4.75448614839821,0.00023193609085136,0.00321391227143942,0.00224271128240605,"COL3A1/TPM2/SGCD/SERPINE1/DCN/FHL1/COL6A2/COL6A1/ELN/LUM",10
"C1847540","Azoospermia, Nonobstructive","9/495","91/21671",0.0989010989010989,4.32987012987013,4.86667520083693,0.000234832770459438,0.00324824042853359,0.00226666593291206,"ADAMTS5/CLDN11/AXL/TGFB1I1/ADAMTS1/HLA-DRA/MTRR/MTHFR/PILRA",9
"C0242339","Dyslipidemias","24/495","471/21671",0.0509554140127389,2.23081773145467,4.12901402697601,0.000236042005352331,0.00325914683326053,0.00227427656906693,"PDLIM3/COL4A1/PECAM1/LIPA/AGTR1/PAPPA/CYBB/TRPS1/SERPINE1/MYLK/CAV1/VCAM1/NR3C1/SPARC/CCL2/FLNA/LGALS1/THBS1/C3/RORA/MTRR/ATP7B/MTR/MTHFR",24
"C0333997","Lymphoid hyperplasia","6/495","39/21671",0.153846153846154,6.73535353535354,5.48092994274344,0.000237018471103702,0.00326100368946585,0.00227557230834348,"JAK3/IL6ST/CCL5/PTPRC/PDLIM7/TYMS",6
"C1332309","Anti-Basement Membrane Glomerulonephritis","6/495","39/21671",0.153846153846154,6.73535353535354,5.48092994274344,0.000237018471103702,0.00326100368946585,0.00227557230834348,"CLU/AGTR1/SLIT2/CCL5/CCL2/ITGA4",6
"C0158113","Contracture of joint of hand","7/495","55/21671",0.127272727272727,5.57197428833792,5.19048032625052,0.000244501189260914,0.00335798973761532,0.00234325047938558,"TPM2/RAB23/TGFBR1/SYNE1/DDR2/CAV1/FHL1",7
"C0022821","Kyphosis deformity of spine","18/495","305/21671",0.059016393442623,2.58372578241431,4.2587131189455,0.000248783276187528,0.00341075266787362,0.00238006916296778,"TPM2/GLI3/SYNE1/IGFBP7/CD38/COL12A1/CFL2/FHL1/MEIS2/COL6A2/COL6A1/NDN/LGALS1/COL1A2/THBS1/ELN/CTSK/ATP7A",18
"C0269102","Endometrioma","17/495","279/21671",0.0609318996415771,2.66758625683357,4.28622341996051,0.000253046850617282,0.00346307580367751,0.00241658095205458,"PECAM1/ICAM1/PAPPA/TNC/ACTA2/C1R/TAGLN/NR3C1/LMOD1/CCL2/SPARCL1/MMP2/VEGFC/PRELP/IGFBP6/AKR1B1/CDH1",17
"C0240953","Winged scapula","8/495","73/21671",0.10958904109589,4.79778607997786,4.9693003979025,0.000256228880530388,0.00349427624751477,0.00243835304211183,"TPM2/SGCD/TRPS1/SYNE1/COL12A1/FHL1/FLNA/LAMB2",8
"C0409338","Flexion contracture - elbow","8/495","73/21671",0.10958904109589,4.79778607997786,4.9693003979025,0.000256228880530388,0.00349427624751477,0.00243835304211183,"TPM2/SYNE1/COL12A1/DDR2/FHL1/COL6A2/COL6A1/FLNA",8
"C0085580","Essential Hypertension","23/495","445/21671",0.051685393258427,2.26277607536034,4.1151186503443,0.000258713007065863,0.00352195246525866,0.00245766587972104,"RGS2/OGN/PDE5A/CLU/PECAM1/AGTR1/SYNE1/EDNRA/SERPINE1/GJA1/ACKR3/PTGIS/KCNMA1/MYLK/NR3C1/CCL2/SMTN/KCNMB1/VEGFC/HLA-DQB1/AKR1B1/MTR/MTHFR",23
"C0279680","Transitional cell carcinoma of bladder","19/495","333/21671",0.0570570570570571,2.49794643127976,4.21164381352534,0.000259379372972437,0.00352482916323596,0.00245967327832588,"IGFBP5/DLC1/FGFR1/CD8A/DDR2/TIMP2/CAV1/ANGPTL2/HTRA1/CCL2/MMP2/LGALS1/PCDH17/ERCC1/MTR/MTHFR/AXIN2/CDH1/ABCC3",19
"C0423113","Telecanthus","11/495","134/21671",0.082089552238806,3.593864013267,4.60486698739391,0.000260149523738478,0.00352910369680954,0.00246265610544213,"COL3A1/GLI3/RAB23/AKT3/FGFR1/GJA1/MASP1/MITF/TWIST2/FLNA/CDH11",11
"C0002888","Anemia, Megaloblastic","5/495","26/21671",0.192307692307692,8.41919191919192,5.7872810730616,0.000269473685062399,0.00364920133652683,0.0025464618564509,"MTRR/DHFR/MTR/UMPS/MTHFR",5
"C0027439","Nasopharyngeal Neoplasms","6/495","40/21671",0.15,6.5669696969697,5.38791387877529,0.000273521248845709,0.00369754902889854,0.00258019952755161,"EDNRA/GJA1/MMP2/VEGFC/RASSF2/ERCC1",6
"C2931788","Atypical Hemolytic Uremic Syndrome","7/495","56/21671",0.125,5.47247474747475,5.12359014551318,0.000274003555320868,0.00369761592250077,0.00258024620680846,"VWF/FHL1/MASP1/CFH/THBS1/C3/THBD",7
"C1719672","Severe Sepsis","13/495","181/21671",0.0718232044198895,3.1444053797645,4.42933021280883,0.00027993484526571,0.00377094854784593,0.00263141870074726,"S1PR3/VWF/SERPINE1/MYLK/F2R/CCL2/TFPI/HLA-DRA/LILRB2/RTN1/CDH5/THBD/CD27",13
"C0149871","Deep Vein Thrombosis","15/495","230/21671",0.0652173913043478,2.85520421607378,4.32457280736228,0.000280634386723465,0.00377094854784593,0.00263141870074726,"PECAM1/VWF/SERPINE1/PTPRC/ACTG2/VCAM1/CCL2/SERPINF1/MMP2/TFPI/A2M/THBD/MTRR/MTR/MTHFR",15
"C0011615","Dermatitis, Atopic","33/495","751/21671",0.0439414114513981,1.92374611628939,3.93914388793197,0.000280898181268668,0.00377094854784593,0.00263141870074726,"SLC11A1/HAVCR2/APOC1/CRISPLD2/ICAM1/POSTN/IL2RB/JAK3/MCC/SETBP1/HLA-DOA/IL6ST/CCL5/EGR2/NPL/GEM/TNC/VCAM1/CCDC80/NR3C1/COL6A2/CCL2/VEGFC/LGALS1/PDLIM7/HLA-DQB1/C3/ADAMTS2/IL10RA/RORA/EMCN/CTLA4/MTHFR",33
"C1518922","peak expiratory flow (procedure)","8/495","74/21671",0.108108108108108,4.73295113295113,4.91792092473011,0.000281637128688223,0.00377432733359684,0.0026337764629649,"MN1/ITGA1/MSRB3/NEXN/JAZF1/HLA-DQB1/BCHE/ADAM19",8
"C0037286","Skin Neoplasms","20/495","363/21671",0.0550964187327824,2.41211008153157,4.14820884378208,0.000284655323301037,0.00380818676043149,0.00265740402718085,"MMP11/ADAM12/CLU/RAB23/TGFBR1/TIAM1/SLIT2/GJA1/ACKR3/AXL/TNC/TIMP2/CLIC4/VCAM1/PDPN/MMP2/VEGFC/GREM1/THBS1/CTLA4",20
"C1290884","Inflammatory disorder","21/495","391/21671",0.0537084398976982,2.35134464853135,4.12267200292137,0.000285172963261721,0.00380853409211257,0.00265764639990733,"VWF/FLI1/ICAM1/CYBB/POSTN/IL6ST/GEM/MYLK/ANGPTL2/VCAM1/NR3C1/GAP43/F2R/CCL2/PRELP/THBS1/ELN/RORA/CTLA4/MTHFR/RAB11FIP2",21
"C0242350","Erectile dysfunction","16/495","256/21671",0.0625,2.73623737373737,4.27248094776009,0.000287420875048477,0.0038296565563512,0.00267238594002519,"PDE5A/VWF/DKK3/FGFR1/EDNRA/GJA1/PRKG1/KCNMA1/TWIST2/MYOCD/FLNA/SERPINF1/MCAM/CDH5/MTHFR/CES2",16
"C0751955","Brain Infarction","10/495","114/21671",0.087719298245614,3.84033315612263,4.6487654986625,0.000288237770765911,0.0038296565563512,0.00267238594002519,"SORBS1/PECAM1/AGTR1/CYBB/FZD1/CTSB/VCAM1/THBD/SLC19A1/MTHFR",10
"C1510502","Oxyphilic Adenoma","10/495","114/21671",0.087719298245614,3.84033315612263,4.6487654986625,0.000288237770765911,0.0038296565563512,0.00267238594002519,"IGFBP5/FGFR1/LMO3/CAV1/MITF/VCAM1/NR3C1/DES/PRKCB/CDH1",10
"C0021841","Intestinal Neoplasms","13/495","182/21671",0.0714285714285714,3.12712842712843,4.40586710812806,0.000295336811213814,0.00391725845832569,0.0027335157274386,"CLU/TCF4/MCC/PMP22/TIAM1/SLIT2/DCLK1/DCN/F2R/GREM1/PRKCB/AXIN2/CDH1",13
"C0039263","Takayasu Arteritis","11/495","136/21671",0.0808823529411765,3.54101307189543,4.54479194286838,0.000295861480358951,0.00391750944762468,0.00273369087115288,"FRMD4A/PCSK5/HLA-DOA/SERPINE1/CCL5/VCAM1/CCL2/MMP2/SGTB/MTHFR/HLA-DPA1",11
"C0428472","Serum HDL cholesterol measurement","17/495","283/21671",0.0600706713780919,2.62988185744369,4.21962975948308,0.000298726624949194,0.00394486686280324,0.00275278124403694,"COL4A1/APOC1/ICAM1/IL2RB/SGCD/TGFBR1/TRPS1/IL6ST/NR3C1/MYOCD/ATP1A2/IL10RA/RORA/THBD/ABCC2/TYMS/FPR3",17
"C0027498","Nausea and vomiting","16/495","257/21671",0.0622568093385214,2.72559053570727,4.25466630236362,0.000300208207725702,0.00394486686280324,0.00275278124403694,"FLI1/LIPA/IGFBP7/CD38/MYLK/CHRDL1/CAV1/MYH11/ACTG2/NR3C1/LMOD1/PALLD/ELN/ATP7A/CTLA4/HLA-DPA1",16
"C0032226","Pleural Diseases","4/495","15/21671",0.266666666666667,11.6746127946128,6.32293518144489,0.000300473979996632,0.00394486686280324,0.00275278124403694,"SERPINE1/TNC/TIMP2/CCL2",4
"C0079758","Lymphoma, Mixed-Cell, Follicular","4/495","15/21671",0.266666666666667,11.6746127946128,6.32293518144489,0.000300473979996632,0.00394486686280324,0.00275278124403694,"EBF1/MTR/MTHFR/TYMS",4
"C1956132","Lymphoma, Follicular, Grade 2","4/495","15/21671",0.266666666666667,11.6746127946128,6.32293518144489,0.000300473979996632,0.00394486686280324,0.00275278124403694,"EBF1/MTR/MTHFR/TYMS",4
"C0282160","Aplasia Cutis Congenita","21/495","393/21671",0.0534351145038168,2.33937851800447,4.09679556796195,0.000305263303238596,0.0039875653479061,0.00278257682219656,"PECAM1/GLI3/SMARCA1/AKT3/DKK3/FGFR1/PRKD1/ACKR3/PTPRC/ACTG2/TWIST2/NR3C1/ZEB2/VEGFC/MCAM/ERCC1/CTLA4/RRM2/AXIN2/CDH1/TYMS",21
"C0520947","Clumsiness - motor delay","21/495","393/21671",0.0534351145038168,2.33937851800447,4.09679556796195,0.000305263303238596,0.0039875653479061,0.00278257682219656,"TPM2/TCF4/TUSC3/SETBP1/PMP22/SYNE1/EGR2/COL12A1/TUBA1A/ITPR1/ZEB2/MEF2C/COL6A2/SPARC/COL6A1/FLNA/NDN/MPDZ/ADAMTS2/RORA/COL13A1",21
"C0017662","Glomerulonephritis, Membranoproliferative","7/495","57/21671",0.12280701754386,5.37646641857168,5.05828791648714,0.000306300204234977,0.0039875653479061,0.00278257682219656,"VWF/TAGLN/SPARC/CCL2/CFH/HLA-DQB1/C3",7
"C0429087","Electrocardiogram: P-R interval","7/495","57/21671",0.12280701754386,5.37646641857168,5.05828791648714,0.000306300204234977,0.0039875653479061,0.00278257682219656,"HSPB8/ZFPM2/FERMT2/CAV1/PHLDB2/MEIS1/MYOCD",7
"C1260959","Drusen","7/495","57/21671",0.12280701754386,5.37646641857168,5.05828791648714,0.000306300204234977,0.0039875653479061,0.00278257682219656,"CLU/EFEMP1/FHL1/CRYAB/HTRA1/CFH/COL8A1",7
"C0018991","Hemiplegia","6/495","41/21671",0.146341463414634,6.40679970436068,5.29802545998783,0.000314295625673755,0.00406433041146729,0.00283614451776598,"COL4A1/FGFR1/C1R/ATP1A2/CTLA4/HLA-DPA1",6
"C0031029","Periapical Granuloma","6/495","41/21671",0.146341463414634,6.40679970436068,5.29802545998783,0.000314295625673755,0.00406433041146729,0.00283614451776598,"ICAM1/CD8A/PDPN/MMP2/LGALS1/ITGA4",6
"C0600433","Activated Protein C Resistance","6/495","41/21671",0.146341463414634,6.40679970436068,5.29802545998783,0.000314295625673755,0.00406433041146729,0.00283614451776598,"VWF/SERPINE1/SERPING1/TFPI/THBD/MTHFR",6
"C1842060","Prominent supraorbital ridges","6/495","41/21671",0.146341463414634,6.40679970436068,5.29802545998783,0.000314295625673755,0.00406433041146729,0.00283614451776598,"TCF4/FGFR1/CAV1/FHL1/KCNJ8/FLNA",6
"C0024003","Lordosis","12/495","160/21671",0.075,3.28348484848485,4.43238949054925,0.00032088822692979,0.00414074699825983,0.00288946904155139,"TPM2/TRPS1/SYNE1/CAV1/CFL2/FHL1/MASP1/DES/COL1A2/ADAMTS1/ELN/CTSK",12
"C0685938","Malignant neoplasm of gastrointestinal tract","22/495","423/21671",0.0520094562647754,2.27696348831101,4.05508279294166,0.00032127406996568,0.00414074699825983,0.00288946904155139,"HAVCR2/RGS16/TCF4/IL2RB/NID1/PKD2/FHL1/NRP2/ZEB2/SPARC/MMP2/VEGFC/LGALS1/ABCC2/ERCC1/TK1/UMPS/MTHFR/AXIN2/CDH1/TYMS/ADGRL2",22
"C0011991","Diarrhea","29/495","632/21671",0.0458860759493671,2.00888313514896,3.93547307608181,0.000324463033174312,0.00416915137542278,0.00290928999861334,"ST8SIA4/LIPA/IL2RB/JAK3/IGHM/EDNRA/SERPINE1/ACKR3/CD3D/PTPRC/CAV2/CAV1/C1R/SERPING1/ACTG2/DES/SPARC/CFH/TSPAN2/HLA-DQB1/THBS1/BCHE/ABCC2/DHFR/CTLA4/UMPS/MTHFR/TYMS/CES2",29
"C0036329","Schistosomiasis japonica","5/495","27/21671",0.185185185185185,8.10736999625888,5.64978778077499,0.000324554386700224,0.00416915137542278,0.00290928999861334,"HAVCR2/COL3A1/CD38/THBS1/CTLA4",5
"C0031106","Aggressive Periodontitis","13/495","184/21671",0.0706521739130435,3.0931379007466,4.35942240775374,0.000328319663554725,0.00420357704776016,0.00293331269656983,"CLU/POSTN/SLAMF7/TIMP2/VCAM1/HTRA1/CCL2/MMP2/HLA-DQB1/POPDC2/ELN/CTSC/CTLA4",13
"C0271183","Severe myopia","13/495","184/21671",0.0706521739130435,3.0931379007466,4.35942240775374,0.000328319663554725,0.00420357704776016,0.00293331269656983,"CYP1B1/KCNMA1/TIMP2/DCN/HSD17B6/ZEB2/CRYAB/SERPINF1/MMP2/PRELP/LUM/COL8A1/SLC19A1",13
"C0151332","Active tuberculosis","10/495","116/21671",0.0862068965517241,3.77412051549983,4.58026278983035,0.000331783738936881,0.00424091888086647,0.00295937033079883,"SLC11A1/IL18BP/CD38/CCL5/GEM/CCL2/THBS4/IL10RA/CTLA4/CD27",10
"C0235989","Renal interstitial fibrosis","11/495","138/21671",0.0797101449275362,3.48969404186795,4.48583550452915,0.000335617345665846,0.0042828533105892,0.00298863274082047,"LAYN/SERPINE1/CCL5/DDR2/F2R/MMP2/VEGFC/THBS1/ADAMTS1/C3/CDH1",11
"C0003507","Aortic Valve Stenosis","15/495","234/21671",0.0641025641025641,2.80639730639731,4.24765555890705,0.000337330645616949,0.00429057993587666,0.00299402448404292,"OGN/PDE5A/VWF/FLI1/FGFR1/EDNRA/SERPINE1/PTPRC/AKAP12/TNC/PALMD/CCL2/PDPN/MMP2/ELN",15
"C0376634","Craniofacial Abnormalities","15/495","234/21671",0.0641025641025641,2.80639730639731,4.24765555890705,0.000337330645616949,0.00429057993587666,0.00299402448404292,"FLI1/GLI3/PAPPA/TCF4/MN1/SETBP1/FGFR1/TRPS1/EDNRA/BNC2/PKD2/GPC6/MASP1/MMP2/AXIN2",15
"C0080174","Spina Bifida Occulta","8/495","76/21671",0.105263157894737,4.60839978734716,4.81786838230926,0.000338638654058142,0.00430015576120388,0.00300070662396645,"DLC1/RAB23/MASP1/CCL2/DACT1/ELN/SLC19A1/MTHFR",8
"C0015672","Fatigue","33/495","760/21671",0.043421052631579,1.9009649122807,3.86578203947914,0.000347063949769601,0.00439993020444408,0.00307033057466948,"SLC11A1/HAVCR2/COL4A1/TCF4/ATXN1/FGFR1/IGFBP7/IGHM/CCL5/GJA1/PRKG1/EFEMP1/TUBB6/SERPING1/ACTG2/VCAM1/NR3C1/MEF2C/COL6A2/SPARC/CCL2/CFH/WIPF1/C3/ELN/ABCC2/ATP7A/DHFR/CTLA4/MTHFR/TYMS/CD27/HLA-DPA1",33
"C1836542","Depressed nasal bridge","22/495","426/21671",0.0516431924882629,2.26092853416797,4.01862050146161,0.000353838200285016,0.00447848153497996,0.00312514475139931,"GLI3/MAF/RAB23/SETBP1/AKT3/FGFR1/PRKD1/GJA1/KCNMA1/DDR2/GPC6/TWIST2/ZEB2/MEF2C/ANTXR1/FLNA/MGP/FAM20C/COL1A2/CDH11/ELN/ADAMTS2",22
"C0019100","Severe Dengue","10/495","117/21671",0.0854700854700855,3.74186307519641,4.54658008739229,0.000355534410130472,0.00449260936520496,0.00313500334166734,"ICAM1/PMP22/CCL5/GEM/VCAM1/CCL2/CFH/HLA-DQB1/THBD/CTLA4",10
"C0751690","Malignant Peripheral Nerve Sheath Tumor","16/495","261/21671",0.0613026819923372,2.68381903324432,4.18424807798861,0.000356401378147237,0.00449622976405293,0.00313752970475924,"HAVCR2/PMP22/CD38/TNC/DCN/RECK/PDGFRL/TAGLN/MEIS1/HTRA1/SERPINF1/LGALS1/IGFBP6/CTLA4/RRM2/ABCC3",16
"C0041408","Turner Syndrome","12/495","162/21671",0.0740740740740741,3.24294799850355,4.38103470272939,0.000359464926095982,0.00452290040839654,0.00315614083970215,"VWF/PAPPA/CD38/CSF2RA/ZFPM2/SERPING1/NR3C1/F2R/MTR/CTLA4/MTHFR/TYMS",12
"C4021792","Abnormality of the clavicle","6/495","42/21671",0.142857142857143,6.25425685425685,5.21108089804323,0.000359683275441811,0.00452290040839654,0.00315614083970215,"GLI3/SETBP1/FGFR1/GJA1/ANTXR1/CTSK",6
"C0023448","Lymphoid leukemia","17/495","288/21671",0.0590277777777778,2.58422418630752,4.13798256284919,0.000365753303014485,0.00458434479797767,0.00319901756256069,"EPHA3/RUNX1T1/FGFR1/IGFBP7/CD38/SERPINE1/PTPRC/GLIS2/AXL/ITPR1/NR3C1/ZEB2/PDLIM7/C3/ITGA4/CTLA4/MTHFR",17
"C0521525","Short neck","17/495","288/21671",0.0590277777777778,2.58422418630752,4.13798256284919,0.000365753303014485,0.00458434479797767,0.00319901756256069,"TPM2/FLI1/TCF4/RAB23/SETBP1/FGFR1/COL12A1/CFL2/FHL1/GPC6/KCNJ8/COL6A2/COL6A1/FAM20C/AEBP1/CDH11/ERCC1",17
"C1445957","Serum total cholesterol measurement","24/495","486/21671",0.0493827160493827,2.1619653323357,3.96102115925166,0.000372345474842731,0.00465943141862971,0.00325141401805531,"COL4A1/LAIR1/ADAM12/RDX/APOC1/ICAM1/AGTR1/PCSK5/SGCD/ITGA1/TGFBR1/AKT3/TRPS1/TAGLN/KANK2/TFPI/HLA-DRA/ELN/ATP1A2/PRKCB/RORA/SLC19A1/TYMS/ABCC3",24
"C0086692","Benign Neoplasm","20/495","371/21671",0.0539083557951483,2.36009692613466,4.03996035366695,0.000376776448362642,0.00469234248420483,0.00327437980300757,"ADAM12/ICAM1/DLC1/EDNRA/SERPINE1/PTPRC/CTSB/TNC/TIMP2/DCN/CLIC4/CCL2/SERPINF1/MCAM/PDLIM7/AKR1B1/THBD/ABCC2/ERCC1/CDH1",20
"C0155877","Allergic asthma","20/495","371/21671",0.0539083557951483,2.36009692613466,4.03996035366695,0.000376776448362642,0.00469234248420483,0.00327437980300757,"HAVCR2/FYN/PAPPA/POSTN/MCC/SERPINE1/CSF2RA/CCL5/NR3C1/CCL2/LGALS1/HLA-DQB1/THBS1/C3/ELN/RORA/EDIL3/CTLA4/CD27/HLA-DPA1",20
"C0009241","Cognition Disorders","28/495","607/21671",0.0461285008237232,2.01949644717355,3.89511002895477,0.000376792799532069,0.00469234248420483,0.00327437980300757,"FYN/TPM2/PDE5A/CLU/PTGER3/GLI3/AGTR1/CYBB/TCF4/IL2RB/ATXN1/RUNX1T1/FGFR1/EDNRA/SERPINE1/ACKR3/CHRDL1/ITPR1/VCAM1/HSPB6/NR3C1/SYNM/CCL2/MMP2/BCHE/LAMB2/MTRR/CDH1",28
"C0162298","Joint stiffness","12/495","163/21671",0.0736196319018405,3.22305261200967,4.35565647667758,0.000380179689029665,0.00472562282053976,0.00329760327007102,"TPM2/SYNE1/COL12A1/FHL1/ACTG2/COL6A2/COL6A1/FLNA/COL1A2/ELN/ADAMTS2/ERCC1",12
"C0686353","Muscular Dystrophies, Limb-Girdle","10/495","118/21671",0.0847457627118644,3.71015237116932,4.51326608678221,0.00038068533953225,0.00472562282053976,0.00329760327007102,"SORBS1/RBMS3/SSPN/SGCD/SYNE1/CALD1/FHL1/COL6A2/DES/COL6A1",10
"C0042580","Vesico-Ureteral Reflux","13/495","187/21671",0.0695187165775401,3.04351536757954,4.29092803075052,0.000383655550596483,0.00473645086631101,0.00330515922629092,"COL4A1/AGTR1/TRPS1/SLIT2/CCL5/GJA1/BNC2/ACTG2/CCL2/FLNA/DACT1/EFEMP2/ELN",13
"C0019034","Hemoglobin SC Disease","3/495","7/21671",0.428571428571429,18.7627705627706,7.18621975217184,0.000387152926419322,0.00473645086631101,0.00330515922629092,"VCAM1/THBD/MTHFR",3
"C0432122","Interfrontal craniofaciosynostosis","3/495","7/21671",0.428571428571429,18.7627705627706,7.18621975217184,0.000387152926419322,0.00473645086631101,0.00330515922629092,"GLI3/FGFR1/CDON",3
"C1838577","Cerebral Autosomal Recessive Arteriopathy with Subcortical Infarcts and Leukoencephalopathy","3/495","7/21671",0.428571428571429,18.7627705627706,7.18621975217184,0.000387152926419322,0.00473645086631101,0.00330515922629092,"COL4A1/HTRA1/LTBP1",3
"C1852020","Malattia Leventinese","3/495","7/21671",0.428571428571429,18.7627705627706,7.18621975217184,0.000387152926419322,0.00473645086631101,0.00330515922629092,"EFEMP1/CFH/EFEMP2",3
"C3805919","Recurrent intrapulmonary hemorrhage","3/495","7/21671",0.428571428571429,18.7627705627706,7.18621975217184,0.000387152926419322,0.00473645086631101,0.00330515922629092,"WIPF1/CTLA4/HLA-DPA1",3
"C4551860","Ullrich congenital muscular dystrophy","3/495","7/21671",0.428571428571429,18.7627705627706,7.18621975217184,0.000387152926419322,0.00473645086631101,0.00330515922629092,"VWF/COL6A2/COL6A1",3
"C0157946","Osteoarthrosis, localized, not specified whether primary or secondary","5/495","28/21671",0.178571428571429,7.81782106782107,5.51919801839726,0.00038775049966266,0.00473645086631101,0.00330515922629092,"ADAMTS5/PECAM1/TGFBR1/CAV1/ATP7A",5
"C1843697","Axial muscle weakness","5/495","28/21671",0.178571428571429,7.81782106782107,5.51919801839726,0.00038775049966266,0.00473645086631101,0.00330515922629092,"TPM2/CFL2/CRYAB/DES/LAMB2",5
"C4021727","EMG: neuropathic changes","5/495","28/21671",0.178571428571429,7.81782106782107,5.51919801839726,0.00038775049966266,0.00473645086631101,0.00330515922629092,"HSPB8/PMP22/SYNE1/LDB3/ATP7A",5
"C0553723","Squamous cell carcinoma of skin","23/495","458/21671",0.0502183406113537,2.19854880684575,3.96367016685679,0.000388283798103213,0.00473645086631101,0.00330515922629092,"FYN/DLC1/RAB23/TGFBR1/TRPS1/SLIT2/EDNRA/ACKR3/CLDN11/EFS/TNC/EFEMP1/FHL1/NR3C1/PDPN/SDC2/VEGFC/THBS1/C3/ERCC1/CTLA4/MTHFR/CDH1",23
"C1956131","Lymphoma, Follicular, Grade 3","4/495","16/21671",0.25,10.9449494949495,6.08406114664366,0.000393428617477686,0.0047841413987161,0.00333843832231334,"EBF1/MTR/MTHFR/TYMS",4
"C2584778","Thrombotic thrombocytopenic purpura, acquired","4/495","16/21671",0.25,10.9449494949495,6.08406114664366,0.000393428617477686,0.0047841413987161,0.00333843832231334,"VWF/SERPINE1/HLA-DQB1/THBS1",4
"C0020545","Hypertension, Renovascular","8/495","78/21671",0.102564102564103,4.49023569023569,4.72123540338982,0.00040470645289165,0.00491356768667511,0.0034287537297453,"COL3A1/COL4A1/PTGER3/AGTR1/GJA1/CCL2/MMP2/ELN",8
"C4721453","Peripheral Nervous System Diseases","26/495","549/21671",0.0473588342440801,2.07336019576457,3.89470196818319,0.000407878159436626,0.00494432585758389,0.00345021719579454,"HSPB8/ICAM1/TCF4/MAP1B/ATXN1/PMP22/IL6ST/EGR2/LDB3/CAV1/ACTG2/GAP43/DES/CCL2/SERPINF1/WIPF1/BCHE/PRKCB/AKR1B1/MYO5A/THBD/ERCC1/MTR/CTLA4/MTHFR/TYMS",26
"C0241910","Autoimmune Chronic Hepatitis","14/495","213/21671",0.0657276995305164,2.87754540712287,4.21013208411771,0.000410207365245548,0.00496479101748752,0.00346449806009192,"HAVCR2/CD74/FGL2/HLA-DOA/JAM3/CCL5/PTPRC/GEM/C1S/NR3C1/CCL2/HLA-DQB1/ABCC2/CTLA4",14
"C0008497","Choriocarcinoma","22/495","431/21671",0.0510440835266821,2.23469966486208,3.95851960451787,0.000414563656997517,0.00500968812340525,0.00349582786547705,"PDLIM3/FGFR1/EDNRA/ACKR3/PEG3/CYP1B1/FERMT2/TIMP2/CAV1/ZEB2/HOPX/ANGPTL1/F2R/HTRA1/CCL2/PDPN/MMP2/LGALS1/CDH11/RORA/DHFR/CTLA4",22
"C0349566","Squamous cell carcinoma of tongue","23/495","462/21671",0.0497835497835498,2.17951375224103,3.91808624536204,0.000438222125504903,0.00528733424324139,0.00368957306848283,"EPHA3/RDX/FRMD4A/RBMS3/IL2RB/JAK3/FGFR1/SOX7/GJA1/TNC/MFAP5/CAV1/NRP2/TWIST2/ZEB2/ARL4C/MMP2/VEGFC/FBXO32/CTSC/CTSK/CDH1/TYMS",23
"C0151936","Disorder of tendon","8/495","79/21671",0.10126582278481,4.43339726377701,4.67413506314402,0.000441464024860445,0.00531816537569053,0.0037110874480779,"PTGIS/TNC/TIMP2/DCN/THBS4/MMP2/ELN/CTSK",8
"C0024138","Lupus Erythematosus, Discoid","26/495","552/21671",0.0471014492753623,2.06209193383106,3.86460458959264,0.000442675209837747,0.0053244754276447,0.00371549068734363,"MMP11/PECAM1/VWF/FLI1/CYBB/RUNX1T1/CD38/EGR2/CD2/PTPRC/GEM/C1R/MASP1/MFGE8/VCAM1/CCL2/SDC2/MMP2/CFH/C3/LBH/C1QC/PRKCB/CTLA4/MTHFR/LILRB4",26
"C0220633","Uveal melanoma","20/495","376/21671",0.0531914893617021,2.32871265849989,3.9737108643996,0.00044671469425518,0.00535659374193166,0.00373790327976668,"ICAM1/AKT3/EDNRA/ACKR3/AHNAK2/CACNA2D1/EFS/CAV1/KCTD12/HTR2B/DES/SPARC/CCL2/SERPINF1/MMP2/MCAM/TFPI/LBH/PRKCB/CTLA4",20
"C1858085","Malar flattening","13/495","190/21671",0.068421052631579,2.99545986177565,4.22379313876367,0.000446728576980099,0.00535659374193166,0.00373790327976668,"MAF/RAB23/SETBP1/TGFBR1/FGFR1/TRPS1/DDR2/GPC6/FLNA/MGP/FAM20C/CDH11/CTSK",13
"C3241937","Nonalcoholic Steatohepatitis","22/495","434/21671",0.0506912442396313,2.21925243215566,3.92285271608473,0.000455216098123003,0.00544992874197957,0.00380303370025481,"HAVCR2/ADAMTS5/CLU/RDX/LIPA/AGTR1/CYBB/SMARCA1/IL6ST/CD38/CTSB/WWTR1/TNC/CCL2/SERPINF1/AEBP1/ELN/LUM/AKR1B1/RORA/ABCC2/MTHFR",22
"C0025945","Microangiopathy, Diabetic","5/495","29/21671",0.172413793103448,7.54824103099965,5.39492051340915,0.000459810069673448,0.00547110414699005,0.00381781018315653,"AGTR1/SERPINF1/THBS1/AKR1B1/MTHFR",5
"C0334538","Epithelioid hemangioendothelioma, malignant","5/495","29/21671",0.172413793103448,7.54824103099965,5.39492051340915,0.000459810069673448,0.00547110414699005,0.00381781018315653,"PECAM1/FLI1/WWTR1/EFS/CAV1",5
"C0860564","Retinoic acid syndrome","5/495","29/21671",0.172413793103448,7.54824103099965,5.39492051340915,0.000459810069673448,0.00547110414699005,0.00381781018315653,"PECAM1/ICAM1/CCL5/MMP2/THBD",5
"C1850794","Proximal amyotrophy","5/495","29/21671",0.172413793103448,7.54824103099965,5.39492051340915,0.000459810069673448,0.00547110414699005,0.00381781018315653,"SGCD/SYNE1/COL12A1/COL6A2/COL6A1",5
"C1536999","cancer angiogenesis","6/495","44/21671",0.136363636363636,5.96997245179063,5.04536128744014,0.000465733360287208,0.00551616301037418,0.00384925286508098,"RBMS3/TIAM1/CYP1B1/CCL2/MMP2/MSN",6
"C1854387","Type 1 muscle fiber predominance","6/495","44/21671",0.136363636363636,5.96997245179063,5.04536128744014,0.000465733360287208,0.00551616301037418,0.00384925286508098,"TPM2/CFL2/COL6A2/COL6A1/LAMB2/COL13A1",6
"C4721413","Juvenile angiofibroma","6/495","44/21671",0.136363636363636,5.96997245179063,5.04536128744014,0.000465733360287208,0.00551616301037418,0.00384925286508098,"COL3A1/TIMP2/DCN/CCL2/COL1A2/AXIN2",6
"C0155765","Disease of capillaries","7/495","61/21671",0.114754098360656,5.02391124358337,4.81167203300644,0.000467347621847827,0.00551840652261169,0.00385081841814601,"COL4A1/VWF/AGTR1/SLIT2/MFGE8/CFH/MTHFR",7
"C0206657","Alveolar Soft Part Sarcoma","7/495","61/21671",0.114754098360656,5.02391124358337,4.81167203300644,0.000467347621847827,0.00551840652261169,0.00385081841814601,"CD38/CALD1/TIMP2/ANGPTL2/DES/PDPN/CTSK",7
"C0702166","Acne","12/495","167/21671",0.0718562874251497,3.14585374705135,4.25607056323125,0.000473428621887534,0.00558170183430873,0.00389498673939355,"IL18BP/ST8SIA4/SETBP1/IGFBP7/SERPINE1/CCL5/PTPRC/TIMP2/CAV1/NR3C1/MEIS2/MMP2",12
"C0004623","Bacterial Infections","28/495","616/21671",0.0454545454545455,1.98999081726354,3.81113199545225,0.00047508347290771,0.00558484264026875,0.00389717843610693,"DOCK2/COL4A1/CLU/ICAM1/RBMS3/CYBB/JAK3/TGFBR1/RUNX1T1/SERPINE1/CCL5/PTPRC/GBP2/MASP1/ACTG2/CSRP1/CCL2/CFH/MCAM/TFPI/MSN/C3/POPDC2/BCHE/LILRB2/DHFR/CTLA4/LILRB4",28
"C0010701","Phyllodes Tumor","9/495","100/21671",0.09,3.94018181818182,4.50556375218207,0.000475858009627856,0.00558484264026875,0.00389717843610693,"POSTN/FGFR1/DCN/NR3C1/ZEB2/SPARC/RCAN2/FLNA/MMP2",9
"C0268318","Cholestasis of pregnancy","9/495","100/21671",0.09,3.94018181818182,4.50556375218207,0.000475858009627856,0.00558484264026875,0.00389717843610693,"PAPPA/EDNRA/ACKR3/ACTG2/VCAM1/F2R/MMP2/ABCC2/ABCC3",9
"C0263401","Cutis marmorata","8/495","80/21671",0.1,4.3779797979798,4.62781248840877,0.000480885593005356,0.00560984910153538,0.00391462828167804,"TGFBR1/AKT3/PRKG1/MFAP5/ACTA2/MYLK/MYH11/ELN",8
"C0403416","Idiopathic crescentic glomerulonephritis","8/495","80/21671",0.1,4.3779797979798,4.62781248840877,0.000480885593005356,0.00560984910153538,0.00391462828167804,"HAVCR2/JAK3/SERPINE1/DCN/TAGLN/F2R/CCL2/MMP2",8
"C1568272","Tendinopathy","8/495","80/21671",0.1,4.3779797979798,4.62781248840877,0.000480885593005356,0.00560984910153538,0.00391462828167804,"PTGIS/TNC/TIMP2/DCN/THBS4/MMP2/ELN/CTSK",8
"C1821417","RESTING HEART RATE","8/495","80/21671",0.1,4.3779797979798,4.62781248840877,0.000480885593005356,0.00560984910153538,0.00391462828167804,"APOC1/MN1/GJA1/ZFPM2/MYH11/TNS1/MEIS1/CDH11",8
"C0027708","Nephroblastoma","27/495","586/21671",0.0460750853242321,2.01715792739683,3.8164579750615,0.000485465689153169,0.00565476274914353,0.0039459696300776,"COL4A1/PECAM1/LSAMP/FLI1/SETBP1/RUNX1T1/CD38/SERPINE1/BASP1/EGR2/PTPRC/FZD1/ZFPM2/EFS/RECK/MYH11/MEIS1/DES/SERPINF1/SMTN/THBS1/CDH11/LAMB2/THBD/SLC19A1/MTHFR/CDH1",27
"C0022578","Keratoconus","16/495","269/21671",0.0594795539033457,2.60400285381698,4.04728873072638,0.000496444968004309,0.00576705683385318,0.00402432995526874,"COL3A1/COL4A1/CYBB/KIF26B/CTSB/TIMP2/COL8A2/ANTXR1/COL6A1/EMP3/MPDZ/MMP2/LGALS1/A2M/COL8A1/TYMS",16
"C0750974","Brain Tumor, Primary","10/495","122/21671",0.0819672131147541,3.58850803113098,4.38354997884526,0.000496595263126784,0.00576705683385318,0.00402432995526874,"ICAM1/GJA1/CTSB/PDPN/IL10RA/STC1/ADAM19/MTRR/MTR/MTHFR",10
"C0008074","Child Development Disorders, Pervasive","12/495","168/21671",0.0714285714285714,3.12712842712843,4.23164197090053,0.000499537194626559,0.00579253758918761,0.00404211076963028,"CHRNA3/TCF4/FGFR1/SYNE1/NEGR1/HLA-DRB6/EGR2/ZFPM2/PRKG1/FEZ1/HLA-DQB1/HLA-DMB",12
"C0001175","Acquired Immunodeficiency Syndrome","15/495","243/21671",0.0617283950617284,2.70245666541963,4.08035993947934,0.000501903900385396,0.00581128193181656,0.00405519082444971,"LSAMP/ICAM1/JAM3/CD38/CCL5/ANGPTL2/NR3C1/CCL2/MMP2/LGALS1/PDLIM7/THBS1/C3/BCHE/DHFR",15
"C0752156","Dural Arteriovenous Fistula","4/495","17/21671",0.235294117647059,10.3011289364231,5.86544747779299,0.00050524031902959,0.00582379689167144,0.00406392393204409,"CD38/SERPINE1/MMP2/TSPAN2",4
"C1720816","Endometrial Diseases","4/495","17/21671",0.235294117647059,10.3011289364231,5.86544747779299,0.00050524031902959,0.00582379689167144,0.00406392393204409,"CLU/ACKR3/CALD1/MMP2",4
"C1834674","BETHLEM MYOPATHY 1","4/495","17/21671",0.235294117647059,10.3011289364231,5.86544747779299,0.00050524031902959,0.00582379689167144,0.00406392393204409,"VWF/COL12A1/COL6A2/COL6A1",4
"C0007570","Celiac Disease","25/495","527/21671",0.047438330170778,2.07684051137562,3.82624882401539,0.000511378564577641,0.00588579251295454,0.00410718531181072,"LSAMP/ICAM1/TCF4/IL2RB/PPP1R12B/HLA-DOA/CD8A/CD38/CCL5/PTPRC/CTSB/GEM/CCL2/GBP5/SERPINF1/PBX3/FNBP1/LGALS1/HLA-DQB1/ELN/CTLA4/MTHFR/HLA-DMB/ADGRL2/HLA-DPA1",25
"C0267941","Pancreatitis, Acute Necrotizing","7/495","62/21671",0.112903225806452,4.94288041707397,4.75337641086519,0.000516618870628691,0.00591971859747018,0.00413085939065452,"VWF/ICAM1/SERPINE1/CTSB/SERPING1/CCL2/MMP2",7
"C2717961","Thrombotic Microangiopathies","7/495","62/21671",0.112903225806452,4.94288041707397,4.75337641086519,0.000516618870628691,0.00591971859747018,0.00413085939065452,"VWF/SERPINE1/CFH/PDGFC/C3/THBD/MTHFR",7
"C2733158","Cerebral Small Vessel Diseases","7/495","62/21671",0.112903225806452,4.94288041707397,4.75337641086519,0.000516618870628691,0.00591971859747018,0.00413085939065452,"COL4A1/MYLK/DCN/HTRA1/TFPI/ATP1A2/MTHFR",7
"C0027626","Neoplasm Invasiveness","13/495","193/21671",0.0673575129533679,2.94889830952007,4.15796668560127,0.000518386963518598,0.00593120445999271,0.00413887438026588,"PPP1R12B/CCL5/CTSB/AXL/MYLK/RECK/ZEB2/CCL2/CALU/MMP2/ADAMTS1/CDH2/CDH1",13
"C0577631","Carotid Atherosclerosis","14/495","219/21671",0.0639269406392694,2.79870854665375,4.09033664012287,0.000541415503063757,0.00616188742380756,0.00429984806028943,"RGS2/CLU/ICAM1/AGTR1/PAPPA/DKK3/SERPINE1/AXL/CCL2/MMP2/LUM/AKR1B1/THBD/MTHFR",14
"C0858252","Breast adenocarcinoma","14/495","219/21671",0.0639269406392694,2.79870854665375,4.09033664012287,0.000541415503063757,0.00616188742380756,0.00429984806028943,"EPHA3/PDLIM4/FGFR1/SERPINE1/GJA1/CYP1B1/CTSB/CAV1/MFGE8/CSRP1/LGALS1/PDLIM7/AKR1B1/DHFR",14
"C1096458","Vascular occlusion","5/495","30/21671",0.166666666666667,7.296632996633,5.2764331078238,0.000541506616612137,0.00616188742380756,0.00429984806028943,"SERPINE1/CCL2/THBS1/MTHFR/TYMS",5
"C0677898","invasive cancer","11/495","146/21671",0.0753424657534247,3.29847792998478,4.26044807680849,0.000542526106769527,0.00616188742380756,0.00429984806028943,"MMP11/PECAM1/ICAM1/POSTN/FGFR1/SERPINE1/MFAP5/MASP1/CCL2/MMP2/BCHE",11
"C1858430","Death in infancy","11/495","146/21671",0.0753424657534247,3.29847792998478,4.26044807680849,0.000542526106769527,0.00616188742380756,0.00429984806028943,"FLI1/LIPA/GLI3/GPR161/MYLK/MYH11/ANK2/ACTG2/LMOD1/ERCC1/CDON",11
"C0948089","Acute Coronary Syndrome","22/495","440/21671",0.05,2.1889898989899,3.85238221453311,0.000547079250729643,0.00620450347899241,0.00432958611774172,"CLU/PECAM1/VWF/ICAM1/AGTR1/PAPPA/SERPINE1/CTSB/GEM/TIMP2/ANGPTL2/VCAM1/NR3C1/F2R/CCL2/SERPINF1/MMP2/TFPI/FSTL1/GREM1/THBD/MTHFR",22
"C0231807","Dyspnea on exertion","9/495","102/21671",0.0882352941176471,3.86292335115865,4.43103206175008,0.000550476396026674,0.00622704617578793,0.00434531671527186,"TGFBR1/PRKG1/MFAP5/ACTA2/MYLK/MYH11/ELN/LAMB2/COL13A1",9
"C1368683","Epithelioma","18/495","326/21671",0.0552147239263804,2.41728945900725,3.94211571808398,0.000550674752183673,0.00622704617578793,0.00434531671527186,"CLU/CD74/IGFBP7/HIP1/TIMP2/CAV1/FEZ1/CLIC4/MEIS1/F2R/PDPN/MMP2/TFPI/LGALS1/PDLIM7/UMPS/CDH1/TYMS",18
"C0014556","Epilepsy, Temporal Lobe","19/495","354/21671",0.0536723163841808,2.34976316840724,3.91477000933294,0.000551961530019694,0.00623249855908534,0.00434912146179397,"FYN/PDE5A/ICAM1/CYBB/SOX7/SLIT2/SERPINE1/GJA1/EGR2/CTSB/SERPING1/PRICKLE1/NR3C1/RGMA/F2R/VEGFC/CFH/C3/ATP1A2",19
"C0040028","Thrombocythemia, Essential","14/495","220/21671",0.0636363636363636,2.78598714416896,4.07076459271534,0.000566425817012039,0.00636817936167486,0.00444380135379896,"HAVCR2/CYGB/FLI1/RUNX1T1/DKK3/IL6ST/SERPINE1/MFGE8/NR3C1/MMP2/MCAM/TFPI/THBS1/MTHFR",14
"C0020651","Hypotension, Orthostatic","8/495","82/21671",0.0975609756097561,4.27119980290712,4.53740792646678,0.000568292000484819,0.00636817936167486,0.00444380135379896,"AGTR1/EBF1/CAV1/F2R/CCL2/PPP1R14A/PRKCB/ATP7A",8
"C0040433","Tooth Crowding","8/495","82/21671",0.0975609756097561,4.27119980290712,4.53740792646678,0.000568292000484819,0.00636817936167486,0.00444380135379896,"COL3A1/SETBP1/TGFBR1/FGFR1/TRPS1/EDNRA/GJA1/MASP1",8
"C0349788","Arrhythmogenic Right Ventricular Dysplasia","8/495","82/21671",0.0975609756097561,4.27119980290712,4.53740792646678,0.000568292000484819,0.00636817936167486,0.00444380135379896,"GJC1/GJA1/PRKG1/LDB3/PLN/MEF2C/DES/CDH2",8
"C0393819","Polyradiculoneuropathy, Chronic Inflammatory Demyelinating","8/495","82/21671",0.0975609756097561,4.27119980290712,4.53740792646678,0.000568292000484819,0.00636817936167486,0.00444380135379896,"RDX/PMP22/MMP2/MSN/HLA-DQB1/ITGA4/CTLA4/CES2",8
"C0034543","Radicular Cyst","7/495","63/21671",0.111111111111111,4.86442199775533,4.69631939796727,0.000569937262123174,0.00636817936167486,0.00444380135379896,"ICAM1/CD8A/TIMP2/PDPN/MMP2/LGALS1/CDH1",7
"C0034735","Raynaud Phenomenon","7/495","63/21671",0.111111111111111,4.86442199775533,4.69631939796727,0.000569937262123174,0.00636817936167486,0.00444380135379896,"COL4A1/PDE5A/VWF/C1R/SPARC/CDH11/CDH5",7
"C0008073","Developmental Disabilities","19/495","355/21671",0.0535211267605634,2.34314411722862,3.90116236615576,0.000571135755652433,0.00636817936167486,0.00444380135379896,"GLI3/TCF4/RAB23/SETBP1/AKT3/PMP22/EDNRA/GJA1/ACKR3/FZD1/KCNMA1/ITPR1/MASP1/ZEB2/MEIS1/CPXM2/NDN/ELN/MTHFR",19
"C0023896","Alcoholic Liver Diseases","13/495","195/21671",0.0666666666666667,2.9186531986532,4.11478531306803,0.000571376795296156,0.00636817936167486,0.00444380135379896,"ST8SIA4/AGTR1/HLA-DOA/AKT3/IL6ST/CCL5/YME1L1/CAV1/ZEB2/CCL2/AKR1B1/CTLA4/CD27",13
"C0024314","Lymphoproliferative Disorders","17/495","300/21671",0.0566666666666667,2.48085521885522,3.94885235828683,0.000581835568107447,0.00646024311134827,0.00450804467864886,"SLC11A1/PECAM1/ICAM1/IL2RB/CD84/JAK3/CD38/PTPRC/GEM/CHRDL1/SERPING1/LGALS1/PDLIM7/ITGA4/CTLA4/MTHFR/CD27",17
"C0018817","Atrial Septal Defects","20/495","384/21671",0.0520833333333333,2.28019781144781,3.86986267032772,0.000582139128804685,0.00646024311134827,0.00450804467864886,"COL4A1/GLI3/RAB23/SETBP1/FGFR1/GJA1/CYP1B1/ZFPM2/ACTA2/GPC6/MASP1/NEXN/ZEB2/DPYSL3/MEIS2/DACT1/MMP2/CDH11/ELN/MTHFR",20
"C0149678","Epstein-Barr Virus Infections","20/495","384/21671",0.0520833333333333,2.28019781144781,3.86986267032772,0.000582139128804685,0.00646024311134827,0.00450804467864886,"CD74/ICAM1/SMARCA1/CD38/CCL5/GEM/CHRDL1/DCN/GBP1/VCAM1/CCL2/GBP5/LGALS1/PDLIM7/HLA-DQB1/HLA-DRA/ITGA4/CTLA4/CDH1/CD27",20
"C0029458","Osteoporosis, Postmenopausal","12/495","171/21671",0.0701754385964912,3.0722665248981,4.15943677974161,0.000585248104780232,0.00647618831375383,0.00451917145570901,"IL18BP/RDX/ICAM1/CD38/SERPINE1/CPQ/CCL2/FLNA/COL1A2/C3/FNDC1/CTSK",12
"C0087031","Juvenile-Onset Still Disease","12/495","171/21671",0.0701754385964912,3.0722665248981,4.15943677974161,0.000585248104780232,0.00647618831375383,0.00451917145570901,"SLC11A1/CLU/IL2RB/CALD1/GNG11/PGM5/JAZF1/TFPI/MSN/THBS1/PRICKLE2/CTLA4",12
"C0020473","Hyperlipidemia","23/495","472/21671",0.048728813559322,2.13333761342236,3.80612200382887,0.000588404647012357,0.00650182938053883,0.00453706413756056,"PDLIM3/OGN/APOC1/LIPA/CYBB/FGFR1/CD38/SERPINE1/CCL5/AKAP12/MYLK/VCAM1/CCL2/FAM20C/SDC2/MMP2/CFH/C3/BCHE/AKR1B1/MYO5A/MTR/MTHFR",23
"C0030305","Pancreatitis","24/495","502/21671",0.047808764940239,2.09305807074731,3.78839289434302,0.000589809580168458,0.00650745899201219,0.00454099255629154,"CLU/ST8SIA4/FLI1/CRISPLD2/ICAM1/FGL2/TCF4/PRKD1/CD38/EDNRA/CCL5/CTSB/CAV1/DPYSL3/HTRA1/CCL2/PDPN/A2M/HLA-DQB1/C3/PRKCB/CTLA4/TYMS/HLA-DPA1",24
"C0410702","Adolescent idiopathic scoliosis","29/495","656/21671",0.0442073170731707,1.93538741069229,3.71953657839697,0.000590594328864519,0.00650745899201219,0.00454099255629154,"DOCK2/ADAMTS12/FRMD4A/AGTR1/PCDH7/DIP2C/TSHZ2/NREP/LATS2/IGFBP7/EDNRA/BNC2/CACNA2D1/TIMP2/MYLK/BOC/ANK2/DOK5/DPYSL3/MEIS2/JAZF1/COL1A2/A2M/PDGFC/PALLD/PRICKLE2/RORA/COL13A1/CDH2",29
"C0010709","Cyst","14/495","221/21671",0.0633484162895928,2.77338086749851,4.05130181180732,0.000592410795780415,0.00651820173879985,0.0045484889897315,"PECAM1/ICAM1/POSTN/PRKD1/CCL5/PKD2/CAV1/ITPR1/TNS1/VCAM1/ALDH1A3/MMP2/VEGFC/BCHE",14
"C4049711","Lepidic Predominant Adenocarcinoma","6/495","46/21671",0.130434782608696,5.71040843214756,4.88955701382889,0.000594674379931819,0.00653382659142109,0.00455939222239625,"ICAM1/GJA1/CCL2/PDPN/VEGFC/CDH1",6
"C0341439","Chronic liver disease","13/495","196/21671",0.0663265306122449,2.90376211090497,4.09340032351618,0.000599543253071952,0.00656868746576427,0.00458371861017565,"VWF/ICAM1/POSTN/IL6ST/SERPINE1/CCL5/GEM/TIMP2/VCAM1/CCL2/THBS1/ADAMTS1/ELN",13
"C1527349","Ductal Breast Carcinoma","13/495","196/21671",0.0663265306122449,2.90376211090497,4.09340032351618,0.000599543253071952,0.00656868746576427,0.00458371861017565,"AOC3/DLC1/RAB23/DKK3/SERPINE1/CAV2/TNC/MFAP5/MFGE8/PDPN/THBS1/ELN/CDH1",13
"C1866558","Neural tube defect, folate-sensitive","3/495","8/21671",0.375,16.4174242424242,6.6681845002442,0.000608943190632694,0.00664348444315612,0.00463591294870108,"MTRR/MTR/MTHFR",3
"C4021770","Clinodactyly of toe","3/495","8/21671",0.375,16.4174242424242,6.6681845002442,0.000608943190632694,0.00664348444315612,0.00463591294870108,"FLI1/FLNA/DACT1",3
"C4022585","Fatigable weakness of distal limb muscles","3/495","8/21671",0.375,16.4174242424242,6.6681845002442,0.000608943190632694,0.00664348444315612,0.00463591294870108,"TPM2/LDB3/CFL2",3
"C0033770","Prune Belly Syndrome","8/495","83/21671",0.0963855421686747,4.21973956431788,4.49328200829164,0.000616573592379671,0.00671727010769752,0.00468740157949458,"PECAM1/ICAM1/SERPINE1/ACTA2/SERPING1/CCL2/A2M/EDIL3",8
"C0343401","MRSA - Methicillin resistant Staphylococcus aureus infection","14/495","222/21671",0.0630630630630631,2.76088816088816,4.03194711576279,0.000619400723917064,0.00673859270710895,0.00470228077663235,"SORBS1/EPHA3/ST8SIA4/VWF/TGFBR1/EDNRA/RECK/TWIST2/CCL2/MMP2/TFPI/CTSC/DHFR/TYMS",14
"C1332201","Adult Diffuse Large B-Cell Lymphoma","24/495","504/21671",0.0476190476190476,2.08475228475228,3.76726592871049,0.000623582477224152,0.00677457204569184,0.00472738764382671,"DOCK2/HAVCR2/RDX/FLI1/JAK3/SLIT2/CD300A/CD38/CCL5/ACKR3/PTPRC/SLAMF7/CHRDL1/CCL2/LGALS1/NFATC1/MSN/PDLIM7/CDH11/IL10RA/MTR/MTHFR/CES2/CD27",24
"C1847835","VITILIGO-ASSOCIATED MULTIPLE AUTOIMMUNE DISEASE SUSCEPTIBILITY 1 (finding)","17/495","302/21671",0.0562913907284768,2.46442571409459,3.91821992751769,0.000626861103834609,0.00680065281555025,0.00474558715640678,"HAVCR2/ICAM1/IL2RB/HLA-DOA/CCL5/TNC/MITF/PDLIM7/HLA-DQB1/ELN/BCHE/CCDC88A/MTRR/ERCC1/CTLA4/MTHFR/CDH1",17
"C0221021","Microangiopathic hemolytic anemia","5/495","31/21671",0.161290322580645,7.06125773867709,5.16327267887933,0.000633637489863774,0.00681576505394099,0.00475613267995529,"COL4A1/C1R/CFH/C3/THBD",5
"C0311245","Congenital cystic kidney disease","5/495","31/21671",0.161290322580645,7.06125773867709,5.16327267887933,0.000633637489863774,0.00681576505394099,0.00475613267995529,"PRKD1/GLIS2/PKD2/CPQ/CYS1",5
"C1300127","Perivascular Epithelioid Cell Neoplasms","5/495","31/21671",0.161290322580645,7.06125773867709,5.16327267887933,0.000633637489863774,0.00681576505394099,0.00475613267995529,"IGFBP7/CALD1/MITF/DES/CTSK",5
"C0424574","Duration of sleep","9/495","104/21671",0.0865384615384615,3.78863636363636,4.35836680047808,0.000634420134669834,0.00681576505394099,0.00475613267995529,"COL4A1/RGS16/TCF4/EGR2/MEIS1/LMOD1/PBX3/PRIMA1/RTN1",9
"C0003460","Anuria","4/495","18/21671",0.222222222222222,9.72884399551066,5.6642711806237,0.000637933083411724,0.00681576505394099,0.00475613267995529,"AGTR1/CFH/C3/THBD",4
"C0012736","Dissecting aortic aneurysm","4/495","18/21671",0.222222222222222,9.72884399551066,5.6642711806237,0.000637933083411724,0.00681576505394099,0.00475613267995529,"TNC/ACTA2/MYH11/ELN",4
"C0030569","Secondary Parkinson Disease","4/495","18/21671",0.222222222222222,9.72884399551066,5.6642711806237,0.000637933083411724,0.00681576505394099,0.00475613267995529,"RGS2/FYN/SYNM/BCHE",4
"C0156273","Bladder Diverticulum","4/495","18/21671",0.222222222222222,9.72884399551066,5.6642711806237,0.000637933083411724,0.00681576505394099,0.00475613267995529,"COL3A1/EFEMP2/ELN/ATP7A",4
"C1842878","Short 5th finger","4/495","18/21671",0.222222222222222,9.72884399551066,5.6642711806237,0.000637933083411724,0.00681576505394099,0.00475613267995529,"TRPS1/GJA1/MASP1/MEIS2",4
"C3152182","Anterior chamber anomalies","4/495","18/21671",0.222222222222222,9.72884399551066,5.6642711806237,0.000637933083411724,0.00681576505394099,0.00475613267995529,"FGFR1/CYP1B1/MASP1/MITF",4
"C4280669","Velopharyngeal dysfunction","4/495","18/21671",0.222222222222222,9.72884399551066,5.6642711806237,0.000637933083411724,0.00681576505394099,0.00475613267995529,"CHRNA3/TTC28/CLEC4A/BNC2",4
"C0152459","Linear atrophy","11/495","149/21671",0.0738255033557047,3.23206562266965,4.17992866713843,0.000643565981261958,0.00686647670916684,0.00479151995618407,"TGFBR1/CLDN11/DCLK1/CCDC50/ITPR1/ANK2/MITF/VCAM1/NR3C1/MMP2/ELN",11
"C0151786","Muscle Weakness","25/495","536/21671",0.0466417910447761,2.04196818935625,3.73461485344673,0.00065270412305261,0.00695439633722905,0.00485287145714205,"COL4A1/TPM2/ATXN1/SGCD/PMP22/FGFR1/SYNE1/GJA1/COL12A1/TUBB6/CAV1/CFL2/FHL1/C1R/CRYAB/COL6A2/DES/SPARC/COL6A1/CCL2/COL1A2/HLA-DQB1/COL13A1/ATP7A/MTHFR",25
"C0019080","Hemorrhage","6/495","47/21671",0.127659574468085,5.58891038039974,4.81504754461736,0.000668723986179722,0.007086095755059,0.00494477308522266,"VWF/SERPINE1/TIMP2/CAV1/CRYAB/MMP2",6
"C1443924","Severe diarrhea","6/495","47/21671",0.127659574468085,5.58891038039974,4.81504754461736,0.000668723986179722,0.007086095755059,0.00494477308522266,"CFH/ABCC2/ERCC1/CTLA4/MTHFR/CES2",6
"C4551564","Narrow nasal bridge","6/495","47/21671",0.127659574468085,5.58891038039974,4.81504754461736,0.000668723986179722,0.007086095755059,0.00494477308522266,"COL3A1/FGFR1/GJA1/NDN/MMP2/CDON",6
"C4551858","Vesicoureteral Reflux 1","6/495","47/21671",0.127659574468085,5.58891038039974,4.81504754461736,0.000668723986179722,0.007086095755059,0.00494477308522266,"COL4A1/AGTR1/SLIT2/GJA1/CCL2/GREM1",6
"C0022735","Klinefelter Syndrome","11/495","150/21671",0.0733333333333333,3.21051851851852,4.15354245863257,0.000680541585238288,0.00718802615318751,0.00501590149029283,"PDE5A/PMP22/FGFR1/SERPINE1/GJA1/AXL/NRP2/F2R/NDN/CTLA4/MTHFR",11
"C0085096","Peripheral Vascular Diseases","11/495","150/21671",0.0733333333333333,3.21051851851852,4.15354245863257,0.000680541585238288,0.00718802615318751,0.00501590149029283,"VWF/ICAM1/AGTR1/SERPING1/VCAM1/CCL2/THBS4/MMP2/HLA-DQB1/THBS1/MTHFR",11
"C1691215","Penile hypospadias","10/495","127/21671",0.078740157480315,3.44722818738567,4.22885941386927,0.000681214745209559,0.00718802615318751,0.00501590149029283,"MMP11/SETBP1/TGFBR1/BNC2/CYP1B1/MYH11/ZEB2/ELN/EDIL3/MTHFR",10
"C0002448","Ameloblastoma","12/495","174/21671",0.0689655172413793,3.01929641239986,4.08879993060922,0.000682983120158276,0.00718802615318751,0.00501590149029283,"FLI1/POSTN/FGFR1/TNC/DDR2/TIMP2/RECK/SPARC/PDPN/SDC2/MMP2/AXIN2",12
"C4048158","Convulsions","12/495","174/21671",0.0689655172413793,3.01929641239986,4.08879993060922,0.000682983120158276,0.00718802615318751,0.00501590149029283,"CHRNA3/CLU/TCF4/PRKD1/CD38/NRP2/F2R/MPDZ/BCHE/PRKCB/ABCC2/ATP7A",12
"C0085220","Cerebral Amyloid Angiopathy","7/495","65/21671",0.107692307692308,4.71474747474748,4.58573421246613,0.00068966028157915,0.00722883429108538,0.00504437795870513,"AOC3/HSPB8/CLU/PTPRC/HSPB6/A2M/BCHE",7
"C1333762","Gastric Cardia Adenocarcinoma","7/495","65/21671",0.107692307692308,4.71474747474748,4.58573421246613,0.00068966028157915,0.00722883429108538,0.00504437795870513,"HLA-DOA/WWTR1/CAV1/MMP2/RASSF2/MTHFR/TYMS",7
"C3544347","Intestinal fibrosis","7/495","65/21671",0.107692307692308,4.71474747474748,4.58573421246613,0.00068966028157915,0.00722883429108538,0.00504437795870513,"COL3A1/PMP22/CCL2/TGFB1I1/MMP2/COL1A2/CDH11",7
"C0000772","Multiple congenital anomalies","15/495","251/21671",0.0597609561752988,2.61632258843414,3.93790523583672,0.000701597969246543,0.00734402414835638,0.00512475899300285,"VWF/RAB23/MN1/SETBP1/TRPS1/GJA1/PKD2/TUBA1A/ITPR1/NRP2/ACTG2/TWIST2/ZEB2/MEF2C/COL1A2",15
"C0595936","Aqueous Humor Disorders","8/495","85/21671",0.0941176470588235,4.12045157456922,4.40707980301269,0.000723068718310105,0.00755855639950077,0.00527446248813465,"CLU/ICAM1/GJA1/NR3C1/CCL2/TGFB1I1/MMP2/LOXL1",8
"C0008370","Cholestasis","21/495","420/21671",0.05,2.1889898989899,3.762038325989,0.000725543932725945,0.00757420930309322,0.00528538529514503,"PDLIM3/CYGB/CLU/RDX/LIPA/ICAM1/MAF/SERPINE1/NPL/PTPRC/DCN/ACTG2/VCAM1/NR3C1/F2R/COL6A1/MMP2/PRKCB/ABCC2/CTLA4/ABCC3",21
"C0023646","Lichen Planus","9/495","106/21671",0.0849056603773585,3.71715265866209,4.28748221532994,0.000728545997771881,0.00758510389615724,0.00529298768896238,"HAVCR2/PECAM1/ICAM1/YME1L1/NRP2/VCAM1/HOPX/MMP2/MTHFR",9
"C0278987","Metastatic non-small cell lung cancer","9/495","106/21671",0.0849056603773585,3.71715265866209,4.28748221532994,0.000728545997771881,0.00758510389615724,0.00529298768896238,"CHRNA3/ACKR3/THBS1/ABCC2/ERCC1/CTLA4/MTHFR/CDH1/TYMS",9
"C0266470","Cerebellar Hypoplasia","14/495","226/21671",0.0619469026548673,2.7120228837043,3.95558617766632,0.000738038877901289,0.00767362301774951,0.0053547575245823,"COL3A1/COL4A1/FRMD4A/GLI3/FGFR1/YME1L1/TUBA1A/ITPR1/GAP43/FLNA/MYO5A/IGHD/ERCC1/DHFR",14
"C0086132","Depressive Symptoms","21/495","421/21671",0.0498812351543943,2.18379039804218,3.75013139625869,0.000747829644444313,0.00776499788990034,0.00541852014141604,"IGFBP5/IL18BP/ST8SIA4/LIPA/IL2RB/MCC/IL6ST/CD38/EDNRA/SERPINE1/GJA1/ACKR3/CYP1B1/ACTG2/NR3C1/CCL2/BCHE/ADAMTS2/RORA/MTHFR/TYMS",21
"C0005944","Metabolic Bone Disorder","7/495","66/21671",0.106060606060606,4.64331190694827,4.53211870723156,0.000756555132943697,0.00781370141304251,0.0054525061160223,"SAMD4A/POSTN/SLIT2/KCNMA1/SERPINF1/MMP2/GREM1",7
"C0206692","Carcinoma, Lobular","7/495","66/21671",0.106060606060606,4.64331190694827,4.53211870723156,0.000756555132943697,0.00781370141304251,0.0054525061160223,"MMP11/VWF/AGTR1/PPP1R12B/PMP22/FGFR1/CDH1",7
"C0221271","Elastosis perforans serpiginosa","7/495","66/21671",0.106060606060606,4.64331190694827,4.53211870723156,0.000756555132943697,0.00781370141304251,0.0054525061160223,"RGS2/POSTN/SERPINE1/CD2/ITPR1/PDPN/ELN",7
"C0311370","Lupus anticoagulant disorder","7/495","66/21671",0.106060606060606,4.64331190694827,4.53211870723156,0.000756555132943697,0.00781370141304251,0.0054525061160223,"VWF/SERPINE1/C1R/CFH/TFPI/HLA-DQB1/MTHFR",7
"C4703473","Atherosclerotic lesion","15/495","253/21671",0.0592885375494071,2.59564019643071,3.90315558081826,0.000760941971856139,0.00784854396005014,0.00547681971474003,"PECAM1/ICAM1/AGTR1/PAPPA/TGFBR1/CCL5/MYLK/VCAM1/F2R/CCL2/MMP2/CFH/ELN/CTSC/PRKCB",15
"C1837404","High, narrow palate","10/495","129/21671",0.0775193798449612,3.39378278913163,4.16914188634768,0.000769388978653324,0.00792511572958597,0.00553025252713441,"COL3A1/TGFBR1/PRKG1/MFAP5/ACTA2/MYLK/MYH11/ANTXR1/ELN/ATP7A",10
"C0584960","Factor V Leiden mutation","8/495","86/21671",0.0930232558139535,4.07253934695795,4.36496477451678,0.000781605582830628,0.00801896270808748,0.00559574021308509,"VWF/SERPINE1/PTPRC/ITPR1/TFPI/THBD/DHFR/MTHFR",8
"C0878659","Disproportionate short stature","8/495","86/21671",0.0930232558139535,4.07253934695795,4.36496477451678,0.000781605582830628,0.00801896270808748,0.00559574021308509,"GLI3/FGFR1/TRPS1/DDR2/GPC6/FLNA/FAM20C/CTSK",8
"C0917713","Becker Muscular Dystrophy","8/495","86/21671",0.0930232558139535,4.07253934695795,4.36496477451678,0.000781605582830628,0.00801896270808748,0.00559574021308509,"PDLIM3/POSTN/LDB3/TIMP2/CCL2/DTNA/CTLA4/HLA-DMB",8
"C0162869","Aneurysm, Ruptured","4/495","19/21671",0.210526315789474,9.21679957469431,5.47823396209842,0.000793553696528876,0.00809183795602611,0.00564659354290759,"ICAM1/TIMP2/MMP2/WIPF1",4
"C0242666","Protein S Deficiency","4/495","19/21671",0.210526315789474,9.21679957469431,5.47823396209842,0.000793553696528876,0.00809183795602611,0.00564659354290759,"VWF/SERPINE1/TFPI/MTHFR",4
"C0403601","Transplant glomerulopathy","4/495","19/21671",0.210526315789474,9.21679957469431,5.47823396209842,0.000793553696528876,0.00809183795602611,0.00564659354290759,"PECAM1/AGTR1/PTPRC/PDGFC",4
"C0428974","Supraventricular arrhythmia","4/495","19/21671",0.210526315789474,9.21679957469431,5.47823396209842,0.000793553696528876,0.00809183795602611,0.00564659354290759,"COL4A1/SYNE1/FHL1/DES",4
"C0017668","Focal glomerulosclerosis","16/495","281/21671",0.0569395017793594,2.4927998849707,3.85087526599984,0.00079393194507873,0.00809183795602611,0.00564659354290759,"COL4A1/AGTR1/SERPINE1/PTPRC/PKD2/ACTA2/NRP2/TAGLN/COL8A2/CCL2/MMP2/CFH/LAMB2/COL8A1/CTLA4/MTHFR",16
"C4551993","Amyotrophic Lateral Sclerosis, Familial","10/495","130/21671",0.0769230769230769,3.36767676767677,4.13972268770709,0.000816876682075792,0.00831475266670051,0.00580214643123203,"CLU/RBMS3/CYBB/ATXN1/JAK3/AKT3/TIAM1/CRYAB/FAM20C/LGALS1",10
"C0042900","Vitiligo","20/495","395/21671",0.0506329113924051,2.21669863188851,3.73118401090123,0.000825589552437667,0.00839241033226007,0.00585633699650148,"HAVCR2/FLI1/ICAM1/IL2RB/HLA-DOA/CCL5/PTPRC/TNC/MITF/UBE2E2/PDLIM7/HLA-DQB1/ELN/BCHE/CCDC88A/MTRR/ERCC1/CTLA4/MTHFR/CDH1",20
"C0020445","Hypercholesterolemia, Familial","13/495","203/21671",0.0640394088669951,2.80363238294273,3.94739276501005,0.000831470703324921,0.00844111673388576,0.00589032497975232,"PDE5A/LIPA/ICAM1/IL2RB/SERPINE1/PTPRC/KANK2/NR3C1/SDC2/MMP2/CFH/THBD/MTHFR",13
"C0026846","Muscular Atrophy","6/495","49/21671",0.122448979591837,5.36079158936302,4.67224417105191,0.000838079275998823,0.00849707077472105,0.00592937046328735,"SERPINE1/WWTR1/FHL1/NR3C1/FBXO32/COL1A2",6
"C0238190","Inclusion Body Myositis (disorder)","8/495","87/21671",0.0919540229885057,4.02572854986648,4.32348258799108,0.000843891526842527,0.00854481538159767,0.00596268729320451,"AOC3/PMP22/CD38/PTPRC/NR3C1/SYNM/DES/THBS1",8
"C0079772","T-Cell Lymphoma","23/495","485/21671",0.0474226804123711,2.07615536811413,3.66464113938428,0.000849404262516401,0.00858940655019848,0.00599380361140816,"HAVCR2/EPHA3/MAF/IL2RB/JAK3/HLA-DOA/FGFR1/TIAM1/GLIS2/CAV1/TWIST2/SPARC/LGALS1/WIPF1/NFATC1/PDLIM7/HLA-DQB1/EMCN/MTRR/CTLA4/MTHFR/TYMS/CD27",23
"C0041696","Unipolar Depression","28/495","641/21671",0.0436817472698908,1.91237807088041,3.5850424941528,0.000876005301209895,0.00883670470491088,0.00616637159548798,"QKI/OGN/LSAMP/TCF4/SSPN/IL2RB/TUSC3/ADARB1/FGFR1/SYNE1/NEGR1/IGFBP7/SERPINE1/GJA1/CACNA2D1/TNC/VCAM1/NR3C1/CCL2/CFH/PDLIM7/DIXDC1/PRIMA1/PRKCB/ATP7B/CTLA4/MTHFR/TYMS",28
"C0349639","Juvenile Myelomonocytic Leukemia","12/495","179/21671",0.0670391061452514,2.93495852378534,3.97438422878101,0.000876141132632528,0.00883670470491088,0.00616637159548798,"CYBB/JAK3/SETBP1/FGFR1/IGFBP7/CD38/CSF2RA/AKAP12/HIP1/NRP2/IL10RA/THBD",12
"C0027126","Myotonic Dystrophy","11/495","155/21671",0.0709677419354839,3.10695340501792,4.02485374500064,0.000892966646609149,0.00892875433555085,0.00623060506788613,"PDLIM3/ASB2/ST8SIA4/APOC1/RBMS3/TCF4/ATXN1/LDB3/MEF2C/PRKCB/ERCC1",11
"C0040580","Tracheal Diseases","11/495","155/21671",0.0709677419354839,3.10695340501792,4.02485374500064,0.000892966646609149,0.00892875433555085,0.00623060506788613,"SOX7/CD300A/CAV1/VCAM1/NR3C1/CCL2/SERPINF1/VEGFC/FSTL1/COX7A1/AXIN2",11
"C0153349","Malignant neoplasm of tongue","11/495","155/21671",0.0709677419354839,3.10695340501792,4.02485374500064,0.000892966646609149,0.00892875433555085,0.00623060506788613,"FRMD4A/IGFBP7/TNC/MFAP5/CAV1/NRP2/CRYAB/PDPN/ARL4C/CTSK/TYMS",11
"C0002893","Refractory anemias","18/495","340/21671",0.0529411764705882,2.31775401069519,3.74436595937158,0.00089493071414748,0.00892875433555085,0.00623060506788613,"PDLIM3/IGFBP5/CYBB/SERPINE1/GJA1/ACTA2/FHL1/HSD17B6/TAGLN/ALDH1A3/F2R/HOXB2/CCL2/GREM1/C3/BCHE/TYMS/HLA-DPA1",18
"C0240182","Leukonychia","3/495","9/21671",0.333333333333333,14.593265993266,6.23599682233989,0.000897947279549976,0.00892875433555085,0.00623060506788613,"TRPS1/GJA1/KANK2",3
"C0278801","Endometrial neoplasm malignant metastatic","3/495","9/21671",0.333333333333333,14.593265993266,6.23599682233989,0.000897947279549976,0.00892875433555085,0.00623060506788613,"AXL/NR3C1/CTLA4",3
"C0398621","Hypoplasminogenemia","3/495","9/21671",0.333333333333333,14.593265993266,6.23599682233989,0.000897947279549976,0.00892875433555085,0.00623060506788613,"SERPINE1/SERPINF1/MTHFR",3
"C1857484","Brachyturricephaly","3/495","9/21671",0.333333333333333,14.593265993266,6.23599682233989,0.000897947279549976,0.00892875433555085,0.00623060506788613,"FGFR1/FHL1/FAM20C",3
"C1866013","Proximal upper limb amyotrophy","3/495","9/21671",0.333333333333333,14.593265993266,6.23599682233989,0.000897947279549976,0.00892875433555085,0.00623060506788613,"SGCD/SYNE1/FHL1",3
"C2721734","Methylenetetrahydrofolate reductase polymorphism","3/495","9/21671",0.333333333333333,14.593265993266,6.23599682233989,0.000897947279549976,0.00892875433555085,0.00623060506788613,"DHFR/MTHFR/TYMS",3
"C4021774","Camptodactyly of toe","3/495","9/21671",0.333333333333333,14.593265993266,6.23599682233989,0.000897947279549976,0.00892875433555085,0.00623060506788613,"FHL1/FLNA/MMP2",3
"C0239137","Coxa valga","7/495","68/21671",0.102941176470588,4.50674390968509,4.42804031160993,0.000905689567114871,0.00899419408573307,0.00627626980719955,"GLI3/RAB23/KCNJ8/FLNA/COL1A2/ADAMTS2/ATP7A",7
"C0024031","Low Back Pain","8/495","88/21671",0.0909090909090909,3.97998163452709,4.28261574395289,0.00091009916374443,0.00902641244860993,0.00629875221487654,"HSPB8/ADAMTS5/IL6ST/NR3C1/SPARC/HTRA1/CCL2/RTN1",8
"C1853926","NONAKA MYOPATHY","10/495","132/21671",0.0757575757575758,3.31665136210591,4.08173653954542,0.000919092199970928,0.00910394908053045,0.00635285832124205,"TPM2/ICAM1/SERPINE1/DCN/CRYAB/DES/MMP2/PRKCB/CDH5/ATP7A",10
"C1842937","AURAL ATRESIA, CONGENITAL","9/495","110/21671",0.0818181818181818,3.58198347107438,4.15073915171515,0.000951005390635181,0.00940331117831206,0.00656175722622643,"AOC3/HSPB8/CLU/PECAM1/PTPRC/COL6A2/SRPX/A2M/BCHE",9
"C0751967","Multiple Sclerosis, Relapsing-Remitting","13/495","206/21671",0.0631067961165049,2.76280278513288,3.88670861312138,0.000951742313942248,0.00940331117831206,0.00656175722622643,"PECAM1/ICAM1/CCL5/GEM/TIMP2/VCAM1/CRYAB/CCL2/MMP2/ITGA4/CTLA4/SLC19A1/MTHFR",13
"C0476273","Respiratory distress","15/495","259/21671",0.0579150579150579,2.53550953550954,3.80087750561533,0.000965177379638044,0.00951211482035167,0.00663768187349747,"PDLIM3/SETBP1/PMP22/FGFR1/CSF2RA/EGR2/CD3D/ZFPM2/SERPING1/ALDH1A3/FAM20C/VEGFC/EFEMP2/LAMB2/COL13A1",15
"C3553764","Joint hyperflexibility","12/495","181/21671",0.0662983425414365,2.90252804285953,3.92972570413867,0.000965210721507412,0.00951211482035167,0.00663768187349747,"COL3A1/TGFBR1/TRPS1/C1S/C1R/ANTXR1/FLNA/COL1A2/EFEMP2/ELN/ADAMTS2/ATP7A",12
"C0085298","Sudden Cardiac Death","10/495","133/21671",0.075187969924812,3.2917141338194,4.0531592565463,0.000974001773926799,0.00955172494246171,0.00666532235035276,"SYNE1/ZFPM2/CACNA2D1/PLN/FHL1/ANK2/DES/WIPF1/DTNA/ELN",10
"C1260965","Lipoblastoma","4/495","20/21671",0.2,8.7559595959596,5.30544292451643,0.00097416249735925,0.00955172494246171,0.00666532235035276,"COL3A1/BOC/DES/COL1A2",4
"C1832370","MYOPATHY, MYOFIBRILLAR, DESMIN-RELATED","4/495","20/21671",0.2,8.7559595959596,5.30544292451643,0.00097416249735925,0.00955172494246171,0.00666532235035276,"AOC3/LDB3/CRYAB/DES",4
"C2697932","Loeys-Dietz Syndrome","4/495","20/21671",0.2,8.7559595959596,5.30544292451643,0.00097416249735925,0.00955172494246171,0.00666532235035276,"COL3A1/TGFBR1/GREM1/ELN",4
"C0022679","Cystic kidney","8/495","89/21671",0.0898876404494382,3.93526273975712,4.24234742401374,0.000980405431944347,0.00958170755731302,0.00668624462293644,"PRKD1/SLIT2/GLIS2/PKD2/CPQ/TNS1/PDE1A/CYS1",8
"C0856747","Aneurysm of ascending aorta","5/495","34/21671",0.147058823529412,6.43820558526441,4.85184198764537,0.000980931331390295,0.00958170755731302,0.00668624462293644,"COL3A1/TGFBR1/ACTA2/MMP2/EFEMP2",5
"C0877009","Muscle fibrosis","5/495","34/21671",0.147058823529412,6.43820558526441,4.85184198764537,0.000980931331390295,0.00958170755731302,0.00668624462293644,"SERPINE1/DCN/CAV1/FHL1/VCAM1",5
"C0025281","Meniere Disease","7/495","69/21671",0.101449275362319,4.44142878055921,4.37750289382459,0.000988460914195093,0.00964309602185792,0.00672908232055124,"CCL5/CAV1/DTNA/PRKCB/MTRR/MTR/MTHFR",7
"C0004610","Bacteremia","14/495","233/21671",0.0600858369098712,2.63054580136125,3.82585865091023,0.000991950879197915,0.00964516349450692,0.00673052503081972,"SORBS1/VWF/ATXN1/SERPINE1/CCL5/SERPING1/CCL2/KCNMB1/CFH/THBS1/C3/HLA-DRA/ABCC2/CDON",14
"C0042798","Low Vision","11/495","157/21671",0.0700636942675159,3.06737438075018,3.97482914119647,0.000992042527155574,0.00964516349450692,0.00673052503081972,"COL4A1/ATXN1/MEIS1/CRYAB/F2R/HTRA1/SERPINF1/CFH/TFPI/LAMB2/PRKCB",11
"C0266929","Chronic Periodontitis","16/495","287/21671",0.0557491289198606,2.44068560166121,3.75643416899092,0.000992408379179192,0.00964516349450692,0.00673052503081972,"CLU/ICAM1/AGTR1/ITGA11/IL6ST/CD38/SERPINE1/TIMP2/TAGLN/VCAM1/F2R/CCL2/MMP2/POPDC2/EDIL3/CTLA4",16
"C1861324","Short philtrum","12/495","182/21671",0.0659340659340659,2.88658008658009,3.90762543732896,0.00101249593870461,0.00982243809145663,0.00685422963290117,"COL3A1/TCF4/SETBP1/FGFR1/AP1S2/TWIST2/MEF2C/MEIS2/CDH11/DENND5A/ERCC1/CDON",12
"C0151514","Atrophic condition of skin","9/495","111/21671",0.0810810810810811,3.54971334971335,4.11754695066114,0.00101445268179258,0.00982243809145663,0.00685422963290117,"APOC1/ATXN1/DCN/TWIST2/NR3C1/MGP/FBXO32/AEBP1/ELN",9
"C0242231","Coronary Stenosis","9/495","111/21671",0.0810810810810811,3.54971334971335,4.11754695066114,0.00101445268179258,0.00982243809145663,0.00685422963290117,"PECAM1/VWF/ICAM1/AGTR1/SERPINE1/ANGPTL2/WIPF1/ELN/MTHFR",9
"C0242422","Parkinsonian Disorders","19/495","373/21671",0.0509383378016086,2.23007013838113,3.66374274182541,0.00102891270530694,0.0099500097569383,0.00694325085978205,"RGS2/FYN/AGTR1/RBMS3/ATXN1/RUNX1T1/CCL5/GJA1/ZFPM2/SGCE/SYNM/KCNJ8/CCL2/LGALS1/A2M/BCHE/CTSC/ATP7B/TYMS",19
"C0263313","Pemphigus Foliaceus","6/495","51/21671",0.117647058823529,5.15056446821153,4.53705974410633,0.00103870894898062,0.0100197254281493,0.00699189939439665,"LAIR1/NKG7/GEM/C3/PRKCB/CTLA4",6
"C1262048","Glial scar","6/495","51/21671",0.117647058823529,5.15056446821153,4.53705974410633,0.00103870894898062,0.0100197254281493,0.00699189939439665,"CCL5/CTSB/GAP43/RGMA/CCL2/MMP2",6
"C0018081","Gonorrhea","15/495","261/21671",0.0574712643678161,2.51608034366655,3.76742164022244,0.00104280628374112,0.0100467381515655,0.00701074923672511,"HAVCR2/CLU/POSTN/GPRASP1/KIF26B/NR3C1/ZEB2/CPXM2/CFH/TFPI/MTRR/UMPS/MTHFR/CDH1/TYMS",15
"C0024535","Malaria, Falciparum","11/495","158/21671",0.069620253164557,3.0479606188467,3.9501150684735,0.00104488471969431,0.0100542571909965,0.00701599612374018,"HAVCR2/CLU/PECAM1/ICAM1/CYBB/CCL5/ACTG2/THBD/ABCC2/DHFR/CD27",11
"C0023508","White Blood Cell Count procedure","29/495","681/21671",0.0425844346549192,1.86433794627627,3.50397506933482,0.00105602007907623,0.0101487984274497,0.00708196827224294,"COL4A1/TPM2/ST8SIA4/LSAMP/LIPA/MAP4K4/TTC28/SSPN/CD84/ATXN1/DLC1/AKT3/NREP/KLHL5/BNC2/PTPRC/ZFPM2/DDR2/MITF/CCDC69/PLXDC1/APOL3/TPST1/ATP2B4/ATP1A2/KCNE4/ITGA4/CD300LF/PDZRN4",29
"C0016412","Folic Acid Deficiency","7/495","70/21671",0.1,4.3779797979798,4.32792006053568,0.00107706731993308,0.0103382446842647,0.00721416642256094,"TAGLN/MTRR/DHFR/MTR/SLC19A1/MTHFR/TYMS",7
"C0040558","Toxoplasmosis","9/495","112/21671",0.0803571428571429,3.51801948051948,4.08473495398593,0.00108128662082812,0.0103403039073267,0.00721560337615649,"ICAM1/CTSB/F2R/CCL2/GBP5/C3/CTSC/DHFR/TYMS",9
"C0085129","Bronchial Hyperreactivity","9/495","112/21671",0.0803571428571429,3.51801948051948,4.08473495398593,0.00108128662082812,0.0103403039073267,0.00721560337615649,"CHRNA3/ADAMTS12/ICAM1/HLA-DOA/SERPINE1/CCL5/CAV1/CCL2/CTLA4",9
"C2937421","Prostatic Hyperplasia","9/495","112/21671",0.0803571428571429,3.51801948051948,4.08473495398593,0.00108128662082812,0.0103403039073267,0.00721560337615649,"PDE5A/FLI1/AKAP12/F2R/CCL2/MMP2/A2M/UMPS/TYMS",9
"C0007282","Carotid Stenosis","10/495","135/21671",0.0740740740740741,3.24294799850355,3.99681143090178,0.00109189442808528,0.0104288708260772,0.00727740656527732,"IL18BP/CLU/ST8SIA4/CD74/VWF/SERPINE1/VCAM1/MMP2/THBD/MTHFR",10
"C0151908","Dry skin","11/495","159/21671",0.0691823899371069,3.02879105520615,3.92559579678656,0.0011000281583473,0.0104936183676825,0.00732258827212001,"GLI3/OSMR/FGFR1/PRKD1/GJA1/KCNMA1/MITF/TWIST2/COL6A1/ATP7A/CTLA4",11
"C0024131","Lupus Vulgaris","24/495","526/21671",0.0456273764258555,1.99755732227215,3.54109011587736,0.00112188969357399,0.0106620450054821,0.0074401186491025,"MMP11/VWF/FLI1/CYBB/RUNX1T1/CD38/EGR2/CD2/PTPRC/GEM/MASP1/MFGE8/VCAM1/CCL2/SDC2/MMP2/CFH/C3/LBH/C1QC/PRKCB/CTLA4/MTHFR/LILRB4",24
"C0339901","Acute respiratory infections","5/495","35/21671",0.142857142857143,6.25425685425685,4.75627466435218,0.00112318986889664,0.0106620450054821,0.0074401186491025,"SORBS1/LRRFIP1/CCL5/CCL2/THBS1",5
"C0432123","Sagittal craniosynostosis","5/495","35/21671",0.142857142857143,6.25425685425685,4.75627466435218,0.00112318986889664,0.0106620450054821,0.0074401186491025,"PDLIM3/GLI3/RAB23/FGFR1/AXIN2",5
"C1306889","Peripheral arterial occlusive disease","5/495","35/21671",0.142857142857143,6.25425685425685,4.75627466435218,0.00112318986889664,0.0106620450054821,0.0074401186491025,"VWF/ICAM1/POSTN/SERPINE1/MTHFR",5
"C0018989","Hemiparesis","8/495","91/21671",0.0879120879120879,3.84877344877345,4.16354228700479,0.00113404300580038,0.0107387495390339,0.00749364410601588,"COL3A1/COL4A1/FGFR1/NID1/CFH/HLA-DQB1/BCHE/ATP1A2",8
"C4721507","Alveolitis, Fibrosing","8/495","91/21671",0.0879120879120879,3.84877344877345,4.16354228700479,0.00113404300580038,0.0107387495390339,0.00749364410601588,"FYN/COL3A1/CCL5/ACTA2/CCL2/MMP2/GREM1/ELN",8
"C0011603","Dermatitis","23/495","496/21671",0.0463709677419355,2.03011159986966,3.54832586864592,0.00114338769782898,0.0108140184461335,0.00754616776344944,"PECAM1/CD74/ICAM1/GLI3/PAPPA/POSTN/MCC/CCL5/TIMP2/CLMP/VCAM1/NR3C1/MRGPRF/CCL2/FLNA/MMP2/VEGFC/THBS1/THBD/CD300LF/CTLA4/HLA-DMB/CD27",23
"C0007682","CNS disorder","17/495","319/21671",0.0532915360501567,2.33309268230898,3.66730049087739,0.00114577976319764,0.0108208542116309,0.00755093785270834,"ICAM1/AGTR1/TCF4/PMP22/IGHM/CD38/EDNRA/GJA1/ACKR3/CAV1/SERPING1/PNMA1/MEF2C/F2R/CCL2/MMP2/CDH11",17
"C0014772","Red Blood Cell Count measurement","30/495","717/21671",0.0418410041841004,1.8317907104518,3.46298224447049,0.00114690437745275,0.0108208542116309,0.00755093785270834,"SORBS1/QKI/FRMD4A/PTPN14/OSMR/DLC1/ITGA1/TRPS1/NREP/EDNRA/SERPINE1/PTPRC/ZFPM2/AXL/TNS1/HSD17B6/MITF/ZEB2/UBE2E2/MEF2C/CYS1/CMTM3/RERG/ATP2B4/PBX3/PDGFC/RORA/ABCC2/MTHFR/PDZRN4",30
"C0206638","Giant Cell Tumor of Bone","9/495","113/21671",0.079646017699115,3.48688656476267,4.05229501215187,0.00115163911456497,0.0108391209980805,0.00756368466239191,"GJA1/DCN/NR3C1/F2R/CCL2/MMP2/THBS1/LUM/CTSK",9
"C0240310","Hypoplasia of the maxilla","9/495","113/21671",0.079646017699115,3.48688656476267,4.05229501215187,0.00115163911456497,0.0108391209980805,0.00756368466239191,"RAB23/FGFR1/EDNRA/GJA1/TWIST2/MMP2/CDH11/AXIN2/CDH1",9
"C0262655","Recurrent urinary tract infection","14/495","237/21671",0.0590717299578059,2.58614840386992,3.75384615058468,0.00116750679157192,0.0109751305916457,0.00765859398916938,"ICAM1/AGTR1/IL2RB/TRPS1/CCL5/BNC2/PKD2/KCNMA1/CCL2/MSN/EFEMP2/ELN/ATP7A/DHFR",14
"C1536220","ST segment elevation myocardial infarction","15/495","264/21671",0.0568181818181818,2.48748852157943,3.71781498030053,0.00116909612905603,0.0109754465456521,0.00765881446613173,"AGTR1/PAPPA/IL6ST/SERPINE1/CCL5/GJA1/ACKR3/AXL/F2R/CCL2/MMP2/TFPI/THBS1/THBD/MTHFR",15
"C0751075","Cancer of Digestive System","7/495","71/21671",0.0985915492957746,4.31631811068431,4.27925899675086,0.00117179115585519,0.0109754465456521,0.00765881446613173,"HAVCR2/TCF4/FHL1/CCL2/MCAM/MTR/TYMS",7
"C1866134","Wide anterior fontanel","7/495","71/21671",0.0985915492957746,4.31631811068431,4.27925899675086,0.00117179115585519,0.0109754465456521,0.00765881446613173,"GLI3/SETBP1/MASP1/ANTXR1/FLNA/COL1A2/ADAMTS2",7
"C0079765","Lymphoma, Small Cleaved-Cell, Follicular","4/495","21/21671",0.19047619047619,8.33900913900914,5.14432285084044,0.00118182481023005,0.0110427201206779,0.00770575887312716,"EBF1/MTR/MTHFR/TYMS",4
"C3495426","Homocysteinemia","4/495","21/21671",0.19047619047619,8.33900913900914,5.14432285084044,0.00118182481023005,0.0110427201206779,0.00770575887312716,"SERPINE1/MTRR/MTR/MTHFR",4
"C1854114","Short nose","15/495","265/21671",0.0566037735849057,2.4781017724414,3.70143055046622,0.0012139553851358,0.0113292751967011,0.00790572086578607,"FLI1/GLI3/MAF/TCF4/SETBP1/FGFR1/GJA1/DDR2/GPC6/MEF2C/FLNA/FAM20C/ELN/CCDC88A/CDON",15
"C0266617","Congenital anomaly of face","9/495","114/21671",0.0789473684210526,3.45629984051037,4.02021922263608,0.00122564494403346,0.0114126467264855,0.0079638986424916,"VWF/TCF4/FGFR1/TRPS1/AP1S2/GLIS2/ZEB2/FLNA/FAM20C",9
"C0221354","Frontal bossing","17/495","321/21671",0.0529595015576324,2.31855627930394,3.63883479476654,0.00122583553788225,0.0114126467264855,0.0079638986424916,"FLI1/GLI3/SETBP1/FGFR1/TRPS1/NID1/GJA1/DDR2/GPC6/MITF/ANTXR1/FLNA/MPDZ/MMP2/COL1A2/DENND5A/CTSK",17
"C0333101","Microaneurysm","3/495","10/21671",0.3,13.1339393939394,5.86776430958303,0.00126108449852072,0.0116567548037488,0.00813424054754917,"SERPINE1/ANGPTL2/PDGFC",3
"C0409495","Protrusio acetabuli","3/495","10/21671",0.3,13.1339393939394,5.86776430958303,0.00126108449852072,0.0116567548037488,0.00813424054754917,"SERPINF1/MMP2/COL1A2",3
"C1320453","Cervical Squamous Cell Carcinoma In Situ","3/495","10/21671",0.3,13.1339393939394,5.86776430958303,0.00126108449852072,0.0116567548037488,0.00813424054754917,"ST8SIA4/MMP2/VEGFC",3
"C2609282","Reticular pseudodrusen","3/495","10/21671",0.3,13.1339393939394,5.86776430958303,0.00126108449852072,0.0116567548037488,0.00813424054754917,"HTRA1/CFH/C3",3
"C4022161","Increased endomysial connective tissue","3/495","10/21671",0.3,13.1339393939394,5.86776430958303,0.00126108449852072,0.0116567548037488,0.00813424054754917,"COL12A1/COL6A2/COL6A1",3
"C4025750","Abnormality of the nasopharynx","3/495","10/21671",0.3,13.1339393939394,5.86776430958303,0.00126108449852072,0.0116567548037488,0.00813424054754917,"SETBP1/FGFR1/GJA1",3
"C0035579","Rickets","7/495","72/21671",0.0972222222222222,4.25636924803591,4.23148846896993,0.00127292112971781,0.011750725006419,0.00819981422098493,"FGFR1/EDNRA/ACKR3/FAM20C/HLA-DQB1/ADAMTS2/ATP7A",7
"C0042165","Anterior uveitis","6/495","53/21671",0.113207547169811,4.95620354488279,4.4087847651043,0.001274284663748,0.011750725006419,0.00819981422098493,"CCL5/SERPING1/CCL2/CFH/C3/CTLA4",6
"C0020544","Renal hypertension","5/495","36/21671",0.138888888888889,6.08052749719416,4.66435608516313,0.0012801668400645,0.011776926773325,0.00821809816693489,"ICAM1/AGTR1/CYBB/PKD2/MMP2",5
"C0023234","Legg-Calve-Perthes Disease","5/495","36/21671",0.138888888888889,6.08052749719416,4.66435608516313,0.0012801668400645,0.011776926773325,0.00821809816693489,"TRPS1/COL1A2/ADAMTS2/ATP7A/MTHFR",5
"C0030809","Pemphigus Vulgaris","9/495","115/21671",0.0782608695652174,3.42624505928854,3.98849992032514,0.00130344174555014,0.0119768205943433,0.00835758676830865,"POSTN/GEM/NR3C1/ZEB2/HLA-DQB1/C3/HLA-DRA/CTLA4/CDH1",9
"C0220620","Gastrointestinal Carcinoid Tumor","17/495","323/21671",0.0526315789473684,2.30419989367358,3.61057952943951,0.00131058454783762,0.0120281847245856,0.00839342935039436,"PDLIM3/FLI1/PAPPA/MCC/DKK3/SLAMF7/TNC/ACTG2/F2R/DES/SPARC/CCL2/PDPN/MMP2/GREM1/CTSK/CDH2",17
"C3888194","MIXED LINEAGE LEUKEMIA","14/495","240/21671",0.0583333333333333,2.55382154882155,3.70080015620382,0.0013156560646482,0.0120604400908461,0.008415937579531,"ASB2/SMARCA1/STON1/MLLT11/RUNX1T1/CD38/MEIS1/MEF2C/PBX3/LGALS1/PDLIM7/MYO5A/DHFR/SLC19A1",14
"C0022665","Kidney Neoplasm","16/495","295/21671",0.0542372881355932,2.37449751754836,3.63414154403747,0.00132126305023291,0.0120975219705723,0.00844181381478912,"CD74/FGFR1/IGFBP7/CD38/CYP1B1/AXL/CPQ/MITF/VCAM1/UBE2QL1/MMP2/NFATC1/BCHE/CTSK/ATP7B/CDH1",16
"C0598935","Tumor Initiation","24/495","533/21671",0.0450281425891182,1.97132298595713,3.47140604156973,0.00133988670518874,0.0122535565742526,0.00855069686341165,"EPHA3/CD74/FLI1/POSTN/TCF4/TRPS1/TIAM1/EDNRA/ACKR3/PTPRC/CYP1B1/CTSB/WWTR1/PTGIS/KCNMA1/DCN/CAV1/NRP2/SPARC/FBXO32/PRKCB/ITGA4/CTLA4/CDH1",24
"C0410158","Muscle damage","11/495","163/21671",0.0674846625766871,2.95446489434219,3.82940899801049,0.00134515149988425,0.0122871975449333,0.00857417198598018,"PDLIM3/PDE5A/MYLK/FHL1/TAGLN/CRYAB/DES/CCL2/SPARCL1/FBXO32/DTNA",11
"C3875321","Inflammatory dermatosis","19/495","382/21671",0.049738219895288,2.17752921889048,3.55006114987693,0.00135699161525964,0.0123807503554784,0.00863945439756772,"PECAM1/CD74/ICAM1/POSTN/FGFR1/LST1/CCL5/TIMP2/VCAM1/NR3C1/CCL2/FLNA/MMP2/VEGFC/THBS1/THBD/CD300LF/CTLA4/CD27",19
"C0239174","Late tooth eruption","10/495","139/21671",0.0719424460431655,3.1496257539423,3.8872114216429,0.00136273487533565,0.0124185227580587,0.00866581248897652,"SETBP1/TRPS1/GJA1/TWIST2/ZEB2/ANTXR1/FLNA/MMP2/CDH11/CTSK",10
"C0013537","Eclampsia","14/495","241/21671",0.0580912863070539,2.54322477890943,3.68329679163786,0.00136840466126778,0.0124555376100825,0.00869164195140088,"IGFBP5/ADAM12/AGTR1/PAPPA/SERPINE1/ACKR3/GEM/F2R/CCL2/MMP2/CFH/PRKCB/THBD/MTHFR",14
"C0016781","Fuchs Endothelial Dystrophy","8/495","94/21671",0.0851063829787234,3.72594025359983,4.04943861428588,0.00139990657452242,0.0126857129401016,0.00885226139772267,"CLU/TCF4/COL8A2/CFH/HLA-DRA/COL8A1/CDH2/CDH1",8
"C0026266","Mitral Valve Insufficiency","8/495","94/21671",0.0851063829787234,3.72594025359983,4.04943861428588,0.00139990657452242,0.0126857129401016,0.00885226139772267,"AKT3/FHL1/MYH11/CRYAB/FLNA/COL1A2/DTNA/ELN",8
"C0206368","Exfoliation Syndrome","8/495","94/21671",0.0851063829787234,3.72594025359983,4.04943861428588,0.00139990657452242,0.0126857129401016,0.00885226139772267,"CLU/RBMS3/TNC/CCL2/MMP2/LOXL1/ELN/MTHFR",8
"C0014457","Eosinophilia","17/495","325/21671",0.0523076923076923,2.2900202020202,3.58253160508172,0.00140024329509255,0.0126857129401016,0.00885226139772267,"HAVCR2/ICAM1/POSTN/FGFR1/IL6ST/CCL5/CD3D/CD2/TNC/MYH11/VCAM1/NR3C1/PDPN/SDC2/CD300LF/CTLA4/MTHFR",17
"C0220621","Childhood Acute Myeloid Leukemia","13/495","215/21671",0.0604651162790698,2.64715057552267,3.71097683213414,0.00140321539983237,0.0126966597657613,0.00885990024014896,"MN1/SETBP1/MLLT11/RUNX1T1/IGFBP7/CD38/GLIS2/EFS/MYH11/MEF2C/VEGFC/CES2/ABCC3",13
"C0234182","Gowers sign","6/495","54/21671",0.111111111111111,4.86442199775533,4.3470416894476,0.00140636897482871,0.0126966597657613,0.00885990024014896,"HSPB8/TPM2/SGCD/SYNE1/CFL2/COL6A1",6
"C0699743","Congenital muscular dystrophy (disorder)","6/495","54/21671",0.111111111111111,4.86442199775533,4.3470416894476,0.00140636897482871,0.0126966597657613,0.00885990024014896,"SGCD/SYNE1/COL12A1/COL6A2/COL6A1/DTNA",6
"C0263009","Sclerosis of the skin","4/495","22/21671",0.181818181818182,7.95996326905418,4.9935506442246,0.00141860300997009,0.0127034669540212,0.00886465038782649,"FLI1/POSTN/CCL2/COL1A2",4
"C0265654","Tarsal Coalition","4/495","22/21671",0.181818181818182,7.95996326905418,4.9935506442246,0.00141860300997009,0.0127034669540212,0.00886465038782649,"TPM2/GLI3/FLNA/ATP7A",4
"C0344529","Cornea plana","4/495","22/21671",0.181818181818182,7.95996326905418,4.9935506442246,0.00141860300997009,0.0127034669540212,0.00886465038782649,"DCN/ELN/LUM/ADAMTS2",4
"C1306068","After-cataract","4/495","22/21671",0.181818181818182,7.95996326905418,4.9935506442246,0.00141860300997009,0.0127034669540212,0.00886465038782649,"TPM2/TNC/MMP2/CFH",4
"C1956130","Lymphoma, Follicular, Grade 1","4/495","22/21671",0.181818181818182,7.95996326905418,4.9935506442246,0.00141860300997009,0.0127034669540212,0.00886465038782649,"EBF1/MTR/MTHFR/TYMS",4
"C2242826","Myeloblastic leukemia","4/495","22/21671",0.181818181818182,7.95996326905418,4.9935506442246,0.00141860300997009,0.0127034669540212,0.00886465038782649,"CYBB/RUNX1T1/CD38/DHFR",4
"C3495488","Axenfeld-Rieger syndrome","4/495","22/21671",0.181818181818182,7.95996326905418,4.9935506442246,0.00141860300997009,0.0127034669540212,0.00886465038782649,"COL4A1/GJA1/NFATC1/PRKCB",4
"C0007873","Uterine Cervical Neoplasm","10/495","140/21671",0.0714285714285714,3.12712842712843,3.8604303377062,0.00143834730881424,0.0128505631534891,0.00896729609756705,"ZNF667-AS1/TNC/SERPINF1/MMP2/LGALS1/LUM/ERCC1/MTHFR/CDH1/TYMS",10
"C4721208","Metastatic castration-resistant prostate cancer","10/495","140/21671",0.0714285714285714,3.12712842712843,3.8604303377062,0.00143834730881424,0.0128505631534891,0.00896729609756705,"HAVCR2/PDLIM3/CLU/POSTN/PTPRC/FERMT2/NR3C1/LGALS1/ITGA4/ERCC1",10
"C0854985","Adenocarcinoma of lung, stage I","5/495","37/21671",0.135135135135135,5.91618891618892,4.57584287911754,0.0014527662305088,0.0129346289902542,0.00902595837103773,"ADAM12/CCL5/CAV1/GBP1/TYMS",5
"C1859726","ARTERIAL TORTUOSITY SYNDROME","5/495","37/21671",0.135135135135135,5.91618891618892,4.57584287911754,0.0014527662305088,0.0129346289902542,0.00902595837103773,"COL4A1/TGFBR1/EFEMP2/ELN/MTHFR",5
"C2826025","Mixed phenotype acute leukemia","5/495","37/21671",0.135135135135135,5.91618891618892,4.57584287911754,0.0014527662305088,0.0129346289902542,0.00902595837103773,"FGFR1/IL6ST/ADAMTS2/ERCC1/MTHFR",5
"C0023343","Leprosy","12/495","190/21671",0.0631578947368421,2.76503987240829,3.73606277206123,0.00146467356897993,0.0129958321481312,0.00906866675916313,"SLC11A1/TGFBR1/FILIP1/GEM/ACTG2/F2R/FLNA/CFH/HLA-DQB1/BCHE/IL10RA/CTLA4",12
"C0079774","Peripheral T-Cell Lymphoma","12/495","190/21671",0.0631578947368421,2.76503987240829,3.73606277206123,0.00146467356897993,0.0129958321481312,0.00906866675916313,"HAVCR2/FYN/IL2RB/JAK3/GLIS2/GEM/CAV1/TFPI/LGALS1/PDLIM7/LBH/PRKCB",12
"C2981150","Uranostaphyloschisis","12/495","190/21671",0.0631578947368421,2.76503987240829,3.73606277206123,0.00146467356897993,0.0129958321481312,0.00906866675916313,"CRISPLD2/MN1/FGFR1/TIMP2/TUBA1A/TNS1/MEIS2/GREM1/MTHFR/AXIN2/CDH1/TYMS",12
"C0427065","Distal muscle weakness","9/495","117/21671",0.0769230769230769,3.36767676767677,3.92610124943217,0.00147097295401094,0.0130367923361198,0.00909724933017724,"HSPB8/PMP22/EGR2/CRYAB/COL6A2/DES/COL6A1/LAMB2/ATP7A",9
"C0023470","Myeloid Leukemia","19/495","385/21671",0.0493506493506494,2.16056145874328,3.51286589495813,0.00148448635844344,0.0131415215228604,0.00917033076764757,"ICAM1/CYBB/IL2RB/JAK3/MN1/SETBP1/RUNX1T1/CD38/BASP1/AXL/NRP2/MYH11/CLIC4/MEIS1/MEF2C/THBS1/PRKCB/AKR1B1/MTHFR",19
"C3554617","Adducted thumb","7/495","74/21671",0.0945945945945946,4.14133224133224,4.13850141910748,0.00149558503599433,0.0132246594621142,0.0092283455417338,"TPM2/SYNE1/COL12A1/COL6A2/COL6A1/ELN/ERCC1",7
"C0149939","Obstructive nephropathy","8/495","95/21671",0.0842105263157895,3.68671982987772,4.01244236879919,0.00149875705931023,0.0132375965580582,0.00923737322157837,"SERPINE1/CCL5/GJA1/EFS/CAV1/F2R/CCL2/TFPI",8
"C0233794","Memory impairment","31/495","763/21671",0.0406290956749672,1.77873360075195,3.34815093850077,0.00151706087863029,0.0133840017834513,0.00933953676030037,"FYN/PDE5A/CLU/CD74/AGTR1/CYBB/ATXN1/AKT3/TIAM1/IGFBP7/EDNRA/GJA1/ACKR3/PTPRC/CYP1B1/CTSB/PRKG1/CAV1/ITPR1/SERPING1/NR3C1/SYNM/CCL2/LGALS1/HLA-DQB1/BCHE/PRKCB/CTSK/IGSF6/CDH1/SLC25A27",31
"C0025289","Meningitis","12/495","191/21671",0.06282722513089,2.75056322386165,3.71524481356455,0.00153138126813259,0.0134949707655916,0.0094169724110662,"SLC11A1/LSAMP/ICAM1/CYBB/JAK3/IGHM/SERPINE1/CFH/WIPF1/THBS1/CTLA4/HLA-DPA1",12
"C0035235","Respiratory Syncytial Virus Infections","14/495","244/21671",0.0573770491803279,2.51195562179169,3.63131031659457,0.00153736858078884,0.0135323375304436,0.0094430474430032,"EPHA3/PECAM1/LSAMP/ICAM1/CD8A/SERPINE1/CCL5/PTPRC/PTGIS/GEM/NR3C1/CCL2/THBS1/PRKCB",14
"C1389016","ATRIOVENTRICULAR CANAL DEFECT","6/495","55/21671",0.109090909090909,4.77597796143251,4.28679998729738,0.00154863849959211,0.0136160656275148,0.0095014740371653,"GLI3/GJA1/FLNA/NFATC1/MTR/SLC19A1",6
"C2747816","Complicated malaria","11/495","166/21671",0.0662650602409639,2.90107095046854,3.75917667377442,0.0015570190202158,0.0136742282659768,0.00954206070987961,"RGS2/LAIR1/PECAM1/ICAM1/CYBB/CCL5/CD2/GEM/VCAM1/ATP2B4/IL10RA",11
"C0006271","Bronchiolitis","9/495","118/21671",0.076271186440678,3.33913713405239,3.89540765742872,0.00156099670199542,0.0136781453095662,0.00954479407566857,"LAIR1/ICAM1/POSTN/CD38/SERPINE1/CCL5/NR3C1/CCL2/CTLA4",9
"C1851710","LATERAL MENINGOCELE SYNDROME","9/495","118/21671",0.076271186440678,3.33913713405239,3.89540765742872,0.00156099670199542,0.0136781453095662,0.00954479407566857,"CALD1/AXL/MYLK/CFL2/ACTG2/DES/MYOCD/SMTN/ELN",9
"C0016842","Congenital pectus excavatum","15/495","272/21671",0.0551470588235294,2.41432709447415,3.58878685017101,0.00157036008015936,0.0137446431422762,0.00959119715922488,"COL3A1/TPM2/TGFBR1/SYNE1/MFAP5/DDR2/CFL2/FHL1/ZEB2/FLNA/COL1A2/CDH11/EFEMP2/ELN/ATP7A",15
"C0086743","Osteoarthrosis Deformans","8/495","96/21671",0.0833333333333333,3.6483164983165,3.97594338226518,0.00160306197828615,0.0140150316972963,0.00977987793572461,"CLU/CLIC4/COL6A2/RCN3/COL1A2/MSN/CTSK/EDIL3",8
"C0030354","Papilloma","15/495","273/21671",0.0549450549450549,2.40548340548341,3.57297967058338,0.00162778639698903,0.014215144792646,0.00991951954968098,"CLU/ST8SIA4/ICAM1/ATXN1/PMP22/PEG3/GEM/TNC/DCN/CAV1/CLIC4/CCL2/PDLIM7/THBS1/EDIL3",15
"C0008728","Eosinophilic granulomatosis with polyangiitis","5/495","38/21671",0.131578947368421,5.76049973418394,4.49051404829856,0.00164190360956073,0.0143061702583323,0.00998303834597637,"POSTN/VCAM1/MMP2/BCHE/THBD",5
"C0014511","Epithelial cyst","5/495","38/21671",0.131578947368421,5.76049973418394,4.49051404829856,0.00164190360956073,0.0143061702583323,0.00998303834597637,"POSTN/HMCN1/PKD2/ANTXR1/CDH1",5
"C0027809","Neurilemmoma","12/495","193/21671",0.0621761658031088,2.72205997801853,3.67400801993182,0.00167232109081475,0.0145548305274731,0.0101565568318554,"RDX/IL2RB/PMP22/LATS2/SERPINE1/ACKR3/WWTR1/AXL/TNC/GAP43/DES/MSN",12
"C0270846","Epileptic drop attack","10/495","143/21671",0.0699300699300699,3.06152433425161,3.7815054697626,0.00168587499817006,0.0146129865875274,0.0101971389140682,"CHRNA3/CLU/TCF4/KCNMA1/NRP2/PRICKLE1/MPDZ/BCHE/ABCC2/ATP7A",10
"C1879321","Acute Myeloid Leukemia (AML-M2)","10/495","143/21671",0.0699300699300699,3.06152433425161,3.7815054697626,0.00168587499817006,0.0146129865875274,0.0101971389140682,"RGS2/TCEA2/MN1/RUNX1T1/SVIL/MYH11/FXYD6/SPARC/LCP2/CDH1",10
"C0029445","Bone necrosis","4/495","23/21671",0.173913043478261,7.61387790953008,4.85200559563552,0.0016865491878711,0.0146129865875274,0.0101971389140682,"SERPINE1/MMP2/TFPI/MTHFR",4
"C1705254","Neonatal Deformity","4/495","23/21671",0.173913043478261,7.61387790953008,4.85200559563552,0.0016865491878711,0.0146129865875274,0.0101971389140682,"TWIST2/NR3C1/ZEB2/MTHFR",4
"C0234233","Sore to touch","6/495","56/21671",0.107142857142857,4.69069264069264,4.22799401039605,0.00170159469290466,0.0146554648016552,0.0102267807841738,"CD38/FHL1/HSPB6/DES/CCL2/MMP2",6
"C1719495","Aggressive periodontitis, generalized","6/495","56/21671",0.107142857142857,4.69069264069264,4.22799401039605,0.00170159469290466,0.0146554648016552,0.0102267807841738,"AGTR1/SERPINE1/TIMP2/MMP2/BCHE/CTSC",6
"C0162375","Granuloma, Giant Cell Reparative","3/495","11/21671",0.272727272727273,11.9399449035813,5.54871402367018,0.0017046958154262,0.0146554648016552,0.0102267807841738,"PECAM1/MMP2/CTSK",3
"C2317473","Chronic kidney disease stage 4","3/495","11/21671",0.272727272727273,11.9399449035813,5.54871402367018,0.0017046958154262,0.0146554648016552,0.0102267807841738,"PRKD1/PKD2/TFPI",3
"C3805092","Methylenetetrahydrofolate reductase gene mutation","3/495","11/21671",0.272727272727273,11.9399449035813,5.54871402367018,0.0017046958154262,0.0146554648016552,0.0102267807841738,"SERPINE1/THBD/MTHFR",3
"C3806347","Hyperhomocystinemia","3/495","11/21671",0.272727272727273,11.9399449035813,5.54871402367018,0.0017046958154262,0.0146554648016552,0.0102267807841738,"MTRR/MTR/MTHFR",3
"C3891448","NEURAL TUBE DEFECTS, SUSCEPTIBILITY TO","3/495","11/21671",0.272727272727273,11.9399449035813,5.54871402367018,0.0017046958154262,0.0146554648016552,0.0102267807841738,"DLC1/DACT1/MTHFR",3
"C0409348","Flexion contracture of proximal interphalangeal joint","11/495","168/21671",0.0654761904761905,2.86653439153439,3.71322444409669,0.00171287047656162,0.0146945056515956,0.0102540240152396,"TPM2/TGFBR1/TRPS1/GJA1/COL12A1/ACTG2/TWIST2/COL6A2/COL6A1/FLNA/ERCC1",11
"C0919747","Cytokine storm","8/495","97/21671",0.0824742268041237,3.61070498802458,3.93992921966203,0.00171303106163062,0.0146945056515956,0.0102540240152396,"HAVCR2/IL6ST/IGFBP7/CD38/CCL5/SERPING1/F2R/LGALS1",8
"C0334533","Arteriovenous hemangioma","7/495","76/21671",0.0921052631578947,4.03234981392876,4.04873715597057,0.00174748912446154,0.0149569621636233,0.0104371697052748,"ICAM1/TGFBR1/VCAM1/CRYAB/MGP/MMP2/ELN",7
"C1868938","End stage cardiac failure","7/495","76/21671",0.0921052631578947,4.03234981392876,4.04873715597057,0.00174748912446154,0.0149569621636233,0.0104371697052748,"AGTR1/POSTN/MCC/IL6ST/EDNRA/ZFPM2/PLN",7
"C1378511","Undifferentiated leukemia","9/495","120/21671",0.075,3.28348484848485,3.83499793864685,0.00175430452529188,0.0149821861663847,0.0104547713542318,"FGFR1/CD38/MYH11/NR3C1/MEIS1/MEF2C/F2R/PBX3/PCDH17",9
"C1863753","LIMB-MAMMARY SYNDROME","9/495","120/21671",0.075,3.28348484848485,3.83499793864685,0.00175430452529188,0.0149821861663847,0.0104547713542318,"CALD1/AXL/MYLK/CFL2/ACTG2/DES/MYOCD/SMTN/ELN",9
"C0340288","Stable angina","10/495","144/21671",0.0694444444444444,3.04026374859708,3.75565676599126,0.00177565544253458,0.0151478271562476,0.0105703578685544,"COL3A1/PECAM1/VWF/ICAM1/PAPPA/SERPINE1/CCL5/CCL2/MMP2/CDH2",10
"C0003862","Arthralgia","14/495","248/21671",0.0564516129032258,2.47144020853698,3.56318529082881,0.00178939647694442,0.0152482564470974,0.0106404387807418,"PDE5A/SAMD4A/IL2RB/MCC/TRPS1/TUBB6/CAV1/C1R/MMP2/HLA-DQB1/ELN/ATP7B/CTLA4/HLA-DPA1",14
"C0392885","High density lipoprotein measurement","24/495","545/21671",0.0440366972477064,1.92791770920211,3.35435611569542,0.00179877711435816,0.0153113489316685,0.0106844655664883,"COL4A1/RDX/APOC1/ICAM1/IL2RB/SGCD/TGFBR1/TRPS1/IL6ST/AXL/TAGLN/NR3C1/MEIS1/GNG2/MYOCD/GIMAP6/PDGFC/ATP1A2/IL10RA/RORA/THBD/ABCC2/TYMS/FPR3",24
"C0936223","Metastatic Prostate Carcinoma","18/495","362/21671",0.0497237569060773,2.17689603214465,3.45239866655207,0.00180182400137052,0.0153204486439254,0.010690815468297,"HAVCR2/CLU/ICAM1/DLC1/TUSC3/EDNRA/ARHGAP9/CYP1B1/CAV1/NR3C1/SPARC/CCL2/SERPINF1/SPARCL1/MMP2/VEGFC/MTRR/ERCC1",18
"C3489393","Hiatal Hernia","5/495","39/21671",0.128205128205128,5.61279461279461,4.40816838180023,0.00184850436521617,0.0157001258914084,0.0109557593667879,"COL3A1/TCF4/TUBB6/ADAMTS2/ATP7A",5
"C1837461","SCOLIOSIS, ISOLATED, SUSCEPTIBILITY TO, 3","25/495","578/21671",0.0432525951557093,1.89358987801894,3.32922444348553,0.00185765536317852,0.0157453497595284,0.0109873171912401,"DOCK2/ADAMTS12/FRMD4A/AGTR1/PCDH7/DIP2C/TSHZ2/NREP/LATS2/EDNRA/BNC2/CACNA2D1/MYLK/BOC/ANK2/DOK5/DPYSL3/MEIS2/JAZF1/A2M/PDGFC/PALLD/PRICKLE2/COL13A1/CDH2",25
"C0029443","Osteomyelitis","9/495","121/21671",0.0743801652892562,3.25634861006762,3.80526878613942,0.00185789435582352,0.0157453497595284,0.0109873171912401,"CYBB/IGHM/SERPINE1/MOXD1/CCL2/NFATC1/HLA-DQB1/CTSK/ATP7A",9
"C0729233","Dissecting aneurysm of the thoracic aorta","6/495","57/21671",0.105263157894737,4.60839978734716,4.17056211484647,0.00186574698568933,0.015777375710862,0.0110096653315499,"ICAM1/CD38/EFEMP1/MMP2/ELN/CTSK",6
"C1302790","Congenital malformation syndrome","6/495","57/21671",0.105263157894737,4.60839978734716,4.17056211484647,0.00186574698568933,0.015777375710862,0.0110096653315499,"FGFR1/KCNMA1/ZEB2/FLNA/DACT1/EDIL3",6
"C0238301","Cancer of Nasopharynx","10/495","145/21671",0.0689655172413793,3.01929641239986,3.73003148612309,0.00186926366094275,0.0157898760279853,0.011018388221249,"SLIT2/EDNRA/FLNA/PDPN/MMP2/PDLIM7/RASSF2/PCDH17/ERCC1/CDH1",10
"C0497156","Lymphadenopathy","15/495","277/21671",0.0541516245487365,2.37074718302155,3.51043828074943,0.00187536791403312,0.0158241828563187,0.0110423279882583,"PDLIM3/ICAM1/CYBB/IL2RB/JAK3/TRAC/PRKD1/CD38/PTPRC/C1R/PALLD/C3/ITGA4/CTLA4/CD27",15
"C0026269","Mitral Valve Stenosis","11/495","170/21671",0.0647058823529412,2.83281045751634,3.66794467339293,0.00188123054080186,0.0158563784211656,0.0110647944871629,"HAVCR2/IL6ST/SERPINE1/GJA1/CLDN11/CCL2/SPARCL1/MMP2/C3/ITGA4/MTR",11
"C0008925","Cleft Palate","26/495","611/21671",0.0425531914893617,1.86297012679991,3.30824202925001,0.00190317943876363,0.0160239434050686,0.0111817235904477,"FILIP1L/CRISPLD2/GLI3/MN1/TGFBR1/FGFR1/NID1/EDNRA/GJA1/BNC2/TIMP2/MASP1/TNS1/ACTG2/MEIS2/FLNA/FAM20C/GREM1/COL8A1/MTR/SLC19A1/MTHFR/AXIN2/CDH1/TYMS/CDON",26
"C0085278","Antiphospholipid Syndrome","8/495","99/21671",0.0808080808080808,3.53776145291297,3.86930780050668,0.00195081955214278,0.016389423265616,0.0114367603610608,"FRMD4A/VWF/SERPINE1/CCL2/TFPI/MSN/THBD/MTHFR",8
"C0243050","Cardiovascular Abnormalities","8/495","99/21671",0.0808080808080808,3.53776145291297,3.86930780050668,0.00195081955214278,0.016389423265616,0.0114367603610608,"FLI1/TIAM1/PKD2/COL6A2/LTBP1/COL6A1/EFEMP2/ELN",8
"C0015414","Eye Neoplasms","4/495","24/21671",0.166666666666667,7.296632996633,4.7187311507874,0.00198769838773849,0.0166450937420782,0.0116151706640536,"FLI1/EFS/SERPINF1/TFPI",4
"C0042167","Uveitis, Posterior","4/495","24/21671",0.166666666666667,7.296632996633,4.7187311507874,0.00198769838773849,0.0166450937420782,0.0116151706640536,"ICAM1/CCL5/CFH/HLA-DRA",4
"C3178801","Stroke, Lacunar","4/495","24/21671",0.166666666666667,7.296632996633,4.7187311507874,0.00198769838773849,0.0166450937420782,0.0116151706640536,"COL4A1/MMP2/TFPI/MTHFR",4
"C0026948","Mycosis Fungoides","14/495","251/21671",0.0557768924302789,2.44190108253853,3.51295580666723,0.00200017129402931,0.0167314544746772,0.0116754343467552,"HAVCR2/NKG7/JAK3/FGFR1/CCL5/PTPRC/CTSB/MEF2C/PDPN/MMP2/VEGFC/LGALS1/HLA-DQB1/CTLA4",14
"C0595989","Carcinoma of larynx","21/495","456/21671",0.0460526315789474,2.01617490696438,3.35304560753019,0.0020033454008779,0.0167399282364619,0.0116813474518912,"MMP11/ADAMTS5/MAP4K4/TCF4/IL2RB/PMP22/FGFR1/PRKD1/ACKR3/CYP1B1/CTSB/TIMP2/DCN/CAV1/ZEB2/CRYAB/MMP2/LGALS1/PDLIM7/ERCC1/CDH1",21
"C0019189","Hepatitis, Chronic","13/495","224/21671",0.0580357142857143,2.54079184704185,3.54400883602206,0.00201998855040134,0.0168608096028112,0.0117657000979025,"PECAM1/VWF/CCL5/ACTA2/TIMP2/MFGE8/VCAM1/CCL2/LGALS1/COL1A2/ATP7B/ATP7A/CDH1",13
"C0848558","Hypospadias","18/495","366/21671",0.0491803278688525,2.15310481867859,3.40156403793379,0.00203067930512966,0.0168812408581299,0.0117799573031238,"COL3A1/MMP11/GLI3/SETBP1/TGFBR1/FGFR1/BNC2/CYP1B1/ZFPM2/KCNMA1/MYH11/ZEB2/FLNA/DACT1/GREM1/ELN/EDIL3/MTHFR",18
"C0024282","Lymphocytosis","7/495","78/21671",0.0897435897435897,3.92895622895623,3.96199370770674,0.00203115368961748,0.0168812408581299,0.0117799573031238,"CD38/CCL5/PTPRC/PDLIM7/ITGA4/SLC19A1/CD27",7
"C0270823","Petit mal status","7/495","78/21671",0.0897435897435897,3.92895622895623,3.96199370770674,0.00203115368961748,0.0168812408581299,0.0117799573031238,"IGFBP7/KCNMA1/GAP43/MEF2C/CCL2/ABCC2/CDH2",7
"C0278498","Malignant neoplasm of stomach stage IV","7/495","78/21671",0.0897435897435897,3.92895622895623,3.96199370770674,0.00203115368961748,0.0168812408581299,0.0117799573031238,"IL6ST/CCL5/EGR2/MMP2/ERCC1/UMPS/TYMS",7
"C0748355","Acute respiratory distress","10/495","147/21671",0.0680272108843537,2.97821754964612,3.67943654059041,0.00206843831108575,0.0171595578312205,0.0119741706365686,"S1PR3/VWF/ICAM1/AGTR1/SERPINE1/MYLK/DCN/SERPING1/NR3C1/THBD",10
"C0035242","Respiratory Tract Diseases","12/495","198/21671",0.0606060606060606,2.65332108968473,3.57316877116498,0.00207189481122463,0.0171595578312205,0.0119741706365686,"POSTN/TGFBR1/CCL5/GJA1/PTPRC/CYP1B1/TIMP2/NR3C1/FLNA/JAZF1/THBS1/RORA",12
"C0008060","child abuse behavior","5/495","40/21671",0.125,5.47247474747475,4.32862222647058,0.00207350195326909,0.0171595578312205,0.0119741706365686,"ADARB1/CD38/CPQ/NR3C1/COL1A2",5
"C0428908","Sinus Node Dysfunction (disorder)","5/495","40/21671",0.125,5.47247474747475,4.32862222647058,0.00207350195326909,0.0171595578312205,0.0119741706365686,"GJC1/GJA1/CACNA2D1/ANK2/KCNJ8",5
"C0268800","Simple renal cyst","8/495","100/21671",0.08,3.50238383838384,3.83467778983838,0.00207907707757886,0.0171690096406459,0.011980766236525,"COL4A1/GLI3/POSTN/SETBP1/PRKD1/PKD2/TIMP2/SPARC",8
"C0432283","Osteoglophonic dwarfism","8/495","100/21671",0.08,3.50238383838384,3.83467778983838,0.00207907707757886,0.0171690096406459,0.011980766236525,"VWF/FGFR1/SERPINE1/CCL2/SERPINF1/MMP2/VEGFC/THBS1",8
"C0037315","Sleep Apnea Syndromes","10/495","148/21671",0.0675675675675676,2.95809445809446,3.65445975955157,0.00217424700084565,0.0179167204984579,0.012502528946632,"COL3A1/COL4A1/VWF/TCF4/PMP22/DES/NDN/BCHE/LAMB2/ADAMTS2",10
"C0266551","Congenital coloboma of iris","10/495","148/21671",0.0675675675675676,2.95809445809446,3.65445975955157,0.00217424700084565,0.0179167204984579,0.012502528946632,"COL4A1/FLI1/MAF/FGFR1/ZEB2/FLNA/DACT1/MPDZ/MMP2/CDON",10
"C0086445","Idiopathic Membranous Glomerulonephritis","7/495","79/21671",0.0886075949367089,3.87922260580488,3.91969652867515,0.00218570685146886,0.0179920141035896,0.0125550698386852,"SERPINE1/CCL2/CFH/HLA-DQB1/C3/AKR1B1/MTHFR",7
"C1328504","Hormone refractory prostate cancer","28/495","683/21671",0.04099560761347,1.79477941937678,3.22687043267162,0.00222121311333053,0.0180490015710228,0.012594836461223,"RGS2/PDE5A/CLU/PCDH7/FGFR1/HECTD2/IGFBP7/EDNRA/ACKR3/RPS6KA2/CYP1B1/CAV1/HTR2B/NR3C1/MEIS2/COL6A1/CCL2/FLNA/TGFB1I1/TFPI/LGALS1/CDH11/IGFBP6/CTSK/CDH2/ATP7A/ERCC1/CTLA4",28
"C0162557","Liver Failure, Acute","15/495","282/21671",0.0531914893617021,2.32871265849989,3.43376427105857,0.00222825711495762,0.0180490015710228,0.012594836461223,"PDLIM3/CD74/VWF/TCF4/STON1/SERPINE1/ACKR3/CCL2/COL1A2/THBS1/BCHE/THBD/ABCC2/ATP7B/CTLA4",15
"C0017667","Nodular glomerulosclerosis","6/495","59/21671",0.101694915254237,4.45218284540319,4.05959218225064,0.00222971417221188,0.0180490015710228,0.012594836461223,"AOC3/COL4A1/SERPINE1/AXL/ANGPTL2/CCL2",6
"C0520966","Abnormal coordination","6/495","59/21671",0.101694915254237,4.45218284540319,4.05959218225064,0.00222971417221188,0.0180490015710228,0.012594836461223,"TCF4/HLA-DQB1/ELN/RORA/ATP7A/MTHFR",6
"C4082974","Dupuytren's Disease","6/495","59/21671",0.101694915254237,4.45218284540319,4.05959218225064,0.00222971417221188,0.0180490015710228,0.012594836461223,"AGTR1/POSTN/TNC/ACTA2/TIMP2/MMP2",6
"C0000832","Abruptio Placentae","3/495","12/21671",0.25,10.9449494949495,5.26846495179163,0.00223457171528671,0.0180490015710228,0.012594836461223,"CFH/SLC19A1/MTHFR",3
"C0042140","Uterine Prolapse","3/495","12/21671",0.25,10.9449494949495,5.26846495179163,0.00223457171528671,0.0180490015710228,0.012594836461223,"COL3A1/EFEMP1/ELN",3
"C0151539","Blood urea increased","3/495","12/21671",0.25,10.9449494949495,5.26846495179163,0.00223457171528671,0.0180490015710228,0.012594836461223,"CFH/C3/THBD",3
"C0155826","Chronic nasopharyngitis","3/495","12/21671",0.25,10.9449494949495,5.26846495179163,0.00223457171528671,0.0180490015710228,0.012594836461223,"TCF4/DLC1/RECK",3
"C0268363","Osteogenesis imperfecta type IV (disorder)","3/495","12/21671",0.25,10.9449494949495,5.26846495179163,0.00223457171528671,0.0180490015710228,0.012594836461223,"SPARC/SERPINF1/COL1A2",3
"C0581377","Decompensated cardiac failure","3/495","12/21671",0.25,10.9449494949495,5.26846495179163,0.00223457171528671,0.0180490015710228,0.012594836461223,"IGFBP7/TIMP2/MCAM",3
"C0812437","Oculo-dento-digital syndrome","3/495","12/21671",0.25,10.9449494949495,5.26846495179163,0.00223457171528671,0.0180490015710228,0.012594836461223,"GJA1/CYP1B1/TWIST2",3
"C1290511","Anodontia of Permanent Dentition","3/495","12/21671",0.25,10.9449494949495,5.26846495179163,0.00223457171528671,0.0180490015710228,0.012594836461223,"RAB23/C1S/C1R",3
"C1837512","Decreased serum complement C3","3/495","12/21671",0.25,10.9449494949495,5.26846495179163,0.00223457171528671,0.0180490015710228,0.012594836461223,"C1R/CFH/C3",3
"C1842229","Broad metacarpals","3/495","12/21671",0.25,10.9449494949495,5.26846495179163,0.00223457171528671,0.0180490015710228,0.012594836461223,"FGFR1/DDR2/MMP2",3
"C3542021","Duchenne and Becker Muscular Dystrophy","3/495","12/21671",0.25,10.9449494949495,5.26846495179163,0.00223457171528671,0.0180490015710228,0.012594836461223,"POSTN/SGCD/CCL2",3
"C3888044","Nephrogenic Systemic Fibrosis","3/495","12/21671",0.25,10.9449494949495,5.26846495179163,0.00223457171528671,0.0180490015710228,0.012594836461223,"DCN/CAV1/CCL2",3
"C4025887","Abnormal oral cavity morphology","3/495","12/21671",0.25,10.9449494949495,5.26846495179163,0.00223457171528671,0.0180490015710228,0.012594836461223,"CAV1/CTLA4/HLA-DPA1",3
"C0026470","Monoclonal Gammopathy of Undetermined Significance","13/495","227/21671",0.0572687224669604,2.50721310016464,3.49015552894177,0.00226952092771912,0.0183121969855336,0.0127784977673659,"VWF/SETBP1/IL6ST/CD38/PTPRC/SERPING1/EVL/MMP2/CFH/CDH2/CTLA4/CDH1/CD27",13
"C0220605","Adult Non-Hodgkin Lymphoma","18/495","370/21671",0.0486486486486487,2.12982800982801,3.35137707114908,0.0022835171596776,0.0184043229770526,0.0128427845254141,"LAIR1/ADAM12/GPR34/FGFR1/CD38/PTPRC/CYP1B1/TIMP2/SERPING1/PLEKHO1/MMP2/PDLIM7/IL10RA/RORA/MTR/CTLA4/MTHFR/TYMS",18
"C0205698","Undifferentiated carcinoma","15/495","283/21671",0.0530035335689046,2.32048399186208,3.41862419262787,0.00230506553204179,0.0184043229770526,0.0128427845254141,"SMARCA1/TRPS1/IL6ST/BASP1/ACKR3/EFEMP1/DES/SPARC/MGP/NDN/MSN/PDLIM7/ATP7B/CDH1/TYMS",15
"C0018939","Hematological Disease","14/495","255/21671",0.0549019607843137,2.40359675183205,3.44709582653754,0.0023128319221493,0.0184043229770526,0.0128427845254141,"PDLIM3/VWF/ICAM1/CYBB/JAK3/FGFR1/CD38/SERPINE1/ZEB2/HTRA1/CFH/MTR/CTLA4/MTHFR",14
"C0277828","Late fontanel closure","5/495","41/21671",0.121951219512195,5.3389997536339,4.2517075576321,0.00231783616543511,0.0184043229770526,0.0128427845254141,"ANTXR1/FLNA/FAM20C/EFEMP2/ATP7A",5
"C1292779","Myelodysplastic Syndrome with Isolated del(5q)","5/495","41/21671",0.121951219512195,5.3389997536339,4.2517075576321,0.00231783616543511,0.0184043229770526,0.0128427845254141,"CD74/FLI1/ATXN1/F2R/SPARC",5
"C0019212","Hepatorenal Syndrome","4/495","25/21671",0.16,7.00476767676768,4.59290515894658,0.00232406238261178,0.0184043229770526,0.0128427845254141,"IGFBP7/TIMP2/ITPR1/VCAM1",4
"C0038505","Sturge-Weber Syndrome","4/495","25/21671",0.16,7.00476767676768,4.59290515894658,0.00232406238261178,0.0184043229770526,0.0128427845254141,"POSTN/PTPRC/CYP1B1/MEF2C",4
"C0264545","Thickening of pleura","4/495","25/21671",0.16,7.00476767676768,4.59290515894658,0.00232406238261178,0.0184043229770526,0.0128427845254141,"CRISPLD2/SERPINE1/TIMP2/F2R",4
"C0282548","Leukostasis","4/495","25/21671",0.16,7.00476767676768,4.59290515894658,0.00232406238261178,0.0184043229770526,0.0128427845254141,"ICAM1/PTPRC/VCAM1/SERPINF1",4
"C0431406","Asymmetric crying face association","4/495","25/21671",0.16,7.00476767676768,4.59290515894658,0.00232406238261178,0.0184043229770526,0.0128427845254141,"KCNMA1/CRYAB/DES/MMP2",4
"C1833340","Synostotic Posterior Plagiocephaly","4/495","25/21671",0.16,7.00476767676768,4.59290515894658,0.00232406238261178,0.0184043229770526,0.0128427845254141,"GLI3/RAB23/FGFR1/MASP1",4
"C3549742","Breast cancer, lobular","4/495","25/21671",0.16,7.00476767676768,4.59290515894658,0.00232406238261178,0.0184043229770526,0.0128427845254141,"VWF/DKK3/LILRB2/CDH1",4
"C0010823","Cytomegalovirus Infections","21/495","462/21671",0.0454545454545455,1.98999081726354,3.28853258114654,0.00234040152277283,0.0184043229770526,0.0128427845254141,"SLC11A1/AOC3/ICAM1/HLA-DOA/CD300A/EDNRA/CCL5/GJA1/ACKR3/PTPRC/GEM/VCAM1/CCL2/FLNA/THBS1/BCHE/CTLA4/MTHFR/CDH1/TYMS/CD27",21
"C4721532","Lymphoma, Non-Hodgkin, Familial","21/495","462/21671",0.0454545454545455,1.98999081726354,3.28853258114654,0.00234040152277283,0.0184043229770526,0.0128427845254141,"HAVCR2/LAIR1/ADAM12/GPR34/FGFR1/CD38/PTPRC/CYP1B1/TNC/TIMP2/SERPING1/PLEKHO1/MMP2/PDLIM7/IL10RA/RORA/MTR/CTLA4/MTHFR/TYMS/CES2",21
"C0234146","Absent reflex","12/495","201/21671",0.0597014925373134,2.613719282376,3.5141483061874,0.00234700393191314,0.0184043229770526,0.0128427845254141,"COL4A1/HSPB8/TPM2/ATXN1/PMP22/EGR2/COL12A1/CFL2/FHL1/COL6A1/LAMB2/COL13A1",12
"C4087124","Immunoglobulin G4-Related Disease","7/495","80/21671",0.0875,3.83073232323232,3.87808666133274,0.00234918286255441,0.0184043229770526,0.0128427845254141,"POSTN/CD38/SLAMF7/GBP1/NR3C1/THBS1/CD27",7
"C0220612","Childhood Non-Hodgkin Lymphoma","18/495","371/21671",0.0485175202156334,2.1240872335212,3.33892957937556,0.00235069691337476,0.0184043229770526,0.0128427845254141,"LAIR1/ADAM12/GPR34/FGFR1/CD38/PTPRC/CYP1B1/TIMP2/SERPING1/PLEKHO1/MMP2/PDLIM7/IL10RA/RORA/MTR/CTLA4/MTHFR/TYMS",18
"C0279671","Cervical Squamous Cell Carcinoma","18/495","371/21671",0.0485175202156334,2.1240872335212,3.33892957937556,0.00235069691337476,0.0184043229770526,0.0128427845254141,"OGN/CYBB/OSMR/SYNE1/ACKR3/PDPN/MMP2/LGALS1/MSN/HLA-DQB1/THBS1/RASSF2/IL10RA/IGFBP6/ERCC1/CTLA4/CDH1/TYMS",18
"C0022333","Jacksonian Seizure","8/495","102/21671",0.0784313725490196,3.43370964547435,3.76672517750885,0.00235544064935615,0.0184043229770526,0.0128427845254141,"CHRNA3/CLU/TCF4/NRP2/MPDZ/BCHE/ABCC2/ATP7A",8
"C0422850","Seizures, Somatosensory","8/495","102/21671",0.0784313725490196,3.43370964547435,3.76672517750885,0.00235544064935615,0.0184043229770526,0.0128427845254141,"CHRNA3/CLU/TCF4/NRP2/MPDZ/BCHE/ABCC2/ATP7A",8
"C0422852","Seizures, Auditory","8/495","102/21671",0.0784313725490196,3.43370964547435,3.76672517750885,0.00235544064935615,0.0184043229770526,0.0128427845254141,"CHRNA3/CLU/TCF4/NRP2/MPDZ/BCHE/ABCC2/ATP7A",8
"C0422853","Olfactory seizure","8/495","102/21671",0.0784313725490196,3.43370964547435,3.76672517750885,0.00235544064935615,0.0184043229770526,0.0128427845254141,"CHRNA3/CLU/TCF4/NRP2/MPDZ/BCHE/ABCC2/ATP7A",8
"C0422854","Gustatory seizure","8/495","102/21671",0.0784313725490196,3.43370964547435,3.76672517750885,0.00235544064935615,0.0184043229770526,0.0128427845254141,"CHRNA3/CLU/TCF4/NRP2/MPDZ/BCHE/ABCC2/ATP7A",8
"C0422855","Vertiginous seizure","8/495","102/21671",0.0784313725490196,3.43370964547435,3.76672517750885,0.00235544064935615,0.0184043229770526,0.0128427845254141,"CHRNA3/CLU/TCF4/NRP2/MPDZ/BCHE/ABCC2/ATP7A",8
"C0686377","CNS metastases","8/495","102/21671",0.0784313725490196,3.43370964547435,3.76672517750885,0.00235544064935615,0.0184043229770526,0.0128427845254141,"CD74/SMARCA1/DDR2/TIMP2/CCL2/FLNA/MMP2/C3",8
"C0751056","Non-epileptic convulsion","8/495","102/21671",0.0784313725490196,3.43370964547435,3.76672517750885,0.00235544064935615,0.0184043229770526,0.0128427845254141,"CHRNA3/CLU/TCF4/NRP2/MPDZ/BCHE/ABCC2/ATP7A",8
"C0751110","Single Seizure","8/495","102/21671",0.0784313725490196,3.43370964547435,3.76672517750885,0.00235544064935615,0.0184043229770526,0.0128427845254141,"CHRNA3/CLU/TCF4/NRP2/MPDZ/BCHE/ABCC2/ATP7A",8
"C0751123","Atonic Absence Seizures","8/495","102/21671",0.0784313725490196,3.43370964547435,3.76672517750885,0.00235544064935615,0.0184043229770526,0.0128427845254141,"CHRNA3/CLU/TCF4/NRP2/MPDZ/BCHE/ABCC2/ATP7A",8
"C0751496","Seizures, Sensory","8/495","102/21671",0.0784313725490196,3.43370964547435,3.76672517750885,0.00235544064935615,0.0184043229770526,0.0128427845254141,"CHRNA3/CLU/TCF4/NRP2/MPDZ/BCHE/ABCC2/ATP7A",8
"C3495874","Nonepileptic Seizures","8/495","102/21671",0.0784313725490196,3.43370964547435,3.76672517750885,0.00235544064935615,0.0184043229770526,0.0128427845254141,"CHRNA3/CLU/TCF4/NRP2/MPDZ/BCHE/ABCC2/ATP7A",8
"C4505436","Generalized Absence Seizures","8/495","102/21671",0.0784313725490196,3.43370964547435,3.76672517750885,0.00235544064935615,0.0184043229770526,0.0128427845254141,"CHRNA3/CLU/TCF4/NRP2/MPDZ/BCHE/ABCC2/ATP7A",8
"C1853242","Midface retrusion","13/495","228/21671",0.0570175438596491,2.49621655147971,3.47239559315412,0.0023581202662181,0.0184043229770526,0.0128427845254141,"MAF/RAB23/SETBP1/FGFR1/YME1L1/DDR2/ANTXR1/FLNA/MGP/FAM20C/CDH11/ELN/CTSK",13
"C0029882","Otitis Media","11/495","175/21671",0.0628571428571429,2.75187301587302,3.55756555747123,0.00236172179695201,0.0184043229770526,0.0128427845254141,"SLC11A1/CYBB/FGFR1/SERPINE1/CD3D/PTPRC/CTSB/CCL2/MMP2/C7/CTSK",11
"C0162534","Prion Diseases","11/495","175/21671",0.0628571428571429,2.75187301587302,3.55756555747123,0.00236172179695201,0.0184043229770526,0.0128427845254141,"CLU/CYBB/PPP1R12B/HECTD2/NEGR1/MFGE8/CRYAB/CFH/LGALS1/EDIL3/MTR",11
"C1282496","Metastasis from malignant tumor of prostate","17/495","342/21671",0.0497076023391813,2.17618878846949,3.35208430215736,0.00239392475077533,0.0186365237381967,0.0130048173448626,"HAVCR2/ICAM1/DLC1/TUSC3/EDNRA/ARHGAP9/CYP1B1/CAV1/NR3C1/SPARC/CCL2/SERPINF1/SPARCL1/MMP2/VEGFC/MTRR/ERCC1",17
"C0024591","Malignant hyperpyrexia due to anesthesia","6/495","60/21671",0.1,4.3779797979798,4.00594822964248,0.00243058282042962,0.0189029061516545,0.0131907025818073,"COL4A1/EPHA3/CACNA2D1/SLC24A3/FLNA/BCHE",6
"C0276447","Rhinovirus infection","12/495","202/21671",0.0594059405940594,2.6007800780078,3.49471318485534,0.00244506734515552,0.018977446548672,0.0132427178750908,"ICAM1/CYBB/EDNRA/CCL5/ACKR3/CAV2/MYLK/NR3C1/CCL2/MMP2/MCAM/MYO5A",12
"C0334579","Anaplastic astrocytoma","12/495","202/21671",0.0594059405940594,2.6007800780078,3.49471318485534,0.00244506734515552,0.018977446548672,0.0132427178750908,"IGFBP5/ADAM12/CD74/FGFR1/LATS2/SERPINE1/CAV1/CRYAB/PDPN/MMP2/THBS1/ERCC1",12
"C0085612","Ventricular arrhythmia","11/495","176/21671",0.0625,2.73623737373737,3.53595558030105,0.00246880635164938,0.0191425165163925,0.0133579059224694,"PDE5A/AGTR1/GJA1/EFS/PLN/ANK2/F2R/FLNA/NFATC1/DTNA/CES2",11
"C0022116","Ischemia","8/495","103/21671",0.0776699029126214,3.40037265862509,3.73338206839486,0.00250400574453882,0.0193573138694588,0.0135077944092939,"GJA1/ACTA2/MFGE8/CCL2/MMP2/THBS1/AKR1B1/THBD",8
"C0028840","Ocular Hypertension","8/495","103/21671",0.0776699029126214,3.40037265862509,3.73338206839486,0.00250400574453882,0.0193573138694588,0.0135077944092939,"CYP1B1/CAV1/NR3C1/MMP2/THBS1/C3/LOXL1/AKR1B1",8
"C1837142","Poor suck","8/495","103/21671",0.0776699029126214,3.40037265862509,3.73338206839486,0.00250400574453882,0.0193573138694588,0.0135077944092939,"TPM2/DES/COL6A1/NDN/LAMB2/COL13A1/ATP7A/CDH1",8
"C0206650","Fibroadenoma","10/495","151/21671",0.0662251655629139,2.89932436952305,3.5807711985807,0.00251805175880058,0.0194464894553034,0.0135700223345133,"MMP11/CD74/GJA1/DCN/CCL2/FLNA/MMP2/MSN/EDIL3/CDH1",10
"C0035229","Respiratory Insufficiency","16/495","315/21671",0.0507936507936508,2.22373577040244,3.3449764665041,0.00256488314467233,0.0197469582485919,0.0137796935065324,"COL3A1/TPM2/GLI3/AGTR1/PMP22/FGFR1/EGR2/COL12A1/CFL2/FHL1/FLNA/COL1A2/COL13A1/MTRR/CTLA4/HLA-DPA1",16
"C4551687","Sarcoma of soft tissue","14/495","258/21671",0.0542635658914729,2.37564795239214,3.39850952557835,0.00257292672682473,0.0197469582485919,0.0137796935065324,"PECAM1/FGFR1/LATS2/SERPINE1/PTPRC/STOM/CAV1/MITF/CCL2/PDPN/VEGFC/PRIMA1/THBD/ABCC3",14
"C0240635","Byzanthine arch palate","22/495","497/21671",0.0442655935613682,1.93793874357255,3.23415854934464,0.00257641024995874,0.0197469582485919,0.0137796935065324,"TPM2/PTPN14/RAB23/SETBP1/TGFBR1/FGFR1/TRPS1/AP1S2/IGHM/COL12A1/DDR2/CFL2/COL6A2/COL6A1/FLNA/FAM20C/AEBP1/CDH11/EFEMP2/LAMB2/COL13A1/ATP7A",22
"C0234860","Weak cry","5/495","42/21671",0.119047619047619,5.21188071188071,4.17727030317071,0.00258245142083961,0.0197469582485919,0.0137796935065324,"TPM2/KCNMA1/CRYAB/LAMB2/COL13A1",5
"C0238065","Secondary Biliary Cholangitis","5/495","42/21671",0.119047619047619,5.21188071188071,4.17727030317071,0.00258245142083961,0.0197469582485919,0.0137796935065324,"CYGB/CCL5/CD3D/CDH5/ABCC2",5
"C1531624","Cardioembolic stroke","5/495","42/21671",0.119047619047619,5.21188071188071,4.17727030317071,0.00258245142083961,0.0197469582485919,0.0137796935065324,"VWF/SERPINE1/CAV2/CCL2/MTHFR",5
"C1802398","Chromosome 5, trisomy 5q","5/495","42/21671",0.119047619047619,5.21188071188071,4.17727030317071,0.00258245142083961,0.0197469582485919,0.0137796935065324,"CD74/FLI1/ATXN1/F2R/SPARC",5
"C1961121","Congenital vascular anomaly","5/495","42/21671",0.119047619047619,5.21188071188071,4.17727030317071,0.00258245142083961,0.0197469582485919,0.0137796935065324,"PECAM1/VWF/NRP2/CCL2/FLNA",5
"C3489396","Hypogonadism, Isolated Hypogonadotropic","5/495","42/21671",0.119047619047619,5.21188071188071,4.17727030317071,0.00258245142083961,0.0197469582485919,0.0137796935065324,"FGFR1/EDNRA/ACKR3/SRPX/NDN",5
"C4551595","Biliary Cirrhosis, Primary, 1","5/495","42/21671",0.119047619047619,5.21188071188071,4.17727030317071,0.00258245142083961,0.0197469582485919,0.0137796935065324,"CYGB/CCL5/CD3D/CDH5/ABCC2",5
"C2919945","Cavernous Hemangioma of Brain","9/495","127/21671",0.0708661417322835,3.1025053686471,3.63317146588292,0.00258658047692646,0.0197590260101305,0.0137881145531167,"PECAM1/ICAM1/GLI3/FGFR1/GJA1/HEG1/THBS1/ELN/PRKCB",9
"C0036323","Schistosomiasis","10/495","152/21671",0.0657894736842105,2.88024986709197,3.55661133964157,0.00264187182237813,0.0201438190413322,0.0140566283144089,"LSAMP/CD38/SERPINE1/CTSB/SPARC/MMP2/HLA-DQB1/LILRB2/CTLA4/HLA-DPA1",10
"C0030524","Paratuberculosis","6/495","61/21671",0.0983606557377049,4.30620963735718,3.95346603946491,0.00264475393300218,0.0201438190413322,0.0140566283144089,"SLC11A1/AOC3/LSAMP/C1R/C3/IL10RA",6
"C3277226","Restrictive ventilatory defect","6/495","61/21671",0.0983606557377049,4.30620963735718,3.95346603946491,0.00264475393300218,0.0201438190413322,0.0140566283144089,"CSF2RA/DDR2/COL6A1/COL13A1/CTLA4/HLA-DPA1",6
"C0375023","Respiratory syncytial virus (RSV) infection in conditions classified elsewhere and of unspecified site","21/495","467/21671",0.0449678800856531,1.96868470572967,3.2355050077111,0.00265678646678204,0.020198868635655,0.0140950426629824,"LAIR1/EPHA3/PECAM1/LSAMP/ICAM1/SMARCA1/POSTN/CD8A/CD38/SERPINE1/CCL5/PTPRC/CAV1/VCAM1/NR3C1/F2R/CCL2/MMP2/THBS1/PRKCB/DHFR",21
"C0521607","Peritoneal Fibrosis","8/495","104/21671",0.0769230769230769,3.36767676767677,3.7004479870762,0.00265980454536124,0.020198868635655,0.0140950426629824,"AGTR1/POSTN/SERPINE1/TIMP2/CCL2/MMP2/VEGFC/THBS1",8
"C1562113","Fleck corneal dystrophy","8/495","104/21671",0.0769230769230769,3.36767676767677,3.7004479870762,0.00265980454536124,0.020198868635655,0.0140950426629824,"CLU/TCF4/JAK3/GJA1/COL8A2/CRYAB/CCL2/ITGA4",8
"C0018915","Hemangioendothelioma","4/495","26/21671",0.153846153846154,6.73535353535354,4.47381646464857,0.0026976239639844,0.0203861416829494,0.0142257243184184,"SERPINE1/WWTR1/CCL2/PDPN",4
"C0241181","Fragile skin","4/495","26/21671",0.153846153846154,6.73535353535354,4.47381646464857,0.0026976239639844,0.0203861416829494,0.0142257243184184,"COL3A1/C1S/COL1A2/ADAMTS2",4
"C0578575","Dissection of proximal aorta","4/495","26/21671",0.153846153846154,6.73535353535354,4.47381646464857,0.0026976239639844,0.0203861416829494,0.0142257243184184,"COL3A1/VWF/MMP2/ELN",4
"C3899665","Childhood Epithelioid Hemangioendothelioma","4/495","26/21671",0.153846153846154,6.73535353535354,4.47381646464857,0.0026976239639844,0.0203861416829494,0.0142257243184184,"PECAM1/FLI1/WWTR1/CAV1",4
"C3900104","Adult Epithelioid Hemangioendothelioma","4/495","26/21671",0.153846153846154,6.73535353535354,4.47381646464857,0.0026976239639844,0.0203861416829494,0.0142257243184184,"PECAM1/FLI1/WWTR1/CAV1",4
"C0005941","Bone Diseases, Developmental","7/495","82/21671",0.0853658536585366,3.73729982754373,3.79684723738831,0.00270425775339055,0.0204163553194573,0.0142468078010264,"PCSK5/TRPS1/GPC6/NR3C1/FLNA/FAM20C/CTSK",7
"C1306759","Eosinophilic disorder","15/495","288/21671",0.0520833333333333,2.28019781144781,3.34386778497297,0.00272281895084072,0.0205364708794666,0.0143306260570564,"HAVCR2/ICAM1/POSTN/FGFR1/CCL5/CD2/TNC/MYH11/VCAM1/NR3C1/PDPN/SDC2/CD300LF/CTLA4/MTHFR",15
"C0005940","Bone Diseases","16/495","317/21671",0.0504731861198738,2.20970589172482,3.31726295423351,0.00273031932172041,0.0205730092082162,0.0143561229951201,"S1PR3/FYN/PDLIM3/POSTN/TRPS1/IGFBP7/CCL5/WWTR1/CLDN11/RGS10/SPARC/CCL2/SERPINF1/MMP2/CTSK/RORA",16
"C0205696","Anaplastic carcinoma","13/495","232/21671",0.0560344827586207,2.45317833507489,3.40228535515942,0.00274138973326736,0.0206363507034878,0.0144003235438882,"TRPS1/IL6ST/BASP1/ACKR3/TNC/EFEMP1/DES/SPARC/MGP/NDN/MSN/ATP7B/CDH1",13
"C0240063","Coloboma of iris","10/495","153/21671",0.065359477124183,2.86142470456196,3.53264769639357,0.00277051843554456,0.0208353745647847,0.0145392050756478,"COL4A1/FLI1/MAF/FGFR1/ZEB2/FLNA/DACT1/MPDZ/MMP2/CDON",10
"C1378050","Oncocytic Neoplasm","8/495","105/21671",0.0761904761904762,3.33560365560366,3.66791351013896,0.00282307461720114,0.0212100252035306,0.014800641338841,"IGFBP5/FGFR1/MITF/VCAM1/NR3C1/DES/PRKCB/CDH1",8
"C0013743","Eisenmenger Complex","3/495","13/21671",0.230769230769231,10.1030303030303,5.0194782982725,0.00285597897355425,0.0212511173190694,0.0148293159706771,"TGFBR1/EDNRA/THBD",3
"C0019326","Ventral Hernia","3/495","13/21671",0.230769230769231,10.1030303030303,5.0194782982725,0.00285597897355425,0.0212511173190694,0.0148293159706771,"COL3A1/TWIST2/AEBP1",3
"C0022350","Jaundice, Chronic Idiopathic","3/495","13/21671",0.230769230769231,10.1030303030303,5.0194782982725,0.00285597897355425,0.0212511173190694,0.0148293159706771,"RDX/ABCC2/ABCC3",3
"C0030343","Panuveitis","3/495","13/21671",0.230769230769231,10.1030303030303,5.0194782982725,0.00285597897355425,0.0212511173190694,0.0148293159706771,"GEM/CCL2/CFH",3
"C0040962","Tricuspid Valve Prolapse","3/495","13/21671",0.230769230769231,10.1030303030303,5.0194782982725,0.00285597897355425,0.0212511173190694,0.0148293159706771,"TGFBR1/FGFR1/FLNA",3
"C0234362","Synkinesis","3/495","13/21671",0.230769230769231,10.1030303030303,5.0194782982725,0.00285597897355425,0.0212511173190694,0.0148293159706771,"FGFR1/ACKR3/PTPRC",3
"C0271148","Secondary Open Angle Glaucoma","3/495","13/21671",0.230769230769231,10.1030303030303,5.0194782982725,0.00285597897355425,0.0212511173190694,0.0148293159706771,"CAV2/CAV1/CRYAB",3
"C0543822","Atherosclerotic occlusive disease","3/495","13/21671",0.230769230769231,10.1030303030303,5.0194782982725,0.00285597897355425,0.0212511173190694,0.0148293159706771,"SERPINE1/TIMP2/MMP2",3
"C1567742","Alport Syndrome, X-Linked","3/495","13/21671",0.230769230769231,10.1030303030303,5.0194782982725,0.00285597897355425,0.0212511173190694,0.0148293159706771,"CFH/LAMB2/MTHFR",3
"C1960443","Vasculitic neuropathy","3/495","13/21671",0.230769230769231,10.1030303030303,5.0194782982725,0.00285597897355425,0.0212511173190694,0.0148293159706771,"SERPING1/MMP2/IGLJ3",3
"C0398625","Protein C Deficiency","5/495","43/21671",0.116279069767442,5.09067418369744,4.10516888254963,0.00286829508483827,0.0212647772898606,0.014838848082329,"VWF/SERPINE1/TFPI/THBD/MTHFR",5
"C1510475","Diverticulosis","5/495","43/21671",0.116279069767442,5.09067418369744,4.10516888254963,0.00286829508483827,0.0212647772898606,0.014838848082329,"COL3A1/GJA1/TIMP2/GAP43/TACR2",5
"C0694550","Recurrent pneumonia","6/495","62/21671",0.0967741935483871,4.23675464320626,3.9020998714926,0.00287276840397077,0.0212647772898606,0.014838848082329,"CYBB/JAK3/SETBP1/IGHM/CD3D/DDR2",6
"C0741916","Cardiac defects","6/495","62/21671",0.0967741935483871,4.23675464320626,3.9020998714926,0.00287276840397077,0.0212647772898606,0.014838848082329,"PDLIM3/SOX7/MEIS2/FLNA/MMP2/NFATC1",6
"C4721411","Osteolysis","6/495","62/21671",0.0967741935483871,4.23675464320626,3.9020998714926,0.00287276840397077,0.0212647772898606,0.014838848082329,"COL3A1/FGFR1/CAV1/CTSC/CTSK/ATP7A",6
"C0265660","Syndactyly of the toes","9/495","129/21671",0.0697674418604651,3.05440451021846,3.57806227613512,0.00287428631842035,0.0212647772898606,0.014838848082329,"FLI1/GLI3/RAB23/FGFR1/GJA1/TWIST2/MEF2C/FLNA/DACT1",9
"C0002878","Anemia, Hemolytic","10/495","154/21671",0.0649350649350649,2.84284402466221,3.50887720613828,0.00290412463631368,0.0214066099126266,0.0149378207973334,"COL4A1/VWF/FLNA/CFH/WIPF1/A2M/C3/ATP7B/CTLA4/MTHFR",10
"C0235527","Heart Failure, Right-Sided","10/495","154/21671",0.0649350649350649,2.84284402466221,3.50887720613828,0.00290412463631368,0.0214066099126266,0.0149378207973334,"APOC1/VWF/AGTR1/CYBB/POSTN/EDNRA/SERPINE1/HTR2B/CCL2/MMP2",10
"C0206062","Lung Diseases, Interstitial","16/495","319/21671",0.0501567398119122,2.19585193629081,3.2897550569252,0.00290451162124587,0.0214066099126266,0.0149378207973334,"LRRFIP1/VWF/FLI1/ICAM1/POSTN/TGFBR1/CSF2RA/CCL5/PTPRC/CAV1/VCAM1/CCL2/FLNA/LGALS1/MSN/ELN",16
"C1145670","Respiratory Failure","16/495","319/21671",0.0501567398119122,2.19585193629081,3.2897550569252,0.00290451162124587,0.0214066099126266,0.0149378207973334,"TPM2/ATXN1/COL12A1/CRYAB/COL6A2/DES/COL6A1/FLNA/PDPN/FAM20C/FSTL1/GREM1/ELN/BCHE/COL13A1/THBD",16
"C0029172","Oral Submucous Fibrosis","8/495","106/21671",0.0754716981132075,3.30413569658853,3.63576952120699,0.00299405654531781,0.0220104473607719,0.0153591867038422,"DKK3/SERPINE1/ZEB2/CCL2/MMP2/COL1A2/LUM/CTLA4",8
"C1839758","Narrow forehead","8/495","106/21671",0.0754716981132075,3.30413569658853,3.63576952120699,0.00299405654531781,0.0220104473607719,0.0153591867038422,"FRMD4A/TCF4/SETBP1/MEIS2/NDN/CDH11/ELN/CCDC88A",8
"C1535926","Neurodevelopmental Disorders","23/495","535/21671",0.0429906542056075,1.88212215614085,3.1586704112526,0.00299496663029352,0.0220104473607719,0.0153591867038422,"ICAM1/SMARCA1/TCF4/NLGN4X/SETBP1/AP1S2/CD38/EDNRA/ACKR3/GNB5/KCNMA1/CPQ/ITPR1/ANK2/ZEB2/MEF2C/GREM1/ELN/MTRR/CDH2/ATP7A/MTR/CTLA4",23
"C0007113","Rectal Carcinoma","21/495","472/21671",0.0444915254237288,1.94782999486389,3.1831261546563,0.00300847891778975,0.0220887940257814,0.0154138580622104,"MMP11/CYBB/TCF4/DLC1/MCC/SERPINE1/GJA1/RPS6KA2/DCLK1/TIMP2/SPARC/SERPINF1/MMP2/VEGFC/GREM1/HLA-DQB1/CCDC88A/ERCC1/UMPS/MTHFR/TYMS",21
"C0043119","Werner Syndrome","9/495","130/21671",0.0692307692307692,3.03090909090909,3.55090718255285,0.00302731678723937,0.0222060566609433,0.0154956855088458,"COL3A1/ICAM1/FGFR1/SERPINE1/EFEMP1/DCN/TAGLN/ERCC1/CES2",9
"C0079218","Fibromatosis, Aggressive","7/495","84/21671",0.0833333333333333,3.6483164983165,3.71812061709943,0.00309912915920029,0.0226361349429988,0.0157957999282888,"PECAM1/POSTN/SERPINE1/MITF/GREM1/ELN/AXIN2",7
"C0019322","Umbilical hernia","4/495","27/21671",0.148148148148148,6.48589599700711,4.36084630275441,0.00311033171655556,0.0226361349429988,0.0157957999282888,"GLI3/TRPS1/KCNMA1/AEBP1",4
"C0178879","Urinary tract obstruction","4/495","27/21671",0.148148148148148,6.48589599700711,4.36084630275441,0.00311033171655556,0.0226361349429988,0.0157957999282888,"ICAM1/BNC2/TSHZ3/ADAMTS1",4
"C0700225","Serum creatinine raised","4/495","27/21671",0.148148148148148,6.48589599700711,4.36084630275441,0.00311033171655556,0.0226361349429988,0.0157957999282888,"PKD2/CFH/C3/THBD",4
"C0751202","Cystathionine beta-Synthase Deficiency Disease","4/495","27/21671",0.148148148148148,6.48589599700711,4.36084630275441,0.00311033171655556,0.0226361349429988,0.0157957999282888,"BCHE/THBD/MTRR/MTHFR",4
"C1836672","Total Hypotrichosis, Mari type","4/495","27/21671",0.148148148148148,6.48589599700711,4.36084630275441,0.00311033171655556,0.0226361349429988,0.0157957999282888,"EDNRA/ACKR3/CCL2/MMP2",4
"C0009326","Collagen Diseases","6/495","63/21671",0.0952380952380952,4.16950456950457,3.85180650569639,0.00311517168205999,0.0226361349429988,0.0157957999282888,"CCL5/DES/MGP/COL1A2/PDLIM7/ADAMTS2",6
"C0270960","Congenital myopathy (disorder)","6/495","63/21671",0.0952380952380952,4.16950456950457,3.85180650569639,0.00311517168205999,0.0226361349429988,0.0157957999282888,"TPM2/COL12A1/CFL2/FHL1/DES/DTNA",6
"C0549493","Alveolitis","6/495","63/21671",0.0952380952380952,4.16950456950457,3.85180650569639,0.00311517168205999,0.0226361349429988,0.0157957999282888,"ICAM1/IL2RB/ITGA1/CCL5/CCL2/THBS1",6
"C0973461","Dysphasia","6/495","63/21671",0.0952380952380952,4.16950456950457,3.85180650569639,0.00311517168205999,0.0226361349429988,0.0157957999282888,"TCF4/FGFR1/CFH/COL1A2/ADAMTS2/ATP1A2",6
"C3146250","Stage III Colorectal Cancer AJCC v7","5/495","44/21671",0.113636363636364,4.97497704315886,4.03527292888541,0.00317631581875506,0.0230588025605218,0.0160907430861809,"ACTG2/ERCC1/MTR/MTHFR/TYMS",5
"C4552091","Polyarthritis, Juvenile, Rheumatoid Factor Negative","9/495","131/21671",0.0687022900763359,3.00777238029146,3.52401188909087,0.00318670302352381,0.0230697347509805,0.0160983717159668,"SLC11A1/CLU/CALD1/GNG11/PGM5/TFPI/MSN/THBS1/CTLA4",9
"C4704862","Polyarthritis, Juvenile, Rheumatoid Factor Positive","9/495","131/21671",0.0687022900763359,3.00777238029146,3.52401188909087,0.00318670302352381,0.0230697347509805,0.0160983717159668,"SLC11A1/CLU/CALD1/GNG11/PGM5/TFPI/MSN/THBS1/CTLA4",9
"C0280803","Primary central nervous system lymphoma","10/495","156/21671",0.0641025641025641,2.80639730639731,3.4619037719265,0.00318675654318992,0.0230697347509805,0.0160983717159668,"PECAM1/EBF1/RPS6KA2/CCL2/PDLIM7/DHFR/MTR/SLC19A1/MTHFR/TYMS",10
"C0015469","Facial paralysis","11/495","182/21671",0.0604395604395604,2.64603174603175,3.40938376652987,0.00319672743530771,0.0231203087898165,0.0161336629616247,"COL4A1/TPM2/SGCD/GJA1/COL12A1/TUBB6/COL6A2/DES/COL6A1/LAMB2/COL13A1",11
"C3658290","Drug-Induced Acute Liver Injury","19/495","413/21671",0.0460048426150121,2.01408271577763,3.18124631070769,0.00324795069103911,0.0234688675865568,0.0163768919859444,"COL3A1/CLU/VWF/TGFBR1/NREP/TUBA1A/ITPR1/SERPING1/CCDC80/CCL2/MMP2/CFH/HLA-DQB1/C3/ALDH1L2/ABCC2/DHFR/MTHFR/CES2",19
"C0014335","Enteritis","7/495","85/21671",0.0823529411764706,3.60539512774807,3.67965468201547,0.00331236535261351,0.023889741174436,0.016670583245781,"COL3A1/ICAM1/SERPINE1/TNC/SPARC/CFH/NFATC1",7
"C3806467","Respiratory insufficiency due to muscle weakness","7/495","85/21671",0.0823529411764706,3.60539512774807,3.67965468201547,0.00331236535261351,0.023889741174436,0.016670583245781,"TPM2/SYNE1/FHL1/CRYAB/COL6A2/DES/COL6A1",7
"C0205647","Follicular adenoma","11/495","183/21671",0.0601092896174863,2.63157255616272,3.38878510737765,0.00333327041739797,0.0239935896933642,0.0167430501413871,"CD74/POSTN/RAB23/GJA1/CYP1B1/SDC2/MMP2/LGALS1/RASSF2/MTRR/SLC19A1",11
"C0341106","Eosinophilic esophagitis","11/495","183/21671",0.0601092896174863,2.63157255616272,3.38878510737765,0.00333327041739797,0.0239935896933642,0.0167430501413871,"ICAM1/POSTN/GJA1/TIMP2/COL8A2/VCAM1/CCL2/MMP2/JAZF1/STC1/ABCC2",11
"C4722419","Extrapulmonary Small Cell Carcinoma","10/495","157/21671",0.0636942675159236,2.78852216431834,3.43869503492091,0.00333605681638953,0.0239935896933642,0.0167430501413871,"HAVCR2/TSPAN4/ADAM12/TUSC3/FGFR1/VEGFC/HLA-DQB1/STC1/MTHFR/CDH1",10
"C0751495","Seizures, Focal","12/495","210/21671",0.0571428571428571,2.50170274170274,3.3433260695264,0.00335593289709971,0.0241141523385291,0.016827180379462,"CHRNA3/CLU/TCF4/MAP1B/TUSC3/NRP2/FLNA/FAM20C/MPDZ/BCHE/ABCC2/ATP7A",12
"C0270844","Tonic Seizures","8/495","108/21671",0.0740740740740741,3.24294799850355,3.57261800071774,0.00336013271840083,0.0241219536948405,0.0168326242709997,"CHRNA3/CLU/TCF4/NRP2/MPDZ/BCHE/ABCC2/ATP7A",8
"C0403592","Chronic rejection of renal transplant","6/495","64/21671",0.09375,4.10435606060606,3.8025450655609,0.0033725131793725,0.0241884139698328,0.0168790011462747,"HAVCR2/CLU/SERPINE1/F2R/ADAM19/MTHFR",6
"C0024301","Lymphoma, Follicular","21/495","477/21671",0.0440251572327044,1.92741248967664,3.13137987321904,0.00339848370133292,0.0243521320541395,0.0169932458311939,"DOCK2/LAIR1/RUNX1T1/SYNE1/EBF1/CD38/CCL5/HLA-DRB6/GEM/SERPING1/CCL2/HLA-DQB1/PRIMA1/LCP2/EDIL3/ERCC1/MTR/MTHFR/TYMS/CD27/BMS1P20",21
"C0730328","Central Serous Chorioretinopathy","12/495","211/21671",0.0568720379146919,2.48984633060462,3.3248950046424,0.00348687521368847,0.0249624171952227,0.0174191110247012,"MMP11/ADAM12/PECAM1/OSMR/SERPINE1/ACKR3/DCLK1/CAV1/CFH/LGALS1/WIPF1/CDH5",12
"C0023480","Leukemia, Myelomonocytic, Chronic","10/495","158/21671",0.0632911392405063,2.77087328986063,3.4156678611208,0.0034908657418419,0.0249679095441435,0.0174229436597737,"CYBB/SETBP1/FGFR1/EGR2/PTPRC/HIP1/NRP2/BCHE/ERCC1/CTLA4",10
"C0032051","Placental Insufficiency","5/495","45/21671",0.111111111111111,4.86442199775533,3.96746216755515,0.00350746196376267,0.0249713238706853,0.0174253262228341,"VWF/AGTR1/PAPPA/SERPINE1/THBD",5
"C0206731","Angiofibroma","5/495","45/21671",0.111111111111111,4.86442199775533,3.96746216755515,0.00350746196376267,0.0249713238706853,0.0174253262228341,"TIMP2/DCN/SPARC/CCL2/AXIN2",5
"C0220766","Congenital hypoplasia of adrenal gland","5/495","45/21671",0.111111111111111,4.86442199775533,3.96746216755515,0.00350746196376267,0.0249713238706853,0.0174253262228341,"ICAM1/PMP22/CTSB/ATP1A2/AKR1B1",5
"C0677949","Stage III Colorectal Cancer","5/495","45/21671",0.111111111111111,4.86442199775533,3.96746216755515,0.00350746196376267,0.0249713238706853,0.0174253262228341,"ACTG2/ERCC1/MTR/MTHFR/TYMS",5
"C0740302","5q-syndrome","5/495","45/21671",0.111111111111111,4.86442199775533,3.96746216755515,0.00350746196376267,0.0249713238706853,0.0174253262228341,"CD74/FLI1/ATXN1/F2R/SPARC",5
"C4551683","Adrenal Gland Pheochromocytoma","19/495","416/21671",0.0456730769230769,1.99955808080808,3.14727169658385,0.00351255604600538,0.0249846273024405,0.0174346095367432,"EPHA3/PDE5A/NLGN4X/TGFBR1/FGFR1/EDNRA/CSF2RA/CCL5/ACKR3/PKD2/ACTA2/TIMP2/MITF/NR3C1/GAP43/TGFB1I1/EMP3/LGALS1/CDH1",19
"C0024814","Marinesco-Sjogren syndrome","9/495","133/21671",0.0676691729323308,2.96254272043746,3.47098186301778,0.00352526783070299,0.0250061199104681,0.0174496073681837,"PECAM1/JAK3/CD8A/TIMP2/VCAM1/RERG/CTLA4/MTHFR/TYMS",9
"C1849089","Broad forehead","9/495","133/21671",0.0676691729323308,2.96254272043746,3.47098186301778,0.00352526783070299,0.0250061199104681,0.0174496073681837,"SETBP1/TRPS1/ZFPM2/ACTG2/MEF2C/ANTXR1/FLNA/CDH11/ELN",9
"C0003537","Aphasia","7/495","86/21671",0.0813953488372093,3.56347192858821,3.64176448377416,0.00353660988917655,0.0250061199104681,0.0174496073681837,"TCF4/FGFR1/MEF2C/COL1A2/HLA-DQB1/ADAMTS2/ATP1A2",7
"C0162809","Kallmann Syndrome","7/495","86/21671",0.0813953488372093,3.56347192858821,3.64176448377416,0.00353660988917655,0.0250061199104681,0.0174496073681837,"GLI3/FGFR1/EDNRA/ACKR3/AXL/NRP2/NDN",7
"C0494261","Combined immunodeficiency","7/495","86/21671",0.0813953488372093,3.56347192858821,3.64176448377416,0.00353660988917655,0.0250061199104681,0.0174496073681837,"DOCK2/TRAC/ANGPTL2/WIPF1/MSN/CTLA4/CD27",7
"C0038362","Stomatitis","8/495","109/21671",0.073394495412844,3.21319618200352,3.5415936593493,0.00355572218275299,0.0250061199104681,0.0174496073681837,"PECAM1/HLA-DQB1/BCHE/ABCC2/MTRR/SLC19A1/MTHFR/TYMS",8
"C0151814","Coronary Occlusion","4/495","28/21671",0.142857142857143,6.25425685425685,4.25345337310717,0.00356409525270438,0.0250061199104681,0.0174496073681837,"GLI3/SERPINE1/VCAM1/CCL2",4
"C1568363","Tendinosis","4/495","28/21671",0.142857142857143,6.25425685425685,4.25345337310717,0.00356409525270438,0.0250061199104681,0.0174496073681837,"ADAMTS5/IL2RB/DCN/MMP2",4
"C4281559","FRONTOMETAPHYSEAL DYSPLASIA 1","4/495","28/21671",0.142857142857143,6.25425685425685,4.25345337310717,0.00356409525270438,0.0250061199104681,0.0174496073681837,"CAV2/FLNA/TACR2/RTN1",4
"C0025297","Viral meningitis","3/495","14/21671",0.214285714285714,9.38138528138528,4.7961280055484,0.00357368638534575,0.0250061199104681,0.0174496073681837,"ICAM1/TIMP2/MMP2",3
"C0334361","Serous surface papillary carcinoma","3/495","14/21671",0.214285714285714,9.38138528138528,4.7961280055484,0.00357368638534575,0.0250061199104681,0.0174496073681837,"DES/MCAM/THBD",3
"C0398367","Histiocytic Necrotizing Lymphadenitis","3/495","14/21671",0.214285714285714,9.38138528138528,4.7961280055484,0.00357368638534575,0.0250061199104681,0.0174496073681837,"GBP1/PDLIM7/HLA-DPA1",3
"C0521173","Granulomatosis","3/495","14/21671",0.214285714285714,9.38138528138528,4.7961280055484,0.00357368638534575,0.0250061199104681,0.0174496073681837,"CYBB/CTLA4/HLA-DPA1",3
"C0524988","Schnitzler Syndrome","3/495","14/21671",0.214285714285714,9.38138528138528,4.7961280055484,0.00357368638534575,0.0250061199104681,0.0174496073681837,"GLI3/PAPPA/CCL2",3
"C0584837","Choanal stenosis","3/495","14/21671",0.214285714285714,9.38138528138528,4.7961280055484,0.00357368638534575,0.0250061199104681,0.0174496073681837,"SETBP1/FGFR1/FAM20C",3
"C1167912","Coagulation factor measurement","3/495","14/21671",0.214285714285714,9.38138528138528,4.7961280055484,0.00357368638534575,0.0250061199104681,0.0174496073681837,"VWF/CFH/LBH",3
"C1840374","Elevated systolic blood pressure","3/495","14/21671",0.214285714285714,9.38138528138528,4.7961280055484,0.00357368638534575,0.0250061199104681,0.0174496073681837,"AGTR1/PKD2/PTGIS",3
"C4329988","Feline Mammary Carcinoma","3/495","14/21671",0.214285714285714,9.38138528138528,4.7961280055484,0.00357368638534575,0.0250061199104681,0.0174496073681837,"TIMP2/MMP2/CDH1",3
"C0162429","Malnutrition","19/495","417/21671",0.0455635491606715,1.99476297749679,3.1360096754186,0.00360464770459294,0.025200001010629,0.0175849002119369,"RGS2/PECAM1/VWF/LIPA/ICAM1/CYBB/SMARCA1/SERPING1/MITF/ACTG2/VCAM1/NR3C1/CCL2/MGP/CFH/BCHE/MTR/MTHFR/CDH1",19
"C0242966","Systemic Inflammatory Response Syndrome","11/495","185/21671",0.0594594594594595,2.60312312312312,3.34799690480783,0.00362038609532552,0.0252750594712114,0.0176372770169555,"PDLIM3/ICAM1/CYBB/STON1/SERPINE1/NR3C1/CCL2/CFH/RTN1/THBD/EDIL3",11
"C1153706","Endometrial adenocarcinoma","12/495","212/21671",0.0566037735849057,2.4781017724414,3.30656922488582,0.00362191014885679,0.0252750594712114,0.0176372770169555,"EPHA3/AGTR1/TGFBR1/SLIT2/CCL5/ACKR3/TNC/LGALS1/MSN/ADAMTS1/RRM2/CDH1",12
"C0878773","Overactive Bladder","6/495","65/21671",0.0923076923076923,4.04121212121212,3.75427685634464,0.00364534567745318,0.0253928485769356,0.0177194718418422,"ICAM1/GJA1/KCNMA1/MYLK/ITPR1/MYO5A",6
"C0917996","Cerebral Aneurysm","6/495","65/21671",0.0923076923076923,4.04121212121212,3.75427685634464,0.00364534567745318,0.0253928485769356,0.0177194718418422,"COL4A1/ADAMTS12/CCL2/MMP2/COL1A2/ADAMTS2",6
"C0032580","Adenomatous Polyposis Coli","25/495","609/21671",0.0410509031198686,1.79720024547611,3.0509588972828,0.00367938384961804,0.0256069247970722,0.0178688571123929,"TSPAN4/CYGB/CLU/PTGER3/PECAM1/TCF4/ATXN1/MCC/PMP22/DKK3/IL6ST/LATS2/SERPINE1/FZD1/PKD2/CAV1/ALDH1A3/NR3C1/F2R/CCL2/GREM1/PALLD/MTHFR/AXIN2/CDH1",25
"C1262760","Hepatitis, Drug-Induced","19/495","418/21671",0.0454545454545455,1.98999081726354,3.12477878237051,0.00369873836564015,0.0257185164993255,0.0179467273056432,"COL3A1/CLU/PECAM1/VWF/TGFBR1/NREP/TUBA1A/ITPR1/SERPING1/CCDC80/CCL2/MMP2/CFH/HLA-DQB1/C3/ALDH1L2/ABCC2/DHFR/MTHFR",19
"C1527336","Sjogren's Syndrome","21/495","481/21671",0.0436590436590437,1.91138411138411,3.09042781417754,0.00374019119496052,0.0259834269023894,0.0181315853539035,"PDLIM3/ICAM1/HMCN1/AKT3/CD8A/EDNRA/CCL5/CD2/CTSB/ITPR1/VCAM1/NR3C1/MMP2/MSN/THBS1/C3/HLA-DRA/ELN/CTLA4/LAPTM5/CD27",21
"C0001883","Airway Obstruction","8/495","110/21671",0.0727272727272727,3.18398530762167,3.51092616380842,0.00376001369586027,0.0260587727615943,0.0181841627095528,"EDNRA/SERPINE1/CCL5/SERPING1/KCNMB1/TFPI/ELN/MTR",8
"C0860603","Anxiety symptoms","8/495","110/21671",0.0727272727272727,3.18398530762167,3.51092616380842,0.00376001369586027,0.0260587727615943,0.0181841627095528,"ST8SIA4/EDNRA/SERPINE1/ACKR3/SGCE/CCL2/MMP2/BCHE",8
"C1843013","Alzheimer disease, familial, type 3","12/495","213/21671",0.0563380281690141,2.4664674918196,3.28834754898756,0.00376112935030498,0.0260587727615943,0.0181841627095528,"COL3A1/CLU/SAMD4A/LIPA/RUNX1T1/CD38/VCAM1/NR3C1/HTRA1/HLA-DQB1/BCHE/MTHFR",12
"C0023798","Lipoma","7/495","87/21671",0.0804597701149425,3.52251248113317,3.60443397695101,0.00377222274588077,0.0260889619549933,0.0182052291354302,"HSPB8/SETBP1/FGFR1/DCN/MSRB3/CCL2/PDPN",7
"C1867743","Premature coronary artery atherosclerosis","7/495","87/21671",0.0804597701149425,3.52251248113317,3.60443397695101,0.00377222274588077,0.0260889619549933,0.0182052291354302,"CLU/LIPA/AGTR1/CCL2/THBS4/THBS1/MTHFR",7
"C0003872","Arthritis, Psoriatic","20/495","450/21671",0.0444444444444444,1.94576879910213,3.09969103861153,0.0037821473093322,0.0261342667779547,0.0182368434512614,"PECAM1/ITGA1/IL6ST/CD38/SERPINE1/CCL5/GEM/TIMP2/CCL2/MMP2/MCAM/THBS1/C3/LILRB2/DHFR/CTLA4/MTHFR/TYMS/HLA-DMB/CD27",20
"C0041327","Tuberculosis, Pulmonary","17/495","358/21671",0.0474860335195531,2.07892895434795,3.14718418282164,0.00381086249098012,0.0263092164484243,0.0183589256883225,"SLC11A1/HAVCR2/LSAMP/ICAM1/CD38/CCL5/GEM/MASP1/ACTG2/NR3C1/CCL2/HLA-DQB1/THBD/CTLA4/CDH1/CD27/HLA-DPA1",17
"C1961099","Precursor T-Cell Lymphoblastic Leukemia-Lymphoma","26/495","644/21671",0.0403726708074534,1.7675073718552,3.02306108554039,0.00384489767256615,0.0265205497521793,0.0185063969148682,"ASB2/EML1/IL2RB/JAK3/SETBP1/TRAC/FGFR1/LATS2/IGFBP7/IGHM/CD38/CD3D/CD2/PTPRC/GLIS2/NRP2/NR3C1/ZEB2/MEIS1/MEF2C/MMP2/THBS1/C3/EDIL3/DHFR/TYMS",26
"C0087086","Thrombus","5/495","46/21671",0.108695652173913,4.7586736934563,3.90162542914658,0.00386267996179082,0.0265958390969171,0.018558934833961,"PTGER3/VWF/SERPINE1/CD2/THBD",5
"C0344530","Congenital keratoglobus","5/495","46/21671",0.108695652173913,4.7586736934563,3.90162542914658,0.00386267996179082,0.0265958390969171,0.018558934833961,"CHRDL1/COL8A2/CDH11/ELN/COL8A1",5
"C0019159","Hepatitis A","20/495","451/21671",0.0443458980044346,1.94145445586687,3.08905035191078,0.0038762224456653,0.0266653810516194,0.0186074621468555,"HAVCR2/IL18BP/CLU/LSAMP/FGL2/POSTN/SETBP1/IGFBP7/GJA1/TIMP2/ACTG2/CCL2/FLNA/LGALS1/BCHE/CCDC88A/ABCC2/CTLA4/MTHFR/RRM2",20
"C1402315","Vascular lesions","8/495","111/21671",0.0720720720720721,3.15530075530076,3.48060775292407,0.00397326115326358,0.0273086786984736,0.0190563639116504,"HSPB8/VWF/GJA1/GEM/NR3C1/CCL2/ELN/MTHFR",8
"C0920350","Autoimmune thyroiditis","10/495","161/21671",0.062111801242236,2.71924211054646,3.34764859778183,0.00398976533455969,0.0273978034410455,0.0191185563577491,"ICAM1/GJA1/CCL2/FNBP1/PDLIM7/HLA-DQB1/C3/CTLA4/ADGRL2/SLC25A27",10
"C0027430","Nasal Polyps","21/495","484/21671",0.0433884297520661,1.89953668920611,3.0599682480729,0.00401490265951584,0.0275460017720192,0.0192219711497029,"HAVCR2/ICAM1/POSTN/SERPINE1/CCL5/ACKR3/PTPRC/TNC/DCN/CAV1/ACTG2/VCAM1/NR3C1/CCL2/MMP2/TFPI/LGALS1/A2M/HLA-DRA/LUM/THBD",21
"C0003492","Aortic coarctation","7/495","88/21671",0.0795454545454545,3.4824839302112,3.56764774670154,0.00401956675915182,0.027553596563177,0.0192272708972935,"FLI1/GLI3/AGTR1/FGFR1/MEIS2/MMP2/PRKCB",7
"C0011334","Dental caries","16/495","330/21671",0.0484848484848485,2.12265687174778,3.14200388011984,0.00403505924464032,0.0276353394420724,0.0192843121794667,"COL3A1/TRPS1/GJA1/RPS6KA2/EFS/TIMP2/CAV1/PLEKHO1/PBX3/MMP2/MSN/CDH11/ELN/LUM/CTSK/CDH1",16
"C0149504","Encephalopathy, Toxic","4/495","29/21671",0.137931034482759,6.03859282479972,4.15116176398267,0.00406078088198933,0.0277379265536943,0.0193558988480602,"RNASE6/CRISPLD2/CD3D/BCHE",4
"C0154659","Toxic Encephalitis","4/495","29/21671",0.137931034482759,6.03859282479972,4.15116176398267,0.00406078088198933,0.0277379265536943,0.0193558988480602,"RNASE6/CRISPLD2/CD3D/BCHE",4
"C0600452","Hepatopulmonary Syndrome","4/495","29/21671",0.137931034482759,6.03859282479972,4.15116176398267,0.00406078088198933,0.0277379265536943,0.0193558988480602,"SERPINE1/CAV1/CCL2/MMP2",4
"C0699893","Skin carcinoma","9/495","136/21671",0.0661764705882353,2.89719251336898,3.39327071717812,0.00408536781123555,0.0278812855205556,0.019455936666538,"MMP11/SERPINE1/GNG2/THBS1/CTSK/ERCC1/CTLA4/MTHFR/CD27",9
"C0002152","Alloxan Diabetes","8/495","112/21671",0.0714285714285714,3.12712842712843,3.45063090461717,0.00419572073268169,0.0285840393978473,0.0199463277899556,"AOC3/ICAM1/CYBB/SERPINE1/TIMP2/CAV1/MFGE8/MMP2",8
"C0038433","Streptozotocin Diabetes","8/495","112/21671",0.0714285714285714,3.12712842712843,3.45063090461717,0.00419572073268169,0.0285840393978473,0.0199463277899556,"AOC3/ICAM1/CYBB/SERPINE1/TIMP2/CAV1/MFGE8/MMP2",8
"C0030552","Paresis","12/495","216/21671",0.0555555555555556,2.43221099887767,3.23429561352702,0.00420482371987756,0.0286208827189557,0.0199720375557962,"TPM2/SGCD/PMP22/SYNE1/FHL1/CRYAB/COL6A2/DES/CCL2/COL1A2/BCHE/COL13A1",12
"C0005694","Bladder neck obstruction","6/495","67/21671",0.0895522388059701,3.920578923564,3.66057538311496,0.0042397080766899,0.0286535332807064,0.0199948215576701,"COL3A1/WWTR1/DCN/NRP2/PPP1R14A/ELN",6
"C0279612","Childhood Embryonal Rhabdomyosarcoma","6/495","67/21671",0.0895522388059701,3.920578923564,3.66057538311496,0.0042397080766899,0.0286535332807064,0.0199948215576701,"ICAM1/WWTR1/CAV1/MEF2C/DES/EDIL3",6
"C0345958","Large cell carcinoma of lung","6/495","67/21671",0.0895522388059701,3.920578923564,3.66057538311496,0.0042397080766899,0.0286535332807064,0.0199948215576701,"EPHA3/FGFR1/GJA1/DDR2/MMP2/ERCC1",6
"C0019099","Hemorrhagic Fever, Crimean","5/495","47/21671",0.106382978723404,4.65742531699979,3.83765977811646,0.00424291281603024,0.0286535332807064,0.0199948215576701,"LSAMP/ICAM1/SMARCA1/ANK2/PDPN",5
"C0026884","Mutism","5/495","47/21671",0.106382978723404,4.65742531699979,3.83765977811646,0.00424291281603024,0.0286535332807064,0.0199948215576701,"TCF4/FGFR1/MEF2C/COL1A2/ADAMTS2",5
"C0152096","Complete trisomy 18 syndrome","5/495","47/21671",0.106382978723404,4.65742531699979,3.83765977811646,0.00424291281603024,0.0286535332807064,0.0199948215576701,"ADAM12/PAPPA/CD38/KCNMA1/MTHFR",5
"C0158570","Vascular anomaly","5/495","47/21671",0.106382978723404,4.65742531699979,3.83765977811646,0.00424291281603024,0.0286535332807064,0.0199948215576701,"VWF/NRP2/CCL2/VEGFC/ELN",5
"C3887650","Adult Rickets","5/495","47/21671",0.106382978723404,4.65742531699979,3.83765977811646,0.00424291281603024,0.0286535332807064,0.0199948215576701,"FGFR1/FAM20C/ADAMTS2/ATP7B/ATP7A",5
"C4317091","Trisomy 18 Syndrome","5/495","47/21671",0.106382978723404,4.65742531699979,3.83765977811646,0.00424291281603024,0.0286535332807064,0.0199948215576701,"ADAM12/PAPPA/CD38/KCNMA1/MTHFR",5
"C1839326","Abnormal form of the vertebral bodies","7/495","89/21671",0.0786516853932584,3.44335489728748,3.53139097705325,0.00427900736025489,0.0288721176067373,0.0201473526452493,"FLI1/FGFR1/GJA1/ANTXR1/FLNA/MMP2/ELN",7
"C0018378","Guillain-Barre Syndrome","10/495","163/21671",0.0613496932515337,2.68587717667472,3.3031615193434,0.00435253969293695,0.0293427088437682,0.0204757375504844,"ICAM1/HLA-DOA/PMP22/PRKD1/SERPING1/NR3C1/F2R/CCL2/MMP2/HLA-DQB1",10
"C0031028","Periapical Diseases","3/495","15/21671",0.2,8.7559595959596,4.59411790748115,0.00439198948668303,0.0294039330716048,0.0205184606415115,"PECAM1/MMP2/CTSK",3
"C0079102","Cerebral Thrombosis","3/495","15/21671",0.2,8.7559595959596,4.59411790748115,0.00439198948668303,0.0294039330716048,0.0205184606415115,"VWF/SERPINE1/MTHFR",3
"C0162529","Colitis, Ischemic","3/495","15/21671",0.2,8.7559595959596,4.59411790748115,0.00439198948668303,0.0294039330716048,0.0205184606415115,"SERPINE1/MMP2/MTHFR",3
"C0333297","Chronic ulcer","3/495","15/21671",0.2,8.7559595959596,4.59411790748115,0.00439198948668303,0.0294039330716048,0.0205184606415115,"ADAM12/TIMP2/MMP2",3
"C0409345","Flexion contracture - wrist","3/495","15/21671",0.2,8.7559595959596,4.59411790748115,0.00439198948668303,0.0294039330716048,0.0205184606415115,"COL6A1/FLNA/MMP2",3
"C1836767","Proximal lower limb amyotrophy","3/495","15/21671",0.2,8.7559595959596,4.59411790748115,0.00439198948668303,0.0294039330716048,0.0205184606415115,"SGCD/SYNE1/FHL1",3
"C3843756","Ulcerative colitis or Crohn's","3/495","15/21671",0.2,8.7559595959596,4.59411790748115,0.00439198948668303,0.0294039330716048,0.0205184606415115,"ICAM1/CCL2/MMP2",3
"C4727070","Advanced Carcinoma","3/495","15/21671",0.2,8.7559595959596,4.59411790748115,0.00439198948668303,0.0294039330716048,0.0205184606415115,"DLC1/SDC2/MMP2",3
"C4721555","Autoimmune hepatitis","11/495","190/21671",0.0578947368421053,2.53461988304094,3.24833240535879,0.00442531010926514,0.0295405536542673,0.0206137963247126,"HAVCR2/CD74/FGL2/HLA-DOA/JAM3/PTPRC/GEM/NR3C1/HLA-DQB1/ABCC2/CTLA4",11
"C0010038","Corneal Opacity","8/495","113/21671",0.0707964601769911,3.09945472423349,3.42098832644662,0.00442765076072868,0.0295405536542673,0.0206137963247126,"COL4A1/MAF/FGFR1/GJA1/CYP1B1/COL8A2/TWIST2/ELN",8
"C1961112","Heart Decompensation","8/495","113/21671",0.0707964601769911,3.09945472423349,3.42098832644662,0.00442765076072868,0.0295405536542673,0.0206137963247126,"APOC1/VWF/AGTR1/CYBB/EDNRA/SERPINE1/HTR2B/CCL2",8
"C3160909","Autoimmune arthritis","8/495","113/21671",0.0707964601769911,3.09945472423349,3.42098832644662,0.00442765076072868,0.0295405536542673,0.0206137963247126,"S1PR3/LAIR1/PECAM1/CYBB/HLA-DOA/IL6ST/CD38/VCAM1",8
"C0001206","Acromegaly","9/495","138/21671",0.0652173913043478,2.85520421607378,3.3426360029251,0.00449580322504003,0.0299179482656014,0.0208771473689461,"PDLIM3/AGTR1/CTSB/CCL2/FLNA/MMP2/MTRR/MTR/MTHFR",9
"C3714758","Juvenile psoriatic arthritis","9/495","138/21671",0.0652173913043478,2.85520421607378,3.3426360029251,0.00449580322504003,0.0299179482656014,0.0208771473689461,"SLC11A1/CLU/CALD1/GNG11/PGM5/TFPI/MSN/THBS1/CTLA4",9
"C4024896","Motor neuron atrophy","9/495","138/21671",0.0652173913043478,2.85520421607378,3.3426360029251,0.00449580322504003,0.0299179482656014,0.0208771473689461,"SORBS1/MAP4K4/ATXN1/F2R/CCL2/SERPINF1/CCDC88A/ATP7A/MTHFR",9
"C0239234","Low set ears","21/495","489/21671",0.0429447852760736,1.88011402367231,3.0096776261642,0.00451004738006748,0.0299869759708178,0.020925315831621,"COL4A1/TPM2/FRMD4A/MAF/RAB23/SETBP1/FGFR1/EDNRA/GJA1/FHL1/GPC6/MASP1/TWIST2/MEF2C/ANTXR1/MEIS2/FLNA/FAM20C/CDH11/EFEMP2/COL13A1",21
"C0024668","Mammary Neoplasms, Experimental","12/495","218/21671",0.055045871559633,2.40989713650264,3.19876068715161,0.00452326512993323,0.0299976127538209,0.0209327383221045,"IL18BP/AGTR1/TRPS1/IL6ST/BASP1/EFEMP1/DES/MGP/MMP2/THBS1/CDH1/TYMS",12
"C0205697","Carcinoma, Spindle-Cell","12/495","218/21671",0.055045871559633,2.40989713650264,3.19876068715161,0.00452326512993323,0.0299976127538209,0.0209327383221045,"TRPS1/IL6ST/BASP1/ACKR3/EFEMP1/ZEB2/DES/MGP/NDN/MMP2/ATP7B/CDH1",12
"C1861453","Pseudohyperkalemia Cardiff","12/495","218/21671",0.055045871559633,2.40989713650264,3.19876068715161,0.00452326512993323,0.0299976127538209,0.0209327383221045,"PECAM1/AGTR1/AKT3/CD38/GEM/STOM/CYBRD1/VCAM1/IL10RA/CTLA4/MTHFR/CD27",12
"C0029118","Opportunistic Infections","7/495","90/21671",0.0777777777777778,3.40509539842873,3.49564942113021,0.00455091230755617,0.0301535853723644,0.0210415781166635,"CYBB/GEM/CCL2/MMP2/COL1A2/PDLIM7/HLA-DQB1",7
"C0027720","Nephrosis","6/495","68/21671",0.0882352941176471,3.86292335115865,3.61507436370463,0.00456235502922943,0.0301535853723644,0.0210415781166635,"ICAM1/EDNRA/DES/PDPN/CFH/LAMB2",6
"C0393734","Complex Partial Status Epilepticus","6/495","68/21671",0.0882352941176471,3.86292335115865,3.61507436370463,0.00456235502922943,0.0301535853723644,0.0210415781166635,"KCNMA1/GAP43/MEF2C/CCL2/ABCC2/CDH2",6
"C0751524","Simple Partial Status Epilepticus","6/495","68/21671",0.0882352941176471,3.86292335115865,3.61507436370463,0.00456235502922943,0.0301535853723644,0.0210415781166635,"KCNMA1/GAP43/MEF2C/CCL2/ABCC2/CDH2",6
"C0029191","Orchitis","4/495","30/21671",0.133333333333333,5.8373063973064,4.05355110280108,0.00460220769204736,0.0302363874322297,0.0210993585095872,"PECAM1/CCL5/CCL2/LGALS1",4
"C0276501","Human immunodeficiency virus II infection","4/495","30/21671",0.133333333333333,5.8373063973064,4.05355110280108,0.00460220769204736,0.0302363874322297,0.0210993585095872,"CCL5/GEM/PDPN/PRKCB",4
"C0547065","Mixed oligoastrocytoma","4/495","30/21671",0.133333333333333,5.8373063973064,4.05355110280108,0.00460220769204736,0.0302363874322297,0.0210993585095872,"ADAM12/FGFR1/LATS2/CAV1",4
"C0854094","HIV-2 infection","4/495","30/21671",0.133333333333333,5.8373063973064,4.05355110280108,0.00460220769204736,0.0302363874322297,0.0210993585095872,"CCL5/GEM/PDPN/PRKCB",4
"C1527311","Brain Edema","4/495","30/21671",0.133333333333333,5.8373063973064,4.05355110280108,0.00460220769204736,0.0302363874322297,0.0210993585095872,"ICAM1/MYLK/MYL9/F2R",4
"C1843637","Neck flexor weakness","4/495","30/21671",0.133333333333333,5.8373063973064,4.05355110280108,0.00460220769204736,0.0302363874322297,0.0210993585095872,"TPM2/CFL2/DES/COL13A1",4
"C2931687","Dysferlinopathy","4/495","30/21671",0.133333333333333,5.8373063973064,4.05355110280108,0.00460220769204736,0.0302363874322297,0.0210993585095872,"DCN/DES/MSN/THBS1",4
"C1867131","Broad hallux","5/495","48/21671",0.104166666666667,4.56039562289562,3.77546974144465,0.00464909859330001,0.030518574325171,0.0212962723252413,"GLI3/FGFR1/TRPS1/MEIS2/FLNA",5
"C0206669","Hepatocellular Adenoma","8/495","114/21671",0.0701754385964912,3.0722665248981,3.39167294660965,0.00466931157708304,0.0306253069230188,0.0213707517699732,"IL6ST/CYP1B1/UBE2E2/A2M/PDGFC/ABCC2/MTHFR/ABCC3",8
"C3839868","Cytogenetically normal acute myeloid leukemia","7/495","91/21671",0.0769230769230769,3.36767676767677,3.46040937317266,0.00483565141603583,0.0316336610715534,0.0220743948798601,"HAVCR2/MN1/GLIS2/HOPX/PBX3/ELN/CDH1",7
"C1849367","Nasal bridge wide","19/495","429/21671",0.0442890442890443,1.93896541169268,3.00324407846667,0.0048753064968514,0.0316336610715534,0.0220743948798601,"TPM2/FLI1/GLI3/MAF/TCF4/FGFR1/TRPS1/EDNRA/GJA1/GPC6/MITF/TWIST2/ZEB2/KCNJ8/FLNA/CDH11/ELN/ERCC1/UMPS",19
"C0240912","Vertical Talus","6/495","69/21671",0.0869565217391304,3.80693895476504,3.57043082416377,0.00490272589732793,0.0316336610715534,0.0220743948798601,"TPM2/SERPINE1/HSD17B6/FLNA/ERCC1/MTHFR",6
"C0751522","Status Epilepticus, Subclinical","6/495","69/21671",0.0869565217391304,3.80693895476504,3.57043082416377,0.00490272589732793,0.0316336610715534,0.0220743948798601,"KCNMA1/GAP43/MEF2C/CCL2/ABCC2/CDH2",6
"C1519680","Tumor Immunity","16/495","337/21671",0.0474777448071217,2.07856607619219,3.05095394906459,0.00492638357541444,0.0316336610715534,0.0220743948798601,"HAVCR2/PDE5A/ICAM1/CD38/CCL5/WWTR1/DCLK1/ANTXR1/FSTL1/LGALS1/THBS1/IL10RA/PRKCB/LCP2/CTLA4/CD27",16
"C0149958","Complex partial seizures","9/495","140/21671",0.0642857142857143,2.81441558441558,3.29290177215141,0.00493766403200491,0.0316336610715534,0.0220743948798601,"CHRNA3/CLU/TCF4/NRP2/MPDZ/BCHE/ABCC2/ATP7A/ERCC1",9
"C0085409","Polyendocrinopathies, Autoimmune","10/495","166/21671",0.0602409638554217,2.63733722769867,3.2376697523837,0.00494492183116668,0.0316336610715534,0.0220743948798601,"ICAM1/CYBB/SERPINE1/VCAM1/F2R/CCL2/CFH/TFPI/MSN/MTHFR",10
"C0007932","Chagas' disease without mention of organ involvement","2/495","5/21671",0.4,17.5119191919192,5.64551126452745,0.00497415429707617,0.0316336610715534,0.0220743948798601,"CCL5/CCL2",2
"C0012714","Disorder of copper metabolism","2/495","5/21671",0.4,17.5119191919192,5.64551126452745,0.00497415429707617,0.0316336610715534,0.0220743948798601,"ATP7B/ATP7A",2
"C0012819","Diverticular disease of colon","2/495","5/21671",0.4,17.5119191919192,5.64551126452745,0.00497415429707617,0.0316336610715534,0.0220743948798601,"COL3A1/ELN",2
"C0036310","Scheuermann's Disease","2/495","5/21671",0.4,17.5119191919192,5.64551126452745,0.00497415429707617,0.0316336610715534,0.0220743948798601,"CD38/COL1A2",2
"C0040458","Unerupted tooth","2/495","5/21671",0.4,17.5119191919192,5.64551126452745,0.00497415429707617,0.0316336610715534,0.0220743948798601,"FGFR1/ANTXR1",2
"C0086664","Myelocele","2/495","5/21671",0.4,17.5119191919192,5.64551126452745,0.00497415429707617,0.0316336610715534,0.0220743948798601,"DLC1/MTHFR",2
"C0149637","Lip Carcinoma","2/495","5/21671",0.4,17.5119191919192,5.64551126452745,0.00497415429707617,0.0316336610715534,0.0220743948798601,"PDPN/MSN",2
"C0149744","Oral lesion","2/495","5/21671",0.4,17.5119191919192,5.64551126452745,0.00497415429707617,0.0316336610715534,0.0220743948798601,"SAMD4A/MMP2",2
"C0151445","Primary Raynaud Phenomenon","2/495","5/21671",0.4,17.5119191919192,5.64551126452745,0.00497415429707617,0.0316336610715534,0.0220743948798601,"VWF/EDNRA",2
"C0152253","Posterior synechiae","2/495","5/21671",0.4,17.5119191919192,5.64551126452745,0.00497415429707617,0.0316336610715534,0.0220743948798601,"CYP1B1/AXL",2
"C0153340","Cancer of Lip","2/495","5/21671",0.4,17.5119191919192,5.64551126452745,0.00497415429707617,0.0316336610715534,0.0220743948798601,"PDPN/MSN",2
"C0270970","Reducing-body myopathy","2/495","5/21671",0.4,17.5119191919192,5.64551126452745,0.00497415429707617,0.0316336610715534,0.0220743948798601,"FHL1/NFATC1",2
"C0340434","Dystrophic cardiomyopathy","2/495","5/21671",0.4,17.5119191919192,5.64551126452745,0.00497415429707617,0.0316336610715534,0.0220743948798601,"CYBB/GJA1",2
"C0341503","Bacterial peritonitis","2/495","5/21671",0.4,17.5119191919192,5.64551126452745,0.00497415429707617,0.0316336610715534,0.0220743948798601,"GJA1/CCL2",2
"C0398777","Complement Factor H Deficiency","2/495","5/21671",0.4,17.5119191919192,5.64551126452745,0.00497415429707617,0.0316336610715534,0.0220743948798601,"FHL1/CFH",2
"C0423062","Intermittent divergent squint","2/495","5/21671",0.4,17.5119191919192,5.64551126452745,0.00497415429707617,0.0316336610715534,0.0220743948798601,"TIMP2/MMP2",2
"C0521533","Atrial septal aneurysm","2/495","5/21671",0.4,17.5119191919192,5.64551126452745,0.00497415429707617,0.0316336610715534,0.0220743948798601,"VWF/ATP1A2",2
"C0795809","Chromosome 3, trisomy 3q","2/495","5/21671",0.4,17.5119191919192,5.64551126452745,0.00497415429707617,0.0316336610715534,0.0220743948798601,"DERL3/CD38",2
"C0887866","Monckeberg Medial Calcific Sclerosis","2/495","5/21671",0.4,17.5119191919192,5.64551126452745,0.00497415429707617,0.0316336610715534,0.0220743948798601,"SPARC/MGP",2
"C1333065","Lung Clear Cell Tumor","2/495","5/21671",0.4,17.5119191919192,5.64551126452745,0.00497415429707617,0.0316336610715534,0.0220743948798601,"MITF/CTSK",2
"C1395674","Bowel diverticulosis","2/495","5/21671",0.4,17.5119191919192,5.64551126452745,0.00497415429707617,0.0316336610715534,0.0220743948798601,"EFEMP2/ELN",2
"C1396772","Hypoplasia of the epiglottis","2/495","5/21671",0.4,17.5119191919192,5.64551126452745,0.00497415429707617,0.0316336610715534,0.0220743948798601,"GLI3/SETBP1",2
"C1848555","Hypomethioninemia","2/495","5/21671",0.4,17.5119191919192,5.64551126452745,0.00497415429707617,0.0316336610715534,0.0220743948798601,"MTRR/MTR",2
"C1849537","Persistent open anterior fontanelle","2/495","5/21671",0.4,17.5119191919192,5.64551126452745,0.00497415429707617,0.0316336610715534,0.0220743948798601,"CTSK/ATP7A",2
"C1851828","Cigarette-paper scars","2/495","5/21671",0.4,17.5119191919192,5.64551126452745,0.00497415429707617,0.0316336610715534,0.0220743948798601,"COL3A1/CTSC",2
"C2700425","EHLERS-DANLOS SYNDROME, DERMATOSPARAXIS TYPE","2/495","5/21671",0.4,17.5119191919192,5.64551126452745,0.00497415429707617,0.0316336610715534,0.0220743948798601,"COL1A2/ADAMTS2",2
"C4021054","Reduced muscle collagen VI","2/495","5/21671",0.4,17.5119191919192,5.64551126452745,0.00497415429707617,0.0316336610715534,0.0220743948798601,"COL6A2/COL6A1",2
"C4022660","Autoimmune antibody positivity","2/495","5/21671",0.4,17.5119191919192,5.64551126452745,0.00497415429707617,0.0316336610715534,0.0220743948798601,"CSF2RA/CTLA4",2
"C4551514","Hemophagocytic Lymphohistiocytosis, Familial, 1","2/495","5/21671",0.4,17.5119191919192,5.64551126452745,0.00497415429707617,0.0316336610715534,0.0220743948798601,"HAVCR2/FHL1",2
"C4552122","EHLERS-DANLOS SYNDROME, CLASSIC TYPE, 1","2/495","5/21671",0.4,17.5119191919192,5.64551126452745,0.00497415429707617,0.0316336610715534,0.0220743948798601,"TGFBR1/COL1A2",2
"C1333015","Childhood Kidney Wilms Tumor","16/495","338/21671",0.0473372781065089,2.07241647241647,3.03812718391005,0.00506589269251592,0.0320835214699925,0.0223883135266299,"FLI1/RUNX1T1/CD38/SERPINE1/BASP1/EGR2/PTPRC/FZD1/ZFPM2/EFS/RECK/DES/SERPINF1/THBS1/MTHFR/CDH1",16
"C0080233","Tooth Loss","5/495","49/21671",0.102040816326531,4.46732632446918,3.71496662398451,0.00508216897026605,0.0320835214699925,0.0223883135266299,"FGFR1/VCAM1/MGP/CTSC/AXIN2",5
"C0205646","Adenoma, Basal Cell","5/495","49/21671",0.102040816326531,4.46732632446918,3.71496662398451,0.00508216897026605,0.0320835214699925,0.0223883135266299,"GJA1/CYP1B1/MTRR/SLC19A1/AXIN2",5
"C0259785","Malignant Meningioma","5/495","49/21671",0.102040816326531,4.46732632446918,3.71496662398451,0.00508216897026605,0.0320835214699925,0.0223883135266299,"CLU/MN1/CTSB/TNC/CTLA4",5
"C0549463","X-Linked Lymphoproliferative Disorder","5/495","49/21671",0.102040816326531,4.46732632446918,3.71496662398451,0.00508216897026605,0.0320835214699925,0.0223883135266299,"CYBB/CD84/CD2/HLA-DQB1/CD27",5
"C0857175","Postinfarction","5/495","49/21671",0.102040816326531,4.46732632446918,3.71496662398451,0.00508216897026605,0.0320835214699925,0.0223883135266299,"SERPINE1/DCN/CCL2/THBS4/MTHFR",5
"C2216702","malignant neoplasm of breast staging","5/495","49/21671",0.102040816326531,4.46732632446918,3.71496662398451,0.00508216897026605,0.0320835214699925,0.0223883135266299,"PECAM1/TRPS1/CCL5/PTPRC/VCAM1",5
"C2237660","exudative macular degeneration","5/495","49/21671",0.102040816326531,4.46732632446918,3.71496662398451,0.00508216897026605,0.0320835214699925,0.0223883135266299,"HTRA1/CFH/C3/COL8A1/PILRA",5
"C4049993","Aristolochic Acid Nephropathy","5/495","49/21671",0.102040816326531,4.46732632446918,3.71496662398451,0.00508216897026605,0.0320835214699925,0.0223883135266299,"LIPA/SLIT2/SYNM/TFPI/THBS1",5
"C0221170","Muscular stiffness","7/495","92/21671",0.0760869565217391,3.33107158541941,3.42565764222475,0.00513359628444383,0.0323817889407996,0.0225964485861641,"TPM2/CYBB/FGFR1/WWTR1/CAV1/CRYAB/MYO5A",7
"C4317109","Epileptic Seizures","13/495","250/21671",0.052,2.27654949494949,3.10382968812845,0.00514668545205921,0.0324379377637515,0.0226356299912843,"CHRNA3/CLU/TCF4/TUBA1A/NRP2/HSPB6/ZEB2/MPDZ/THBS1/BCHE/ATP1A2/ABCC2/ATP7A",13
"C0005587","Depression, Bipolar","8/495","116/21671",0.0689655172413793,3.01929641239986,3.33399654689716,0.00518287616716426,0.0325815585566613,0.0227358505155062,"IL2RB/SERPINE1/RPS6KA2/NR3C1/PLEKHO1/FAM20C/DIXDC1/MTHFR",8
"C0041466","Typhoid Fever","4/495","31/21671",0.129032258064516,5.64900619094167,3.96024846402078,0.00519014401829677,0.0325815585566613,0.0227358505155062,"SLC11A1/CD38/FLNA/HLA-DQB1",4
"C0078981","Arachnoid Cysts","4/495","31/21671",0.129032258064516,5.64900619094167,3.96024846402078,0.00519014401829677,0.0325815585566613,0.0227358505155062,"FGFR1/NID1/COL1A2/TYMS",4
"C4025871","Abnormality of the face","4/495","31/21671",0.129032258064516,5.64900619094167,3.96024846402078,0.00519014401829677,0.0325815585566613,0.0227358505155062,"MN1/CAV1/ELN/ATP7A",4
"C0033975","Psychotic Disorders","23/495","560/21671",0.0410714285714286,1.79809884559885,2.925542315789,0.00519050390639298,0.0325815585566613,0.0227358505155062,"CYBB/SMARCA1/TCF4/ADARB1/SERPINE1/NPL/PTPRC/CLDN11/CNRIP1/SLC24A3/C1R/FEZ1/ACTG2/VCAM1/NR3C1/CCL2/BCHE/ADAMTS2/PRICKLE2/ADAM19/CTLA4/MTHFR/TYMS",23
"C0542514","Blue sclera","6/495","70/21671",0.0857142857142857,3.75255411255411,3.52661498110717,0.0052613813889587,0.0329997248897766,0.0230276526164952,"COL3A1/TGFBR1/C1R/COL1A2/ADAMTS2/CTSK",6
"C0034089","Pulmonary Valve Stenosis","3/495","16/21671",0.1875,8.20871212121212,4.41010236967811,0.00531473430265349,0.033063818857177,0.0230723782504524,"VWF/IGFBP7/ELN",3
"C0038449","Stricture of artery","3/495","16/21671",0.1875,8.20871212121212,4.41010236967811,0.00531473430265349,0.033063818857177,0.0230723782504524,"CAV1/EFEMP2/ATP7A",3
"C0085694","Chronic cholecystitis","3/495","16/21671",0.1875,8.20871212121212,4.41010236967811,0.00531473430265349,0.033063818857177,0.0230723782504524,"VEGFC/MCAM/CDH1",3
"C0151950","Deep thrombophlebitis","3/495","16/21671",0.1875,8.20871212121212,4.41010236967811,0.00531473430265349,0.033063818857177,0.0230723782504524,"SERPINE1/CCL2/TFPI",3
"C0278502","recurrent gastric cancer","3/495","16/21671",0.1875,8.20871212121212,4.41010236967811,0.00531473430265349,0.033063818857177,0.0230723782504524,"PMP22/PDLIM7/CDH1",3
"C0917990","Acro-Osteolysis","3/495","16/21671",0.1875,8.20871212121212,4.41010236967811,0.00531473430265349,0.033063818857177,0.0230723782504524,"COL3A1/FLNA/CTSC",3
"C1710026","Sclerosing Epithelioid Fibrosarcoma","3/495","16/21671",0.1875,8.20871212121212,4.41010236967811,0.00531473430265349,0.033063818857177,0.0230723782504524,"SMARCA1/TCF4/DES",3
"C1850938","FUNDUS DYSTROPHY, PSEUDOINFLAMMATORY, OF SORSBY","3/495","16/21671",0.1875,8.20871212121212,4.41010236967811,0.00531473430265349,0.033063818857177,0.0230723782504524,"EFEMP1/MMP2/ELN",3
"C4023180","Type 1 muscle fiber atrophy","3/495","16/21671",0.1875,8.20871212121212,4.41010236967811,0.00531473430265349,0.033063818857177,0.0230723782504524,"TPM2/SYNE1/FHL1",3
"C4087273","C3 glomerulopathy","3/495","16/21671",0.1875,8.20871212121212,4.41010236967811,0.00531473430265349,0.033063818857177,0.0230723782504524,"CFH/C3/THBD",3
"C0015230","Exanthema","13/495","251/21671",0.051792828685259,2.26747957664292,3.08800637749774,0.00531855387245578,0.033063818857177,0.0230723782504524,"HAVCR2/CYBB/JAK3/TRPS1/IGHM/GJA1/SERPING1/MMP2/ADAMTS1/CTSK/MTRR/CTLA4/HLA-DPA1",13
"C0042109","Urticaria","10/495","168/21671",0.0595238095238095,2.60594035594036,3.19480691729284,0.00537375491846327,0.0333801969514166,0.0232931511470129,"IL18BP/RDX/ICAM1/IL6ST/CD38/SERPING1/VCAM1/WIPF1/HLA-DQB1/CTLA4",10
"C0032131","Plasmacytoma","9/495","142/21671",0.0633802816901408,2.77477592829706,3.24403748558545,0.0054125191669438,0.0335940492525214,0.0234423801638465,"LAIR1/PECAM1/ICAM1/SETBP1/IL6ST/IGHM/EBF1/CD38/PTPRC",9
"C0006272","Bronchiolitis Obliterans","7/495","93/21671",0.0752688172043011,3.29525361138264,3.39138152737403,0.0054451200204849,0.0336707783655528,0.0234959227726519,"ICAM1/SERPINE1/CCL5/NR3C1/CCL2/MCAM/ELN",7
"C0034885","Rectal Neoplasms","7/495","93/21671",0.0752688172043011,3.29525361138264,3.39138152737403,0.0054451200204849,0.0336707783655528,0.0234959227726519,"DLC1/MCC/MTRR/ERCC1/MTHFR/CDH1/TYMS",7
"C1844704","Platyspondyly","7/495","93/21671",0.0752688172043011,3.29525361138264,3.39138152737403,0.0054451200204849,0.0336707783655528,0.0234959227726519,"FGFR1/DDR2/KCNJ8/SPARC/FLNA/COL1A2/ATP7A",7
"C4721773","Postoperative cognitive dysfunction","7/495","93/21671",0.0752688172043011,3.29525361138264,3.39138152737403,0.0054451200204849,0.0336707783655528,0.0234959227726519,"PTGER3/AGTR1/PDLIM4/GJA1/NR3C1/CCL2/CFH",7
"C0012739","Disseminated Intravascular Coagulation","8/495","117/21671",0.0683760683760684,2.99349046015713,3.30562241147204,0.00545530943051495,0.0336707783655528,0.0234959227726519,"VWF/HLA-DOA/SERPINE1/MASP1/F2R/CFH/TFPI/THBD",8
"C0576093","Knee joint valgus deformity","8/495","117/21671",0.0683760683760684,2.99349046015713,3.30562241147204,0.00545530943051495,0.0336707783655528,0.0234959227726519,"TPM2/RAB23/TRPS1/CFL2/FLNA/NDN/ELN/ATP7A",8
"C0751494","Convulsive Seizures","8/495","117/21671",0.0683760683760684,2.99349046015713,3.30562241147204,0.00545530943051495,0.0336707783655528,0.0234959227726519,"CHRNA3/CLU/TCF4/NRP2/MPDZ/BCHE/ABCC2/ATP7A",8
"C0275524","Coinfection","13/495","252/21671",0.0515873015873016,2.25848164181497,3.0722577651723,0.00549499004784269,0.0338886886230808,0.0236479834861484,"SORBS1/EPHA3/CD38/SERPINE1/CCL5/GJA1/CAV2/CCL2/FLNA/CFH/PDLIM7/HLA-DQB1/DHFR",13
"C0013592","Ectropion","5/495","50/21671",0.1,4.3779797979798,3.65606789921139,0.00554304782523503,0.0340765463922782,0.0237790731684059,"FLI1/CYP1B1/TIMP2/TWIST2/CTLA4",5
"C0039240","Supraventricular tachycardia","5/495","50/21671",0.1,4.3779797979798,3.65606789921139,0.00554304782523503,0.0340765463922782,0.0237790731684059,"GJA1/CACNA2D1/KCNJ8/CAP2/MTHFR",5
"C0427144","Toe-walking gait","5/495","50/21671",0.1,4.3779797979798,3.65606789921139,0.00554304782523503,0.0340765463922782,0.0237790731684059,"TPM2/SYNE1/FHL1/COL6A1/COL13A1",5
"C4551538","refractory multiple myeloma","5/495","50/21671",0.1,4.3779797979798,3.65606789921139,0.00554304782523503,0.0340765463922782,0.0237790731684059,"CD38/PTPRC/SLAMF7/LBH/MTHFR",5
"C0013170","Drug habituation","11/495","196/21671",0.0561224489795918,2.45702947845805,3.13285200095597,0.00557233477338413,0.0342023020242737,0.0238668271426537,"CHRNA3/SAMD4A/FRMD4A/TCF4/SYNE1/CD38/TNC/KCNMA1/NR3C1/ATP1A2/MTHFR",11
"C0036920","Sezary Syndrome","11/495","196/21671",0.0561224489795918,2.45702947845805,3.13285200095597,0.00557233477338413,0.0342023020242737,0.0238668271426537,"SMARCA1/NKG7/JAK3/TRAC/FGFR1/CCL5/CTSB/PRKG1/HLA-DQB1/THBS1/CTLA4",11
"C1292753","Primary Effusion Lymphoma","10/495","169/21671",0.0591715976331361,2.59052059052059,3.17360820497958,0.00559880606446364,0.0343104048855501,0.0239422627756669,"ICAM1/IL6ST/EDNRA/ACKR3/PTPRC/LGALS1/PDLIM7/THBS1/DHFR/BMS1P20",10
"C2267233","Neonatal Hypotonia","10/495","169/21671",0.0591715976331361,2.59052059052059,3.17360820497958,0.00559880606446364,0.0343104048855501,0.0239422627756669,"TPM2/FGFR1/EGR2/COL12A1/CFL2/COL6A2/COL6A1/FLNA/NDN/CCDC88A",10
"C0598894","Monocytic leukemia","6/495","71/21671",0.0845070422535211,3.69970123772941,3.48359850427894,0.00563888202586055,0.0344198425313758,0.0240186298393214,"ICAM1/CYBB/VCAM1/THBD/HLA-DMB/LILRB4",6
"C0751523","Non-Convulsive Status Epilepticus","6/495","71/21671",0.0845070422535211,3.69970123772941,3.48359850427894,0.00563888202586055,0.0344198425313758,0.0240186298393214,"KCNMA1/GAP43/MEF2C/CCL2/ABCC2/CDH2",6
"C1844505","Pointed chin","6/495","71/21671",0.0845070422535211,3.69970123772941,3.48359850427894,0.00563888202586055,0.0344198425313758,0.0240186298393214,"SETBP1/ZEB2/MEIS2/FLNA/CDH11/ELN",6
"C3888391","Nonnuclear polymorphic congenital cataract","6/495","71/21671",0.0845070422535211,3.69970123772941,3.48359850427894,0.00563888202586055,0.0344198425313758,0.0240186298393214,"TGFBR1/CCL5/ACKR3/ACTA2/TGFB1I1/LGALS1",6
"C4049272","Tumour budding","6/495","71/21671",0.0845070422535211,3.69970123772941,3.48359850427894,0.00563888202586055,0.0344198425313758,0.0240186298393214,"COL4A1/SERPINE1/TNC/TWIST2/COL13A1/MTHFR",6
"C0014518","Toxic Epidermal Necrolysis","9/495","143/21671",0.0629370629370629,2.75537190082645,3.21992243028873,0.00566281616335398,0.0345115452410227,0.0240826212255768,"PTGER3/GJA1/PTGIS/CAV1/CFH/HLA-DQB1/THBS1/AKR1B1/ERCC1",9
"C0019069","Hemophilia A","9/495","143/21671",0.0629370629370629,2.75537190082645,3.21992243028873,0.00566281616335398,0.0345115452410227,0.0240826212255768,"ADAMTS5/VWF/ICAM1/SERPINE1/TFPI/HLA-DRA/THBD/CTLA4/MTHFR",9
"C0151449","Primary SjC6gren's syndrome","15/495","312/21671",0.0480769230769231,2.10479797979798,3.00524443455978,0.00569014917069334,0.0346236413795684,0.0241608434212679,"SLC11A1/IL18BP/CLU/ICAM1/CLEC4A/EBF1/CCL5/NR3C1/VEGFC/CFH/HLA-DQB1/RORA/CTLA4/MTHFR/CD27",15
"C0151888","Hyporeflexia","15/495","312/21671",0.0480769230769231,2.10479797979798,3.00524443455978,0.00569014917069334,0.0346236413795684,0.0241608434212679,"COL4A1/HSPB8/TPM2/FLI1/ATXN1/PMP22/SYNE1/EGR2/CFL2/FHL1/CRYAB/GNB4/LAMB2/COL13A1/ATP7A",15
"C0035436","Rheumatic Fever","7/495","94/21671",0.074468085106383,3.26019772189985,3.35756879443545,0.0057705969644129,0.0350580737932096,0.0244639962123923,"HAVCR2/CLU/ICAM1/POSTN/RUNX1T1/HLA-DQB1/CTLA4",7
"C0850703","Frequent falls","7/495","94/21671",0.074468085106383,3.26019772189985,3.35756879443545,0.0057705969644129,0.0350580737932096,0.0244639962123923,"HSPB8/TPM2/COL12A1/FHL1/COL6A2/COL6A1/LAMB2",7
"C1527304","Allergic Reaction","11/495","197/21671",0.0558375634517767,2.44455724760293,3.11402064316886,0.00578441272864582,0.0351144678652747,0.0245033487556478,"IL2RB/IL6ST/CLEC4A/MYLK/CCL2/JAZF1/HLA-DQB1/HLA-DRA/RORA/MTHFR/HLA-DPA1",11
"C0021847","Intestinal Pseudo-Obstruction","4/495","32/21671",0.125,5.47247474747475,3.87092167506608,0.00582630428083856,0.0351776659078879,0.0245474492012182,"CLMP/ACTG2/FLNA/PALLD",4
"C0152105","Hypertensive heart disease","4/495","32/21671",0.125,5.47247474747475,3.87092167506608,0.00582630428083856,0.0351776659078879,0.0245474492012182,"OGN/AGTR1/TIMP2/MMP2",4
"C0280302","Squamous cell carcinoma of lip","4/495","32/21671",0.125,5.47247474747475,3.87092167506608,0.00582630428083856,0.0351776659078879,0.0245474492012182,"NR3C1/CCL2/PDPN/MSN",4
"C0347950","Asthma attack","4/495","32/21671",0.125,5.47247474747475,3.87092167506608,0.00582630428083856,0.0351776659078879,0.0245474492012182,"ICAM1/SERPINE1/CCL5/CCL2",4
"C0862312","Epithelioid mesothelioma, malignant","4/495","32/21671",0.125,5.47247474747475,3.87092167506608,0.00582630428083856,0.0351776659078879,0.0245474492012182,"DES/MMP2/MCAM/EFEMP2",4
"C1850135","Flared metaphysis","4/495","32/21671",0.125,5.47247474747475,3.87092167506608,0.00582630428083856,0.0351776659078879,0.0245474492012182,"GJA1/DDR2/FLNA/ERCC1",4
"C1519689","Tumor Promotion","10/495","170/21671",0.0588235294117647,2.57528223410576,3.15256171525158,0.00583115453469249,0.0351776659078879,0.0245474492012182,"CYGB/EPHA3/PAPPA/RAB23/MLLT11/NRP2/ANGPTL2/UBE2E2/LGALS1/MTHFR",10
"C4087504","Peritoneal dissemination","10/495","170/21671",0.0588235294117647,2.57528223410576,3.15256171525158,0.00583115453469249,0.0351776659078879,0.0245474492012182,"AGTR1/DKK3/FGFR1/SERPINE1/ACKR3/FERMT2/DDR2/ZEB2/HTRA1/ARL4C",10
"C0011882","Diabetic Neuropathies","9/495","144/21671",0.0625,2.73623737373737,3.19601406657713,0.0059219602114086,0.0356421940929068,0.0248716032270749,"IGFBP5/CYBB/CAV1/GAP43/MMP2/C3/AKR1B1/THBD/MTHFR",9
"C0023532","Leukoplakia, Oral","9/495","144/21671",0.0625,2.73623737373737,3.19601406657713,0.0059219602114086,0.0356421940929068,0.0248716032270749,"MCC/SETBP1/ACKR3/CYP1B1/PDPN/MMP2/LGALS1/PDLIM7/AXIN2",9
"C0424678","Lean body mass","9/495","144/21671",0.0625,2.73623737373737,3.19601406657713,0.0059219602114086,0.0356421940929068,0.0248716032270749,"GLI3/PAPPA/TRPS1/MOXD1/EFEMP1/HSD17B6/LTBP1/JAZF1/KCNE4",9
"C0034152","Henoch-Schoenlein Purpura","11/495","198/21671",0.0555555555555556,2.43221099887767,3.09530414076104,0.00600279613555294,0.0360726600977448,0.0251719882046991,"HAVCR2/IL18BP/ICAM1/AGTR1/IL6ST/CCL5/ITPR1/CCL2/C3/CTLA4/MTHFR",11
"C4049796","Abnormality of cardiovascular system morphology","11/495","198/21671",0.0555555555555556,2.43221099887767,3.09530414076104,0.00600279613555294,0.0360726600977448,0.0251719882046991,"GLI3/FGFR1/TRPS1/GJA1/ZFPM2/ITPR1/GPC6/ACTG2/FLNA/EFEMP2/ELN",11
"C0427149","Gait, Drop Foot","5/495","51/21671",0.0980392156862745,4.29213705684294,3.59869666573785,0.00603264987700182,0.0361587087813398,0.0252320341354016,"HSPB8/PMP22/EGR2/FHL1/GNB4",5
"C0080032","Pleural Effusion, Malignant","8/495","119/21671",0.0672268907563025,2.94317969612087,3.24977090730099,0.00603281268806025,0.0361587087813398,0.0252320341354016,"PDLIM3/POSTN/PTPRC/TIMP2/CCL2/FSTL1/TK1/CDH1",8
"C1959583","Myocardial Failure","8/495","119/21671",0.0672268907563025,2.94317969612087,3.24977090730099,0.00603281268806025,0.0361587087813398,0.0252320341354016,"APOC1/VWF/AGTR1/CYBB/EDNRA/SERPINE1/HTR2B/CCL2",8
"C1840311","Laryngeal cleft","6/495","72/21671",0.0833333333333333,3.6483164983165,3.44135442611989,0.00603578756187353,0.0361587087813398,0.0252320341354016,"GLI3/SERPING1/THBS1/MTR/MTHFR/TYMS",6
"C0043194","Wiskott-Aldrich Syndrome","7/495","95/21671",0.0736842105263158,3.22587985114301,3.32420765398122,0.00611040241140971,0.0365774165987478,0.0255242140914251,"PKD2/ANGPTL2/FLNA/WIPF1/NFATC1/NCKAP1L/CD27",7
"C0009081","Congenital clubfoot","14/495","285/21671",0.0491228070175439,2.15058656742867,2.98942071265467,0.00617792409381975,0.0369245370607467,0.0257664394263844,"COL3A1/TPM2/GLI3/RAB23/SETBP1/TGFBR1/TRPS1/SYNE1/COL6A2/DES/COL6A1/FLNA/LAMB2/MTHFR",14
"C0027059","Myocarditis","14/495","285/21671",0.0491228070175439,2.15058656742867,2.98942071265467,0.00617792409381975,0.0369245370607467,0.0257664394263844,"CLU/FGL2/GJA1/PTPRC/CTSB/F2R/SPARC/CCL2/MMP2/TFPI/MSN/HLA-DQB1/PRKCB/CTLA4",14
"C0041834","Erythema","12/495","227/21671",0.052863436123348,2.31435055399813,3.04355625127141,0.00620311143449399,0.0370405308170872,0.0258473814322833,"SLC11A1/PECAM1/ICAM1/GJA1/CTSB/MOXD1/SERPING1/CCL2/VEGFC/HLA-DQB1/ELN/CTLA4",12
"C0032927","Precancerous Conditions","20/495","471/21671",0.0424628450106157,1.85901477621223,2.88172973927502,0.00620689504267741,0.0370405308170872,0.0258473814322833,"MMP11/IGFBP5/AGTR1/TCF4/PMP22/FGFR1/SYNE1/CD38/AKAP12/CYP1B1/PRKG1/DCN/CAV1/MMP2/PDLIM7/THBS1/PRIMA1/PRICKLE2/THBD/CDH1",20
"C0342443","Adrenal Cushing's syndrome","8/495","120/21671",0.0666666666666667,2.9186531986532,3.2222815346007,0.00633842041397229,0.037605971576588,0.0262419536121569,"PECAM1/VWF/AGTR1/EDNRA/ACKR3/NR3C1/FBXO32/AKR1B1",8
"C0747085","Recurrent otitis media","8/495","120/21671",0.0666666666666667,2.9186531986532,3.2222815346007,0.00633842041397229,0.037605971576588,0.0262419536121569,"SLC11A1/IL2RB/IGHM/CD3D/FLNA/MGP/ELN/CDH1",8
"C0025294","Meningococcal meningitis","3/495","17/21671",0.176470588235294,7.72584670231729,4.24143142685006,0.00634534015628718,0.037605971576588,0.0262419536121569,"SLC11A1/CFH/C7",3
"C0037198","Sinus Thrombosis, Intracranial","3/495","17/21671",0.176470588235294,7.72584670231729,4.24143142685006,0.00634534015628718,0.037605971576588,0.0262419536121569,"TIMP2/MMP2/MTHFR",3
"C0238062","Chronic intestinal pseudo-obstruction","3/495","17/21671",0.176470588235294,7.72584670231729,4.24143142685006,0.00634534015628718,0.037605971576588,0.0262419536121569,"CLMP/MYH11/ACTG2",3
"C0280218","stage, bladder cancer","3/495","17/21671",0.176470588235294,7.72584670231729,4.24143142685006,0.00634534015628718,0.037605971576588,0.0262419536121569,"FGFR1/ZEB2/ERCC1",3
"C0338573","Cerebral venous sinus thrombosis","3/495","17/21671",0.176470588235294,7.72584670231729,4.24143142685006,0.00634534015628718,0.037605971576588,0.0262419536121569,"COL4A1/TFPI/MTHFR",3
"C1856119","Low hanging columella","3/495","17/21671",0.176470588235294,7.72584670231729,4.24143142685006,0.00634534015628718,0.037605971576588,0.0262419536121569,"GJA1/ZEB2/CDH11",3
"C3665335","Cutis laxa, autosomal recessive","3/495","17/21671",0.176470588235294,7.72584670231729,4.24143142685006,0.00634534015628718,0.037605971576588,0.0262419536121569,"LOXL1/EFEMP2/ELN",3
"C0342649","Vascular calcification","13/495","257/21671",0.0505836575875486,2.21454231026215,2.99461090759243,0.00644868917333567,0.0381553846203648,0.0266253414360652,"PDLIM3/PECAM1/FGFR1/EDNRA/SERPINE1/EFEMP1/TAGLN/MGP/CALU/MMP2/PDLIM7/ELN/THBD",13
"C0221757","alpha 1-Antitrypsin Deficiency","6/495","73/21671",0.0821917808219178,3.5983395599834,3.39985705813808,0.00645265640689112,0.0381553846203648,0.0266253414360652,"CHRNA3/VWF/SERPING1/A2M/ELN/ATP7B",6
"C0023827","liposarcoma","11/495","200/21671",0.055,2.40788888888889,3.05821021304532,0.00645898618633985,0.0381553846203648,0.0266253414360652,"IGFBP5/CRISPLD2/FGFR1/CD38/WWTR1/CAV2/DDR2/MYOCD/MMP2/A2M/STC1",11
"C0036117","Salmonella infections","7/495","96/21671",0.0729166666666667,3.19227693602694,3.29128674062551,0.00646491233311605,0.0381553846203648,0.0266253414360652,"RGS2/CD38/PDPN/CFH/LILRB2/ABCC2/LILRB4",7
"C1510885","Angiogenic Switch","7/495","96/21671",0.0729166666666667,3.19227693602694,3.29128674062551,0.00646491233311605,0.0381553846203648,0.0266253414360652,"DKK3/EDNRA/SERPINE1/ACKR3/F2R/VEGFC/THBS1",7
"C2827407","Infectious Otitis Media","9/495","146/21671",0.0616438356164384,2.69875466998755,3.14880381155794,0.00646759876149483,0.0381553846203648,0.0266253414360652,"SLC11A1/JAK3/SERPINE1/CCL5/CCL2/MMP2/WIPF1/THBS1/C7",9
"C0524702","Pulmonary Thromboembolisms","4/495","33/21671",0.121212121212121,5.30664217936945,3.78527374329913,0.00651234616790307,0.0383026829283046,0.0267281281798204,"SERPINE1/EFEMP2/THBD/MTHFR",4
"C0559031","Functional Gastrointestinal Disorders","4/495","33/21671",0.121212121212121,5.30664217936945,3.78527374329913,0.00651234616790307,0.0383026829283046,0.0267281281798204,"MYLK/ABCC2/MTR/MTHFR",4
"C3697248","Short lower third of face","4/495","33/21671",0.121212121212121,5.30664217936945,3.78527374329913,0.00651234616790307,0.0383026829283046,0.0267281281798204,"TCF4/AP1S2/MEF2C/FLNA",4
"C4518356","MiT family translocation renal cell carcinoma","4/495","33/21671",0.121212121212121,5.30664217936945,3.78527374329913,0.00651234616790307,0.0383026829283046,0.0267281281798204,"IGFBP7/ANGPTL2/MITF/CTSK",4
"C0029866","Other ureteric obstruction","5/495","52/21671",0.0961538461538462,4.20959595959596,3.5427811613572,0.00655187937199802,0.038471832307664,0.0268461628956004,"ICAM1/SERPINE1/COL1A2/ADAMTS1/LUM",5
"C0403447","Chronic Kidney Insufficiency","5/495","52/21671",0.0961538461538462,4.20959595959596,3.5427811613572,0.00655187937199802,0.038471832307664,0.0268461628956004,"AOC3/AGTR1/SERPINE1/MRGPRF/AKR1B1",5
"C0003130","Anoxia","14/495","287/21671",0.0487804878048781,2.13559990145356,2.96095571941866,0.00655600550556629,0.038471832307664,0.0268461628956004,"CYGB/ICAM1/TGFBR1/IGFBP7/TNC/KCNMA1/VCAM1/CCL2/SERPINF1/KCNMB1/TFPI/THBS1/STC1/RORA",14
"C1960398","HER2-positive carcinoma of breast","14/495","288/21671",0.0486111111111111,2.12818462401796,2.94681039603487,0.00675186175288804,0.0395766725456719,0.0276171352986295,"MMP11/AKT3/FGFR1/SERPINE1/CCL5/GJA1/AXL/MYLK/ALDH1A3/SPARC/MMP2/CTLA4/TYMS/ABCC3",14
"C4551649","Congenital Dysplasia Of The Hip","9/495","147/21671",0.0612244897959184,2.68039579468151,3.12549531810172,0.00675450052999977,0.0395766725456719,0.0276171352986295,"COL3A1/IGFBP5/TPM2/TIMP2/FHL1/FLNA/ATP2B4/MMP2/COL13A1",9
"C0007107","Malignant neoplasm of larynx","16/495","349/21671",0.0458452722063037,2.00709675552082,2.89988003386232,0.00682367753162063,0.0399517809220963,0.0278788909773417,"MMP11/MAP4K4/PMP22/FGFR1/PRKD1/ACKR3/CYP1B1/CTSB/TIMP2/DCN/LGALS1/PDLIM7/ERCC1/MTR/MTHFR/CDH1",16
"C1867873","Failure to thrive in infancy","7/495","97/21671",0.0721649484536082,3.1593668645215,3.25879509348001,0.00683450309867603,0.0399849403340971,0.0279020300617756,"JAK3/SETBP1/FGFR1/CSF2RA/NDN/ELN/ERCC1",7
"C0268398","Familial lichen amyloidosis","12/495","230/21671",0.0521739130434783,2.28416337285902,2.99344835159425,0.00686136742011305,0.0400815626215654,0.0279694543957137,"RGS16/ICAM1/OSMR/DLC1/AKT3/ETV1/CYP1B1/CCL2/A2M/MTR/CTLA4/CDH1",12
"C0282612","Prostatic Intraepithelial Neoplasias","12/495","230/21671",0.0521739130434783,2.28416337285902,2.99344835159425,0.00686136742011305,0.0400815626215654,0.0279694543957137,"FYN/IGFBP5/CLU/ETV1/AKAP12/CAV1/RECK/TWIST2/SRPX/MMP2/CTSK/CDH1",12
"C0029454","Osteopetrosis","6/495","74/21671",0.0810810810810811,3.54971334971335,3.35908191348486,0.00689004505726437,0.0401884706427484,0.0280440562532122,"GJA1/MITF/ACTG2/MRGPRF/NFATC1/CTSK",6
"C4023106","Obstructive azoospermia","6/495","74/21671",0.0810810810810811,3.54971334971335,3.35908191348486,0.00689004505726437,0.0401884706427484,0.0280440562532122,"ADAMTS5/ICAM1/CLDN11/TGFB1I1/ADAMTS1/MTHFR",6
"C0019193","Hepatitis, Toxic","18/495","412/21671",0.0436893203883495,1.91270962047661,2.85969628570464,0.00692590519971747,0.040336888478956,0.0281476242188755,"COL3A1/CLU/VWF/TGFBR1/NREP/TUBA1A/ITPR1/SERPING1/CCDC80/CCL2/MMP2/CFH/HLA-DQB1/C3/ALDH1L2/ABCC2/DHFR/MTHFR",18
"C4279912","Chemically-Induced Liver Toxicity","18/495","412/21671",0.0436893203883495,1.91270962047661,2.85969628570464,0.00692590519971747,0.040336888478956,0.0281476242188755,"COL3A1/CLU/VWF/TGFBR1/NREP/TUBA1A/ITPR1/SERPING1/CCDC80/CCL2/MMP2/CFH/HLA-DQB1/C3/ALDH1L2/ABCC2/DHFR/MTHFR",18
"C0041341","Tuberous Sclerosis","14/495","289/21671",0.0484429065743945,2.12082066338122,2.93272255138135,0.00695236270089304,0.0404605570857381,0.0282339218388119,"ICAM1/AKT3/PRKD1/IL6ST/CD8A/GJA1/CCL2/FLNA/SDC2/MMP2/VEGFC/LILRB2/CTLA4/TYMS",14
"C0234535","Clonic Seizures","8/495","122/21671",0.0655737704918033,2.87080642490479,3.1681468110925,0.00698470014185968,0.0405269567781611,0.0282802564387538,"CHRNA3/CLU/TCF4/NRP2/MPDZ/BCHE/ABCC2/ATP7A",8
"C0520680","Sleep Apnea, Central","8/495","122/21671",0.0655737704918033,2.87080642490479,3.1681468110925,0.00698470014185968,0.0405269567781611,0.0282802564387538,"PECAM1/CYBB/IL2RB/HSPB7/CD38/CCL2/AKR1B1/COL13A1",8
"C1318544","M5b Acute differentiated monocytic leukemia","8/495","122/21671",0.0655737704918033,2.87080642490479,3.1681468110925,0.00698470014185968,0.0405269567781611,0.0282802564387538,"DERL3/ICAM1/CYBB/MYH11/VCAM1/RORA/THBD/HLA-DMB",8
"C2937358","Cerebral Hemorrhage","8/495","122/21671",0.0655737704918033,2.87080642490479,3.1681468110925,0.00698470014185968,0.0405269567781611,0.0282802564387538,"COL4A1/HSPB8/AGTR1/MMP2/CFH/THBS1/C3/MTHFR",8
"C4021790","Abnormality of the skeletal system","9/495","148/21671",0.0608108108108108,2.66228501228501,3.10238030713441,0.00705106370814643,0.0408813918288191,0.028527585992225,"EML1/FGFR1/TRPS1/IL6ST/TNC/DES/MAB21L2/COL1A2/EFEMP2",9
"C1336905","Endometrial Endometrioid Adenocarcinoma","5/495","53/21671",0.0943396226415094,4.13016962073566,3.48825432754637,0.00710162882077406,0.0409224159830487,0.0285562131997438,"CLU/AGTR1/DKK3/TSPYL5/RRM2",5
"C1853737","Prominent occiput","5/495","53/21671",0.0943396226415094,4.13016962073566,3.48825432754637,0.00710162882077406,0.0409224159830487,0.0285562131997438,"GLI3/NID1/FLNA/CTSK/ATP7A",5
"C3714506","Meckel syndrome type 1","5/495","53/21671",0.0943396226415094,4.13016962073566,3.48825432754637,0.00710162882077406,0.0409224159830487,0.0285562131997438,"CCL5/ALDH1A3/CCL2/FLNA/NFATC1",5
"C0028768","Obsessive-Compulsive Disorder","10/495","175/21671",0.0571428571428571,2.50170274170274,3.04953949460743,0.00710788589545661,0.0409224159830487,0.0285562131997438,"IGKC/SGCE/HTR2B/MEIS2/SPARC/CCL2/PDLIM7/CDH2/MTHFR/TYMS",10
"C0265783","Congenital hypoplasia of lung","10/495","175/21671",0.0571428571428571,2.50170274170274,3.04953949460743,0.00710788589545661,0.0409224159830487,0.0285562131997438,"TPM2/GLI3/AGTR1/SETBP1/BNC2/ZFPM2/NR3C1/FLNA/FAM20C/FSTL1",10
"C0031117","Peripheral Neuropathy","16/495","351/21671",0.0455840455840456,1.99566030677142,2.87528727834466,0.00719059939717418,0.0409224159830487,0.0285562131997438,"HSPB8/TCF4/MAP1B/ATXN1/PMP22/EGR2/ACTG2/DES/PRKCB/AKR1B1/MYO5A/THBD/MTR/CTLA4/MTHFR/TYMS",16
"C0011989","Camurati-Engelmann Syndrome","4/495","34/21671",0.117647058823529,5.15056446821153,3.7030381885275,0.00724986814610476,0.0409224159830487,0.0285562131997438,"AGTR1/MITF/LGALS1/COL1A2",4
"C0013312","Dupuytren Contracture","4/495","34/21671",0.117647058823529,5.15056446821153,3.7030381885275,0.00724986814610476,0.0409224159830487,0.0285562131997438,"ITGA11/DDR2/TIMP2/DES",4
"C0235032","Neurotoxicity Syndromes","4/495","34/21671",0.117647058823529,5.15056446821153,3.7030381885275,0.00724986814610476,0.0409224159830487,0.0285562131997438,"RNASE6/CRISPLD2/CD3D/BCHE",4
"C0410422","Chronic multifocal osteomyelitis","4/495","34/21671",0.117647058823529,5.15056446821153,3.7030381885275,0.00724986814610476,0.0409224159830487,0.0285562131997438,"GLI3/PAPPA/CCL5/FAM20C",4
"C1849020","Short metatarsal","4/495","34/21671",0.117647058823529,5.15056446821153,3.7030381885275,0.00724986814610476,0.0409224159830487,0.0285562131997438,"TCF4/FGFR1/TRPS1/FLNA",4
"C3150911","GASTRIC CANCER, INTESTINAL","4/495","34/21671",0.117647058823529,5.15056446821153,3.7030381885275,0.00724986814610476,0.0409224159830487,0.0285562131997438,"POSTN/COL1A2/ERCC1/CDH1",4
"C0023212","Left-Sided Heart Failure","8/495","123/21671",0.0650406504065041,2.84746653527141,3.14149044884035,0.00732591544518754,0.0409224159830487,0.0285562131997438,"APOC1/VWF/AGTR1/CYBB/EDNRA/SERPINE1/HTR2B/CCL2",8
"C4317123","Myoclonic Seizures","8/495","123/21671",0.0650406504065041,2.84746653527141,3.14149044884035,0.00732591544518754,0.0409224159830487,0.0285562131997438,"CHRNA3/CLU/TCF4/NRP2/MPDZ/BCHE/ABCC2/ATP7A",8
"C0206630","Endometrial Stromal Sarcoma","6/495","75/21671",0.08,3.50238383838384,3.31900563519864,0.00734850753344954,0.0409224159830487,0.0285562131997438,"TGFBR1/CD38/CALD1/CAV1/DES/JAZF1",6
"C0311335","Grand Mal Status Epilepticus","6/495","75/21671",0.08,3.50238383838384,3.31900563519864,0.00734850753344954,0.0409224159830487,0.0285562131997438,"KCNMA1/GAP43/MEF2C/CCL2/ABCC2/CDH2",6
"C0349458","Cervical intraepithelial neoplasia grade 1","6/495","75/21671",0.08,3.50238383838384,3.31900563519864,0.00734850753344954,0.0409224159830487,0.0285562131997438,"ST8SIA4/JAM3/CCL2/MMP2/MTHFR/CDH1",6
"C0694549","Community acquired pneumonia","6/495","75/21671",0.08,3.50238383838384,3.31900563519864,0.00734850753344954,0.0409224159830487,0.0285562131997438,"SORBS1/AGTR1/SERPINE1/TNC/MYLK/A2M",6
"C0002625","Amnestic Disorder","2/495","6/21671",0.333333333333333,14.593265993266,5.09131754455795,0.00734870651076952,0.0409224159830487,0.0285562131997438,"GJA1/BCHE",2
"C0016033","Nonproliferative fibrocystic disease","2/495","6/21671",0.333333333333333,14.593265993266,5.09131754455795,0.00734870651076952,0.0409224159830487,0.0285562131997438,"DCN/MMP2",2
"C0019816","Hereditary, Type VII, Motor and Sensory Neuropathy","2/495","6/21671",0.333333333333333,14.593265993266,5.09131754455795,0.00734870651076952,0.0409224159830487,0.0285562131997438,"PMP22/EGR2",2
"C0022810","Kyasanur Forest Disease","2/495","6/21671",0.333333333333333,14.593265993266,5.09131754455795,0.00734870651076952,0.0409224159830487,0.0285562131997438,"ICAM1/VCAM1",2
"C0036305","Schamberg Disease","2/495","6/21671",0.333333333333333,14.593265993266,5.09131754455795,0.00734870651076952,0.0409224159830487,0.0285562131997438,"MASP1/MITF",2
"C0156349","Prolapse of female genital organs","2/495","6/21671",0.333333333333333,14.593265993266,5.09131754455795,0.00734870651076952,0.0409224159830487,0.0285562131997438,"COL3A1/LOXL1",2
"C0221025","Kasabach-Merritt syndrome","2/495","6/21671",0.333333333333333,14.593265993266,5.09131754455795,0.00734870651076952,0.0409224159830487,0.0285562131997438,"VEGFC/THBD",2
"C0235270","Keratopathy","2/495","6/21671",0.333333333333333,14.593265993266,5.09131754455795,0.00734870651076952,0.0409224159830487,0.0285562131997438,"ICAM1/VCAM1",2
"C0263385","Confluent and Reticulate Papillomatosis","2/495","6/21671",0.333333333333333,14.593265993266,5.09131754455795,0.00734870651076952,0.0409224159830487,0.0285562131997438,"CSRP2/CSRP1",2
"C0264683","Coronary artery atheroma","2/495","6/21671",0.333333333333333,14.593265993266,5.09131754455795,0.00734870651076952,0.0409224159830487,0.0285562131997438,"AGTR1/SERPINE1",2
"C0271642","Fibrocalculous pancreatic diabetes","2/495","6/21671",0.333333333333333,14.593265993266,5.09131754455795,0.00734870651076952,0.0409224159830487,0.0285562131997438,"CRISPLD2/HLA-DQB1",2
"C0334083","Connective tissue nevus, NOS","2/495","6/21671",0.333333333333333,14.593265993266,5.09131754455795,0.00734870651076952,0.0409224159830487,0.0285562131997438,"COL3A1/ELN",2
"C0347646","Perforation of colon","2/495","6/21671",0.333333333333333,14.593265993266,5.09131754455795,0.00734870651076952,0.0409224159830487,0.0285562131997438,"COL3A1/CTLA4",2
"C0544966","Autophagic vaculoes (finding)","2/495","6/21671",0.333333333333333,14.593265993266,5.09131754455795,0.00734870651076952,0.0409224159830487,0.0285562131997438,"LDB3/CRYAB",2
"C0553573","Primary infertility","2/495","6/21671",0.333333333333333,14.593265993266,5.09131754455795,0.00734870651076952,0.0409224159830487,0.0285562131997438,"MTRR/CDH1",2
"C0579144","Cavovarus deformity of foot","2/495","6/21671",0.333333333333333,14.593265993266,5.09131754455795,0.00734870651076952,0.0409224159830487,0.0285562131997438,"PMP22/FGFR1",2
"C1332655","Complement component 3 deficiency","2/495","6/21671",0.333333333333333,14.593265993266,5.09131754455795,0.00734870651076952,0.0409224159830487,0.0285562131997438,"CFH/C3",2
"C1387164","allergic rhinitis with asthma","2/495","6/21671",0.333333333333333,14.593265993266,5.09131754455795,0.00734870651076952,0.0409224159830487,0.0285562131997438,"POSTN/CTLA4",2
"C1510446","Acute ischemic heart disease","2/495","6/21671",0.333333333333333,14.593265993266,5.09131754455795,0.00734870651076952,0.0409224159830487,0.0285562131997438,"GJA1/DCN",2
"C1832776","Hypertrophic nerve changes","2/495","6/21671",0.333333333333333,14.593265993266,5.09131754455795,0.00734870651076952,0.0409224159830487,0.0285562131997438,"PMP22/EGR2",2
"C1844508","Large foramen magnum","2/495","6/21671",0.333333333333333,14.593265993266,5.09131754455795,0.00734870651076952,0.0409224159830487,0.0285562131997438,"RAB23/FLNA",2
"C1848580","Decreased methionine synthase activity","2/495","6/21671",0.333333333333333,14.593265993266,5.09131754455795,0.00734870651076952,0.0409224159830487,0.0285562131997438,"MTRR/MTR",2
"C1855185","Broad phalanx","2/495","6/21671",0.333333333333333,14.593265993266,5.09131754455795,0.00734870651076952,0.0409224159830487,0.0285562131997438,"FGFR1/DDR2",2
"C1855755","Abnormal immunoglobulin level","2/495","6/21671",0.333333333333333,14.593265993266,5.09131754455795,0.00734870651076952,0.0409224159830487,0.0285562131997438,"IGKC/CTLA4",2
"C1857800","CORNEAL DYSTROPHY, FUCHS ENDOTHELIAL, 2","2/495","6/21671",0.333333333333333,14.593265993266,5.09131754455795,0.00734870651076952,0.0409224159830487,0.0285562131997438,"TCF4/COL8A2",2
"C1862932","ANEURYSM, INTRACRANIAL BERRY, 1 (disorder)","2/495","6/21671",0.333333333333333,14.593265993266,5.09131754455795,0.00734870651076952,0.0409224159830487,0.0285562131997438,"COL3A1/ELN",2
"C1863924","Megalanecephaly Polymicrogyria-Polydactyly Hydrocephalus Syndrome","2/495","6/21671",0.333333333333333,14.593265993266,5.09131754455795,0.00734870651076952,0.0409224159830487,0.0285562131997438,"MCC/AKT3",2
"C2936170","Patent Ductus Arteriosus Familial","2/495","6/21671",0.333333333333333,14.593265993266,5.09131754455795,0.00734870651076952,0.0409224159830487,0.0285562131997438,"AGTR1/PTGIS",2
"C2936381","Neointima Formation","2/495","6/21671",0.333333333333333,14.593265993266,5.09131754455795,0.00734870651076952,0.0409224159830487,0.0285562131997438,"MMP2/ATP7A",2
"C3647902","Vasculogenic erectile dysfunction","2/495","6/21671",0.333333333333333,14.593265993266,5.09131754455795,0.00734870651076952,0.0409224159830487,0.0285562131997438,"PDE5A/MTHFR",2
"C3854437","Chronic lymphocytic inflammation with pontine perivascular enhancement responsive to steroids","2/495","6/21671",0.333333333333333,14.593265993266,5.09131754455795,0.00734870651076952,0.0409224159830487,0.0285562131997438,"ICAM1/VCAM1",2
"C3898765","Keratitis caused by infection","2/495","6/21671",0.333333333333333,14.593265993266,5.09131754455795,0.00734870651076952,0.0409224159830487,0.0285562131997438,"EFS/THBS1",2
"C4015286","MACULAR DEGENERATION, EARLY-ONSET","2/495","6/21671",0.333333333333333,14.593265993266,5.09131754455795,0.00734870651076952,0.0409224159830487,0.0285562131997438,"EFEMP1/C3",2
"C4021630","Broad long bones","2/495","6/21671",0.333333333333333,14.593265993266,5.09131754455795,0.00734870651076952,0.0409224159830487,0.0285562131997438,"GJA1/COL1A2",2
"C4022628","Absent muscle fiber emerin","2/495","6/21671",0.333333333333333,14.593265993266,5.09131754455795,0.00734870651076952,0.0409224159830487,0.0285562131997438,"SYNE1/FHL1",2
"C4477013","Impaired oropharyngeal swallow response","2/495","6/21671",0.333333333333333,14.593265993266,5.09131754455795,0.00734870651076952,0.0409224159830487,0.0285562131997438,"PMP22/COL6A1",2
"C4728223","Extramedullary myeloma","2/495","6/21671",0.333333333333333,14.593265993266,5.09131754455795,0.00734870651076952,0.0409224159830487,0.0285562131997438,"PTPRC/SLAMF7",2
"C0314719","Dryness of eye","9/495","149/21671",0.0604026845637584,2.6444173276388,3.07945566596539,0.00735749415054474,0.040941917880833,0.0285698218867568,"CLU/ICAM1/RPS6KA2/SERPING1/NR3C1/CCL2/THBS1/HLA-DRA/MTHFR",9
"C0431478","Posteriorly rotated ear","10/495","176/21671",0.0568181818181818,2.48748852157943,3.02936304567082,0.00738734851857752,0.0410785367012932,0.0286651563402694,"COL4A1/FRMD4A/FGFR1/FHL1/GPC6/MITF/FLNA/FAM20C/MPDZ/CDH11",10
"C0002994","Angioedema","3/495","18/21671",0.166666666666667,7.296632996633,4.08597482508977,0.00748682157086227,0.0413201259635516,0.0288337405822818,"COL4A1/SERPING1/HLA-DQB1",3
"C0019288","Hernia, Femoral","3/495","18/21671",0.166666666666667,7.296632996633,4.08597482508977,0.00748682157086227,0.0413201259635516,0.0288337405822818,"COL1A2/ADAMTS2/ATP7A",3
"C0041105","Trismus","3/495","18/21671",0.166666666666667,7.296632996633,4.08597482508977,0.00748682157086227,0.0413201259635516,0.0288337405822818,"TPM2/EDNRA/BCHE",3
"C0241157","pustule","3/495","18/21671",0.166666666666667,7.296632996633,4.08597482508977,0.00748682157086227,0.0413201259635516,0.0288337405822818,"JAK3/CTSB/CTSC",3
"C0268393","Familial Cerebral Amyloid Angiopathy","3/495","18/21671",0.166666666666667,7.296632996633,4.08597482508977,0.00748682157086227,0.0413201259635516,0.0288337405822818,"HSPB8/PTPRC/SDC2",3
"C0685889","Splenic Hypoplasia","3/495","18/21671",0.166666666666667,7.296632996633,4.08597482508977,0.00748682157086227,0.0413201259635516,0.0288337405822818,"ICAM1/CCL2/MTHFR",3
"C1271398","Pigment dispersion syndrome (disorder)","3/495","18/21671",0.166666666666667,7.296632996633,4.08597482508977,0.00748682157086227,0.0413201259635516,0.0288337405822818,"CD38/LOXL1/BCHE",3
"C1836392","Dysmetric saccades","3/495","18/21671",0.166666666666667,7.296632996633,4.08597482508977,0.00748682157086227,0.0413201259635516,0.0288337405822818,"ATXN1/SYNE1/ITPR1",3
"C1848654","Broad ribs","3/495","18/21671",0.166666666666667,7.296632996633,4.08597482508977,0.00748682157086227,0.0413201259635516,0.0288337405822818,"SETBP1/KCNJ8/ATP7A",3
"C4525405","Eyelid Sebaceous Gland Carcinoma","3/495","18/21671",0.166666666666667,7.296632996633,4.08597482508977,0.00748682157086227,0.0413201259635516,0.0288337405822818,"FGFR1/ZEB2/CDH1",3
"C0021704","Intelligence","25/495","645/21671",0.0387596899224806,1.69689139456581,2.74711423921875,0.00748947287023321,0.0413201259635516,0.0288337405822818,"DOCK2/CHRNA3/COL16A1/EPHA3/ADAM12/PTGER3/TCF4/ATXN1/RUNX1T1/PRKD1/NREP/MIR100HG/NEGR1/IGFBP7/GNB5/MYLK/MYH11/ZEB2/MEF2C/CALU/CLIP4/RORA/PCDH17/ABCC2/CDH2",25
"C0004135","Ataxia Telangiectasia","17/495","384/21671",0.0442708333333333,1.93816813973064,2.83595381117585,0.00753899669052547,0.0415637497258436,0.0290037445258275,"RGS2/AGTR1/JAK3/CD38/CAV1/CRYAB/MMP2/FSTL1/NFATC1/PDLIM7/SLFN11/HLA-DQB1/DHFR/CTLA4/MTHFR/TYMS/HLA-DPA1",17
"C0235031","Neurologic Symptoms","12/495","233/21671",0.0515021459227468,2.25475354402393,2.94411214769714,0.00757349379402278,0.0417242410586774,0.0291157375400965,"CLU/VWF/TCF4/ATXN1/TRPS1/HIP1/ACTA2/CCL2/CFH/ATP7B/ATP7A/MTHFR",12
"C0035334","Retinitis Pigmentosa","22/495","546/21671",0.0402930402930403,1.76402116402116,2.76447993798316,0.00766254809225131,0.0421464566004733,0.0294103652334557,"CYGB/CLU/CD74/CYBB/AKT3/EDNRA/ACKR3/PTPRC/TIMP2/CAV1/HSD17B6/TWIST2/CRYAB/MEIS2/HTRA1/CCL2/SERPINF1/MMP2/C3/ATP1A2/STC1/SLC19A1",22
"C0334463","Malignant Fibrous Histiocytoma","9/495","150/21671",0.06,2.62678787878788,3.05671835324082,0.0076739984391326,0.0421464566004733,0.0294103652334557,"CD74/SERPINE1/WWTR1/MITF/DES/MYOCD/CCL2/FBXO32/CTLA4",9
"C0265673","Congenital kyphosis","5/495","54/21671",0.0925925925925926,4.05368499812944,3.43505341834302,0.00768277778464604,0.0421464566004733,0.0294103652334557,"IGFBP7/CD38/FHL1/LGALS1/THBS1",5
"C1141957","HIV disease progression","5/495","54/21671",0.0925925925925926,4.05368499812944,3.43505341834302,0.00768277778464604,0.0421464566004733,0.0294103652334557,"ICAM1/CD38/CCL5/GEM/HLA-DQB1",5
"C2921627","Clinically isolated syndrome","5/495","54/21671",0.0925925925925926,4.05368499812944,3.43505341834302,0.00768277778464604,0.0421464566004733,0.0294103652334557,"CD38/LDB3/SERPING1/THBD/CD27",5
"C3489413","Lipomatosis, Multiple","5/495","54/21671",0.0925925925925926,4.05368499812944,3.43505341834302,0.00768277778464604,0.0421464566004733,0.0294103652334557,"SETBP1/DCN/MSRB3/PDPN/CDH5",5
"C0678230","Congenital Epicanthus","18/495","417/21671",0.0431654676258993,1.88977545236538,2.80503445613686,0.00779710663519546,0.0427433743780779,0.029826902500636,"COL3A1/FLI1/TCF4/RAB23/FGFR1/IGHM/GJA1/KCNMA1/GPC6/TWIST2/KCNJ8/FLNA/MAB21L2/VEGFC/COL1A2/ELN/ADAMTS2/CCDC88A",18
"C0001925","Albuminuria","6/495","76/21671",0.0789473684210526,3.45629984051037,3.27960592963189,0.00782859482564853,0.0428250674572553,0.029883909031895,"CD38/CCL5/CTSB/DCN/CCL2/PDPN",6
"C0035328","Retinal Vein Occlusion","6/495","76/21671",0.0789473684210526,3.45629984051037,3.27960592963189,0.00782859482564853,0.0428250674572553,0.029883909031895,"SERPINE1/CYP1B1/VCAM1/MMP2/LOXL1/MTHFR",6
"C1334177","Infiltrating Cervical Carcinoma","6/495","76/21671",0.0789473684210526,3.45629984051037,3.27960592963189,0.00782859482564853,0.0428250674572553,0.029883909031895,"CLU/PEG3/VEGFC/HLA-DQB1/THBS1/MTHFR",6
"C0242647","Mucosa-Associated Lymphoid Tissue Lymphoma","13/495","264/21671",0.0492424242424242,2.15582338536884,2.88885422264852,0.0080001188601113,0.0434308208448918,0.0303066119067932,"LAIR1/GPR34/ICAM1/CYBB/CALD1/VCAM1/ZEB2/PDLIM7/HLA-DQB1/CTLA4/MTHFR/CDH1/TYMS",13
"C0037299","Skin Ulcer","9/495","151/21671",0.0596026490066225,2.60939193257074,3.03416539683772,0.00800078379211138,0.0434308208448918,0.0303066119067932,"HAVCR2/COL3A1/PECAM1/CYBB/TIMP2/CAV1/WIPF1/CTLA4/HLA-DPA1",9
"C0376480","Gingival Overgrowth","7/495","100/21671",0.07,3.06458585858586,3.1637918274947,0.00803752425344334,0.0434308208448918,0.0303066119067932,"COL3A1/C1S/C1R/FAM20C/MMP2/ELN/ADAMTS2",7
"C0003838","Arterial Occlusive Diseases","4/495","35/21671",0.114285714285714,5.00340548340548,3.62397511199388,0.00804040727864776,0.0434308208448918,0.0303066119067932,"ICAM1/TFPI/ELN/MTHFR",4
"C0010072","Coronary Thrombosis","4/495","35/21671",0.114285714285714,5.00340548340548,3.62397511199388,0.00804040727864776,0.0434308208448918,0.0303066119067932,"VWF/SERPINE1/F2R/TFPI",4
"C0030353","Papilledema","4/495","35/21671",0.114285714285714,5.00340548340548,3.62397511199388,0.00804040727864776,0.0434308208448918,0.0303066119067932,"IGLV1-44/CD38/MMP2/MTRR",4
"C0039144","Syringomyelia","4/495","35/21671",0.114285714285714,5.00340548340548,3.62397511199388,0.00804040727864776,0.0434308208448918,0.0303066119067932,"CD38/DDR2/FLNA/PCDH17",4
"C0151480","Anti-nuclear factor positive","4/495","35/21671",0.114285714285714,5.00340548340548,3.62397511199388,0.00804040727864776,0.0434308208448918,0.0303066119067932,"IL2RB/C1R/MMP2/CTLA4",4
"C0151945","Thrombosis of cerebral veins","4/495","35/21671",0.114285714285714,5.00340548340548,3.62397511199388,0.00804040727864776,0.0434308208448918,0.0303066119067932,"COL4A1/SERPINE1/HSD17B6/MTHFR",4
"C0238281","Middle Cerebral Artery Syndrome","4/495","35/21671",0.114285714285714,5.00340548340548,3.62397511199388,0.00804040727864776,0.0434308208448918,0.0303066119067932,"ICAM1/IL6ST/CCL2/C3",4
"C0740376","Middle Cerebral Artery Thrombosis","4/495","35/21671",0.114285714285714,5.00340548340548,3.62397511199388,0.00804040727864776,0.0434308208448918,0.0303066119067932,"ICAM1/IL6ST/CCL2/C3",4
"C0751845","Middle Cerebral Artery Embolus","4/495","35/21671",0.114285714285714,5.00340548340548,3.62397511199388,0.00804040727864776,0.0434308208448918,0.0303066119067932,"ICAM1/IL6ST/CCL2/C3",4
"C0751846","Left Middle Cerebral Artery Infarction","4/495","35/21671",0.114285714285714,5.00340548340548,3.62397511199388,0.00804040727864776,0.0434308208448918,0.0303066119067932,"ICAM1/IL6ST/CCL2/C3",4
"C0751847","Embolic Infarction, Middle Cerebral Artery","4/495","35/21671",0.114285714285714,5.00340548340548,3.62397511199388,0.00804040727864776,0.0434308208448918,0.0303066119067932,"ICAM1/IL6ST/CCL2/C3",4
"C0751848","Thrombotic Infarction, Middle Cerebral Artery","4/495","35/21671",0.114285714285714,5.00340548340548,3.62397511199388,0.00804040727864776,0.0434308208448918,0.0303066119067932,"ICAM1/IL6ST/CCL2/C3",4
"C0751849","Right Middle Cerebral Artery Infarction","4/495","35/21671",0.114285714285714,5.00340548340548,3.62397511199388,0.00804040727864776,0.0434308208448918,0.0303066119067932,"ICAM1/IL6ST/CCL2/C3",4
"C2700553","Omenn Syndrome","4/495","35/21671",0.114285714285714,5.00340548340548,3.62397511199388,0.00804040727864776,0.0434308208448918,0.0303066119067932,"JAK3/CD3D/PTPRC/CTLA4",4
"C3665464","Dementia due to Alzheimer's disease (disorder)","4/495","35/21671",0.114285714285714,5.00340548340548,3.62397511199388,0.00804040727864776,0.0434308208448918,0.0303066119067932,"ACTG2/MYOCD/BCHE/MTR",4
"C0279530","Malignant Bone Neoplasm","8/495","125/21671",0.064,2.80190707070707,3.08897333387535,0.00804585952910143,0.0434308208448918,0.0303066119067932,"EPHA3/HLA-DOA/SLIT2/CD38/GJA1/MMP2/PRKCB/CTLA4",8
"C0040485","Torticollis","5/495","55/21671",0.0909090909090909,3.97998163452709,3.38311964834424,0.00829619171315143,0.044688665514653,0.0311843528636503,"FLI1/COL12A1/SGCE/COL6A2/COL6A1",5
"C1320214","Invasive Streptococcus pneumoniae disease","5/495","55/21671",0.0909090909090909,3.97998163452709,3.38311964834424,0.00829619171315143,0.044688665514653,0.0311843528636503,"SORBS1/ICAM1/CCL5/CCL2/CFH",5
"C2936179","Obesity, Visceral","5/495","55/21671",0.0909090909090909,3.97998163452709,3.38311964834424,0.00829619171315143,0.044688665514653,0.0311843528636503,"AGTR1/SERPINE1/NR3C1/SERPINF1/THBS1",5
"C0018816","Heart Septal Defects","6/495","77/21671",0.0779220779220779,3.41141282959465,3.24086150462384,0.00833085434814853,0.0447198875819532,0.0312061400428513,"PCSK5/NREP/ACTA2/MEIS2/FLNA/TYMS",6
"C0036391","Schwartz-Jampel Syndrome","6/495","77/21671",0.0779220779220779,3.41141282959465,3.24086150462384,0.00833085434814853,0.0447198875819532,0.0312061400428513,"PTGER3/GJA1/FLNA/CFH/HLA-DQB1/AKR1B1",6
"C0162739","HELLP Syndrome","6/495","77/21671",0.0779220779220779,3.41141282959465,3.24086150462384,0.00833085434814853,0.0447198875819532,0.0312061400428513,"VWF/SERPINE1/NR3C1/VEGFC/CFH/MTHFR",6
"C0456132","Large fontanelle","6/495","77/21671",0.0779220779220779,3.41141282959465,3.24086150462384,0.00833085434814853,0.0447198875819532,0.0312061400428513,"SETBP1/GJA1/FLNA/FAM20C/COL1A2/ATP7A",6
"C2745963","Kashin-Beck Disease","6/495","77/21671",0.0779220779220779,3.41141282959465,3.24086150462384,0.00833085434814853,0.0447198875819532,0.0312061400428513,"ADAM12/ADAMTS5/TGFBR1/FZD1/DCN/ADAMTS1",6
"C0020615","Hypoglycemia","18/495","420/21671",0.0428571428571429,1.87627705627706,2.7725953540057,0.00836094490034204,0.0448503318546049,0.0312971658137165,"PECAM1/AKT3/EDNRA/GJA1/ACKR3/BNC2/CALD1/GPR161/KCNMA1/VCAM1/NR3C1/F2R/LGALS1/C3/IGFBP6/ATP7A/MTHFR/CDON",18
"C0424605","Developmental delay (disorder)","23/495","584/21671",0.0393835616438356,1.72420437249204,2.71250319326149,0.00841978166535724,0.0451321517222089,0.0314938235141455,"COL4A1/VWF/GLI3/TCF4/TUSC3/RHOQ/MN1/SETBP1/PMP22/TRPS1/CD38/SERPINE1/TUBA1A/SGCE/TWIST2/ALDH1A3/MEF2C/MEIS2/SPARC/CCL2/NDN/EDIL3/MTHFR",23
"C3495801","Granulomatosis with polyangiitis","8/495","126/21671",0.0634920634920635,2.77966971300305,3.06310245842088,0.00842513444233334,0.0451321517222089,0.0314938235141455,"VCAM1/MMP2/GREM1/CTSC/CTSK/THBD/CTLA4/HLA-DPA1",8
"C0007959","Charcot-Marie-Tooth Disease","11/495","208/21671",0.0528846153846154,2.31527777777778,2.91416426435862,0.00856164657748633,0.0458317307458252,0.0319819991818952,"HSPB8/IL2RB/PMP22/EGR2/AHNAK2/DES/SPARC/CCL2/EMP3/GNB4/ATP7A",11
"C0079352","Congenital torticollis","3/495","19/21671",0.157894736842105,6.91259968102073,3.94199762114377,0.0087418092972998,0.0462527696836641,0.0322758058251614,"COL6A2/COL6A1/ELN",3
"C0085138","Choroid Plexus Neoplasms","3/495","19/21671",0.157894736842105,6.91259968102073,3.94199762114377,0.0087418092972998,0.0462527696836641,0.0322758058251614,"FGFR1/STC1/CDH1",3
"C0206735","Melanoma, Amelanotic","3/495","19/21671",0.157894736842105,6.91259968102073,3.94199762114377,0.0087418092972998,0.0462527696836641,0.0322758058251614,"CTSB/MITF/PDLIM7",3
"C0221239","Rapidly progressive glomerulonephritis","3/495","19/21671",0.157894736842105,6.91259968102073,3.94199762114377,0.0087418092972998,0.0462527696836641,0.0322758058251614,"ICAM1/VCAM1/CFH",3
"C0334013","Phrynoderma","3/495","19/21671",0.157894736842105,6.91259968102073,3.94199762114377,0.0087418092972998,0.0462527696836641,0.0322758058251614,"COL12A1/COL6A2/COL6A1",3
"C0342409","Hypophysitis","3/495","19/21671",0.157894736842105,6.91259968102073,3.94199762114377,0.0087418092972998,0.0462527696836641,0.0322758058251614,"CD74/HLA-DOA/CTLA4",3
"C0342895","Fish-Eye Disease","3/495","19/21671",0.157894736842105,6.91259968102073,3.94199762114377,0.0087418092972998,0.0462527696836641,0.0322758058251614,"CLU/TCF4/COL8A2",3
"C0344539","Hypoplasia of iris","3/495","19/21671",0.157894736842105,6.91259968102073,3.94199762114377,0.0087418092972998,0.0462527696836641,0.0322758058251614,"FGFR1/ITPR1/LAMB2",3
"C0410538","Pseudoachondroplasia","3/495","19/21671",0.157894736842105,6.91259968102073,3.94199762114377,0.0087418092972998,0.0462527696836641,0.0322758058251614,"EPHA3/DCN/SPARC",3
"C1510489","Cerebral Amyloid Angiopathy, Hereditary","3/495","19/21671",0.157894736842105,6.91259968102073,3.94199762114377,0.0087418092972998,0.0462527696836641,0.0322758058251614,"HSPB8/PTPRC/SDC2",3
"C1834696","Hyporeflexia of lower limbs","3/495","19/21671",0.157894736842105,6.91259968102073,3.94199762114377,0.0087418092972998,0.0462527696836641,0.0322758058251614,"HSPB8/LDB3/DES",3
"C1851789","Poor wound healing","3/495","19/21671",0.157894736842105,6.91259968102073,3.94199762114377,0.0087418092972998,0.0462527696836641,0.0322758058251614,"C1R/CFH/AEBP1",3
"C1865841","Flared iliac wings","3/495","19/21671",0.157894736842105,6.91259968102073,3.94199762114377,0.0087418092972998,0.0462527696836641,0.0322758058251614,"RAB23/DDR2/FLNA",3
"C2720436","Fibrosis of pleura","3/495","19/21671",0.157894736842105,6.91259968102073,3.94199762114377,0.0087418092972998,0.0462527696836641,0.0322758058251614,"CRISPLD2/SERPINE1/F2R",3
"C3826044","Lymphoblastic leukemia in children","3/495","19/21671",0.157894736842105,6.91259968102073,3.94199762114377,0.0087418092972998,0.0462527696836641,0.0322758058251614,"NR3C1/DHFR/MTHFR",3
"C4068858","Avascular retina","3/495","19/21671",0.157894736842105,6.91259968102073,3.94199762114377,0.0087418092972998,0.0462527696836641,0.0322758058251614,"CD8A/NRP2/SERPINF1",3
"C4316788","Abnormality of the intestine","3/495","19/21671",0.157894736842105,6.91259968102073,3.94199762114377,0.0087418092972998,0.0462527696836641,0.0322758058251614,"COL3A1/IL2RB/CTLA4",3
"C1868684","EAR, PATELLA, SHORT STATURE SYNDROME","6/495","78/21671",0.0769230769230769,3.36767676767677,3.20275201202365,0.00885582940302611,0.0467389509793661,0.0326150696833741,"RGS2/POSTN/SERPINE1/CD2/ITPR1/PDPN",6
"C0027019","Myelomonocytic leukemia","4/495","36/21671",0.111111111111111,4.86442199775533,3.54786786821311,0.00888543733347066,0.0467389509793661,0.0326150696833741,"SETBP1/RUNX1T1/MEF2C/A2M",4
"C0151632","ESR raised","4/495","36/21671",0.111111111111111,4.86442199775533,3.54786786821311,0.00888543733347066,0.0467389509793661,0.0326150696833741,"IL2RB/C1R/CTLA4/HLA-DPA1",4
"C0205649","Adenoma, Monomorphic","4/495","36/21671",0.111111111111111,4.86442199775533,3.54786786821311,0.00888543733347066,0.0467389509793661,0.0326150696833741,"GJA1/CYP1B1/MTRR/SLC19A1",4
"C0206732","Epithelioid hemangioendothelioma","4/495","36/21671",0.111111111111111,4.86442199775533,3.54786786821311,0.00888543733347066,0.0467389509793661,0.0326150696833741,"PECAM1/FLI1/WWTR1/CAV1",4
"C0238397","Pulmonary artery stenosis","4/495","36/21671",0.111111111111111,4.86442199775533,3.54786786821311,0.00888543733347066,0.0467389509793661,0.0326150696833741,"GPC6/ZEB2/MGP/ELN",4
"C1848934","SPONDYLOCARPOTARSAL SYNOSTOSIS SYNDROME","4/495","36/21671",0.111111111111111,4.86442199775533,3.54786786821311,0.00888543733347066,0.0467389509793661,0.0326150696833741,"TPM2/ICAM1/SERPINE1/VCAM1",4
"C1851100","LAURIN-SANDROW SYNDROME","4/495","36/21671",0.111111111111111,4.86442199775533,3.54786786821311,0.00888543733347066,0.0467389509793661,0.0326150696833741,"AGTR1/CAV1/ANGPTL2/ELN",4
"C0002874","Aplastic Anemia","12/495","238/21671",0.0504201680672269,2.20738477209065,2.86353688516031,0.00888800345889572,0.0467389509793661,0.0326150696833741,"SORBS1/HAVCR2/ICAM1/SMARCA1/GEM/SPARC/CCL2/MSN/HLA-DQB1/THBD/CTLA4/CD27",12
"C0023283","Leishmaniasis, Cutaneous","7/495","102/21671",0.0686274509803922,3.00449593979006,3.10241829326761,0.00892183519442811,0.046772664126091,0.0326385951713587,"SLC11A1/LSAMP/FLI1/JAK3/CCL2/FAM20C/MMP2",7
"C0023531","Leukoplakia","7/495","102/21671",0.0686274509803922,3.00449593979006,3.10241829326761,0.00892183519442811,0.046772664126091,0.0326385951713587,"COL4A1/DERL3/MCC/MFAP5/DES/PDPN/MMP2",7
"C0423110","Downward slant of palpebral fissure","17/495","391/21671",0.0434782608695652,1.90346947738252,2.75629782820168,0.00893216221137803,0.046772664126091,0.0326385951713587,"FLI1/GLI3/SETBP1/FGFR1/GJA1/FHL1/MASP1/TWIST2/ZEB2/FLNA/FAM20C/MPDZ/CDH11/EFEMP2/ADAMTS2/ATP7A/UMPS",17
"C0014867","Esophageal Varices","5/495","56/21671",0.0892857142857143,3.90891053391053,3.33239787527892,0.00894272083278348,0.046772664126091,0.0326385951713587,"VWF/LIPA/STON1/BCHE/ATP7B",5
"C0340100","High altitude pulmonary edema","5/495","56/21671",0.0892857142857143,3.90891053391053,3.33239787527892,0.00894272083278348,0.046772664126091,0.0326385951713587,"VWF/AGTR1/EDNRA/SERPINE1/NR3C1",5
"C1389113","Generalized amyotrophy","5/495","56/21671",0.0892857142857143,3.90891053391053,3.33239787527892,0.00894272083278348,0.046772664126091,0.0326385951713587,"TPM2/TCF4/COL12A1/COL6A2/COL6A1",5
"C1836195","Short toe","5/495","56/21671",0.0892857142857143,3.90891053391053,3.33239787527892,0.00894272083278348,0.046772664126091,0.0326385951713587,"FLI1/GJA1/FLNA/ADAMTS2/CTSK",5
"C1837352","Childhood onset","5/495","56/21671",0.0892857142857143,3.90891053391053,3.33239787527892,0.00894272083278348,0.046772664126091,0.0326385951713587,"TPM2/NLGN4X/PMP22/SYNE1/MTHFR",5
"C0333068","Flexion contracture","11/495","210/21671",0.0523809523809524,2.29322751322751,2.87918583267674,0.00916203425311518,0.0478873936063632,0.0334164684208725,"TPM2/GLI3/TRPS1/AP1S2/COL12A1/CAV1/FHL1/CRYAB/COL6A2/COL6A1/ELN",11
"C1332182","Adult Anaplastic Large Cell Lymphoma","8/495","128/21671",0.0625,2.73623737373737,3.01211178686259,0.00922365622236017,0.0481768342908947,0.0336184440300249,"CLU/JAK3/MCC/CCL5/LGALS1/NFATC1/MSN/PDLIM7",8
"C0039101","synovial sarcoma","14/495","299/21671",0.0468227424749164,2.04989020641195,2.79490459018273,0.00922985051480606,0.0481768342908947,0.0336184440300249,"ICAM1/SMARCA1/CD38/CAV1/TAGLN/VCAM1/MMP2/TFPI/LBH/THBD/CTLA4/MTHFR/AXIN2/CDH1",14
"C0023492","Leukemia, T-Cell","19/495","457/21671",0.0415754923413567,1.82016665561523,2.70931198122548,0.00930889403208434,0.0485566957390743,0.0338835164662435,"LAIR1/ICAM1/IL2RB/JAK3/HLA-DOA/TRAC/IGFBP7/CD38/EDNRA/ACKR3/CD3D/GLIS2/CAV1/VCAM1/MEF2C/CCL2/MMP2/LGALS1/THBS1",19
"C0153452","Malignant neoplasm of gallbladder","18/495","425/21671",0.0423529411764706,1.85420320855615,2.71911243397513,0.00937327568303044,0.0488596187353659,0.0340949002141824,"ST8SIA4/DLC1/DKK3/LATS2/CYP1B1/AXL/STOM/DDR2/TIMP2/TAGLN/ALDH1A3/EMP3/MMP2/VEGFC/THBS1/MTHFR/AXIN2/CDH1",18
"C0027707","Nephritis, Interstitial","6/495","79/21671",0.0759493670886076,3.32504794783276,3.16525799420628,0.00940405865383903,0.048888482102441,0.0341150414605888,"FLI1/DCN/CCL2/SDC2/HLA-DQB1/THBS1",6
"C0030186","Paget Disease Extramammary","6/495","79/21671",0.0759493670886076,3.32504794783276,3.16525799420628,0.00940405865383903,0.048888482102441,0.0341150414605888,"DLC1/ACKR3/CCL2/PDPN/CTLA4/CDH1",6
"C0152244","Bone Cysts, Aneurysmal","6/495","79/21671",0.0759493670886076,3.32504794783276,3.16525799420628,0.00940405865383903,0.048888482102441,0.0341150414605888,"SORBS1/GBP1/SPARC/CDH11/CTSK/ABCC2",6
"C4041080","Neurocognitive Disorders","6/495","79/21671",0.0759493670886076,3.32504794783276,3.16525799420628,0.00940405865383903,0.048888482102441,0.0341150414605888,"RBMS3/CD38/CCL5/ACKR3/TIMP2/CCL2",6
"C0751956","Acute Cerebrovascular Accidents","9/495","155/21671",0.0580645161290323,2.54205278592375,2.94574000337758,0.009414897312286,0.0489120017310311,0.0341314537742868,"VWF/ICAM1/AGTR1/EDNRA/SERPINE1/ANK2/TFPI/TSPAN2/MTHFR",9
"C0026650","Movement Disorders","16/495","362/21671",0.0441988950276243,1.93501869523969,2.74285681018424,0.00950201810388849,0.0493315229441825,0.0344242013288186,"RGS2/COL4A1/TCF4/GJA1/STOM/KCNMA1/TUBA1A/ITPR1/SGCE/GAP43/MEF2C/CCL2/ATP1A2/CTSK/MYO5A/ATP7B",16
"C0751396","Well Differentiated Oligodendroglioma","13/495","270/21671",0.0481481481481481,2.10791619902731,2.80079841421506,0.0095518956374436,0.0495572562676746,0.0345817210831409,"ADAM12/IL2RB/FGFR1/LATS2/PEG3/TNC/CAV1/DES/EMP3/LGALS1/THBS1/EDIL3/CDH1",13
"C0033036","Atrial Premature Complexes","10/495","183/21671",0.0546448087431694,2.39233868742065,2.89189505580669,0.00958837594907931,0.0495950100667444,0.0346080661927695,"CD74/GLI3/TCF4/MCC/SERPINE1/CAV1/F2R/CCL2/AXIN2/CDH1",10
"C1609538","Latent Tuberculosis","10/495","183/21671",0.0546448087431694,2.39233868742065,2.89189505580669,0.00958837594907931,0.0495950100667444,0.0346080661927695,"SLC11A1/HAVCR2/CYBB/HLA-DOA/GEM/CCL2/CFH/HLA-DRA/THBD/CDH1",10
"C3714757","Juvenile rheumatoid arthritis","10/495","183/21671",0.0546448087431694,2.39233868742065,2.89189505580669,0.00958837594907931,0.0495950100667444,0.0346080661927695,"SLC11A1/POSTN/IL6ST/CCL5/CCL2/HLA-DQB1/CTLA4/MTHFR/ABCC3/HLA-DMB",10
"C0011848","Diabetes Insipidus","5/495","57/21671",0.087719298245614,3.84033315612263,3.28283631320581,0.00962319908731176,0.0495950100667444,0.0346080661927695,"FGFR1/GPR161/CTLA4/HLA-DPA1/CDON",5
"C0034372","Quadriplegia","5/495","57/21671",0.087719298245614,3.84033315612263,3.28283631320581,0.00962319908731176,0.0495950100667444,0.0346080661927695,"COL4A1/PMP22/FGFR1/MTHFR/TYMS",5
"C0342482","X-linked Adrenal Hypoplasia","5/495","57/21671",0.087719298245614,3.84033315612263,3.28283631320581,0.00962319908731176,0.0495950100667444,0.0346080661927695,"ICAM1/PMP22/CTSB/ATP1A2/AKR1B1",5
"C0410000","Overlap syndrome","5/495","57/21671",0.087719298245614,3.84033315612263,3.28283631320581,0.00962319908731176,0.0495950100667444,0.0346080661927695,"PECAM1/VWF/COL12A1/FLNA/CDH1",5
"C0751882","Myasthenic Syndromes, Congenital","5/495","57/21671",0.087719298245614,3.84033315612263,3.28283631320581,0.00962319908731176,0.0495950100667444,0.0346080661927695,"CAV1/DES/BCHE/LAMB2/COL13A1",5
"C1836150","Gait imbalance","5/495","57/21671",0.087719298245614,3.84033315612263,3.28283631320581,0.00962319908731176,0.0495950100667444,0.0346080661927695,"HSPB8/ATXN1/PMP22/TUBB6/ELN",5
"C1858036","Periorbital fullness","5/495","57/21671",0.087719298245614,3.84033315612263,3.28283631320581,0.00962319908731176,0.0495950100667444,0.0346080661927695,"TRPS1/TWIST2/ZEB2/MAB21L2/ELN",5
"C0009363","Congenital ocular coloboma (disorder)","8/495","129/21671",0.062015503875969,2.7150262313053,2.98698266592256,0.00964344927386033,0.0496333276247987,0.0346348047010126,"MAF/CYP1B1/MITF/ALDH1A3/ZEB2/MAB21L2/LCP1/CDON",8
"C0232939","Primary physiologic amenorrhea","8/495","129/21671",0.062015503875969,2.7150262313053,2.98698266592256,0.00964344927386033,0.0496333276247987,0.0346348047010126,"FGFR1/CD38/ZFPM2/GPR161/AXL/CAV1/NDN/CDON",8
"C0019156","Hepatic Veno-Occlusive Disease","4/495","37/21671",0.108108108108108,4.73295113295113,3.47452023325619,0.00978636716413271,0.0499000370363454,0.0348209181216293,"THBD/ERCC1/MTHFR/TYMS",4
"C0205651","Adenoma, Trabecular","4/495","37/21671",0.108108108108108,4.73295113295113,3.47452023325619,0.00978636716413271,0.0499000370363454,0.0348209181216293,"GJA1/CYP1B1/MTRR/SLC19A1",4
"C0221238","Mesangial proliferative glomerulonephritis","4/495","37/21671",0.108108108108108,4.73295113295113,3.47452023325619,0.00978636716413271,0.0499000370363454,0.0348209181216293,"VWF/FGFR1/DCN/C3",4
"C0239337","Deformity of limb","4/495","37/21671",0.108108108108108,4.73295113295113,3.47452023325619,0.00978636716413271,0.0499000370363454,0.0348209181216293,"TPM2/GJA1/MASP1/GREM1",4
"C1442903","Exostoses","4/495","37/21671",0.108108108108108,4.73295113295113,3.47452023325619,0.00978636716413271,0.0499000370363454,0.0348209181216293,"TRPS1/COL12A1/DCN/ATP7A",4
"C4551854","HYPOPLASTIC LEFT HEART SYNDROME 1","4/495","37/21671",0.108108108108108,4.73295113295113,3.47452023325619,0.00978636716413271,0.0499000370363454,0.0348209181216293,"FGFR1/GJA1/PLN/ELN",4
"C3278923","Dilated ventricles (finding)","18/495","427/21671",0.0421545667447307,1.84551841601022,2.69791929048223,0.00980473561504332,0.0499000370363454,0.0348209181216293,"COL3A1/FLI1/EML1/SETBP1/AKT3/FGFR1/TRPS1/AP1S2/JAM3/ACTA2/TUBA1A/CAV1/ZEB2/MEF2C/COL6A1/NDN/MPDZ/CCDC88A",18
"C0008297","Choanal Atresia","7/495","104/21671",0.0673076923076923,2.94671717171717,3.04252917367432,0.00987547183915451,0.0499000370363454,0.0348209181216293,"GLI3/PTPN14/FGFR1/ALDH1A3/ANTXR1/FAM20C/CDON",7
"C0085077","Sweet Syndrome","7/495","104/21671",0.0673076923076923,2.94671717171717,3.04252917367432,0.00987547183915451,0.0499000370363454,0.0348209181216293,"ICAM1/VCAM1/MMP2/TFPI/THBD/CTLA4/MTHFR",7
"C0149745","Oral Ulcer","7/495","104/21671",0.0673076923076923,2.94671717171717,3.04252917367432,0.00987547183915451,0.0499000370363454,0.0348209181216293,"PTPRC/GEM/C1R/GIMAP6/LGALS1/MTHFR/HLA-DPA1",7
"C0600260","Lung Diseases, Obstructive","7/495","104/21671",0.0673076923076923,2.94671717171717,3.04252917367432,0.00987547183915451,0.0499000370363454,0.0348209181216293,"CHRNA3/ACTG2/NR3C1/FLNA/MGP/A2M/ELN",7
"C1565662","Acute Kidney Insufficiency","7/495","104/21671",0.0673076923076923,2.94671717171717,3.04252917367432,0.00987547183915451,0.0499000370363454,0.0348209181216293,"SLC11A1/CLU/VWF/FSTL1/A2M/C3/MTHFR",7
"C0751039","Cockayne Syndrome, Type I","6/495","80/21671",0.075,3.28348484848485,3.12836083425671,0.00997607560988914,0.0499000370363454,0.0348209181216293,"PECAM1/CYBB/IL2RB/CD38/CCL2/AKR1B1",6
"C0000737","Abdominal Pain","14/495","302/21671",0.0463576158940397,2.02952705866613,2.75460434650887,0.0100168837474203,0.0499000370363454,0.0348209181216293,"TCF4/DCN/C1R/SERPING1/MITF/ACTG2/NR3C1/CFH/PALLD/HLA-DQB1/ELN/ABCC2/CTLA4/HLA-DPA1",14
"C0333307","Superficial ulcer","12/495","242/21671",0.0495867768595041,2.17089907337841,2.80050455807468,0.0100623956132517,0.0499000370363454,0.0348209181216293,"POSTN/IL2RB/CTSB/SLC24A3/VCAM1/SPARC/MMP2/NFATC1/THBS1/CTSK/CTLA4/HLA-DMB",12
"C0392525","Nephrolithiasis","12/495","242/21671",0.0495867768595041,2.17089907337841,2.80050455807468,0.0100623956132517,0.0499000370363454,0.0348209181216293,"SETBP1/EDNRA/ACKR3/ANTXR1/PDE1A/CCL2/FLNA/MGP/ELN/PRKCB/ATP7B/CDH1",12
"C1332942","Childhood Anaplastic Large Cell Lymphoma","8/495","130/21671",0.0615384615384615,2.69414141414141,2.96209167739861,0.0100772940270814,0.0499000370363454,0.0348209181216293,"CLU/JAK3/MCC/CCL5/LGALS1/NFATC1/MSN/PDLIM7",8
"C0022716","Menkes Kinky Hair Syndrome","3/495","20/21671",0.15,6.5669696969697,3.80807037792866,0.0101125704972893,0.0499000370363454,0.0348209181216293,"CD38/ATP7B/ATP7A",3
"C0277524","Infectious colitis","3/495","20/21671",0.15,6.5669696969697,3.80807037792866,0.0101125704972893,0.0499000370363454,0.0348209181216293,"IL18BP/F2R/CCL2",3
"C0553980","Endomyocardial Fibrosis","3/495","20/21671",0.15,6.5669696969697,3.80807037792866,0.0101125704972893,0.0499000370363454,0.0348209181216293,"COL3A1/LDB3/CCL2",3
"C1527383","Morphea","3/495","20/21671",0.15,6.5669696969697,3.80807037792866,0.0101125704972893,0.0499000370363454,0.0348209181216293,"BNC2/DCN/SPARC",3
"C1856266","Coronal craniosynostosis","3/495","20/21671",0.15,6.5669696969697,3.80807037792866,0.0101125704972893,0.0499000370363454,0.0348209181216293,"RAB23/FGFR1/MASP1",3
"C1865244","Shallow orbits","3/495","20/21671",0.15,6.5669696969697,3.80807037792866,0.0101125704972893,0.0499000370363454,0.0348209181216293,"SETBP1/FGFR1/MITF",3
"C4324656","Non-squamous non-small cell lung cancer","3/495","20/21671",0.15,6.5669696969697,3.80807037792866,0.0101125704972893,0.0499000370363454,0.0348209181216293,"ERCC1/MTHFR/TYMS",3
"C4543948","Localized cutaneous leishmaniasis","3/495","20/21671",0.15,6.5669696969697,3.80807037792866,0.0101125704972893,0.0499000370363454,0.0348209181216293,"SLC11A1/CCL5/CCL2",3
"C0014060","Encephalitis, St. Louis","13/495","272/21671",0.0477941176470588,2.09241681521093,2.77195502840333,0.0101184019469201,0.0499000370363454,0.0348209181216293,"HAVCR2/AOC3/LAIR1/SERPINE1/CCL5/PTPRC/AXL/CCL2/CFH/LGALS1/HLA-DQB1/C3/CTLA4",13
"C0011620","Stasis dermatitis","2/495","7/21671",0.285714285714286,12.5085137085137,4.65595770873719,0.0101333279445096,0.0499000370363454,0.0348209181216293,"ICAM1/VCAM1",2
"C0017567","Gingival Hypertrophy","2/495","7/21671",0.285714285714286,12.5085137085137,4.65595770873719,0.0101333279445096,0.0499000370363454,0.0348209181216293,"POSTN/SPARC",2
"C0020522","Delayed Hypersensitivity","2/495","7/21671",0.285714285714286,12.5085137085137,4.65595770873719,0.0101333279445096,0.0499000370363454,0.0348209181216293,"CCL2/HLA-DQB1",2
"C0027429","Nasal obstruction present finding","2/495","7/21671",0.285714285714286,12.5085137085137,4.65595770873719,0.0101333279445096,0.0499000370363454,0.0348209181216293,"FGFR1/GJA1",2
"C0034933","Reflex, Abnormal","2/495","7/21671",0.285714285714286,12.5085137085137,4.65595770873719,0.0101333279445096,0.0499000370363454,0.0348209181216293,"PMP22/TACR2",2
"C0038165","Staphylococcal Scalded Skin Syndrome","2/495","7/21671",0.285714285714286,12.5085137085137,4.65595770873719,0.0101333279445096,0.0499000370363454,0.0348209181216293,"SETBP1/EDNRA",2
"C0041324","Tuberculosis, Osteoarticular","2/495","7/21671",0.285714285714286,12.5085137085137,4.65595770873719,0.0101333279445096,0.0499000370363454,0.0348209181216293,"POSTN/CLDN11",2
"C0175755","Congenital absent nipple","2/495","7/21671",0.285714285714286,12.5085137085137,4.65595770873719,0.0101333279445096,0.0499000370363454,0.0348209181216293,"TWIST2/CDH11",2
"C0232216","Ventricular escape rhythm","2/495","7/21671",0.285714285714286,12.5085137085137,4.65595770873719,0.0101333279445096,0.0499000370363454,0.0348209181216293,"SYNE1/FHL1",2
"C0268338","Ehlers-Danlos Syndrome, Type IV","2/495","7/21671",0.285714285714286,12.5085137085137,4.65595770873719,0.0101333279445096,0.0499000370363454,0.0348209181216293,"COL3A1/COL1A2",2
"C0345049","Ascending aorta dilatation","2/495","7/21671",0.285714285714286,12.5085137085137,4.65595770873719,0.0101333279445096,0.0499000370363454,0.0348209181216293,"MMP2/ELN",2
"C0392400","Diffuse malignant mesothelioma","2/495","7/21671",0.285714285714286,12.5085137085137,4.65595770873719,0.0101333279445096,0.0499000370363454,0.0348209181216293,"DES/MCAM",2
"C0425795","Absent nipple (finding)","2/495","7/21671",0.285714285714286,12.5085137085137,4.65595770873719,0.0101333279445096,0.0499000370363454,0.0348209181216293,"TWIST2/CDH11",2
"C0543982","Glaucoma, primary","2/495","7/21671",0.285714285714286,12.5085137085137,4.65595770873719,0.0101333279445096,0.0499000370363454,0.0348209181216293,"MTHFR/HLA-DPA1",2
"C0600502","Vascular Hemostatic Disorders","2/495","7/21671",0.285714285714286,12.5085137085137,4.65595770873719,0.0101333279445096,0.0499000370363454,0.0348209181216293,"VWF/SERPINE1",2
"C0750145","Occlusive vascular disease","2/495","7/21671",0.285714285714286,12.5085137085137,4.65595770873719,0.0101333279445096,0.0499000370363454,0.0348209181216293,"ACTA2/MTHFR",2
"C0855005","Stage IV Lung Cancer AJCC v7","2/495","7/21671",0.285714285714286,12.5085137085137,4.65595770873719,0.0101333279445096,0.0499000370363454,0.0348209181216293,"CTLA4/CDH1",2
"C1096116","Acquired haemophilia","2/495","7/21671",0.285714285714286,12.5085137085137,4.65595770873719,0.0101333279445096,0.0499000370363454,0.0348209181216293,"VWF/CTLA4",2
"C1135869","Hemorrhagic Septicemia, Viral","2/495","7/21671",0.285714285714286,12.5085137085137,4.65595770873719,0.0101333279445096,0.0499000370363454,0.0348209181216293,"CAV1/THBS1",2
"C1275078","Acrocephalopolysyndactyly type 2","2/495","7/21671",0.285714285714286,12.5085137085137,4.65595770873719,0.0101333279445096,0.0499000370363454,0.0348209181216293,"GLI3/RAB23",2
"C1720251","Retinal pigment epithelium atrophy","2/495","7/21671",0.285714285714286,12.5085137085137,4.65595770873719,0.0101333279445096,0.0499000370363454,0.0348209181216293,"HTRA1/CFH",2
"C1832323","Failure to thrive secondary to recurrent infections","2/495","7/21671",0.285714285714286,12.5085137085137,4.65595770873719,0.0101333279445096,0.0499000370363454,0.0348209181216293,"CD3D/PTPRC",2
"C1837323","Decreased Achilles reflex","2/495","7/21671",0.285714285714286,12.5085137085137,4.65595770873719,0.0101333279445096,0.0499000370363454,0.0348209181216293,"LDB3/CRYAB",2
"C1839653","Decreased cervical spine flexion due to contractures of posterior cervical muscles","2/495","7/21671",0.285714285714286,12.5085137085137,4.65595770873719,0.0101333279445096,0.0499000370363454,0.0348209181216293,"SYNE1/FHL1",2
"C1839816","Long neck","2/495","7/21671",0.285714285714286,12.5085137085137,4.65595770873719,0.0101333279445096,0.0499000370363454,0.0348209181216293,"FLNA/ATP7A",2
"C1842231","Broad metatarsal","2/495","7/21671",0.285714285714286,12.5085137085137,4.65595770873719,0.0101333279445096,0.0499000370363454,0.0348209181216293,"FGFR1/MMP2",2
"C1844709","Radial deviation of the 2nd finger","2/495","7/21671",0.285714285714286,12.5085137085137,4.65595770873719,0.0101333279445096,0.0499000370363454,0.0348209181216293,"TRPS1/FLNA",2
"C1850848","Muscle fiber necrosis","2/495","7/21671",0.285714285714286,12.5085137085137,4.65595770873719,0.0101333279445096,0.0499000370363454,0.0348209181216293,"COL6A2/COL6A1",2
"C1862152","Aplasia/Hypoplasia of the middle phalanges of the hand","2/495","7/21671",0.285714285714286,12.5085137085137,4.65595770873719,0.0101333279445096,0.0499000370363454,0.0348209181216293,"RAB23/GJA1",2
"C1959620","Dihydropyrimidine Dehydrogenase Deficiency","2/495","7/21671",0.285714285714286,12.5085137085137,4.65595770873719,0.0101333279445096,0.0499000370363454,0.0348209181216293,"EDIL3/TYMS",2
"C1970257","Decreased serum complement factor I","2/495","7/21671",0.285714285714286,12.5085137085137,4.65595770873719,0.0101333279445096,0.0499000370363454,0.0348209181216293,"CFH/C1QC",2
"C2981352","Stage IV Lung Cancer AJCC v6","2/495","7/21671",0.285714285714286,12.5085137085137,4.65595770873719,0.0101333279445096,0.0499000370363454,0.0348209181216293,"CTLA4/CDH1",2
"C3891815","Arthritis, Suppurative","2/495","7/21671",0.285714285714286,12.5085137085137,4.65595770873719,0.0101333279445096,0.0499000370363454,0.0348209181216293,"GLI3/PAPPA",2
"C4021640","Intestinal hypoplasia","2/495","7/21671",0.285714285714286,12.5085137085137,4.65595770873719,0.0101333279445096,0.0499000370363454,0.0348209181216293,"CLMP/FLNA",2
"C4021736","Decreased methylcobalamin","2/495","7/21671",0.285714285714286,12.5085137085137,4.65595770873719,0.0101333279445096,0.0499000370363454,0.0348209181216293,"MTRR/MTR",2
"C4021885","Atrial cardiomyopathy","2/495","7/21671",0.285714285714286,12.5085137085137,4.65595770873719,0.0101333279445096,0.0499000370363454,0.0348209181216293,"GJA1/PRKCB",2
"C4025578","Late-onset proximal muscle weakness","2/495","7/21671",0.285714285714286,12.5085137085137,4.65595770873719,0.0101333279445096,0.0499000370363454,0.0348209181216293,"CRYAB/DES",2
"C4048548","Anti-Mullerian Hormone Measurement","2/495","7/21671",0.285714285714286,12.5085137085137,4.65595770873719,0.0101333279445096,0.0499000370363454,0.0348209181216293,"TTC28/MEF2C",2
"C4055342","C3 Glomerulonephritis","2/495","7/21671",0.285714285714286,12.5085137085137,4.65595770873719,0.0101333279445096,0.0499000370363454,0.0348209181216293,"CFH/C3",2
"C4476705","Upgaze palsy","2/495","7/21671",0.285714285714286,12.5085137085137,4.65595770873719,0.0101333279445096,0.0499000370363454,0.0348209181216293,"ATXN1/KCNMA1",2
"C4526725","Stage IV Lung Cancer AJCC v8","2/495","7/21671",0.285714285714286,12.5085137085137,4.65595770873719,0.0101333279445096,0.0499000370363454,0.0348209181216293,"CTLA4/CDH1",2
"C4749304","Monosomy 13q14 syndrome","2/495","7/21671",0.285714285714286,12.5085137085137,4.65595770873719,0.0101333279445096,0.0499000370363454,0.0348209181216293,"MAF/CD27",2
