"ID","Description","GeneRatio","BgRatio","RichFactor","FoldEnrichment","zScore","pvalue","p.adjust","qvalue","geneID","Count"
"C0042373","Vascular Diseases","56/460","688/21671",0.0813953488372093,3.83460566228514,11.1270714975488,5.28450395665439e-18,3.90102082080227e-14,2.77519897260513e-14,"VIM/AOC3/COL4A1/IGFBP5/PDE5A/CLU/VWF/FLI1/ICAM1/AGTR1/CYBB/POSTN/ATXN1/JAK3/TGFBR1/DKK3/IL6ST/EDNRA/SERPINE1/ACKR3/PKD2/AXL/TNC/KCNMA1/ACTA2/MYLK/DCN/CAV1/GBP1/NEXN/VCAM1/NR3C1/SYNPO2/MYL9/ANTXR1/F2R/HTRA1/MYOCD/CCL2/FLNA/PDPN/MGP/MMP2/FBXO32/CFH/FSTL1/PDGFC/THBS1/LOXL1/EFEMP2/ELN/PRKCB/AKR1B1/CDH5/CCDC88A/THBD",56
"C0017658","Glomerulonephritis","37/460","391/21671",0.0946291560102302,4.45806182586456,10.1616239750885,3.15369359303573e-14,1.16402830518949e-10,8.28093543981856e-11,"VIM/RGS2/COL3A1/MMP11/PDE5A/CD74/FLI1/LAYN/ICAM1/AGTR1/CYBB/IL2RB/CD38/SERPINE1/CCL5/AXL/DCN/FHL1/SERPING1/MASP1/TAGLN/VCAM1/CNN1/MYL9/DES/LTBP1/CCL2/TGFB1I1/MMP2/CFH/GREM1/MSN/PDGFC/HLA-DQB1/C3/AKR1B1/THBD",37
"C0003493","Aortic Diseases","14/460","43/21671",0.325581395348837,15.3384226491405,13.8597445123742,1.38447336356363e-13,2.89922223976333e-10,2.062516185056e-10,"COL3A1/AOC3/TGFBR1/PRKG1/TNC/ACTA2/MYLK/MYH11/VCAM1/PALMD/MMP2/MCAM/ADAMTS1/ELN",14
"C0151650","Renal fibrosis","44/460","570/21671",0.0771929824561404,3.63662852784134,9.39426172210252,1.57096843119118e-13,2.89922223976333e-10,2.062516185056e-10,"VIM/RGS2/CYGB/IL18BP/CLU/ICAM1/GLI3/AGTR1/CYBB/SMARCA1/POSTN/TGFBR1/DKK3/NREP/IL6ST/SLIT2/EDNRA/SERPINE1/GJA1/PTPRC/GLIS2/PKD2/WWTR1/EFS/TNC/FERMT2/DCN/C1R/ANGPTL2/TWIST2/ZEB2/DES/MYOCD/CCL2/PLEKHO1/GLIPR2/SERPINF1/MMP2/LGALS1/MSN/THBS1/C3/ELN/RTN1",44
"C1449563","Cardiomyopathy, Familial Idiopathic","52/460","773/21671",0.0672703751617076,3.16916586984645,9.04394570864392,2.02705134992329e-13,2.99273861302675e-10,2.12904403889838e-10,"VIM/PDLIM3/JPH2/CLU/PECAM1/AGTR1/RBMS3/CYBB/POSTN/TCF4/SGCD/FGFR1/PRKD1/SOX7/HSPB7/SYNE1/EDNRA/SERPINE1/GJA1/ACKR3/PTPRC/CTSB/PRKG1/LDB3/AXL/ACTA2/TIMP2/MYLK/CFL2/PLN/HSPB6/CNN1/CRYAB/HOPX/MEF2C/KCNJ8/CAP2/DES/MYOCD/CCL2/PDPN/SERPINF1/MMP2/FBXO32/HLA-DQB1/THBS1/EFEMP2/ELN/LUM/CTSC/CDH5/PCDH17",52
"C0162871","Aortic Aneurysm, Abdominal","44/460","586/21671",0.0750853242320819,3.53733491615967,9.16996336599162,4.08873864202406e-13,5.03051144257026e-10,3.57872229562421e-10,"VIM/COL3A1/ADAMTS5/PECAM1/VWF/ICAM1/AGTR1/CYBB/POSTN/HLA-DOA/TGFBR1/CD8A/SERPINE1/PTPRC/IGKC/CTSB/PRKG1/MFAP5/ACTA2/TIMP2/MYLK/DCN/CAV1/RECK/ANGPTL2/MYH11/TAGLN/VCAM1/GNG2/CCL2/FLNA/SERPINF1/SPARCL1/MMP2/MCAM/AEBP1/COL1A2/THBS1/ADAMTS1/C3/ELN/CTSC/CTSK/THBD",44
"C0013264","Muscular Dystrophy, Duchenne","34/460","375/21671",0.0906666666666667,4.27138550724638,9.41079124264504,1.21911544792815e-12,1.28564431951509e-09,9.14611574393014e-10,"VIM/PDE5A/ADAMTS5/ST8SIA4/CYBB/POSTN/SSPN/SGCD/PMP22/SYNE1/CD38/SERPINE1/GJA1/CTSB/TNC/TIMP2/TUBB6/DCN/PLN/FHL1/ITPR1/ACTG2/VCAM1/NR3C1/SYNM/CCL2/THBS4/MMP2/LGALS1/THBS1/EFEMP2/CTSC/PRKCB/ITGA4",34
"C0242383","Age related macular degeneration","47/460","685/21671",0.0686131386861314,3.23242462710251,8.74349479447261,1.58747821446212e-12,1.46484552239492e-09,1.04209589630941e-09,"VIM/AOC3/FILIP1L/PDE5A/CLU/VWF/ICAM1/AGTR1/POSTN/HMCN1/SGCD/TGFBR1/FGFR1/IL6ST/IGFBP7/SERPINE1/GEM/TNC/EFEMP1/TIMP2/CAV1/FHL1/SERPING1/ANGPTL2/MASP1/MFGE8/RGS10/ZEB2/CRYAB/HTRA1/CCL2/SERPINF1/MMP2/VEGFC/CFH/LGALS1/HLA-DQB1/THBS1/C3/LOXL1/FNDC1/ELN/COL8A1/STC1/RORA/MYO5A/THBD",47
"C0856169","Endothelial dysfunction","48/460","716/21671",0.0670391061452514,3.1582705853777,8.64861112424451,2.08331652693538e-12,1.63175641739116e-09,1.16083685299441e-09,"VIM/AOC3/PDE5A/ADAMTS5/CLU/PECAM1/VWF/LIPA/ICAM1/AGTR1/CYBB/STON1/TGFBR1/CD8A/CD38/EDNRA/SERPINE1/CCL5/ARHGAP9/ACKR3/AKAP12/PRKG1/GEM/CAV1/SERPING1/ANGPTL2/MASP1/CLIC4/MFGE8/VCAM1/ZEB2/SYNM/CCL2/FLNA/MGP/SERPINF1/MMP2/CFH/MCAM/TFPI/MSN/THBS1/ELN/LUM/PRKCB/AKR1B1/CDH5/THBD",48
"C0339573","Glaucoma, Primary Open Angle","34/460","383/21671",0.0887728459530026,4.18216596662504,9.25300043032088,2.21045301732751e-12,1.63175641739116e-09,1.16083685299441e-09,"OGN/PDE5A/GAS7/CLU/EBF1/EDNRA/SERPINE1/GJA1/IGKC/CYP1B1/CACNA2D1/AXL/CAV2/DCLK1/EFEMP1/TIMP2/DCN/CAV1/MFGE8/COL8A2/ACTG2/NR3C1/CRYAB/SPARC/CCL2/MMP2/VEGFC/HLA-DQB1/THBS1/C3/LOXL1/ELN/COL8A1/CDH5",34
"C0026850","Muscular Dystrophy","28/460","280/21671",0.1,4.71108695652174,9.20433468571887,1.23330809671797e-11,8.27661851815643e-09,5.88801348758466e-09,"COL4A1/HSPB8/SSPN/IL2RB/SGCD/RUNX1T1/SYNE1/CD38/SERPINE1/PEG3/COL12A1/LDB3/GEM/DCN/FHL1/ITPR1/SGCE/CRYAB/COL6A2/DES/COL6A1/SDC2/MSN/DTNA/EFEMP2/BCHE/LAMB2/PRIMA1",28
"C0007787","Transient Ischemic Attack","31/460","344/21671",0.0901162790697674,4.24545626895854,8.93548022280351,1.44904468003074e-11,8.91403985665578e-09,6.34147711287138e-09,"HAVCR2/COL3A1/CD74/VWF/ICAM1/PAPPA/CYBB/ADARB1/TGFBR1/FGFR1/SERPINE1/GJA1/CTSB/PRKG1/MFAP5/ACTA2/MYLK/CAV1/ITPR1/MYH11/ANK2/HTRA1/LTBP1/CCL2/SERPINF1/MMP2/THBS1/ADAMTS1/C3/ELN/THBD",31
"C0020542","Pulmonary Hypertension","21/460","156/21671",0.134615384615385,6.34184782608696,9.86077241665289,1.80582850881513e-11,1.0254327732364e-08,7.29496229188556e-09,"COL4A1/PDE5A/CLU/PECAM1/VWF/CYBB/TGFBR1/FGFR1/EDNRA/SERPINE1/GJA1/PRKG1/PTGIS/TNC/KCNMA1/CAV1/HTR2B/VCAM1/CCL2/TACR2/GREM1",21
"C0018799","Heart Diseases","39/460","537/21671",0.0726256983240224,3.42145980082584,8.3676085391609,2.58813000231077e-11,1.36468397693272e-08,9.70840645227701e-09,"JPH2/PDE5A/APOC1/VWF/FLI1/ICAM1/AGTR1/PAPPA/TCF4/SGCD/SYNE1/GJA1/ZFPM2/PRKG1/LDB3/TNC/ACTA2/MYLK/PLN/SLC24A3/ANGPTL2/ANK2/PRICKLE1/HSPB6/CRYAB/DES/SPARC/SERPINF1/FAM20C/MMP2/COL1A2/NFATC1/THBS1/ADAMTS1/LBH/LOXL1/ELN/PRKCB/THBD",39
"C0013720","Ehlers-Danlos Syndrome","15/460","77/21671",0.194805194805195,9.1774421230943,10.5858099476552,6.75213069161541e-11,3.322948584367e-08,2.36395649266451e-08,"COL3A1/COL4A1/VWF/TGFBR1/COL12A1/ACTA2/TIMP2/DCN/C1R/ZEB2/FLNA/AEBP1/COL1A2/ELN/ADAMTS2",15
"C0025286","Meningioma","42/460","634/21671",0.0662460567823344,3.12090934028254,7.98183286534077,7.89236574540101e-11,3.42747670636733e-08,2.43831814057902e-08,"VIM/OGN/MMP11/IGFBP5/RDX/RBMS3/SMARCA1/JAK3/DLC1/MN1/DKK3/FGFR1/CD8A/IGFBP7/EDNRA/SERPINE1/GJA1/ACKR3/PTPRC/AKAP12/CYP1B1/CTSB/TNC/KCNMA1/TIMP2/CAV1/ALDH1A3/NR3C1/MEIS1/SYNM/CRYAB/SPARC/CCL2/MMP2/LGALS1/PRELP/COL1A2/TSPAN2/MSN/HLA-DQB1/THBS1/IGFBP6",42
"C2973725","Pulmonary arterial hypertension","33/460","413/21671",0.0799031476997579,3.76430676913359,8.35271880758239,7.89313248553842e-11,3.42747670636733e-08,2.43831814057902e-08,"JPH2/PDE5A/FLI1/LIPA/ICAM1/AGTR1/CYBB/POSTN/DLC1/TGFBR1/FGFR1/EDNRA/CCL5/GJA1/CYP1B1/PTGIS/TNC/ACTA2/CAV1/CLIC4/TAGLN/HTR2B/ACTG2/VCAM1/CCL2/FLNA/MGP/MCAM/LGALS1/COL1A2/THBS1/LAMB2/THBD",33
"C0019294","Hernia, Inguinal","24/460","225/21671",0.106666666666667,5.02515942028985,8.93776627265484,9.7021697455179e-11,3.80279772170914e-08,2.70532273861126e-08,"COL3A1/FLI1/GLI3/SETBP1/TGFBR1/FGFR1/AP1S2/PRKG1/C1S/MFAP5/ACTA2/EFEMP1/TIMP2/MYLK/C1R/MYH11/MEIS2/FLNA/MMP2/AEBP1/COL1A2/EFEMP2/ELN/ADAMTS2",24
"C0042345","Varicosity","22/460","188/21671",0.117021276595745,5.51297409805735,9.15212832437556,9.78774813227765e-11,3.80279772170914e-08,2.70532273861126e-08,"VIM/COL3A1/ICAM1/EBF1/GJA1/CAV2/TNC/MFAP5/TIMP2/KANK2/SYNM/DES/MYOCD/CCL2/MGP/MMP2/VEGFC/LBH/ELN/PRKCB/PAPLN/THBD",22
"C3203102","Idiopathic pulmonary arterial hypertension","47/460","776/21671",0.0605670103092784,2.85336452263559,7.74280492884739,1.16651925872188e-10,4.30562258394246e-08,3.06303399040182e-08,"VIM/JPH2/EPHA3/PDE5A/PECAM1/VWF/FLI1/LIPA/ICAM1/FGL2/AGTR1/POSTN/DLC1/TGFBR1/FGFR1/EDNRA/SERPINE1/CCL5/GJA1/PTPRC/CYP1B1/PTGIS/TNC/ACTA2/CAV1/PLN/FHL1/CLIC4/TAGLN/HTR2B/ACTG2/VCAM1/PDE1A/CCL2/FLNA/MGP/MMP2/FBXO32/CFH/MCAM/LGALS1/COL1A2/THBS1/ELN/LAMB2/CDH5/THBD",47
"C0007766","Intracranial Aneurysm","28/460","311/21671",0.090032154340836,4.24149307982665,8.47915293702489,1.46942567736571e-10,4.96535311313392e-08,3.53236844692283e-08,"HAVCR2/COL3A1/AOC3/COL4A1/RNF144A/OLFML2A/TGFBR1/EDNRA/SERPINE1/PKD2/CTSB/ACTA2/TIMP2/MYLK/MYH11/VCAM1/CCDC80/LMOD1/MYOCD/CCL2/FLNA/MMP2/COL1A2/GREM1/LOXL1/ELN/CDH5/CTSK",28
"C0153690","Secondary malignant neoplasm of bone","42/460","647/21671",0.0649149922720247,3.05820173375445,7.8272680289854,1.47978553899954e-10,4.96535311313392e-08,3.53236844692283e-08,"VIM/PDLIM3/ITGBL1/PECAM1/ICAM1/PCDH7/POSTN/DLC1/TGFBR1/PMP22/FGFR1/IL6ST/EDNRA/SERPINE1/GJA1/ACKR3/CTSB/WWTR1/AXL/TNC/MFAP5/DDR2/TIMP2/DCN/ANGPTL2/VCAM1/TWIST2/ZEB2/DPYSL3/ANTXR1/F2R/SPARC/CCL2/TACR2/MMP2/MCAM/A2M/ADAMTS1/CDH11/ELN/CTSK/ITGA4",42
"C0149721","Left Ventricular Hypertrophy","32/460","403/21671",0.0794044665012407,3.74081346423562,8.17892970998832,1.80749451706944e-10,5.80127153261157e-08,4.12704354492423e-08,"COL3A1/HSPB8/JPH2/PDE5A/PECAM1/AGTR1/ITGA11/CYBB/POSTN/FGFR1/IL6ST/EDNRA/SERPINE1/GJA1/ACKR3/TNC/TIMP2/CAV1/PLN/FHL1/NEXN/HTR2B/VCAM1/SYNM/MYL9/PDE1A/CCL2/MMP2/COL1A2/THBS1/DTNA/PRKCB",32
"C4707243","Familial thoracic aortic aneurysm and aortic dissection","13/460","59/21671",0.220338983050847,10.3803610906411,10.6249252293619,2.49918108974618e-10,7.68706450187761e-08,5.46860283190512e-08,"COL3A1/COL4A1/TGFBR1/PKD2/PRKG1/MFAP5/ACTA2/MYLK/MYH11/FLNA/COL1A2/EFEMP2/ELN",13
"C0003486","Aortic Aneurysm","26/460","278/21671",0.0935251798561151,4.40605254926494,8.41716219568663,2.95609840855038e-10,8.72876738076756e-08,6.20967366747699e-08,"VIM/COL3A1/AOC3/ADAMTS5/PECAM1/AGTR1/MAP1B/TGFBR1/CD38/SERPINE1/TNC/ACTA2/MYLK/ANGPTL2/MYH11/TAGLN/CCL2/FLNA/PDPN/MMP2/THBS1/LOXL1/EFEMP2/ELN/CDH5/CTSK",26
"C0013274","Patent ductus arteriosus","36/460","510/21671",0.0705882352941176,3.32547314578005,7.82629335565249,3.4073622736168e-10,9.67428780916892e-08,6.88231999314745e-08,"CHST15/VWF/GLI3/AGTR1/SMARCA1/MAP1B/DLC1/RAB23/TGFBR1/SLIT2/GJA1/CYP1B1/PRKG1/PTGIS/AXL/TNC/MFAP5/DCLK1/ACTA2/MYLK/RECK/MASP1/MYH11/ZEB2/KCNJ8/SPARC/MYOCD/CCL2/FLNA/DACT1/MMP2/LGALS1/NFATC1/PALLD/DTNA/ELN",36
"C0555198","Malignant Glioma","44/460","724/21671",0.0607734806629834,2.86309152053807,7.50879686430986,4.2811496052009e-10,1.17049801428122e-07,8.32696116192877e-08,"VIM/QKI/HAVCR2/MMP11/PECAM1/LAYN/ICAM1/TCF4/IL2RB/AKT3/DKK3/FGFR1/SOX7/SLIT2/LATS2/CCL5/GJA1/CD2/CTSB/WWTR1/EFS/CAV2/TNC/EFEMP1/TIMP2/MYLK/DCN/CAV1/RECK/ALDH1A3/ANGPTL1/DES/SPARC/LTBP1/CCL2/PDPN/SERPINF1/EMP3/MMP2/LGALS1/THBS1/CDH11/CTSK/STC1",44
"C0042133","Uterine Fibroids","38/460","569/21671",0.0667838312829526,3.14624436463666,7.64013955029104,5.24018685278681e-10,1.38153783383115e-07,9.82830534156143e-08,"VIM/COL3A1/GJC1/IGFBP5/AGTR1/POSTN/AKT3/FGFR1/SYNE1/IGFBP7/CD38/EDNRA/SERPINE1/GJA1/EGR2/CALD1/CYP1B1/TNC/FERMT2/EFEMP1/TIMP2/MYLK/CAV1/ITPR1/RFTN1/RECK/NR3C1/DES/LTBP1/MYOCD/CCL2/SMTN/TACR2/PBX3/MMP2/THBS1/AKR1B1/EDIL3",38
"C0340643","Dissection of aorta","19/460","152/21671",0.125,5.88885869565217,8.90729909537417,6.06539533546441e-10,1.53287360946397e-07,1.09049129997801e-07,"COL3A1/IL18BP/PECAM1/TGFBR1/RUNX1T1/IL6ST/PKD2/PRKG1/ACTA2/MYLK/FHL1/MYH11/TAGLN/CCL2/THBS4/MMP2/THBS1/EFEMP2/ELN",19
"C0162872","Aortic Aneurysm, Thoracic","11/460","41/21671",0.268292682926829,12.6395015906681,10.985652371885,6.22950532158211e-10,1.53287360946397e-07,1.09049129997801e-07,"SERPINE1/PRKG1/MFAP5/ACTA2/MYLK/MYH11/FLNA/MMP2/THBS1/ELN/PRKCB",11
"C0035309","Retinal Diseases","43/460","714/21671",0.0602240896358543,2.83720923151869,7.35141546672267,9.0334517806667e-10,2.13406536009717e-07,1.51818107794561e-07,"VIM/IGFBP5/CYGB/CD74/ICAM1/AGTR1/CYBB/ATXN1/FGFR1/JAM3/EDNRA/SERPINE1/GJA1/ACKR3/PTPRC/CYP1B1/PKD2/EFEMP1/DCN/CAV1/COL8A2/MITF/VCAM1/CRYAB/MEF2C/SPARC/CCL2/SERPINF1/MPDZ/MMP2/VEGFC/CFH/LGALS1/HLA-DQB1/C3/LAMB2/PRKCB/IGFBP6/AKR1B1/COL8A1/STC1/MYO5A/EDIL3",43
"C1704272","Benign Prostatic Hyperplasia","45/460","770/21671",0.0584415584415584,2.75323263692829,7.29506517104687,9.25089291832966e-10,2.13406536009717e-07,1.51818107794561e-07,"VIM/HAVCR2/FYN/IGFBP5/ITGBL1/PDE5A/CLU/FLI1/AGTR1/MAP4K4/POSTN/DKK3/FGFR1/TRPS1/SLIT2/IGFBP7/EDNRA/CCL5/ACKR3/AKAP12/CYP1B1/CTSB/CAV2/DCLK1/KCNMA1/TIMP2/CAV1/RECK/ANGPTL2/MEIS2/F2R/CCL2/PPP1R14A/SERPINF1/MMP2/MCAM/WIPF1/A2M/THBS1/ADAMTS1/ELN/IL10RA/STC1/RORA/ITGA4",45
"C1836653","Ascending aortic dissection","9/460","25/21671",0.36,16.9599130434783,11.7581635740464,1.2229494611987e-09,2.7357008856269e-07,1.94618655882625e-07,"TGFBR1/SERPINE1/PRKG1/MFAP5/ACTA2/MYLK/MYH11/EFEMP2/ELN",9
"C0023267","Fibroid Tumor","31/460","413/21671",0.0750605326876513,3.53616696494368,7.66336419090483,1.38248005769903e-09,3.00160817233359e-07,2.13535387240261e-07,"COL3A1/PECAM1/VWF/TGFBR1/AKT3/FGFR1/IGFBP7/EDNRA/SERPINE1/GJA1/EGR2/CALD1/CYP1B1/TNC/FERMT2/EFEMP1/TIMP2/MYLK/CAV1/RFTN1/RECK/NR3C1/DES/LTBP1/CCL2/SMTN/TACR2/PBX3/MMP2/THBS1/AKR1B1",31
"C0235833","Congenital diaphragmatic hernia","23/460","239/21671",0.096234309623431,4.5336820083682,8.0895220850308,1.8304658306062e-09,3.763657880334e-07,2.67747852742607e-07,"CRISPLD2/GLI3/AGTR1/TCF4/SOX7/TRPS1/EDNRA/ZFPM2/ACTA2/TIMP2/CAV1/NR3C1/ZEB2/RGMA/DES/CCL2/FLNA/DACT1/MMP2/FSTL1/EFEMP2/ELN/EDIL3",23
"C4476540","Dilatation of the cerebral artery","9/460","26/21671",0.346153846153846,16.3076086956522,11.5011966815983,1.83543326594451e-09,3.763657880334e-07,2.67747852742607e-07,"COL3A1/COL4A1/TGFBR1/PRKG1/MFAP5/ACTA2/MYLK/MYH11/ELN",9
"C1658953","tumor vasculature","21/460","200/21671",0.105,4.94664130434783,8.25741892239116,1.94536890550661e-09,3.88127385417562e-07,2.76115091595234e-07,"ADAM12/PECAM1/VWF/ICAM1/PAPPA/HLA-DOA/FGFR1/SERPINE1/CCL5/ACKR3/CALD1/TNC/TIMP2/VCAM1/ANTXR1/DES/MMP2/THBS1/CDH11/CDH5/THBD",21
"C4025845","Abnormality iris morphology","9/460","27/21671",0.333333333333333,15.7036231884058,11.2581047043063,2.70169831484559e-09,5.16565904910437e-07,3.67486674499589e-07,"TGFBR1/GJA1/CYP1B1/PRKG1/MFAP5/ACTA2/MYLK/MYH11/ELN",9
"C0032914","Pre-Eclampsia","19/460","166/21671",0.114457831325301,5.39220796228392,8.36555993386882,2.72908023455798e-09,5.16565904910437e-07,3.67486674499589e-07,"ADAM12/PDE5A/CLU/VWF/ICAM1/AGTR1/IL6ST/SERPINE1/CCL5/TIMP2/ACTG2/VCAM1/HTRA1/CFH/TFPI/LGALS1/C3/ITGA4/THBD",19
"C0040420","Tonometry","21/460","206/21671",0.101941747572816,4.80256437315323,8.07555795435737,3.32615035603627e-09,6.01171614564913e-07,4.27675453102761e-07,"COL4A1/ADAM12/TFEC/PCSK5/TCF4/DLC1/CAV2/FERMT2/EFEMP1/ANGPTL2/TNS1/COL8A2/GLT8D2/ANTXR1/LTBP1/COL6A1/THBS4/FBXO32/CDH11/ADAMTS2/EMCN",21
"C0023787","Lipodystrophy","22/460","226/21671",0.0973451327433628,4.58601385148134,7.98051570442613,3.338937442043e-09,6.01171614564913e-07,4.27675453102761e-07,"COL3A1/LAMA4/SGCD/FGFR1/SYNE1/EBF1/CD38/SERPINE1/PTPRC/LDB3/FERMT2/CAV1/PLN/FHL1/CLMP/NEXN/NR3C1/CRYAB/CAP2/DES/CCL2/FLNA",22
"C0278883","Metastatic melanoma","34/460","504/21671",0.0674603174603175,3.17811421670117,7.28608213273915,3.42268845029005e-09,6.01578241429552e-07,4.27964728784388e-07,"VIM/HAVCR2/FYN/PDE5A/CLU/CD74/FLI1/ICAM1/AGTR1/POSTN/OSMR/HLA-DOA/ITGA1/PRKD1/TIAM1/IGFBP7/ACKR3/RPS6KA2/AKAP12/AXL/GPC6/MITF/ALDH1A3/F2R/DES/SPARC/CCL2/SERPINF1/MMP2/MCAM/HLA-DQB1/THBS1/PRKCB/RORA",34
"C0026654","Moyamoya Disease","16/460","117/21671",0.136752136752137,6.44251207729469,8.69273004234634,3.70070994060993e-09,6.35317227478662e-07,4.51966753823817e-07,"CLU/CCL5/GJA1/ACTA2/TIMP2/MYLK/CAV1/SGCE/HTRA1/CCL2/MMP2/JAZF1/CFH/HLA-DQB1/ELN/THBD",16
"C0007193","Cardiomyopathy, Dilated","34/460","512/21671",0.06640625,3.12845618206522,7.17761111819306,5.09286583367814e-09,8.54443990550273e-07,6.07854249861728e-07,"PDLIM3/JPH2/TPM2/IL18BP/AGTR1/LAMA4/POSTN/SGCD/HSPB7/SYNE1/EDNRA/SERPINE1/GJA1/YME1L1/CTSB/LDB3/AXL/TIMP2/MYLK/PLN/MFGE8/NEXN/HSPB6/CNN1/SYNM/CRYAB/HOPX/CAP2/DES/MYOCD/CCL2/FBXO32/COX7A1/HLA-DQB1",34
"C0011853","Diabetes Mellitus, Experimental","34/460","522/21671",0.0651340996168582,3.06852407129768,7.044962918754,8.26586560696213e-09,1.35596933134654e-06,9.64641017851089e-07,"AOC3/PDE5A/CLU/PECAM1/VWF/ICAM1/CYBB/JAK3/EDNRA/SERPINE1/GJA1/CALD1/CTSB/PRKG1/TNC/KCNMA1/TIMP2/DCN/CAV1/MFGE8/VCAM1/NR3C1/MEF2C/LTBP1/CCL2/SERPINF1/KCNMB1/MMP2/THBS1/ELN/BCHE/CTSC/PRKCB/AKR1B1",34
"C2931384","Moyamoya disease 1","14/460","92/21671",0.152173913043478,7.16904536862004,8.73220695135471,8.62050243642415e-09,1.37054693821566e-06,9.75011575062803e-07,"CLU/CCL5/GJA1/ACTA2/TIMP2/MYLK/CAV1/CCL2/MMP2/JAZF1/CFH/HLA-DQB1/ELN/THBD",14
"C0031090","Periodontal Diseases","26/460","326/21671",0.0797546012269939,3.75730861563083,7.38709863369342,8.72605067679979e-09,1.37054693821566e-06,9.75011575062803e-07,"CLU/PECAM1/ICAM1/AGTR1/SERPINE1/SLAMF7/CTSB/GEM/TNC/RECK/ANGPTL2/MFGE8/VCAM1/F2R/HTRA1/CCL2/PDPN/MMP2/CFH/NFATC1/HLA-DQB1/ELN/BCHE/CTSC/CTSK/EDIL3",26
"C4049446","Neointimal hyperplasia","20/460","198/21671",0.101010101010101,4.7586736934563,7.82435698753531,9.2343165746175e-09,1.42016093653805e-06,1.01030713576243e-06,"DOCK2/S1PR3/CLU/PECAM1/VWF/AGTR1/JAK3/SERPINE1/GJA1/PRKG1/DCN/CAV1/ANGPTL2/MYH11/TAGLN/CCL2/SERPINF1/LGALS1/ELN/CTSK",20
"C0019284","Diaphragmatic Hernia","13/460","78/21671",0.166666666666667,7.8518115942029,8.92737999676372,9.43884673715287e-09,1.42199115538087e-06,1.01160915943406e-06,"IGFBP5/ICAM1/AGTR1/SOX7/EDNRA/GJA1/ZFPM2/KCNMA1/TIMP2/DCN/VCAM1/ELN/EDIL3",13
"C0947751","Vascular inflammations","25/460","305/21671",0.0819672131147541,3.86154668567356,7.4116848222523,9.79631741159241e-09,1.43822337168938e-06,1.02315681121338e-06,"VIM/PECAM1/VWF/ICAM1/AGTR1/CYBB/DKK3/IL6ST/SLIT2/EDNRA/SERPINE1/CAV1/SERPING1/ANGPTL2/MFGE8/TAGLN/VCAM1/MYOCD/CCL2/PDPN/THBS4/MMP2/ELN/PRKCB/THBD",25
"C1388233","Aneurysm of descending thoracic aorta","7/460","15/21671",0.466666666666667,21.9850724637681,11.9727738928469,1.03062831084251e-08,1.43822337168938e-06,1.02315681121338e-06,"TGFBR1/PRKG1/MFAP5/ACTA2/MYLK/MYH11/ELN",7
"C4022878","Descending aortic dissection","7/460","15/21671",0.466666666666667,21.9850724637681,11.9727738928469,1.03062831084251e-08,1.43822337168938e-06,1.02315681121338e-06,"TGFBR1/PRKG1/MFAP5/ACTA2/MYLK/MYH11/ELN",7
"C0034067","Pulmonary Emphysema","27/460","352/21671",0.0767045454545455,3.61361783596838,7.28044292669587,1.03259060822998e-08,1.43822337168938e-06,1.02315681121338e-06,"CHRNA3/IGFBP5/AMOTL1/PECAM1/CD74/TGFBR1/FGFR1/NREP/IL6ST/SLIT2/IGFBP7/SERPINE1/CCL5/TIMP2/CAV1/SERPING1/F2R/CCL2/FLNA/MMP2/FSTL1/A2M/HLA-DQB1/C3/LOXL1/EFEMP2/ELN",27
"C0025500","Mesothelioma","35/460","560/21671",0.0625,2.94442934782609,6.86530091267372,1.41332420538053e-08,1.92980227379011e-06,1.3728676501788e-06,"VIM/HAVCR2/FYN/GJC1/CD74/ICAM1/ZNF667-AS1/FGFR1/EDNRA/SERPINE1/GJA1/ACKR3/WWTR1/AXL/TNC/DCLK1/EFEMP1/GBP1/MITF/VCAM1/ZEB2/F2R/HTRA1/CCL2/PPP1R14A/PDPN/SDC2/MMP2/VEGFC/MCAM/TFPI/GREM1/PDGFC/EFEMP2/PRKCB",35
"C4025690","Prenatal maternal abnormality","8/460","23/21671",0.347826086956522,16.3863894139887,10.8722529427998,1.4378098761644e-08,1.92980227379011e-06,1.3728676501788e-06,"TGFBR1/PRKG1/MFAP5/KCNMA1/ACTA2/MYLK/MYH11/ELN",8
"C0016059","Fibrosis","19/460","184/21671",0.103260869565217,4.86470935727788,7.75292633989824,1.51431184322832e-08,1.95332290258285e-06,1.38960030244062e-06,"VIM/COL3A1/ICAM1/AGTR1/SSPN/IL6ST/SERPINE1/DCN/CAV1/ACTG2/SPARC/CCL2/MMP2/COL1A2/GREM1/PDGFC/THBS1/LUM/PRKCB",19
"C0018800","Cardiomegaly","23/460","267/21671",0.0861423220973783,4.05823970037453,7.4047002211924,1.52323698026333e-08,1.95332290258285e-06,1.38960030244062e-06,"AGTR1/POSTN/TGFBR1/AKT3/LATS2/CD38/CYP1B1/PRKG1/MFAP5/ACTA2/MYLK/CAV1/MYH11/HTR2B/VCAM1/KCNJ8/MYOCD/MMP2/A2M/LOXL1/ELN/ATP1A2/PRKCB",23
"C0022548","Keloid","18/460","165/21671",0.109090909090909,5.13936758893281,7.86002533206211,1.5347159082878e-08,1.95332290258285e-06,1.38960030244062e-06,"VIM/COL3A1/POSTN/SERPINE1/CTSB/TNC/DDR2/DCN/CAV1/TAGLN/NR3C1/HTRA1/FLNA/SERPINF1/MMP2/LGALS1/HLA-DQB1/CDH11",18
"C0014072","Experimental Autoimmune Encephalomyelitis","14/460","97/21671",0.144329896907216,6.79950694755715,8.43022959134759,1.7372105608784e-08,2.10770640391509e-06,1.49942923029451e-06,"QKI/HAVCR2/JAK3/CCL5/AKAP12/VCAM1/CCL2/MMP2/A2M/HLA-DQB1/C3/CTSC/IL10RA/ITGA4",14
"C0002793","Anaplasia","34/460","538/21671",0.0631970260223048,2.97726684984645,6.83917388940371,1.74518283883672e-08,2.10770640391509e-06,1.49942923029451e-06,"VIM/CYGB/ICAM1/AGTR1/PAPPA/SMARCA1/POSTN/TGFBR1/DKK3/FGFR1/CD38/SERPINE1/GJA1/CALD1/WWTR1/TNC/MYLK/DCN/CAV1/TAGLN/MITF/ACTG2/TWIST2/ALDH1A3/CNN1/MEF2C/DES/MYOCD/CCL2/RBPMS2/MMP2/GREM1/THBS1/AKR1B1",34
"C0013405","Dyspnea, Paroxysmal","7/460","16/21671",0.4375,20.6110054347826,11.5560272388722,1.79877409166419e-08,2.10770640391509e-06,1.49942923029451e-06,"TGFBR1/PRKG1/MFAP5/ACTA2/MYLK/MYH11/ELN",7
"C1851712","Dural ectasia","7/460","16/21671",0.4375,20.6110054347826,11.5560272388722,1.79877409166419e-08,2.10770640391509e-06,1.49942923029451e-06,"TGFBR1/PRKG1/MFAP5/ACTA2/MYLK/MYH11/ELN",7
"C4476554","Carotid artery dilatation","7/460","16/21671",0.4375,20.6110054347826,11.5560272388722,1.79877409166419e-08,2.10770640391509e-06,1.49942923029451e-06,"TGFBR1/PRKG1/MFAP5/ACTA2/MYLK/MYH11/ELN",7
"C4317009","Diverticular Diseases","13/460","83/21671",0.156626506024096,7.37881089575694,8.57433343957602,2.05639078253377e-08,2.3719182432288e-06,1.6873903970495e-06,"CRISPLD2/PCSK5/KIF26B/TRPS1/GJA1/CALD1/EFEMP1/TIMP2/TNS1/COL6A1/TACR2/LOXL1/ELN",13
"C0031099","Periodontitis","39/460","682/21671",0.0571847507331378,2.69402333290833,6.61977915377096,2.3356418037094e-08,2.65257042999736e-06,1.88704728076214e-06,"COL3A1/IGFBP5/EPHA3/CLU/ST8SIA4/CD74/ICAM1/AGTR1/POSTN/ZNF667-AS1/IL6ST/CD38/SERPINE1/CCL5/SLAMF7/CYP1B1/GEM/C1S/TNC/TIMP2/CAV1/C1R/RECK/ANGPTL2/MFGE8/VCAM1/F2R/CCL2/FAM20C/MMP2/VEGFC/NFATC1/PDLIM7/THBS1/C3/ELN/CTSC/CTSK/EDIL3",39
"C0423798","Increased tendency to bruise","16/460","133/21671",0.120300751879699,5.66747303040209,7.95120134169578,2.41283345146215e-08,2.69871765737781e-06,1.91987656927347e-06,"COL3A1/VWF/TGFBR1/PRKG1/C1S/MFAP5/ACTA2/MYLK/C1R/MYH11/FLNA/AEBP1/COL1A2/WIPF1/ELN/ADAMTS2",16
"C0852949","Arteriopathic disease","14/460","101/21671",0.138613861386139,6.5302195436935,8.20362474736183,2.94956591878638e-08,3.24980531529568e-06,2.31192213178716e-06,"COL3A1/COL4A1/VWF/POSTN/CD84/TGFBR1/SERPINE1/ACTA2/CAV1/MYH11/HTRA1/FLNA/EFEMP2/ELN",14
"C0023465","Acute monocytic leukemia","37/460","633/21671",0.0584518167456556,2.75371591455457,6.59457288039089,3.10084587300128e-08,3.36624179919051e-06,2.39475542730703e-06,"VIM/HAVCR2/RGS2/GAS7/DERL3/CD74/GLI3/MLLT11/RUNX1T1/FGFR1/TIAM1/IL6ST/LATS2/CD38/GLIS2/HIP1/CTSB/EFS/GEM/MYH11/MITF/VCAM1/TWIST2/MEIS1/SPARC/HOXB2/CCL2/FLNA/MMP2/VEGFC/NFATC1/ELN/LILRB2/AKR1B1/CTSK/RORA/LCP2",37
"C0026848","Myopathy","37/460","634/21671",0.0583596214511041,2.74937251405843,6.58359070858505,3.22936241860863e-08,3.4549497643723e-06,2.45786256391128e-06,"AOC3/COL4A1/HSPB8/TPM2/SAMD4A/LAMA4/ADARB1/SGCD/AP1S2/SYNE1/CD38/CALD1/CTSB/COL12A1/LDB3/DCN/CAV1/CFL2/PLN/FHL1/NEXN/SYNM/CRYAB/MYL9/CAP2/COL6A2/DES/SPARC/COL6A1/FLNA/MMP2/FBXO32/THBS1/DTNA/ELN/LAMB2/AKR1B1",37
"C1306503","Congenital exomphalos","21/460","235/21671",0.0893617021276596,4.20990749306198,7.28588602265225,3.43188538617162e-08,3.61916827438841e-06,2.57468814911431e-06,"COL3A1/GLI3/PCSK5/RAB23/SETBP1/GJA1/C1S/MYLK/GPC6/MASP1/MYH11/ACTG2/TWIST2/KCNJ8/ANTXR1/LMOD1/FLNA/AEBP1/CDH11/ELN/ADAMTS2",21
"C0002726","Amyloidosis","39/460","694/21671",0.0561959654178674,2.64744079689262,6.49599470460814,3.72095102774216e-08,3.86874091363277e-06,2.75223494105347e-06,"FYN/HSPB8/LAIR1/EPHA3/PDE5A/CLU/CD74/VWF/AGTR1/CYBB/OSMR/RUNX1T1/PMP22/CD38/SERPINE1/CCL5/PTPRC/CTSB/GEM/FERMT2/EFEMP1/DCN/CAV1/MFGE8/VCAM1/ZEB2/SYNM/CRYAB/DES/HTRA1/SERPINF1/MMP2/A2M/C3/C1QC/ELN/BCHE/LILRB2/PRKCB",39
"C0595921","Intraocular pressure disorder","24/460","304/21671",0.0789473684210526,3.71927917620137,7.03147785388969,3.98188045493759e-08,4.08253354421518e-06,2.90432771779e-06,"GAS7/PECAM1/AGTR1/RUNX1T1/DKK3/IGFBP7/CD38/EDNRA/CYP1B1/CACNA2D1/GEM/CAV2/TNC/CAV1/NR3C1/GAP43/SPARC/CCL2/TGFB1I1/MMP2/LOXL1/LUM/AKR1B1/STC1",24
"C4721806","Carcinoma, Basal Cell","34/460","557/21671",0.0610412926391382,2.87570837561471,6.60443174420473,4.06624009645194e-08,4.11191567013811e-06,2.92523025828388e-06,"VIM/S1PR3/MMP11/PDE5A/ICAM1/GLI3/AGTR1/PTPN14/TGFBR1/NID1/IGFBP7/CD38/EDNRA/SERPINE1/CCL5/GJA1/ACKR3/PTPRC/AKAP12/GEM/TIMP2/DCN/NR3C1/GAP43/RGMA/CCL2/PDPN/MMP2/MCAM/AEBP1/GREM1/ELN/CTSK/THBD",34
"C3714636","Pneumonitis","39/460","697/21671",0.0559540889526542,2.63604578628906,6.4654537650171,4.17222264072022e-08,4.1620739910536e-06,2.96091305185678e-06,"HAVCR2/RGS2/COL3A1/AOC3/LAIR1/PDE5A/PTGER3/PECAM1/CD74/VWF/ICAM1/CYBB/POSTN/IL2RB/HLA-DOA/IL6ST/SLIT2/LATS2/EDNRA/SERPINE1/CCL5/ACKR3/CD2/MYLK/CAV1/SERPING1/TAGLN/VCAM1/NR3C1/F2R/CCL2/SDC2/MMP2/MCAM/TFPI/THBS1/ELN/AKR1B1/RORA",39
"C0151744","Myocardial Ischemia","41/460","756/21671",0.0542328042328042,2.55495456636761,6.40881104022071,4.37185834028948e-08,4.30307443573559e-06,3.06122122943217e-06,"CYGB/IL18BP/PECAM1/VWF/ICAM1/AGTR1/PAPPA/ATXN1/IL6ST/IGFBP7/CD38/EDNRA/SERPINE1/GJA1/EGR2/TNC/DCN/TUBA1A/PLN/GBP2/TAGLN/VCAM1/HSPB6/CRYAB/KCNJ8/DES/SPARC/CCL2/SERPINF1/KCNMB1/JAZF1/TFPI/MSN/C3/ELN/CTSC/PRKCB/AKR1B1/RTN1/THBD/EDIL3",41
"C0016202","Flatfoot","23/460","285/21671",0.0807017543859649,3.8019298245614,7.0120128337098,5.11877232221745e-08,4.97194437929069e-06,3.53705749522754e-06,"TPM2/FLI1/GLI3/TCF4/TGFBR1/FGFR1/TRPS1/PRKG1/COL12A1/MFAP5/ACTA2/MYLK/MYH11/COL6A2/COL6A1/FLNA/PDPN/DACT1/MMP2/AEBP1/COL1A2/ELN/CTSC",23
"C1280433","Lipoatrophy","14/460","106/21671",0.132075471698113,6.22219031993437,7.93704232662528,5.51874817749718e-08,5.29083104497197e-06,3.76391451230806e-06,"COL3A1/LAMA4/SGCD/CD38/LDB3/FERMT2/CAV1/PLN/CLMP/NEXN/CRYAB/CAP2/DES/FLNA",14
"C2363973","Chronic thromboembolic pulmonary hypertension","12/460","76/21671",0.157894736842105,7.43855835240275,8.28031059507918,6.58015751565286e-08,6.2275285616089e-06,4.43028418968855e-06,"PDE5A/PECAM1/ICAM1/TGFBR1/PTGIS/F2R/CCL2/PDPN/MGP/MMP2/CDH5/THBD",12
"C0038013","Ankylosing spondylitis","39/460","710/21671",0.0549295774647887,2.58778015921617,6.33492307514564,6.79168910269868e-08,6.34636062735718e-06,4.51482170997518e-06,"VIM/HAVCR2/PDLIM3/RDX/ST8SIA4/CD74/PAPPA/POSTN/IL2RB/OSMR/JAK3/HLA-DOA/ITGA1/TRAC/DKK3/CD38/GJA1/CYP1B1/PTGIS/GEM/TNC/ACTA2/CPQ/NR3C1/SPARC/CCL2/MMP2/VEGFC/FNBP1/JAZF1/CFH/MCAM/NFATC1/PDLIM7/HLA-DQB1/C3/IL10RA/PRKCB/EDIL3",39
"C3811653","Experimental Organism Basal Cell Carcinoma","29/460","437/21671",0.0663615560640732,3.12635061187941,6.61283197642656,7.14066472462887e-08,6.58904837465129e-06,4.68747056725966e-06,"VIM/S1PR3/MMP11/PDE5A/ICAM1/GLI3/AGTR1/PTPN14/TGFBR1/NID1/IGFBP7/CD38/EDNRA/SERPINE1/CCL5/GJA1/ACKR3/PTPRC/GEM/DCN/NR3C1/GAP43/RGMA/CCL2/PDPN/MMP2/GREM1/ELN/CTSK",29
"C0220611","Childhood Rhabdomyosarcoma","32/460","517/21671",0.0618955512572534,2.91595324194769,6.49324406371777,7.50198934363804e-08,6.83699818947358e-06,4.86386287659652e-06,"VIM/EPHA3/ST8SIA4/PECAM1/ICAM1/GLI3/SMARCA1/TGFBR1/TRAC/FGFR1/IL6ST/SERPINE1/CCL5/ACKR3/RPS6KA2/PTPRC/EFS/CAV2/TNC/CAV1/SERPING1/TWIST2/MEF2C/F2R/DES/CCL2/SERPINF1/MMP2/CFH/PDGFC/SLFN11/IGFBP6",32
"C0036202","Sarcoidosis","28/460","413/21671",0.0677966101694915,3.19395725865881,6.6293322658885,7.72145327867486e-08,6.95119123209485e-06,4.94510018065582e-06,"VIM/SLC11A1/HAVCR2/COL3A1/ST8SIA4/AGTR1/CYBB/POSTN/RAB23/HLA-DOA/FGFR1/CCL5/IGKC/TNC/TIMP2/RECK/NR3C1/F2R/LMOD1/CCL2/MMP2/MCAM/LGALS1/COL1A2/GREM1/HLA-DQB1/HLA-DRA/RTN1",28
"C0241868","acute aortic dissection","11/460","63/21671",0.174603174603175,8.22570738440304,8.45806773606353,7.97492937150519e-08,7.09288296631944e-06,5.0459001438731e-06,"PECAM1/VWF/SERPINE1/PRKG1/TNC/ACTA2/MYLK/CCL2/MMP2/THBS1/ADAMTS1",11
"C0241074","Hyperextensible skin","10/460","50/21671",0.2,9.42217391304348,8.78009304781854,8.094022549929e-08,7.11310410280665e-06,5.06028552651576e-06,"AKT3/TRPS1/C1S/C1R/TWIST2/ANTXR1/FLNA/AEBP1/COL1A2/ADAMTS2",10
"C0027055","Myocardial Reperfusion Injury","20/460","226/21671",0.0884955752212389,4.16910350134667,7.05270010348719,8.55283692702998e-08,7.42788731709827e-06,5.28422333485481e-06,"PTGER3/PECAM1/ICAM1/AGTR1/CYBB/EDNRA/SERPINE1/GJA1/PRKG1/TNC/PLN/ANK2/VCAM1/KCNJ8/CCL2/MMP2/THBS1/C3/LUM/PRKCB",20
"C1298820","Aneurysm of aortic root","9/460","39/21671",0.230769230769231,10.8717391304348,9.086684228077,9.7433834774023e-08,8.36344846862602e-06,5.94978459837945e-06,"COL3A1/TPM2/TGFBR1/PRKG1/MFAP5/ACTA2/MYLK/MYH11/ELN",9
"C0024796","Marfan Syndrome","15/460","130/21671",0.115384615384615,5.43586956521739,7.47042504761406,1.15851992227867e-07,9.83010812213927e-06,6.99317107350067e-06,"COL3A1/VWF/AGTR1/TGFBR1/ACTA2/TIMP2/DCN/TAGLN/CNN1/MMP2/COL1A2/THBS1/ADAMTS1/ELN/CDH5",15
"C0151846","Periosteal Disorder","12/460","80/21671",0.15,7.06663043478261,8.00541690249591,1.18356872600773e-07,9.92852765385121e-06,7.06318705030212e-06,"PDLIM3/PECAM1/POSTN/FGFR1/CCL5/EFS/TNC/TIMP2/MMP2/ELN/CTSK/EDIL3",12
"C0038525","Subarachnoid Hemorrhage","31/460","501/21671",0.06187624750499,2.91504382539269,6.38652991231411,1.21319614275513e-07,1.00627122762004e-05,7.15864642957461e-06,"COL3A1/CLU/VWF/ICAM1/AGTR1/CYBB/POSTN/TGFBR1/FGFR1/CD38/EDNRA/SERPINE1/GJA1/PRKG1/TNC/MFAP5/ACTA2/MYLK/MASP1/MYH11/NEXN/VCAM1/HSPB6/GAP43/F2R/CCL2/MMP2/TFPI/C3/ELN/THBD",31
"C0007194","Hypertrophic Cardiomyopathy","33/460","560/21671",0.0589285714285714,2.77617624223602,6.27124065501557,1.46791098360749e-07,1.17913759348023e-05,8.38842341096104e-06,"PDLIM3/COL4A1/JPH2/TPM2/VWF/ICAM1/AGTR1/SGCD/SYNE1/GJA1/FZD1/LDB3/FERMT2/ACTA2/TIMP2/MYLK/CAV1/PLN/FHL1/NEXN/HTR2B/NR3C1/CRYAB/MEF2C/KCNJ8/MYL9/DES/MYOCD/MMP2/TFPI/COL1A2/ELN/LUM",33
"C4552766","Miscarriage","28/460","426/21671",0.0657276995305164,3.09648907940396,6.43571547959111,1.46829899949201e-07,1.17913759348023e-05,8.38842341096104e-06,"HAVCR2/MMP11/LAIR1/AGTR1/LAMA4/POSTN/CD84/TGFBR1/AP1S2/CD8A/SLIT2/SERPINE1/PTPRC/CYP1B1/PTGIS/GEM/TIMP2/VCAM1/NR3C1/COL6A1/CCL2/MGP/LGALS1/COL1A2/HLA-DQB1/IGFBP6/COL13A1/THBD",28
"C3494422","Retrognathia","18/460","191/21671",0.0942408376963351,4.43976781242886,7.03163748897581,1.47528261746425e-07,1.17913759348023e-05,8.38842341096104e-06,"COL3A1/TPM2/SETBP1/TGFBR1/BNC2/PRKG1/MFAP5/ACTA2/MYLK/FHL1/MYH11/ZEB2/FAM20C/COL1A2/ELN/ADAMTS2/CCDC88A/COL13A1",18
"C0018916","Hemangioma","21/460","256/21671",0.08203125,3.86456351902174,6.78964706375324,1.4855025222658e-07,1.17913759348023e-05,8.38842341096104e-06,"VIM/PDE5A/CLU/PECAM1/AKT3/DKK3/FGFR1/PTPRC/TIMP2/GPC6/NRP2/ANTXR1/CCL2/PDPN/SERPINF1/MMP2/VEGFC/THBS1/PAPLN/EMCN/THBD",21
"C0011884","Diabetic Retinopathy","36/460","645/21671",0.0558139534883721,2.62944388270981,6.18683786641585,1.50257764988042e-07,1.1800030012146e-05,8.39457994989184e-06,"VIM/AOC3/ST8SIA4/PECAM1/CD74/VWF/ICAM1/AGTR1/CYBB/POSTN/AKT3/NID1/SERPINE1/GJA1/TNC/SERPING1/VCAM1/PLXDC1/NR3C1/SPARC/HTRA1/CCL2/SERPINF1/FAM20C/MMP2/VEGFC/CFH/LGALS1/HLA-DQB1/THBS1/C3/PRKCB/AKR1B1/CDH5/EMCN/ITGA4",36
"C0030848","Peyronie Disease","9/460","41/21671",0.219512195121951,10.3414103923648,8.81665648947632,1.55128982748246e-07,1.20543384278689e-05,8.57549578870911e-06,"PDE5A/LIPA/POSTN/TGFBR1/SERPINE1/DCN/TWIST2/CCL2/MMP2",9
"C0035078","Kidney Failure","26/460","378/21671",0.0687830687830688,3.24043018173453,6.47122778310813,1.70960740590923e-07,1.30996545801071e-05,9.31913711876032e-06,"PDLIM3/VWF/FLI1/AGTR1/SERPINE1/CCL5/BNC2/GLIS2/PKD2/FERMT2/TIMP2/DCN/CAV1/MASP1/CCL2/SDC2/KCNMB1/MMP2/FBXO32/CFH/TFPI/HLA-DQB1/C3/LAMB2/AKR1B1/THBD",26
"C0279550","Adult Rhabdomyosarcoma","31/460","509/21671",0.0609037328094303,2.86922781241992,6.28449767604492,1.72130383943428e-07,1.30996545801071e-05,9.31913711876032e-06,"VIM/EPHA3/ST8SIA4/ICAM1/GLI3/SMARCA1/TGFBR1/TRAC/FGFR1/IL6ST/SERPINE1/CCL5/ACKR3/RPS6KA2/PTPRC/EFS/CAV2/TNC/CAV1/SERPING1/TWIST2/MEF2C/F2R/DES/CCL2/SERPINF1/MMP2/CFH/PDGFC/SLFN11/IGFBP6",31
"C0017661","IGA Glomerulonephritis","29/460","456/21671",0.0635964912280702,2.99608600305111,6.34406979241272,1.76159892541287e-07,1.3269513538161e-05,9.43997533714803e-06,"HAVCR2/LAIR1/PDE5A/CLU/VWF/ICAM1/AGTR1/POSTN/JAK3/TRAC/DKK3/IGFBP7/SERPINE1/CCL5/PTPRC/TNC/TIMP2/DCN/VCAM1/NR3C1/GNG2/CCL2/MMP2/CFH/PDGFC/HLA-DQB1/C3/HLA-DRA/MS4A6A",29
"C0340427","Familial dilated cardiomyopathy","12/460","83/21671",0.144578313253012,6.81121005762179,7.81137010263326,1.79636781206017e-07,1.32915181365582e-05,9.45562948042735e-06,"LAMA4/SGCD/GJA1/CALD1/LDB3/MYLK/PLN/NEXN/CRYAB/CAP2/DES/PDLIM7",12
"C0205682","Waist-Hip Ratio","33/460","565/21671",0.0584070796460177,2.7516083108888,6.21278112327286,1.80053076897294e-07,1.32915181365582e-05,9.45562948042735e-06,"COL4A1/ITGBL1/PDE5A/TCEA2/ITGA11/LAMA4/PCSK5/TTC28/DLC1/MN1/SGCD/MCC/SETBP1/TSHZ2/FGFR1/NID1/MIR100HG/TIMP2/GPC6/MYH11/CYBRD1/HSD17B6/TWIST2/PHLDB2/MEIS1/MEIS2/COL6A2/VEGFC/JAZF1/PDGFC/LOXL1/COL8A1/RORA",33
"C1511789","Desmoplastic","14/460","117/21671",0.11965811965812,5.63719806763285,7.40648994110443,1.94142040450871e-07,1.41896687386963e-05,1.0094576756742e-05,"ADAM12/PECAM1/POSTN/ETV1/MFAP5/TIMP2/DCN/CAV1/GBP1/MMP2/COL1A2/GREM1/PALLD/ELN",14
"C0033999","Pterygium","19/460","216/21671",0.087962962962963,4.1440116747182,6.83871595421151,1.97833800576805e-07,1.43177364299801e-05,1.01856845312454e-05,"VIM/COL3A1/COL4A1/CLU/PECAM1/POSTN/TCF4/IGFBP7/EFEMP1/TIMP2/GPC6/ZEB2/SPARC/PDPN/MMP2/VEGFC/COL1A2/LOXL1/ELN",19
"C0017601","Glaucoma","40/460","770/21671",0.051948051948052,2.44731789949181,6.02217764923303,2.00342939533699e-07,1.43585590256094e-05,1.02147258593114e-05,"COL3A1/COL4A1/OGN/CYGB/CLU/VWF/AGTR1/LAMA4/CYBB/POSTN/TGFBR1/RUNX1T1/EDNRA/GJA1/CYP1B1/CACNA2D1/WWTR1/CAV2/DCLK1/MYLK/CHRDL1/CAV1/MASP1/COL8A2/NR3C1/DOK5/CRYAB/ANTXR1/SPARC/SRPX/CCL2/MGP/SERPINF1/MMP2/THBS1/C3/LOXL1/ELN/BCHE/ITGA4",40
"C1858025","Spinal rigidity","10/460","55/21671",0.181818181818182,8.56561264822134,8.27304869361413,2.09616532262157e-07,1.48787427034542e-05,1.05847862293107e-05,"TPM2/SYNE1/COL12A1/CAV1/CFL2/FHL1/COL6A2/DES/COL6A1/COL13A1",10
"C2585653","Persistent atrial fibrillation","16/460","156/21671",0.102564102564103,4.83188405797101,7.07345807159229,2.2879156499497e-07,1.60851365027893e-05,1.14430187244101e-05,"EPHA3/VWF/SSPN/ATXN1/CAV2/CAV1/CFL2/PLN/PHLDB2/NR3C1/DES/MYOCD/CALU/FBXO32/GNB4/WIPF1",16
"C0041956","Ureteral obstruction","25/460","359/21671",0.0696378830083565,3.28070122320455,6.4169893062148,2.34413766867134e-07,1.62026477013162e-05,1.15266165754348e-05,"VIM/RGS2/COL3A1/CLU/PECAM1/AGTR1/SMARCA1/POSTN/TGFBR1/SERPINE1/CCL5/TNC/DDR2/ACTA2/VCAM1/F2R/CCL2/FLNA/SERPINF1/VEGFC/MSN/THBS1/ADAMTS1/STC1/EMCN",25
"C0795690","Congenital omphalocele","12/460","85/21671",0.141176470588235,6.6509462915601,7.68727390459559,2.3485279111905e-07,1.62026477013162e-05,1.15266165754348e-05,"PCSK5/RAB23/FGFR1/MYLK/MASP1/MYH11/ACTG2/TWIST2/LMOD1/FLNA/DACT1/MMP2",12
"C3468561","familial atrial fibrillation","16/460","157/21671",0.101910828025478,4.80110772639158,7.03926348699812,2.49862688617372e-07,1.707857747568e-05,1.21497558821839e-05,"EPHA3/VWF/SSPN/ATXN1/CAV2/CAV1/CFL2/PLN/PHLDB2/NR3C1/DES/MYOCD/CALU/FBXO32/GNB4/WIPF1",16
"C4048329","Immunosuppression","35/460","632/21671",0.055379746835443,2.60898802971932,6.04542176110037,2.70677293406344e-07,1.83315576139966e-05,1.3041130051224e-05,"HAVCR2/PDE5A/VWF/ICAM1/FGL2/CYBB/POSTN/JAK3/STON1/PMP22/CD8A/IGFBP7/CD38/SERPINE1/CCL5/GEM/AXL/TNC/TIMP2/DCN/CAV1/MITF/VCAM1/NR3C1/CCL2/CFH/LGALS1/MSN/PDLIM7/HLA-DQB1/HLA-DRA/BCHE/LILRB2/PRKCB/ITGA4",35
"C1134719","Invasive Ductal Breast Carcinoma","27/460","414/21671",0.0652173913043478,3.07244801512287,6.26990021918401,2.8684940515069e-07,1.92502028074763e-05,1.36946572468593e-05,"HAVCR2/COL4A1/MMP11/ADAM12/PECAM1/APOC1/VWF/POSTN/DKK3/FGFR1/PRKD1/TIAM1/SLIT2/SERPINE1/ACKR3/TIMP2/MYLK/DCN/CAV1/CCL2/PDPN/SERPINF1/MMP2/MCAM/LGALS1/THBS1/PRKCB",27
"C0234119","Neuromuscular inhibition","11/460","72/21671",0.152777777777778,7.19749396135266,7.75699189706372,3.29672171237887e-07,2.19246843970998e-05,1.55972921982534e-05,"RGS2/PDLIM3/PDE5A/AGTR1/PRKG1/AXL/KCNMA1/MYLK/PLN/HSPB6/BCHE",11
"C3887461","Head and Neck Carcinoma","40/460","786/21671",0.0508905852417303,2.39749972342073,5.87724186264271,3.40931926561484e-07,2.24710668024721e-05,1.59859904287147e-05,"CHRNA3/HAVCR2/IGFBP5/CYGB/EPHA3/ADAM12/PDE5A/PECAM1/CYBB/POSTN/TGFBR1/FGFR1/IGFBP7/SERPINE1/ACKR3/PTPRC/CYP1B1/PKD2/CTSB/PTGIS/AXL/TNC/DCLK1/TIMP2/ZEB2/HOPX/MYL9/SPARC/CCL2/PDPN/MMP2/TFPI/LGALS1/COL1A2/NFATC1/PDLIM7/CDH11/CDH19/RASSF2/RORA",40
"C0345967","Malignant mesothelioma","27/460","420/21671",0.0642857142857143,3.02855590062112,6.1822952086186,3.80979896690696e-07,2.48884389147851e-05,1.77057168569155e-05,"VIM/ICAM1/PDLIM4/IL2RB/OSMR/DKK3/LATS2/CCL5/GJA1/COL12A1/TNC/EFEMP1/NRP2/VCAM1/ZEB2/CSRP1/DES/LTBP1/PDPN/MMP2/VEGFC/MCAM/GREM1/PDLIM7/C3/ADAMTS2/THBD",27
"C0024115","Lung diseases","37/460","700/21671",0.0528571428571429,2.49014596273292,5.90195725644087,3.84782656786084e-07,2.49163646701304e-05,1.77255833306165e-05,"VIM/SLC11A1/COL3A1/IGFBP5/LAIR1/PDE5A/CRISPLD2/ICAM1/PCSK5/POSTN/AP1S2/EDNRA/SERPINE1/CCL5/ACKR3/CTSB/TIMP2/MYLK/DCN/CAV1/NR3C1/RGMA/F2R/CCL2/FLNA/MMP2/MCAM/FSTL1/GREM1/A2M/EFEMP2/ELN/LUM/CTSC/CTSK/STC1/EDIL3",37
"C0235480","Paroxysmal atrial fibrillation","19/460","226/21671",0.084070796460177,3.96064832627934,6.58879230301772,3.992914313307e-07,2.53156036707134e-05,1.80096032615878e-05,"EPHA3/VWF/AGTR1/SSPN/ATXN1/CAV2/CAV1/CFL2/PLN/VCAM1/PHLDB2/NR3C1/DES/MYOCD/CALU/FBXO32/GNB4/WIPF1/THBD",19
"C0043094","Weight Gain","14/460","124/21671",0.112903225806452,5.31896914446003,7.10273051903298,4.01236200145417e-07,2.53156036707134e-05,1.80096032615878e-05,"VIM/IGFBP5/SORBS2/SETBP1/NID1/KCNMA1/CAV1/CLIC4/SPARC/KCNMB1/MMP2/CFH/FSTL1/PALLD",14
"C4025272","Peripheral arterial stenosis","14/460","124/21671",0.112903225806452,5.31896914446003,7.10273051903298,4.01236200145417e-07,2.53156036707134e-05,1.80096032615878e-05,"CHRNA3/TGFBR1/EDNRA/PRKG1/MFAP5/ACTA2/MYLK/MYH11/VCAM1/ANTXR1/F2R/CCL2/MMP2/ELN",14
"C4086152","Childhood Astrocytoma","34/460","615/21671",0.0552845528455285,2.60450335807706,5.94453723645791,4.19110439633848e-07,2.62192649608226e-05,1.86524708593512e-05,"VIM/QKI/RGS2/PTGER3/FLI1/ICAM1/SMARCA1/TCF4/ADARB1/RAB23/AKT3/FGFR1/LATS2/EDNRA/SERPINE1/CCL5/GJA1/ACKR3/AKAP12/CYP1B1/GEM/AXL/TNC/TIMP2/CAV1/VCAM1/GAP43/SPARC/CCL2/MMP2/A2M/CDH11/AKR1B1/CCDC88A",34
"C1397307","Cardiac fibrosis","22/460","297/21671",0.0740740740740741,3.48969404186795,6.3622261394272,4.40617618275515e-07,2.71801492901948e-05,1.93360471144294e-05,"VIM/OGN/AGTR1/ITGA11/CYBB/POSTN/TGFBR1/HSPB7/SERPINE1/GJA1/ACKR3/DDR2/TIMP2/DCN/PLN/MITF/NR3C1/CCL2/FLNA/MMP2/RCN3/LUM",22
"C0280324","Laryngeal Squamous Cell Carcinoma","30/460","504/21671",0.0595238095238095,2.80421842650104,6.03535091965816,4.43564774281192e-07,2.71801492901948e-05,1.93360471144294e-05,"VIM/ADAMTS5/ST8SIA4/PECAM1/MAF/POSTN/ZNF667-AS1/FGFR1/TIAM1/MIR100HG/GJA1/PTPRC/PKD2/CLDN11/TIMP2/MYLK/CAV1/ZEB2/CRYAB/CMTM3/FLNA/MMP2/TFPI/LGALS1/MSN/THBS1/RASSF2/STC1/MYO5A/PCDH17",30
"C0030297","Pancreatic Neoplasm","39/460","764/21671",0.0510471204188482,2.4048742317323,5.82191775435961,4.45515858048439e-07,2.71801492901948e-05,1.93360471144294e-05,"CHST15/RDX/APOC1/SORBS2/FLI1/ICAM1/POSTN/ITGA1/TGFBR1/DKK3/TIAM1/IL6ST/SLIT2/SERPINE1/CTSB/WWTR1/GEM/AXL/DCLK1/EFEMP1/DCN/CAV1/NRP2/RECK/TAGLN/MITF/VCAM1/F2R/SPARC/CCL2/SPARCL1/MMP2/VEGFC/LGALS1/NFATC1/MSN/PALLD/THBS1/LUM",39
"C0278996","Malignant Head and Neck Neoplasm","39/460","767/21671",0.0508474576271186,2.39546794399411,5.79469587500437,4.91468789839263e-07,2.97244141563739e-05,2.11460454628113e-05,"CHRNA3/HAVCR2/IGFBP5/CYGB/EPHA3/ADAM12/PDE5A/PECAM1/CYBB/POSTN/TGFBR1/FGFR1/IGFBP7/SERPINE1/ACKR3/PTPRC/CYP1B1/PKD2/CTSB/PTGIS/AXL/TNC/DCLK1/TIMP2/ZEB2/HOPX/MYL9/SPARC/CCL2/PDPN/MMP2/LGALS1/COL1A2/NFATC1/PDLIM7/CDH11/CDH19/RASSF2/RORA",39
"C1608393","Megacystis microcolon intestinal hypoperistalsis syndrome","5/460","9/21671",0.555555555555556,26.1727053140097,11.1231980569442,4.95272682367108e-07,2.97244141563739e-05,2.11460454628113e-05,"MYLK/MYH11/ACTG2/MYL9/LMOD1",5
"C0035412","Rhabdomyosarcoma","32/460","565/21671",0.0566371681415929,2.66822624086187,5.91703318267312,5.47192100224971e-07,3.22925355774962e-05,2.29730154424174e-05,"VIM/EPHA3/ST8SIA4/ICAM1/GLI3/SMARCA1/TGFBR1/TRAC/FGFR1/IL6ST/SERPINE1/CCL5/ACKR3/RPS6KA2/PTPRC/EFS/CAV2/TNC/CAV1/SERPING1/TWIST2/MEF2C/F2R/DES/CCL2/SERPINF1/MMP2/CFH/PDGFC/SLFN11/IGFBP6/CCDC88A",32
"C0000822","Abortion, Tubal","13/460","109/21671",0.119266055045872,5.61872756282409,7.1189980443904,5.51186600211938e-07,3.22925355774962e-05,2.29730154424174e-05,"MMP11/AGTR1/LAMA4/CD84/TGFBR1/CD8A/PTGIS/TIMP2/COL6A1/MGP/COL1A2/IGFBP6/COL13A1",13
"C3830362","Early Pregnancy Loss","13/460","109/21671",0.119266055045872,5.61872756282409,7.1189980443904,5.51186600211938e-07,3.22925355774962e-05,2.29730154424174e-05,"MMP11/AGTR1/LAMA4/CD84/TGFBR1/CD8A/PTGIS/TIMP2/COL6A1/MGP/COL1A2/IGFBP6/COL13A1",13
"C0238198","Gastrointestinal Stromal Tumors","31/460","538/21671",0.0576208178438662,2.71456683368353,5.93052006180987,5.72444628127464e-07,3.32739074396609e-05,2.36711665953412e-05,"VIM/FYN/IGFBP5/PECAM1/FLI1/GLI3/RAB23/FGFR1/SLIT2/GJA1/ETV1/PTPRC/CALD1/CYP1B1/GLIS2/AXL/TNC/BOC/KCTD12/MITF/DES/CCL2/PDPN/SPARCL1/DACT1/RBPMS2/MMP2/VEGFC/PRKCB/RTN1/ITGA4",31
"C0003504","Aortic Valve Insufficiency","25/460","377/21671",0.0663129973474801,3.12406296851574,6.12684984851992,5.84069872546092e-07,3.36746267571071e-05,2.39562396285713e-05,"COL3A1/EPHA3/CLU/ICAM1/CYBB/MAP1B/TGFBR1/EDNRA/CCL5/GJA1/EGR2/ACKR3/PRKG1/MFAP5/ACTA2/MYLK/CAV1/MYH11/NR3C1/FLNA/PDPN/TFPI/FSTL1/COL1A2/ELN",25
"C0243038","Carcinoma, Lewis Lung","17/460","188/21671",0.0904255319148936,4.26002543940796,6.61119929206632,5.88462049805854e-07,3.36746267571071e-05,2.39562396285713e-05,"CHST15/PTGER3/PECAM1/FGL2/FGFR1/GJA1/PTGIS/DPYSL3/ANGPTL1/CCL2/SERPINF1/SDC2/MMP2/FBXO32/LGALS1/THBS1/ADAMTS1",17
"C1969372","Tubulointerstitial fibrosis","23/460","328/21671",0.0701219512195122,3.30350609756098,6.19050894382091,6.32660089175435e-07,3.54105560445795e-05,2.51911854021029e-05,"VIM/LAYN/ICAM1/AGTR1/CYBB/TGFBR1/DKK3/NREP/SERPINE1/CCL5/FERMT2/DDR2/CAV1/ZEB2/ANTXR1/F2R/SPARC/CCL2/MMP2/VEGFC/THBS1/ADAMTS1/C3",23
"C0007820","Cerebrovascular Disorders","19/460","233/21671",0.0815450643776824,3.84165889158425,6.42222580717519,6.37156860053611e-07,3.54105560445795e-05,2.51911854021029e-05,"COL4A1/CLU/PECAM1/VWF/ICAM1/AGTR1/PAPPA/EDNRA/SERPINE1/ACTA2/DCN/MFGE8/ACTG2/VCAM1/MMP2/THBS1/LOXL1/BCHE/THBD",19
"C0003855","Arteriovenous fistula","12/460","93/21671",0.129032258064516,6.07882187938289,7.2281417567465,6.37984821718921e-07,3.54105560445795e-05,2.51911854021029e-05,"AGTR1/TGFBR1/IL6ST/CD38/SERPINE1/TIMP2/CAV1/F2R/DES/CCL2/MMP2/ELN",12
"C0242488","Acute Lung Injury","12/460","93/21671",0.129032258064516,6.07882187938289,7.2281417567465,6.37984821718921e-07,3.54105560445795e-05,2.51911854021029e-05,"PECAM1/ICAM1/SERPINE1/GJA1/AKAP12/TIMP2/MYLK/CAV1/CCL2/MMP2/C3/THBD",12
"C0581342","Redundant skin","9/460","48/21671",0.1875,8.83328804347826,8.00082075062701,6.51002431037984e-07,3.58634324322567e-05,2.5513363145707e-05,"COL3A1/TRPS1/TWIST2/ZEB2/ANTXR1/AEBP1/EFEMP2/ELN/ADAMTS2",9
"C0018798","Congenital Heart Defects","26/460","406/21671",0.0640394088669951,3.01695223816663,6.04162460432796,6.7439272307295e-07,3.68767931979594e-05,2.62342713092472e-05,"COL3A1/VWF/GLI3/PAPPA/SSPN/SETBP1/TGFBR1/PMP22/FGFR1/SOX7/JAM3/EDNRA/GJA1/ZFPM2/PKD2/ACTA2/PLN/ZEB2/MEF2C/MEIS2/COL6A2/COL6A1/PBX3/NFATC1/ELN/CDH5",26
"C0017605","Angle Closure Glaucoma","12/460","94/21671",0.127659574468085,6.01415356151711,7.17453611202083,7.17482105154208e-07,3.89445066194733e-05,2.77052494010398e-05,"PDE5A/CLU/RUNX1T1/CYP1B1/FERMT2/DCN/SPARC/CCL2/THBS1/C3/LOXL1/ELN",12
"C0023269","leiomyosarcoma","18/460","213/21671",0.0845070422535211,3.98120024494795,6.43893630500004,7.47250498404652e-07,4.02642567826507e-05,2.86441239841783e-05,"VIM/PECAM1/AGTR1/SERPINE1/CALD1/AXL/FERMT2/MYLK/RFTN1/TNS1/ZEB2/LMOD1/DES/MYOCD/ARL4C/MMP2/ELN/EDIL3",18
"C0024232","Lymphatic Metastasis","28/460","463/21671",0.060475161987041,2.84903746830688,5.92262382476173,7.89595897822127e-07,4.22376588240793e-05,3.0048008651675e-05,"VIM/HAVCR2/VWF/FLI1/LAYN/ICAM1/TIAM1/JAM3/SERPINE1/ACKR3/ETV1/CTSB/MFAP5/DCLK1/DCN/CAV1/NRP2/RECK/TWIST2/CRYAB/MEIS2/CCL2/PDPN/SPARCL1/MMP2/VEGFC/RASSF2/CTSK",28
"C0019569","Hirschsprung Disease","25/460","384/21671",0.0651041666666667,3.06711390398551,6.01867080271123,8.19158528123616e-07,4.35038003928671e-05,3.09487459054049e-05,"ICAM1/GLI3/TCF4/ADARB1/MCC/SETBP1/AKT3/NID1/SLIT2/EDNRA/ACKR3/CSGALNACT2/DCLK1/TUBA1A/CAV1/FHL1/ANGPTL2/MITF/ACTG2/ZEB2/GAP43/COL6A2/COL6A1/RBPMS2/STC1",25
"C0546884","Hypovolemia","8/460","37/21671",0.216216216216216,10.186133960047,8.23555786980288,8.72129554225821e-07,4.59861454949644e-05,3.27146943310723e-05,"TGFBR1/PRKG1/MFAP5/ACTA2/MYLK/MYH11/MMP2/ELN",8
"C2316810","Chronic kidney disease stage 5","35/460","666/21671",0.0525525525525526,2.47579644862254,5.69678766080557,9.15929964722969e-07,4.79531560254252e-05,3.41140320567592e-05,"COL4A1/CLU/ST8SIA4/VWF/ICAM1/AGTR1/PAPPA/CYBB/POSTN/PRKD1/EDNRA/SERPINE1/CCL5/BNC2/GLIS2/PKD2/GEM/KCNMA1/TIMP2/CAV1/NR3C1/MEIS1/APOL3/RGMA/CCL2/MGP/MMP2/CFH/TFPI/WIPF1/HLA-DQB1/C3/LAMB2/PRKCB/RTN1",35
"C0016057","Fibrosarcoma","26/460","413/21671",0.062953995157385,2.96581745446889,5.93997764921094,9.30338638395867e-07,4.83645058354809e-05,3.44066676572052e-05,"EPHA3/CLU/FLI1/ICAM1/IL2RB/SERPINE1/CCL5/GJA1/AKAP12/TNC/TIMP2/CAV1/RECK/NR3C1/ANGPTL1/CCL2/FLNA/ARL4C/SDC2/MMP2/VEGFC/COL1A2/THBS1/ADAMTS1/PRKCB/AKR1B1",26
"C0042781","Visceral Myopathy","5/460","10/21671",0.5,23.5554347826087,10.5060569680731,9.73243041493483e-07,5.02411198063279e-05,3.57416969746852e-05,"MYLK/CLMP/MYH11/ACTG2/LMOD1",5
"C2931117","Fetal megacystis","4/460","5/21671",0.8,37.6886956521739,12.0824694127082,9.85263318364638e-07,5.05084292789428e-05,3.59318618079034e-05,"ACTA2/MYLK/ACTG2/LMOD1",4
"C0149940","Sciatic Neuropathy","13/460","115/21671",0.11304347826087,5.32557655954631,6.84914933380631,1.02633358930869e-06,5.22509969398396e-05,3.7171530142004e-05,"ICAM1/PCSK5/PMP22/FGFR1/JAM3/SERPINE1/CCL5/AKAP12/CAV1/RGMA/KCNJ8/CCL2/C3",13
"C0085437","Meningitis, Bacterial","11/460","81/21671",0.135802469135802,6.39777241009125,7.16734907995395,1.11411884498324e-06,5.56743700831906e-05,3.960692899443e-05,"VIM/ICAM1/IGFBP7/GJA1/TIMP2/GBP1/CCL2/SERPINF1/FAM20C/MMP2/CFH",11
"C0037052","Sick Sinus Syndrome","9/460","51/21671",0.176470588235294,8.31368286445013,7.70053975519481,1.11620248879873e-06,5.56743700831906e-05,3.960692899443e-05,"ICAM1/CACNA2D1/GNB5/VCAM1/MEF2C/KCNJ8/CCL2/COL1A2/THBS1",9
"C4721779","Ovarian cancer stage IV","9/460","51/21671",0.176470588235294,8.31368286445013,7.70053975519481,1.11620248879873e-06,5.56743700831906e-05,3.960692899443e-05,"SORBS2/TIAM1/SERPINE1/CYP1B1/AXL/DDR2/VCAM1/MCAM/LGALS1",9
"C0025990","Micrognathism","32/460","586/21671",0.0546075085324232,2.57260721175249,5.68342414279734,1.20522230348691e-06,5.96787335767657e-05,4.24556462824914e-05,"COL3A1/TPM2/GLI3/RAB23/SETBP1/TGFBR1/FGFR1/TRPS1/CD38/EDNRA/GJA1/COL12A1/C1S/DDR2/CFL2/C1R/GPC6/MITF/ACTG2/ANTXR1/COL6A2/COL6A1/FLNA/FAM20C/MMP2/AEBP1/COL1A2/EFEMP2/ELN/ADAMTS2/CTSK/COL13A1",32
"C0699949","airway disease","17/460","198/21671",0.0858585858585859,4.04487263943786,6.33845139417598,1.21589495733676e-06,5.96787335767657e-05,4.24556462824914e-05,"RGS2/PDE5A/ADAMTS12/ICAM1/POSTN/IL2RB/CD38/GJA1/CAV1/CCL2/LGALS1/HLA-DQB1/C3/PRKCB/AKR1B1/ITGA4/CD300LF",17
"C0155094","Corneal pannus","10/460","66/21671",0.151515151515152,7.13801054018445,7.35445105190525,1.2276497528031e-06,5.96787335767657e-05,4.24556462824914e-05,"ADAMTS5/ADAMTS12/ICAM1/IGFBP7/TIMP2/CAV1/MMP2/VEGFC/CDH11/CTSK",10
"C0005779","Blood Coagulation Disorders","20/460","267/21671",0.0749063670411985,3.5289040872822,6.12305721234984,1.23690683246345e-06,5.96787335767657e-05,4.24556462824914e-05,"HAVCR2/COL4A1/PECAM1/VWF/FLI1/STON1/SERPINE1/CCL5/PRKG1/CLDN11/SERPING1/MFGE8/ACTG2/F2R/FLNA/SERPINF1/TFPI/A2M/HLA-DQB1/THBD",20
"C0152021","Congenital heart disease","20/460","267/21671",0.0749063670411985,3.5289040872822,6.12305721234984,1.23690683246345e-06,5.96787335767657e-05,4.24556462824914e-05,"COL4A1/VWF/SMARCA1/DLC1/ADARB1/RUNX1T1/AKT3/FGFR1/NREP/IGFBP7/AKAP12/ZFPM2/TIMP2/TAGLN/ZEB2/MEF2C/SRPX/MYOCD/FLNA/NFATC1",20
"C0178664","Glomerulosclerosis (disorder)","18/460","221/21671",0.081447963800905,3.83708439897698,6.24284487747143,1.27675574081085e-06,6.12013693419852e-05,4.35388543465848e-05,"VIM/RGS2/COL3A1/CLU/APOC1/ICAM1/AGTR1/TGFBR1/SERPINE1/GJA1/TNC/TAGLN/DES/CCL2/MMP2/COL1A2/C3/PRKCB",18
"C0079588","Ichthyosis, X-Linked","17/460","199/21671",0.085427135678392,4.02454664627485,6.31216547239399,1.30392234456613e-06,6.21003532102397e-05,4.41783944111403e-05,"VIM/PECAM1/NLGN4X/FGFR1/CD8A/SERPINE1/STOM/TIMP2/MITF/CCL2/MMP2/VEGFC/CFH/LGALS1/PRIMA1/PRKCB/THBD",17
"C0598608","Hyperhomocysteinemia","19/460","246/21671",0.0772357723577236,3.63864439731354,6.12936950488927,1.44590822319408e-06,6.82134827136538e-05,4.85272947366167e-05,"PDE5A/PECAM1/ICAM1/AGTR1/EDNRA/SERPINE1/CCL5/TIMP2/MYLK/VCAM1/MEF2C/DES/CCL2/MMP2/ELN/BCHE/ATP1A2/PRKCB/THBD",19
"C0026691","Mucocutaneous Lymph Node Syndrome","24/460","370/21671",0.0648648648648649,3.0558401880141,5.87378460771984,1.4507608759203e-06,6.82134827136538e-05,4.85272947366167e-05,"SLC11A1/MMP11/PECAM1/VWF/ICAM1/AGTR1/POSTN/CD84/SGCD/SETBP1/HLA-DOA/IL6ST/SERPINE1/CCL5/TNC/TIMP2/VCAM1/NR3C1/CCL2/MMP2/VEGFC/NFATC1/ELN/THBD",24
"C0202236","Triglycerides measurement","31/460","563/21671",0.0550621669626998,2.59402656575797,5.6435712085319,1.49322679164162e-06,6.97658238980916e-05,4.96316353331117e-05,"COL4A1/IL18BP/RDX/APOC1/TCEA2/VWF/ICAM1/AGTR1/IL2RB/JAK3/TGFBR1/MIR100HG/EDNRA/SERPINE1/BNC2/CTSB/TAGLN/HTR2B/VCAM1/MEIS1/MEF2C/ANGPTL1/GNG2/SPARC/PBX3/TFPI/COL1A2/C3/C1QC/HLA-DRA/ELN",31
"C0877015","Pelvic Organ Prolapse","13/460","119/21671",0.109243697478992,5.14656558275484,6.6795319212516,1.51925260313863e-06,7.05353629960336e-05,5.01790879646383e-05,"VIM/COL3A1/CALD1/DCN/ACTG2/DES/MMP2/LGALS1/THBS1/LOXL1/POPDC2/ELN/LUM",13
"C0086437","Joint laxity","18/460","224/21671",0.0803571428571429,3.7856948757764,6.17166121603723,1.55040748225387e-06,7.15319252124877e-05,5.0888045585293e-05,"TPM2/MAP1B/TGFBR1/TRPS1/COL12A1/C1S/CFL2/C1R/ANTXR1/COL6A2/COL6A1/FLNA/SERPINF1/COL1A2/EFEMP2/ELN/ADAMTS2/COL13A1",18
"C0154830","Proliferative diabetic retinopathy","16/460","180/21671",0.0888888888888889,4.18763285024155,6.32417725348874,1.58260378077754e-06,7.2362080762101e-05,5.14786209588219e-05,"AOC3/VWF/ICAM1/POSTN/FGFR1/SLIT2/SERPINE1/TNC/VCAM1/PLXDC1/CCL2/SERPINF1/MMP2/VEGFC/LGALS1/AKR1B1",16
"C0023462","Acute Megakaryocytic Leukemias","15/460","159/21671",0.0943396226415094,4.44442165709598,6.41951589167911,1.58800556535632e-06,7.2362080762101e-05,5.14786209588219e-05,"APOC1/VWF/JAK3/DLC1/RUNX1T1/FGFR1/CD8A/MIR100HG/CD38/GLIS2/TNC/MYH11/TNS1/MYOCD/THBD",15
"C1519666","Tumor-Associated Vasculature","11/460","84/21671",0.130952380952381,6.16928053830228,6.99038988387057,1.61207359645374e-06,7.26314383585449e-05,5.16702428340316e-05,"VIM/PECAM1/FLI1/IL6ST/ACKR3/TNC/ANTXR1/SERPINF1/MCAM/THBS1/FNDC1",11
"C0027697","Nephritis","21/460","296/21671",0.0709459459459459,3.34232520564042,5.97541104073361,1.61359467499341e-06,7.26314383585449e-05,5.16702428340316e-05,"IL18BP/ST8SIA4/FLI1/ICAM1/AGTR1/LST1/SERPINE1/CCL5/PTPRC/AXL/CAV1/C1R/VCAM1/CCL2/CFH/LGALS1/GREM1/HLA-DQB1/C3/IL10RA/ITGA4",21
"C4021815","Abnormal palate morphology","8/460","40/21671",0.2,9.42217391304348,7.85133849714496,1.64292375691751e-06,7.35034131731214e-05,5.2290568569451e-05,"FLI1/TCF4/TRPS1/COL12A1/ANTXR1/COL6A2/DES/COL6A1",8
"C2717836","Steroid Sulfatase Deficiency Disease","16/460","181/21671",0.0883977900552486,4.16449675714629,6.29583784967322,1.70277949670373e-06,7.57223990642585e-05,5.38691623909632e-05,"VIM/PECAM1/FGFR1/CD8A/SERPINE1/STOM/TIMP2/MITF/CCL2/MMP2/VEGFC/CFH/LGALS1/PRIMA1/PRKCB/THBD",16
"C0856742","Post MI","17/460","203/21671",0.083743842364532,3.94524523452559,6.20871160243167,1.71660953485179e-06,7.58803088998558e-05,5.39814999645483e-05,"JPH2/VWF/POSTN/TNC/TIMP2/PLN/DES/LTBP1/CCL2/PDPN/MGP/ATP2B4/MMP2/FBXO32/FSTL1/ELN/CTSK",17
"C0152171","Idiopathic pulmonary hypertension","15/460","161/21671",0.093167701863354,4.38921145017553,6.3565167730274,1.85908387898584e-06,8.16890309206753e-05,5.81138438111551e-05,"PDE5A/ICAM1/FGL2/SERPINE1/ACTA2/DCN/CAV1/FHL1/CLIC4/HTR2B/F2R/CCL2/KCNMB1/CFH/HLA-DQB1",15
"C0011265","Presenile dementia","36/460","718/21671",0.0501392757660167,2.36210488070728,5.46609863545038,1.89687454953419e-06,8.28563782524345e-05,5.89442985214955e-05,"COL4A1/HSPB8/CLU/APOC1/VWF/ICAM1/AGTR1/SMARCA1/ATXN1/RUNX1T1/CD38/SERPINE1/ACKR3/CTSB/TIMP2/MYLK/CAV1/SERPING1/MFGE8/ACTG2/VCAM1/NR3C1/GAP43/MEF2C/SRPX/CCL2/MMP2/TFPI/A2M/THBS1/ADAMTS1/BCHE/ADAMTS2/PRKCB/AKR1B1/STC1",36
"C0018923","Hemangiosarcoma","15/460","162/21671",0.0925925925925926,4.36211755233494,6.32540140854721,2.00959467908847e-06,8.72636936531241e-05,6.20796771143801e-05,"PECAM1/VWF/FLI1/ICAM1/DLC1/SERPINE1/WWTR1/EFS/DCN/MFGE8/MITF/VEGFC/THBS1/EMCN/ADAM19",15
"C0162810","Cicatrix, Hypertrophic","16/460","185/21671",0.0864864864864865,4.0744535840188,6.18448896256201,2.26997437960456e-06,9.79938647382505e-05,6.9713155923959e-05,"VIM/COL3A1/AGTR1/POSTN/TGFBR1/NREP/SERPINE1/TIMP2/DCN/ZEB2/F2R/TGFB1I1/THBS4/MMP2/ELN/LUM",16
"C0017606","Primary angle-closure glaucoma","11/460","87/21671",0.126436781609195,5.95654672663668,6.82182641570795,2.29572590669373e-06,9.85293525768204e-05,7.00941037239597e-05,"PDE5A/RUNX1T1/CYP1B1/FERMT2/DCN/SPARC/CCL2/THBS1/C3/LOXL1/ELN",11
"C0002895","Anemia, Sickle Cell","26/460","434/21671",0.0599078341013825,2.82231015828491,5.64739775514706,2.3312316813595e-06,9.94748686230972e-05,7.07667469321725e-05,"COL4A1/PDE5A/VWF/ICAM1/PAPPA/CYBB/MCC/CD38/SERPINE1/CCL5/MFGE8/VCAM1/NR3C1/HOPX/ANTXR1/CCL2/ATP2B4/CFH/TFPI/HLA-DQB1/THBS1/CTSC/PRKCB/CTSK/ITGA4/THBD",26
"C0272242","Complement deficiency disease","8/460","42/21671",0.19047619047619,8.97349896480331,7.61698616165858,2.42944714850366e-06,0.000102757830779081,7.31022569488849e-05,"C1S/C1R/SERPING1/CFH/C3/C1QC/C7/THBD",8
"C0852036","Pregnancy associated hypertension","16/460","186/21671",0.0860215053763441,4.05254791958859,6.15714077016273,2.43600926393107e-06,0.000102757830779081,7.31022569488849e-05,"ICAM1/AGTR1/PAPPA/EDNRA/SERPINE1/GJA1/TIMP2/ACTG2/VCAM1/HTRA1/CCL2/MMP2/VEGFC/TFPI/LGALS1/HLA-DQB1",16
"C0008626","Congenital chromosomal disease","37/460","757/21671",0.0488771466314399,2.30264487967377,5.37258412088287,2.46237733251762e-06,0.000103279940162756,7.34736872723112e-05,"VIM/SORBS1/PDLIM3/LAIR1/EPHA3/ADAM12/DERL3/LSAMP/GLI3/PAPPA/CYBB/MN1/SETBP1/MLLT11/RUNX1T1/FGFR1/IL6ST/IGFBP7/CD38/ACKR3/CYP1B1/ZFPM2/EFS/TNC/MYH11/SGCE/MEIS1/F2R/JAZF1/LGALS1/COL1A2/PDLIM7/ELN/BCHE/STC1/ITGA4/EDIL3",37
"C1504336","Polypoidal choroidal vasculopathy","9/460","56/21671",0.160714285714286,7.5713897515528,7.25105867147437,2.53047559388078e-06,0.000105536558384338,7.50790528568017e-05,"SERPING1/HTRA1/SERPINF1/CFH/COL1A2/C3/LOXL1/ELN/COL8A1",9
"C1845050","PIGMENTARY DISORDER, RETICULATE, WITH SYSTEMIC MANIFESTATIONS","17/460","209/21671",0.0813397129186603,3.83198460578323,6.05838314509573,2.5586761474026e-06,0.000106113187191719,7.54892684765913e-05,"AOC3/PECAM1/VWF/ICAM1/POSTN/IL2RB/FGFR1/SERPINE1/PTPRC/TNC/TIMP2/PLXDC1/SPARC/CCL2/MMP2/LGALS1/THBS1",17
"C0266052","Precocious exfoliation of primary tooth","6/460","20/21671",0.3,14.1332608695652,8.65319295846269,2.66554883473772e-06,0.000109317119433521,7.7768556353839e-05,"COL3A1/PRKD1/GJA1/C1S/C1R/CTSC",6
"C3888896","Wet age-related macular degeneration","6/460","20/21671",0.3,14.1332608695652,8.65319295846269,2.66554883473772e-06,0.000109317119433521,7.7768556353839e-05,"TNC/MFGE8/HTRA1/SERPINF1/CFH/C3",6
"C4551472","Hypertrophic obstructive cardiomyopathy","18/460","233/21671",0.0772532188841202,3.63946631834297,5.96526513334662,2.71979595374211e-06,0.000110925600721128,7.89128352033694e-05,"COL4A1/JPH2/TPM2/VWF/AGTR1/SGCD/FZD1/FERMT2/ACTA2/PLN/FHL1/NEXN/CRYAB/MEF2C/MYL9/DES/MMP2/COL1A2",18
"C0000786","Spontaneous abortion","16/460","188/21671",0.0851063829787234,4.00943570767808,6.10301348560447,2.80119403737166e-06,0.000112996799911899,8.03862930828139e-05,"MMP11/AGTR1/LAMA4/PAPPA/CD84/TGFBR1/CD8A/SERPINE1/CYP1B1/PTGIS/TIMP2/COL6A1/MGP/COL1A2/IGFBP6/COL13A1",16
"C0009782","Connective Tissue Diseases","16/460","188/21671",0.0851063829787234,4.00943570767808,6.10301348560447,2.80119403737166e-06,0.000112996799911899,8.03862930828139e-05,"COL3A1/VWF/TGFBR1/PKD2/ACTA2/EFEMP1/DCN/SERPING1/COL8A2/FLNA/AEBP1/COL1A2/CDH11/ELN/LUM/ADAMTS2",16
"C0007786","Brain Ischemia","23/460","358/21671",0.0642458100558659,3.02667597765363,5.69418194782963,2.82059312026186e-06,0.000113160969640071,8.05030839644531e-05,"CLU/ICAM1/AGTR1/IL6ST/SERPINE1/GJA1/AKAP12/CTSB/PTGIS/CAV1/SLC24A3/SERPING1/NR3C1/F2R/CCL2/SERPINF1/MMP2/LGALS1/ADAMTS1/C3/CTSC/PRKCB/STC1",23
"C0232475","Decreased peristalsis","4/460","6/21671",0.666666666666667,31.4072463768116,10.9698621727156,2.90605791652892e-06,0.000115959565080089,8.24940139150088e-05,"MYLK/MYH11/ACTG2/LMOD1",4
"C0339467","Proliferative retinopathy","9/460","57/21671",0.157894736842105,7.43855835240275,7.16780678231121,2.9490707560666e-06,0.000117043227533783,8.32649349293506e-05,"VWF/AGTR1/HLA-DOA/JAM3/SERPINE1/CCL5/GJA1/FLNA/AKR1B1",9
"C0278595","Adult Fibrosarcoma","24/460","387/21671",0.062015503875969,2.92160431412201,5.61720950403383,3.1655048064572e-06,0.000124961264605706,8.8897852403124e-05,"EPHA3/CLU/FLI1/ICAM1/IL2RB/SERPINE1/CCL5/GJA1/AKAP12/TNC/TIMP2/NR3C1/ANGPTL1/CCL2/FLNA/ARL4C/SDC2/MMP2/VEGFC/COL1A2/THBS1/ADAMTS1/PRKCB/AKR1B1",24
"C0155626","Acute myocardial infarction","37/460","766/21671",0.0483028720626632,2.27559030536951,5.29332193622128,3.23191782688502e-06,0.000126904347862049,9.02801681877343e-05,"VIM/IL18BP/PTGER3/PECAM1/VWF/ICAM1/GLI3/AGTR1/PAPPA/CYBB/POSTN/ATXN1/HLA-DOA/TGFBR1/AKT3/SOX7/SERPINE1/CCL5/GJA1/AKAP12/TNC/TIMP2/CAV1/SERPING1/VCAM1/F2R/CSRP1/CCL2/PDPN/GBP5/SERPINF1/MMP2/TFPI/FSTL1/LGALS1/C3/THBD",37
"C0027796","Neuralgia","37/460","767/21671",0.0482398956975228,2.27262343404569,5.28458270606437,3.3299518282537e-06,0.000130061928022057,9.25264810423709e-05,"PDE5A/CD74/APOC1/GPR34/ICAM1/CYBB/ADARB1/MCC/AKT3/PMP22/CD38/EDNRA/CCL5/GJA1/ACKR3/CTSB/PRKG1/CACNA2D1/KCNMA1/CAV1/HTR2B/RGS10/NR3C1/ZEB2/SYNM/GAP43/RGMA/CCL2/THBS4/MMP2/LGALS1/A2M/NFATC1/HLA-DQB1/PRKCB/RORA/P2RY13",37
"C0024143","Lupus Nephritis","28/460","503/21671",0.0556660039761431,2.62247385253695,5.42187605297757,3.93137274101165e-06,0.000152437278597999,0.000108444378634433,"HAVCR2/COL4A1/IL18BP/CLU/PECAM1/CD74/FLI1/ICAM1/AGTR1/POSTN/CD38/SERPINE1/CCL5/AXL/C1S/SERPING1/VCAM1/NR3C1/CCL2/SDC2/MMP2/CFH/TFPI/FSTL1/NFATC1/C3/IL10RA/PRKCB",28
"C0220650","Metastatic malignant neoplasm to brain","24/460","392/21671",0.0612244897959184,2.88433895297249,5.54439612954727,3.94412357250308e-06,0.000152437278597999,0.000108444378634433,"S1PR3/CD74/PCDH7/MLLT11/AKT3/FGFR1/IL6ST/SLIT2/CD38/GJA1/ACKR3/ETV1/AXL/KCNMA1/CAV1/GBP1/VCAM1/ZEB2/GAP43/CCL2/MMP2/MSN/RASSF2/IGFBP6",24
"C0017612","Glaucoma, Open-Angle","13/460","130/21671",0.1,4.71108695652174,6.24982239587452,4.12025637637295e-06,0.000158415273804089,0.000112697143978753,"PTGER3/CD38/SERPINE1/GJA1/CYP1B1/ZFPM2/CAV2/CAV1/MMP2/FBXO32/LOXL1/ELN/AKR1B1",13
"C0751324","Multiple Sclerosis, Acute Fulminating","8/460","45/21671",0.177777777777778,8.37526570048309,7.2932924397643,4.19620890324139e-06,0.000160200913706556,0.000113967454046401,"SLC11A1/ICAM1/CLDN11/VCAM1/MCAM/HLA-DQB1/HLA-DRA/BCHE",8
"C0017921","Glycogen storage disease type II","16/460","194/21671",0.0824742268041237,3.88543254146123,5.94501262595779,4.21010258183038e-06,0.000160200913706556,0.000113967454046401,"VIM/VWF/HMCN1/EFEMP1/FHL1/SERPING1/MFGE8/DES/HTRA1/CCL2/SERPINF1/CFH/C3/ELN/COL8A1/STC1",16
"C2145472","Urothelial Carcinoma","26/460","449/21671",0.0579064587973274,2.72802362738453,5.44888310709289,4.31724389546452e-06,0.000163015056942407,0.000115969444749771,"VIM/IGFBP5/EPHA3/PECAM1/CD74/CYBB/DLC1/FGFR1/CYP1B1/GEM/TNC/DDR2/DCN/RECK/NR3C1/SPARCL1/EMP3/NDN/MMP2/TFPI/NFATC1/THBS1/LUM/BCHE/RORA/THBD",26
"C0005967","Bone neoplasms","14/460","151/21671",0.0927152317880795,4.36789519147711,6.11580609636861,4.32822421575613e-06,0.000163015056942407,0.000115969444749771,"VIM/PDLIM3/FLI1/ICAM1/HLA-DOA/ACKR3/CTSB/CAV1/SPARC/PDPN/SERPINF1/SDC2/MMP2/CTSK",14
"C0007138","Carcinoma, Transitional Cell","32/460","623/21671",0.0513643659711075,2.41981994556494,5.29541105967262,4.36672496128281e-06,0.000163630272407054,0.000116407111043761,"VIM/IGFBP5/EPHA3/PECAM1/CD74/CYBB/POSTN/DLC1/FGFR1/IGFBP7/CYP1B1/GEM/TNC/DDR2/TIMP2/DCN/CAV1/RECK/NR3C1/SPARCL1/EMP3/DACT1/NDN/MMP2/TFPI/LGALS1/NFATC1/THBS1/LUM/BCHE/RORA/THBD",32
"C0158266","Intervertebral Disc Degeneration","22/460","342/21671",0.064327485380117,3.03052377320112,5.57395789737715,4.54159123602316e-06,0.000169323366183449,0.000120457196579051,"COL3A1/IGFBP5/ADAMTS5/PECAM1/CD74/ICAM1/POSTN/CD38/TSHZ3/CPQ/CAV1/GPC6/GAP43/SPARC/HTRA1/MGP/MMP2/MCAM/FSTL1/PDLIM7/ADAMTS1/IGFBP6",22
"C0017525","Giant Cell Tumors","10/460","76/21671",0.131578947368421,6.19879862700229,6.68591709459083,4.59712835636814e-06,0.00017053267098849,0.000121317499973132,"VIM/ADAM12/FGFR1/GJA1/TNC/F2R/CCL2/PDPN/MMP2/CDH11",10
"C0006287","Bronchopulmonary Dysplasia","25/460","423/21671",0.0591016548463357,2.78433035255422,5.45775727891115,4.62578202159917e-06,0.000170737614417225,0.000121463297398728,"IL18BP/CLU/PECAM1/CRISPLD2/AGTR1/POSTN/IL6ST/SYNE1/EDNRA/SERPINE1/ACKR3/CYP1B1/TNC/TIMP2/BOC/ACTG2/NR3C1/CAP2/CCL2/FLNA/MMP2/LGALS1/THBS1/LOXL1/ELN",25
"C0020429","Hyperalgesia","26/460","451/21671",0.057649667405765,2.71592596163116,5.42302898621834,4.67586285859576e-06,0.00017089855987354,0.000121577794522821,"IL18BP/PTGER3/RBMS3/CYBB/IL2RB/JAK3/ITGA1/TGFBR1/IL6ST/EDNRA/CCL5/GJA1/PRKG1/CACNA2D1/ITPR1/HTR2B/RGS10/NR3C1/F2R/SPARC/CCL2/C3/IL10RA/PRKCB/AKR1B1/THBD",26
"C1855285","Protruding ear","14/460","152/21671",0.0921052631578947,4.3391590389016,6.083810176999,4.67644393043283e-06,0.00017089855987354,0.000121577794522821,"COL3A1/COL4A1/TPM2/FRMD4A/FGFR1/TRPS1/AP1S2/EDNRA/GJA1/ANTXR1/COL6A2/COL6A1/FLNA/ELN",14
"C0740391","Middle Cerebral Artery Occlusion","32/460","626/21671",0.0511182108626198,2.40822336435616,5.2651657393877,4.82098379953301e-06,0.000175312819744594,0.000124718113434639,"VIM/HSPB8/PECAM1/LSAMP/VWF/ICAM1/JAK3/TGFBR1/FGFR1/PRKD1/IL6ST/SLIT2/SERPINE1/GJA1/FZD1/CTSB/CAV1/NR3C1/GAP43/RGMA/DPYSL3/CRYAB/F2R/SPARC/CCL2/SERPINF1/THBS4/MMP2/CFH/ADAMTS1/C3/RTN1",32
"C0002949","Aneurysm, Dissecting","7/460","33/21671",0.212121212121212,9.99321475625823,7.61361962299812,4.91439180261784e-06,0.000177833530818259,0.000126511355537979,"COL3A1/ICAM1/TGFBR1/ACTA2/MMP2/LOXL1/ELN",7
"C1844592","Soft skin","6/460","22/21671",0.272727272727273,12.848418972332,8.18805257537482,4.94942532609553e-06,0.000178227598815791,0.000126791696800465,"TGFBR1/C1R/SPARC/COL1A2/EFEMP2/ELN",6
"C0206708","Cervical Intraepithelial Neoplasia","24/460","398/21671",0.0603015075376884,2.84085645619401,5.45851980654975,5.10728034124155e-06,0.000182034102305211,0.000129499655834348,"VIM/HAVCR2/IGFBP5/PDE5A/PTGER3/LIPA/TGFBR1/TIAM1/SLIT2/ACKR3/PEG3/GEM/TNC/KCNMA1/EFEMP1/ANGPTL2/TWIST2/PDPN/MMP2/VEGFC/TFPI/HLA-DQB1/EFEMP2/LAMB2",24
"C0206682","Follicular thyroid carcinoma","20/460","293/21671",0.068259385665529,3.21575901469061,5.62342099777524,5.10918783371824e-06,0.000182034102305211,0.000129499655834348,"VIM/OGN/ST8SIA4/ICAM1/POSTN/RAB23/IGFBP7/SERPINE1/FZD1/CAV2/TNC/CAV1/HTRA1/PDPN/MMP2/VEGFC/THBS1/PRKCB/IGFBP6/STC1",20
"C0017665","Membranous glomerulonephritis","16/460","197/21671",0.0812182741116751,3.8262635179872,5.86836462947701,5.12911044154483e-06,0.000182034102305211,0.000129499655834348,"CLU/PTGER3/PECAM1/JAK3/SERPINE1/CHRDL1/SPARC/CCL2/SDC2/CFH/A2M/PDGFC/HLA-DQB1/C3/C7/PRKCB",16
"C1704436","Peripheral Arterial Diseases","21/460","319/21671",0.0658307210031348,3.1013425105629,5.56801898150931,5.23405215673357e-06,0.00018486972737324,0.000131516928783399,"CHRNA3/COL4A1/ADAMTS5/IL18BP/PECAM1/AGTR1/CYBB/EDNRA/ANGPTL2/FEZ1/VCAM1/ZEB2/ANTXR1/F2R/CCL2/FLNA/THBS4/FAM20C/MMP2/MCAM/THBS1",21
"C2678065","Myofibrillar Myopathy","9/460","61/21671",0.147540983606557,6.9507840342124,6.85392776068318,5.27374851856215e-06,0.000185384816971552,0.000131883365208554,"HSPB8/TPM2/LDB3/CFL2/PLN/FHL1/SYNM/CRYAB/DES",9
"C3642347","Basal-Like Breast Carcinoma","18/460","245/21671",0.073469387755102,3.46120674356699,5.70543008407292,5.5031757916552e-06,0.000192532908502363,0.000136968540905801,"VIM/CD74/VWF/MAP4K4/POSTN/DKK3/WWTR1/TNC/MFAP5/DCLK1/CAV1/TWIST2/CRYAB/CCL2/PDPN/VEGFC/PRKCB/AKR1B1",18
"C0376618","Endotoxemia","24/460","401/21671",0.0598503740648379,2.81960316599805,5.41617794883829,5.79913596559207e-06,0.000201930291028305,0.000143653869574671,"IGFBP5/PECAM1/VWF/ICAM1/IL6ST/SLIT2/EDNRA/SERPINE1/CCL5/GJA1/ACKR3/MYLK/VCAM1/NR3C1/F2R/SPARC/CCL2/MMP2/FBXO32/TFPI/GREM1/ADAMTS1/CDH5/THBD",24
"C0153381","Malignant neoplasm of mouth","36/460","756/21671",0.0476190476190476,2.24337474120083,5.12462160688981,6.04338107274663e-06,0.000208365241711819,0.000148231714540385,"VIM/MMP11/FILIP1L/ST8SIA4/ICAM1/SMARCA1/POSTN/MCC/TGFBR1/DKK3/TIAM1/SLIT2/SERPINE1/CCL5/CYP1B1/CTSB/TNC/TIMP2/DCN/CAV1/FHL1/RECK/ANGPTL2/RGMA/CRYAB/CCL2/PDPN/MMP2/VEGFC/MCAM/LGALS1/MSN/HLA-DQB1/PRKCB/AKR1B1/THBD",36
"C3888088","SMITH-MCCORT DYSPLASIA 1","9/460","62/21671",0.145161290322581,6.83867461430575,6.7798577589001,6.05469418406023e-06,0.000208365241711819,0.000148231714540385,"RUNX1T1/CALD1/MYH11/TAGLN/LMOD1/MYOCD/MGP/ELN/THBD",9
"C0007124","Noninfiltrating Intraductal Carcinoma","27/460","486/21671",0.0555555555555556,2.61727053140097,5.31024273244188,6.06861649526431e-06,0.000208365241711819,0.000148231714540385,"VIM/MMP11/CLU/PECAM1/VWF/ICAM1/AGTR1/POSTN/FGFR1/PRKD1/TRPS1/TIAM1/SLIT2/IGFBP7/SERPINE1/CTSB/TNC/DDR2/TIMP2/MYLK/CAV1/SPARC/MMP2/LGALS1/THBS1/CDH11/ITGA4",27
"C0042834","Vital capacity","25/460","430/21671",0.0581395348837209,2.73900404448938,5.36383166655394,6.15465080502468e-06,0.000210340890012464,0.000149637197204036,"FILIP1L/JPH2/SAMD4A/HMCN1/DKK3/FILIP1/SYNE1/EBF1/PRKG1/EFEMP1/ITPR1/FEZ1/MSRB3/TNS1/CCDC69/ANTXR1/MEIS2/HTRA1/LTBP1/JAZF1/CFH/THBS1/ADAMTS1/LOXL1/COL8A1",25
"C1963943","Atherothrombosis","12/460","115/21671",0.104347826086957,4.9159168241966,6.20049113418076,6.20100607727907e-06,0.000210948510886977,0.000150069460681762,"VWF/CYBB/EDNRA/SERPINE1/ACKR3/VCAM1/F2R/SERPINF1/CALU/CFH/TFPI/THBD",12
"C0011303","Demyelinating Diseases","14/460","156/21671",0.0897435897435897,4.22789855072464,5.95853233356805,6.33149903952707e-06,0.000214399660136646,0.000152524619547081,"QKI/HAVCR2/ICAM1/SMARCA1/AKT3/PMP22/FGFR1/CCL5/ACKR3/CTSB/PRICKLE1/CRYAB/CCL2/ITGA4",14
"C0302142","Deformity","22/460","350/21671",0.0628571428571429,2.96125465838509,5.4474345973226,6.56706736347601e-06,0.000220633048598214,0.000156959072488769,"PDLIM3/COL3A1/GJC1/PECAM1/LIPA/CRISPLD2/GLI3/EML1/AKT3/FGFR1/TRPS1/AKAP12/KCNMA1/ITPR1/MASP1/MEF2C/FLNA/PDPN/GREM1/ADAMTS1/THBD/EDIL3",22
"C1762616","Meningioma, benign, no ICD-O subtype","24/460","404/21671",0.0594059405940594,2.79866551872579,5.37422414337159,6.57535501105488e-06,0.000220633048598214,0.000156959072488769,"VIM/OGN/RBMS3/DLC1/FGFR1/IGFBP7/ACKR3/AKAP12/CYP1B1/CTSB/TNC/TIMP2/ALDH1A3/NR3C1/MEIS1/SYNM/SPARC/CCL2/MMP2/LGALS1/PRELP/TSPAN2/HLA-DQB1/THBS1",24
"C0278877","Adult Meningioma","24/460","405/21671",0.0592592592592593,2.79175523349436,5.36032457998595,6.85439124659477e-06,0.000227923946767399,0.000162145841295691,"VIM/OGN/RBMS3/DLC1/FGFR1/IGFBP7/ACKR3/AKAP12/CYP1B1/CTSB/TNC/TIMP2/ALDH1A3/NR3C1/MEIS1/SYNM/SPARC/CCL2/MMP2/LGALS1/PRELP/TSPAN2/HLA-DQB1/THBS1",24
"C0742343","Acute Chest Syndrome","24/460","405/21671",0.0592592592592593,2.79175523349436,5.36032457998595,6.85439124659477e-06,0.000227923946767399,0.000162145841295691,"COL3A1/PECAM1/VWF/LIPA/ICAM1/GLI3/AGTR1/PAPPA/EDNRA/SERPINE1/CCL5/TIMP2/ANGPTL2/VCAM1/NR3C1/CCL2/MGP/SERPINF1/MMP2/TFPI/FSTL1/GREM1/THBS1/THBD",24
"C0035344","Retinopathy of Prematurity","16/460","202/21671",0.0792079207920792,3.73155402496771,5.74390661781269,7.06508111942055e-06,0.0002338763624375,0.000166380409274435,"QKI/ICAM1/AGTR1/JAM3/CCL5/FZD1/TUBA1A/NRP2/GAP43/SERPINF1/MMP2/TFPI/LGALS1/C3/STC1/EDIL3",16
"C0375381","Urethral intrinsic sphincter deficiency","5/460","14/21671",0.357142857142857,16.8253105590062,8.7225789803429,7.20625538076917e-06,0.000237484719735884,0.000168947406459856,"TIMP2/ACTG2/TWIST2/MMP2/A2M",5
"C0271084","Exudative age-related macular degeneration","14/460","158/21671",0.0886075949367089,4.17438084755091,5.89745837923786,7.33930887773268e-06,0.000240162722770129,0.000170852546578473,"VWF/SERPING1/CRYAB/HTRA1/CCL2/SERPINF1/CFH/MCAM/COL1A2/GREM1/C3/ELN/COL8A1/RORA",14
"C0034155","Purpura, Thrombotic Thrombocytopenic","10/460","80/21671",0.125,5.88885869565217,6.45125040280956,7.35258403495654e-06,0.000240162722770129,0.000170852546578473,"VWF/SERPINE1/CCL2/SERPINF1/CFH/TFPI/HLA-DQB1/THBS1/C3/THBD",10
"C0085109","Corneal Neovascularization","12/460","117/21671",0.102564102564103,4.83188405797101,6.12024983986252,7.41816921554454e-06,0.000241237555723127,0.000171617186257138,"VIM/PECAM1/ICAM1/GLI3/CYP1B1/DCN/MXRA7/ANGPTL1/CCL2/SERPINF1/MMP2/VEGFC",12
"C4721509","Usual Interstitial Pneumonia","9/460","64/21671",0.140625,6.6249660326087,6.63652072180646,7.9172585702366e-06,0.000255485819506676,0.000181753447720459,"SERPINE1/CCL5/PTPRC/TNC/DCN/CCL2/PDPN/MMP2/COL1A2",9
"C0220641","Lip and Oral Cavity Carcinoma","35/460","734/21671",0.0476839237057221,2.24643111005805,5.05925865256975,7.92552867339864e-06,0.000255485819506676,0.000181753447720459,"VIM/MMP11/FILIP1L/SAMD4A/ST8SIA4/ICAM1/SMARCA1/POSTN/MCC/TGFBR1/DKK3/SLIT2/SERPINE1/CCL5/CTSB/TNC/TIMP2/DCN/CAV1/FHL1/RECK/ANGPTL2/ZEB2/RGMA/CRYAB/CCL2/PDPN/MMP2/VEGFC/MCAM/LGALS1/MSN/HLA-DQB1/AKR1B1/THBD",35
"C0241005","Creatine phosphokinase serum increased","17/460","228/21671",0.0745614035087719,3.5126525553013,5.61674735644409,8.22799989768465e-06,0.000264083022803079,0.000187869526267957,"COL4A1/TPM2/LAMA4/SGCD/SYNE1/COL12A1/LDB3/CFL2/PLN/FHL1/NEXN/CRYAB/CAP2/COL6A2/DES/COL6A1/ELN",17
"C0021368","Inflammation","26/460","467/21671",0.0556745182012848,2.62287496508705,5.22110470577508,8.68615225045078e-06,0.000277580848107479,0.000197471923342442,"PDE5A/CLU/PECAM1/VWF/ICAM1/AGTR1/ITGA1/CD38/SERPINE1/CCL5/CTSB/SERPING1/VCAM1/NR3C1/CRYAB/F2R/CCL2/PDPN/SERPINF1/MMP2/VEGFC/A2M/THBS1/C3/STC1/THBD",26
"C0027726","Nephrotic Syndrome","23/460","384/21671",0.0598958333333333,2.82174479166667,5.30424674056679,8.95232456921331e-06,0.000284853706766951,0.000202645858783145,"COL4A1/PDE5A/CLU/AGTR1/MAF/EDNRA/SERPINE1/CD2/ZFPM2/CTSB/STOM/C1S/C1R/KANK2/NR3C1/CCL2/MGP/CFH/TFPI/A2M/HLA-DQB1/C3/LAMB2",23
"C1257931","Mammary Neoplasms, Human","28/460","527/21671",0.0531309297912713,2.50304430327531,5.14412264003208,9.39484772008107e-06,0.000297651355663684,0.000211750148070858,"VIM/RGS2/IGFBP5/CD74/ZNF667-AS1/PPP1R12B/SETBP1/FGFR1/SYNE1/IGFBP7/GJA1/AKAP12/CYP1B1/ACTA2/EFEMP1/CAV1/MFGE8/ZEB2/MEIS1/DES/EVL/FLNA/MMP2/VEGFC/THBS1/ADAMTS1/BCHE/CDH5",28
"C0278592","Adult Angiosarcoma","11/460","101/21671",0.108910891089109,5.13088678433061,6.12782996854612,9.98459854474811e-06,0.000313643857265236,0.000223127266023509,"PECAM1/VWF/DLC1/SERPINE1/WWTR1/EFS/DCN/MFGE8/MITF/EMCN/ADAM19",11
"C0279988","Childhood Angiosarcoma","11/460","101/21671",0.108910891089109,5.13088678433061,6.12782996854612,9.98459854474811e-06,0.000313643857265236,0.000223127266023509,"PECAM1/VWF/DLC1/SERPINE1/WWTR1/EFS/DCN/MFGE8/MITF/EMCN/ADAM19",11
"C0085207","Gestational Diabetes","32/460","649/21671",0.049306625577812,2.32287800629731,5.03886737998452,1.00397017627598e-05,0.000314038467850394,0.000223407993284607,"AOC3/ADAMTS5/CLU/PECAM1/ICAM1/AGTR1/PAPPA/CYBB/TGFBR1/FGFR1/SERPINE1/GJA1/PTPRC/CYP1B1/CTSB/DCN/CAV1/TAGLN/HTR2B/ACTG2/VCAM1/NR3C1/UBE2E2/COL6A2/F2R/SPARC/CCL2/LGALS1/HLA-DQB1/LUM/CDH5/THBD",32
"C0949658","Cardiomyopathy, Hypertrophic, Familial","10/460","83/21671",0.120481927710843,5.67600838135149,6.28544342874773,1.02636799660929e-05,0.000319689812277206,0.000227428378196036,"JPH2/ICAM1/ACTA2/CAV1/PLN/FHL1/HTR2B/MYL9/DES/CALU",10
"C0020534","Orbital separation excessive","30/460","590/21671",0.0508474576271186,2.39546794399411,5.06090360927888,1.06054898302469e-05,0.000328948428264212,0.000234014987895187,"COL3A1/TPM2/FLI1/GLI3/MAF/SETBP1/TGFBR1/AKT3/FGFR1/IGHM/GJA1/BNC2/PRKG1/MFAP5/DDR2/ACTA2/MYLK/MASP1/MYH11/TWIST2/ZEB2/MEF2C/ANTXR1/FLNA/FAM20C/MMP2/COL1A2/CDH11/EFEMP2/ELN",30
"C0270824","Visual seizure","16/460","209/21671",0.076555023923445,3.60657374661951,5.57616818280736,1.08683951526883e-05,0.000334906071814777,0.000238253275005194,"CHRNA3/CLU/TCF4/MAP1B/FGFR1/IL6ST/CCL5/GJA1/NRP2/PRICKLE1/NR3C1/GAP43/MPDZ/ADAMTS1/BCHE/C7",16
"C0242852","Proliferative vitreoretinopathy","13/460","142/21671",0.0915492957746479,4.31296693202694,5.83280078770384,1.08883036081748e-05,0.000334906071814777,0.000238253275005194,"POSTN/MAP1B/FGFR1/IL6ST/SERPINE1/DCN/CAV1/F2R/CCL2/MMP2/LGALS1/GREM1/IGFBP6",13
"C0003706","Arachnodactyly","11/460","102/21671",0.107843137254902,5.08058397271952,6.08324348444164,1.09809915973255e-05,0.000335347033093477,0.000238566976301296,"TGFBR1/PRKG1/MFAP5/ACTA2/MYLK/MYH11/ACTG2/FLNA/EFEMP2/ELN/CTSC",11
"C0473583","Nevus elasticus","7/460","37/21671",0.189189189189189,8.91286721504113,7.0940480673334,1.10062782425412e-05,0.000335347033093477,0.000238566976301296,"VWF/ICAM1/MYH11/MGP/MMP2/CFH/ELN",7
"C0036420","Localized scleroderma","8/460","51/21671",0.156862745098039,7.38994032395567,6.72793589904209,1.10893683400527e-05,0.000335347033093477,0.000238566976301296,"VIM/FLI1/POSTN/CCL5/BNC2/DCN/SPARC/COL1A2",8
"C1306557","Chronic venous insufficiency","6/460","25/21671",0.24,11.3066086956522,7.59319869770143,1.11297782589951e-05,0.000335347033093477,0.000238566976301296,"ICAM1/EFEMP1/TIMP2/VCAM1/MMP2/COL1A2",6
"C2316787","Chronic kidney disease stage 3","6/460","25/21671",0.24,11.3066086956522,7.59319869770143,1.11297782589951e-05,0.000335347033093477,0.000238566976301296,"CLU/ICAM1/PRKD1/PKD2/VCAM1/MGP",6
"C0032584","polyps","23/460","390/21671",0.058974358974359,2.77833333333333,5.21887934107399,1.14959520162274e-05,0.000344972023511345,0.000245414225969014,"VIM/PDE5A/PTGER3/AGTR1/POSTN/TGFBR1/IGFBP7/EDNRA/SERPINE1/ACKR3/CALD1/PTGIS/MFAP5/DCLK1/VCAM1/NR3C1/PDPN/MMP2/VEGFC/LGALS1/GREM1/C3/HLA-DRA",23
"C0152136","Low Tension Glaucoma","11/460","103/21671",0.106796116504854,5.03125791473195,6.03923680491178,1.20626918684393e-05,0.000360513325396027,0.000256470358967158,"GAS7/EDNRA/CYP1B1/ZFPM2/CAV2/DCLK1/CAV1/CCL2/HLA-DQB1/LOXL1/AKR1B1",11
"C0007785","Cerebral Infarction","33/460","687/21671",0.0480349344978166,2.2629675337004,4.95397962228495,1.24576771403922e-05,0.000370816825203125,0.000263800302433856,"VIM/COL3A1/AOC3/VWF/ICAM1/AGTR1/CYBB/POSTN/IL2RB/JAK3/FGFR1/SERPINE1/CCL5/GJA1/ACKR3/PTGIS/CAV2/TNC/CAV1/MFGE8/NR3C1/ANGPTL1/F2R/HTRA1/CCL2/SERPINF1/SMTN/MMP2/VEGFC/PRKCB/STC1/THBD/EDIL3",33
"C0011269","Dementia, Vascular","16/460","212/21671",0.0754716981132075,3.55553732567678,5.50646925431581,1.29936274762755e-05,0.000381002574822062,0.000271046478031523,"FYN/CLU/VWF/ICAM1/AGTR1/FGFR1/SERPINE1/CAV1/CFL2/MASP1/PHLDB2/SYNM/GAP43/CCL2/MMP2/BCHE",16
"C0151779","Cutaneous Melanoma","27/460","507/21671",0.0532544378698225,2.50886287625418,5.06270562975297,1.30102199441418e-05,0.000381002574822062,0.000271046478031523,"VIM/FLI1/ICAM1/JAK3/SYNE1/RASSF8/ACKR3/CYP1B1/GEM/FERMT2/GBP1/NRP2/RECK/MITF/VCAM1/TTC7B/DES/SERPINF1/ATP2B4/SDC2/MMP2/VEGFC/MCAM/HLA-DQB1/THBS1/CTSK/RORA",27
"C0812413","Malignant Pleural Mesothelioma","24/460","421/21671",0.0570071258907363,2.68565527212641,5.14349288559817,1.30571097954159e-05,0.000381002574822062,0.000271046478031523,"VIM/HAVCR2/CD74/ICAM1/PAPPA/FGFR1/CD38/PTPRC/TNC/DCLK1/KCNMA1/EFEMP1/CAV1/CLIC4/ACTG2/ALDH1A3/F2R/CCL2/PDPN/MMP2/MCAM/COL1A2/THBS1/THBD",24
"C0521532","Diaphragmatic paresis","4/460","8/21671",0.5,23.5554347826087,9.39646923580155,1.31095440266599e-05,0.000381002574822062,0.000271046478031523,"PMP22/COL12A1/COL6A2/COL6A1",4
"C1855311","Megacystis","4/460","8/21671",0.5,23.5554347826087,9.39646923580155,1.31095440266599e-05,0.000381002574822062,0.000271046478031523,"MYLK/MYH11/ACTG2/LMOD1",4
"C4025008","Reduced systolic function","4/460","8/21671",0.5,23.5554347826087,9.39646923580155,1.31095440266599e-05,0.000381002574822062,0.000271046478031523,"TPM2/SGCD/PLN/DES",4
"C0154841","Central retinal vein occlusion","7/460","38/21671",0.184210526315789,8.6783180778032,6.9763349142939,1.32467179082561e-05,0.000383479496465674,0.000272808568191083,"VWF/ICAM1/AGTR1/SERPINE1/SERPINF1/MMP2/LOXL1",7
"C0520679","Sleep Apnea, Obstructive","26/460","480/21671",0.0541666666666667,2.55183876811594,5.06313246343881,1.40286853714822e-05,0.000404530294579224,0.000287784174828637,"COL3A1/CLU/PTGER3/VWF/ICAM1/AGTR1/PAPPA/SGCD/EDNRA/SERPINE1/GJA1/CAV1/VCAM1/NR3C1/GAP43/F2R/COL6A1/CCL2/MGP/KCNMB1/MMP2/HLA-DQB1/C3/ELN/ADAMTS2/COL13A1",26
"C4722099","High grade glioma","15/460","190/21671",0.0789473684210526,3.71927917620137,5.54410120326299,1.41572525918991e-05,0.000406598611456844,0.000289255582221078,"PECAM1/ICAM1/TCF4/IL2RB/AKT3/FGFR1/SOX7/CCL5/WWTR1/EFS/TNC/ALDH1A3/SERPINF1/EMP3/STC1",15
"C1578482","Valgus deformities of feet","6/460","26/21671",0.230769230769231,10.8717391304348,7.41701826757619,1.42105718986543e-05,0.000406598611456844,0.000289255582221078,"TPM2/GLI3/TCF4/COL12A1/COL6A2/COL6A1",6
"C1857276","Trichohepatoenteric Syndrome","24/460","424/21671",0.0566037735849057,2.66665299425759,5.1039581621717,1.46729329561558e-05,0.00041820691537584,0.000297513767601144,"COL3A1/VWF/GLI3/AGTR1/SETBP1/TRPS1/EDNRA/SERPINE1/GJA1/GEM/TSHZ3/MYLK/TUBA1A/MYH11/SGCE/ACTG2/NR3C1/ZEB2/LMOD1/MMP2/TFPI/COL1A2/LOXL1/ELN",24
"C0032326","Pneumothorax","9/460","69/21671",0.130434782608696,6.14489603024575,6.30350304319242,1.48352269359442e-05,0.000421206327850539,0.000299647559447068,"COL3A1/TGFBR1/SLIT2/PRKG1/MFAP5/ACTA2/MYLK/MYH11/ELN",9
"C0345050","Congenital aneurysm of ascending aorta","5/460","16/21671",0.3125,14.7221467391304,8.08594449787582,1.51796953718009e-05,0.000429335292086723,0.000305430531195463,"COL3A1/ACTA2/MYLK/MYH11/EFEMP2",5
"C0024312","Lymphopenia","17/460","239/21671",0.0711297071129707,3.35098235401128,5.38201333036028,1.52461921394175e-05,0.000429570192264047,0.000305597639949997,"DOCK2/PECAM1/MAP4K4/JAK3/CCL5/CD3D/PTPRC/SLAMF7/MYLK/C1R/NR3C1/WIPF1/NFATC1/MSN/HLA-DQB1/C3/BCHE",17
"C2363741","HIV-1 infection","33/460","695/21671",0.0474820143884892,2.23691898654989,4.88090236761658,1.57518060508489e-05,0.00043681094067366,0.000310748732053913,"HAVCR2/EPHA3/CD74/VWF/ICAM1/CYBB/IL2RB/DKK3/TIAM1/IL6ST/SLIT2/CD300A/CLEC4A/IGFBP7/CD38/CCL5/PTPRC/SLAMF7/CTSB/GEM/PLN/SERPING1/ZEB2/CCL2/LGALS1/GREM1/MSN/PDLIM7/SLFN11/HLA-DQB1/THBS1/LILRB2/PRKCB",33
"C0740457","Malignant neoplasm of kidney","32/460","664/21671",0.0481927710843374,2.2704033525406,4.89633870597611,1.5831615998827e-05,0.00043681094067366,0.000310748732053913,"VIM/QKI/HAVCR2/EPHA3/CLU/DERL3/CD74/ICAM1/AGTR1/SMARCA1/POSTN/TCF4/DKK3/IGFBP7/ACKR3/CYP1B1/CTSB/AXL/CAV2/DCLK1/TIMP2/CHRDL1/CAV1/FEZ1/MITF/TWIST2/ZEB2/CCL2/MMP2/MCAM/CTSK/RORA",32
"C0018818","Ventricular Septal Defects","24/460","426/21671",0.0563380281690141,2.65413349663197,5.07779060438086,1.58485899141457e-05,0.00043681094067366,0.000310748732053913,"FLI1/GLI3/PCSK5/SSPN/RAB23/AKT3/FGFR1/GJA1/ZFPM2/PLN/GPC6/MASP1/ZEB2/MEF2C/MEIS2/MGP/MMP2/VEGFC/NFATC1/THBS1/DTNA/ELN/PRKCB/CDH5",24
"C0265004","Dilatation of aorta","7/460","39/21671",0.179487179487179,8.45579710144927,6.86287117541542,1.58515280659928e-05,0.00043681094067366,0.000310748732053913,"COL3A1/AOC3/ADAMTS5/CTSB/ADAMTS1/ELN/THBD",7
"C1867441","Pterygium Of Conjunctiva And Cornea","14/460","169/21671",0.0828402366863905,3.90267558528428,5.57866423426379,1.58582135058982e-05,0.00043681094067366,0.000310748732053913,"VIM/COL3A1/COL4A1/CLU/PECAM1/TCF4/EFEMP1/ZEB2/SPARC/PDPN/MMP2/VEGFC/LOXL1/ELN",14
"C4520843","Pterygium of eye","14/460","169/21671",0.0828402366863905,3.90267558528428,5.57866423426379,1.58582135058982e-05,0.00043681094067366,0.000310748732053913,"VIM/COL3A1/COL4A1/CLU/PECAM1/TCF4/EFEMP1/ZEB2/SPARC/PDPN/MMP2/VEGFC/LOXL1/ELN",14
"C0342257","Complications of Diabetes Mellitus","17/460","240/21671",0.0708333333333333,3.33701992753623,5.36135565436583,1.60938344571569e-05,0.000441653107668148,0.000314193465493076,"RGS2/AOC3/RDX/AGTR1/SERPINE1/PLN/F2R/SPARC/CCL2/SERPINF1/MMP2/LGALS1/MSN/HLA-DQB1/THBS1/PRKCB/AKR1B1",17
"C0278488","Carcinoma breast stage IV","29/460","573/21671",0.0506108202443281,2.3843197511192,4.94562156976132,1.62326920707428e-05,0.000443813825430456,0.000315730607177137,"VIM/SORBS1/MMP11/ST8SIA4/ICAM1/PCDH7/FGFR1/GJA1/PTPRC/CTSB/TNC/KCNMA1/DCN/CAV1/HSD17B6/ACTG2/VCAM1/ALDH1A3/NR3C1/ANTXR1/SPARC/CCL2/MMP2/ADAMTS1/CDH11/BCHE/PRKCB/CDH5/CTSK",29
"C1378703","Renal carcinoma","32/460","665/21671",0.0481203007518797,2.26698921216084,4.88697208931819,1.63096162985677e-05,0.000444271540649545,0.000316056227281236,"VIM/QKI/HAVCR2/EPHA3/DERL3/CD74/ICAM1/AGTR1/SMARCA1/POSTN/TCF4/DKK3/JAM3/IGFBP7/ACKR3/CTSB/CAV2/DCLK1/CHRDL1/CAV1/FEZ1/MITF/TWIST2/ZEB2/SPARC/HOXB2/CCL2/MMP2/MCAM/CDH11/CTSK/RORA",32
"C0019243","Angioedemas, Hereditary","8/460","54/21671",0.148148148148148,6.97938808373591,6.47863793654548,1.71393834025029e-05,0.000464989384973384,0.00033079496950366,"C1S/CPQ/SERPING1/VCAM1/NR3C1/SERPINF1/TFPI/A2M",8
"C0040021","Thromboangiitis Obliterans","12/460","127/21671",0.094488188976378,4.45142074631975,5.74466086243836,1.71961666347513e-05,0.000464989384973384,0.00033079496950366,"HAVCR2/ICAM1/HLA-DOA/SLIT2/SERPINE1/CCL5/PTPRC/ACTA2/VCAM1/NR3C1/HOXB2/PRKCB",12
"C4704874","Mammary Carcinoma, Human","28/460","545/21671",0.0513761467889908,2.42037495013961,4.94561628041713,1.73409129864244e-05,0.000467192042575858,0.000332361947327205,"VIM/RGS2/IGFBP5/CD74/ZNF667-AS1/PPP1R12B/SETBP1/FGFR1/SYNE1/IGFBP7/GJA1/AKAP12/CYP1B1/ACTA2/EFEMP1/CAV1/MFGE8/ZEB2/MEIS1/DES/EVL/FLNA/MMP2/VEGFC/THBS1/ADAMTS1/BCHE/CDH5",28
"C0270726","Alexander Disease","6/460","27/21671",0.222222222222222,10.4690821256039,7.25018022141532,1.79448832395962e-05,0.000481705920271634,0.000342687167396538,"COL4A1/HSPB8/CD38/SYNM/CRYAB/DES",6
"C0553580","Ewings sarcoma","27/460","517/21671",0.0522243713733075,2.46033554789336,4.94913702474035,1.83839884726512e-05,0.000491705082989533,0.00034980060446246,"VIM/MMP11/EPHA3/FLI1/PAPPA/TCF4/HLA-DOA/FGFR1/CD38/EDNRA/LMO3/GJA1/EGR2/ACKR3/ETV1/PTPRC/AXL/TNC/CAV1/NR3C1/MEIS1/MCAM/SLFN11/CDH11/RASSF2/PRIMA1/PRKCB",27
"C0036220","Kaposi Sarcoma","26/460","488/21671",0.0532786885245902,2.51000534568781,4.9684676012793,1.86537929091826e-05,0.000497120213919083,0.000353652946319255,"S1PR3/PECAM1/ICAM1/MAP4K4/RBMS3/FGFR1/IL6ST/EDNRA/CCL5/ACKR3/PTPRC/CTSB/GEM/AXL/DCN/GBP1/VCAM1/NR3C1/MRGPRF/PDPN/MMP2/VEGFC/LGALS1/PDLIM7/THBS1/ADAMTS1",26
"C0751587","CADASIL Syndrome","7/460","40/21671",0.175,8.24440217391304,6.75339339511339,1.88654744345845e-05,0.000498379013801829,0.000354548460673519,"COL4A1/CLU/DCN/ACTG2/HTRA1/ELN/THBD",7
"C2936380","Neointima","7/460","40/21671",0.175,8.24440217391304,6.75339339511339,1.88654744345845e-05,0.000498379013801829,0.000354548460673519,"CYBB/FGFR1/SERPINE1/PTPRC/AXL/MMP2/TFPI",7
"C0149782","Squamous cell carcinoma of lung","32/460","670/21671",0.0477611940298507,2.25007138221934,4.84038633749367,1.89035659529277e-05,0.000498379013801829,0.000354548460673519,"VIM/CHRNA3/FYN/EPHA3/GAS7/CLU/LIPA/AGTR1/RBMS3/DLC1/FGFR1/EDNRA/LMO3/SERPINE1/ACKR3/CTSB/CLDN11/DCLK1/DDR2/CAV1/SERPING1/MASP1/ZEB2/HOPX/F2R/SPARC/CCL2/PDPN/ARL4C/FSTL1/LGALS1/BCHE",32
"C0013080","Down Syndrome","35/460","766/21671",0.0456919060052219,2.15258542399818,4.78288811269318,1.95365982347183e-05,0.00051323547390993,0.000365117394991607,"CHRNA3/FYN/ADAM12/CLU/ICAM1/AGTR1/PAPPA/JAK3/RUNX1T1/FGFR1/TIAM1/IGFBP7/CD38/EDNRA/GJA1/EGR2/ACKR3/GLIS2/EFS/ANGPTL2/ZEB2/SYNM/GAP43/DPYSL3/COL6A2/RCAN2/COL6A1/CCL2/FLNA/CFH/A2M/NFATC1/THBS1/ADAMTS1/BCHE",35
"C1135196","Heart Failure, Diastolic","8/460","55/21671",0.145454545454545,6.85249011857707,6.39973759973908,1.96883790653975e-05,0.000515388703052355,0.000366649209246988,"COL4A1/AGTR1/FIBIN/FHL1/KANK2/COL6A1/MS4A6A/COL8A1",8
"C0521620","Dilatation of ureter","9/460","72/21671",0.125,5.88885869565217,6.11905998207483,2.10636598000067e-05,0.000545982397409619,0.000388413663488227,"GLI3/AGTR1/RAB23/SETBP1/MYLK/MYH11/ACTG2/LMOD1/FLNA",9
"C0410179","Ullrich congenital muscular dystrophy 1","5/460","17/21671",0.294117647058824,13.8561381074169,7.80896943898936,2.11302103839473e-05,0.000545982397409619,0.000388413663488227,"VWF/COL12A1/TNC/COL6A2/COL6A1",5
"C4021343","Broad hallux phalanx","5/460","17/21671",0.294117647058824,13.8561381074169,7.80896943898936,2.11302103839473e-05,0.000545982397409619,0.000388413663488227,"FLI1/GLI3/FGFR1/KCNJ8/DACT1",5
"C0020517","Hypersensitivity","10/460","90/21671",0.111111111111111,5.23454106280193,5.92815595725251,2.1152934930798e-05,0.000545982397409619,0.000388413663488227,"HAVCR2/IL2RB/IL6ST/CLEC4A/CSF2RA/MYLK/HTR2B/CCL2/HLA-DQB1/AKR1B1",10
"C0039103","Synovitis","15/460","197/21671",0.0761421319796954,3.587122048113,5.37181880693802,2.17301504332247e-05,0.000558395414189133,0.000397244324229575,"DOCK2/CLU/ICAM1/GLI3/PAPPA/SERPINE1/CCL5/TNC/DDR2/VCAM1/F2R/CCL2/VEGFC/THBS1/CDH11",15
"C0338106","Adenocarcinoma of colon","23/460","406/21671",0.0566502463054187,2.66884236453202,4.99888837202526,2.17851367226321e-05,0.000558395414189133,0.000397244324229575,"MMP11/LAYN/TGFBR1/FGFR1/IGFBP7/EDNRA/SERPINE1/ACKR3/CTSB/WWTR1/MFAP5/DCLK1/CAV1/F2R/FLNA/SDC2/MMP2/VEGFC/AEBP1/GREM1/LUM/AKR1B1/COL8A1",23
"C1858127","Limb-girdle muscle weakness","7/460","41/21671",0.170731707317073,8.04331919406151,6.64766060706762,2.23370365550724e-05,0.000570560566953442,0.000405898653699714,"TPM2/LDB3/CFL2/CRYAB/COL6A2/COL6A1/COL13A1",7
"C1836156","Progressive proximal muscle weakness","6/460","28/21671",0.214285714285714,10.0951863354037,7.09185237127821,2.24317692703525e-05,0.000571004554323249,0.000406214507766928,"COL12A1/LDB3/CAV1/CRYAB/COL6A2/COL6A1",6
"C0275518","Acute infectious disease","15/460","198/21671",0.0757575757575758,3.56900527009223,5.34784766526976,2.30626931420781e-05,0.000585047425343027,0.000416204652146239,"SORBS1/CD74/ICAM1/CYBB/ITGA1/CLEC4A/CD38/CCL5/CCL2/CFH/PDLIM7/HLA-DQB1/THBS1/EFEMP2/BCHE",15
"C0035312","Retinal Drusen","4/460","9/21671",0.444444444444444,20.9381642512077,8.8101833748731,2.32009611020943e-05,0.000586539365944041,0.00041726602357011,"EFEMP1/HTRA1/CCL2/CFH",4
"C0026267","Mitral Valve Prolapse Syndrome","11/460","111/21671",0.0990990990990991,4.66864473168821,5.70650980421114,2.45895347950041e-05,0.00061952199951099,0.000440729976979613,"COL3A1/TPM2/VWF/AGTR1/TGFBR1/TRPS1/FLNA/MMP2/AEBP1/COL1A2/ELN",11
"C0432072","Dysmorphic features","24/460","439/21671",0.0546697038724374,2.57553728830346,4.91126414880674,2.58088501907419e-05,0.00064635881566008,0.000459821775774378,"COL4A1/TPM2/FLI1/TCF4/MAP1B/MN1/SETBP1/AKT3/PMP22/FGFR1/TRPS1/CD38/GJA1/TUBA1A/TWIST2/ZEB2/MEF2C/MEIS2/COL6A2/NDN/COL1A2/ELN/CTSK/EDIL3",24
"C0333463","Senile Plaques","17/460","249/21671",0.0682730923694779,3.21640474943251,5.18020012106262,2.58298361717317e-05,0.00064635881566008,0.000459821775774378,"HSPB8/CLU/ICAM1/AGTR1/RUNX1T1/DCN/C1R/ACTG2/HSPB6/GAP43/SRPX/CCL2/AEBP1/A2M/BCHE/RTN1/CTSK",17
"C0149630","Bicuspid aortic valve","13/460","154/21671",0.0844155844155844,3.9768915866742,5.45959363370513,2.59946790343332e-05,0.000648286218349486,0.000461192936352377,"ADAMTS5/TGFBR1/EGR2/PRKG1/TNC/MFAP5/ACTA2/MYLK/MYH11/ZEB2/FLNA/MMP2/ELN",13
"C1560249","Adverse Event Associated with Cardiac Arrhythmia","7/460","42/21671",0.166666666666667,7.8518115942029,6.5454519183753,2.63185544363863e-05,0.000652683550848349,0.000464321213076247,"AGTR1/HSPB7/GJA1/ANK2/FAM20C/POPDC2/KCNE4",7
"C0427515","Neutrophil abnormality","9/460","74/21671",0.121621621621622,5.72970035252644,6.00178691533023,2.63478323154712e-05,0.000652683550848349,0.000464321213076247,"LAMA4/CYBB/SGCD/LDB3/PLN/NEXN/CRYAB/CAP2/DES",9
"C0206733","Strawberry nevus of skin","11/460","112/21671",0.0982142857142857,4.62696040372671,5.66715797397928,2.67553340768364e-05,0.000660561458713064,0.000469925582500745,"PECAM1/AGTR1/AKT3/FGFR1/PTPRC/ANTXR1/CCL2/SERPINF1/VEGFC/THBS1/PAPLN",11
"C0003811","Cardiac Arrhythmia","28/460","559/21671",0.0500894454382826,2.35975733063701,4.79656598916107,2.73159102552112e-05,0.000672153498346565,0.000478172197414908,"SORBS1/COL4A1/GJC1/EPHA3/PDE5A/VWF/AGTR1/CYBB/IL2RB/HSPB7/CD38/GJA1/ETV1/CACNA2D1/GNG11/PLN/FHL1/ITPR1/ANK2/ACTG2/HOPX/KCNJ8/FAM20C/POPDC2/EFEMP2/ELN/BCHE/KCNE4",28
"C1854301","Motor delay","22/460","384/21671",0.0572916666666667,2.69906023550725,4.94703470949457,2.76549958938213e-05,0.000678236477369399,0.000482499648589875,"TPM2/TCF4/TUSC3/SETBP1/PMP22/SYNE1/EGR2/COL12A1/TUBA1A/ITPR1/ZEB2/MEF2C/COL6A2/DES/SPARC/COL6A1/FLNA/NDN/MPDZ/ADAMTS2/RORA/COL13A1",22
"C0575158","Kyphoscoliosis deformity of spine","13/460","155/21671",0.0838709677419355,3.95123422159888,5.43020917236652,2.78365988919839e-05,0.000680429711988826,0.000484059922872457,"TPM2/POSTN/RAB23/SETBP1/TGFBR1/PMP22/EGR2/COL12A1/FLNA/MMP2/AEBP1/ELN/COL13A1",13
"C0024198","Lyme Disease","14/460","178/21671",0.0786516853932584,3.70534929164631,5.33718954718821,2.83862615256166e-05,0.000691575520072943,0.000491989087202714,"SORBS1/AOC3/RBMS3/CD300A/CD38/DCN/FHL1/VCAM1/CCL2/PPP1R14A/FAM20C/CFH/TFPI/PDLIM7",14
"C0022876","Premature Obstetric Labor","5/460","18/21671",0.277777777777778,13.0863526570048,7.55440520860836,2.87481472072109e-05,0.000693936186637241,0.000493668473118566,"PECAM1/ICAM1/VCAM1/F2R/CCL2",5
"C1844573","Large earlobe","5/460","18/21671",0.277777777777778,13.0863526570048,7.55440520860836,2.87481472072109e-05,0.000693936186637241,0.000493668473118566,"SETBP1/GJA1/ZEB2/CDH11/ELN",5
"C0008479","Chondrosarcoma","22/460","385/21671",0.0571428571428571,2.69204968944099,4.93314916938601,2.87651683975881e-05,0.000693936186637241,0.000493668473118566,"CLU/ICAM1/POSTN/TUSC3/FGFR1/SERPINE1/CCL5/TNC/FERMT2/TIMP2/DCN/VCAM1/PDPN/SDC2/MMP2/VEGFC/TFPI/COL1A2/LBH/ADAMTS2/CTSK/EDIL3",22
"C0010051","Coronary Aneurysm","9/460","75/21671",0.12,5.65330434782609,5.94474499839784,2.9385935373447e-05,0.000706602524191485,0.000502679347087698,"VWF/SETBP1/HLA-DOA/PRKD1/SERPINE1/GJA1/CCL2/MMP2/THBD",9
"C0221013","Mastocytosis, Systemic","10/460","94/21671",0.106382978723404,5.01179463459759,5.74030394697828,3.10034219038984e-05,0.000743075521086291,0.000528626356386018,"CLU/RUNX1T1/FGFR1/CD38/CD2/PTPRC/NRP2/MYH11/MITF/CCL2",10
"C3495549","Patent ductus arteriosus - persisting type","6/460","30/21671",0.2,9.42217391304348,6.7978874438955,3.41057517033415e-05,0.000814785304446818,0.000579640930839621,"VWF/AGTR1/PTGIS/ACTA2/MYH11/NFATC1",6
"C4021726","EMG: myopathic abnormalities","11/460","115/21671",0.0956521739130435,4.50625708884688,5.55183293455521,3.42703020022608e-05,0.000816075385098997,0.000580558698435583,"TPM2/FGFR1/SYNE1/COL12A1/LDB3/FHL1/CRYAB/COL6A2/DES/COL6A1/COL13A1",11
"C0149516","Chronic sinusitis","15/460","205/21671",0.0731707317073171,3.44713679745493,5.1842676518711,3.4590238361669e-05,0.000821045464906241,0.000584094429468157,"HAVCR2/ICAM1/POSTN/CD8A/CCL5/EGR2/ACKR3/CAV1/NR3C1/SPARC/PDPN/MGP/MMP2/TFPI/C3",15
"C0004936","Mental disorders","35/460","789/21671",0.0443599493029151,2.08983578552929,4.59241703862189,3.59041839822992e-05,0.00084950219922222,0.000604338643345785,"QKI/S1PR3/EPHA3/LSAMP/ICAM1/TMTC1/AGTR1/TCF4/ATXN1/NLGN4X/ADARB1/SYNE1/NEGR1/EDNRA/FIBIN/GJA1/ACKR3/CLDN11/DCLK1/KCNMA1/FEZ1/SGCE/ACTG2/NR3C1/RGMA/MEF2C/SRPX/FLNA/SDC2/NDN/A2M/PDLIM7/BCHE/IL10RA/ADAM19",35
"C0024437","Macular degeneration","7/460","44/21671",0.159090909090909,7.49491106719368,6.35081126458052,3.60409705342424e-05,0.000850014199628681,0.000604702882109754,"EFEMP1/TUBB6/CRYAB/HTRA1/SERPINF1/MMP2/CFH",7
"C0221210","Congenital malrotation of intestine","9/460","77/21671",0.116883116883117,5.50646527385658,5.8336805331864,3.63596374028447e-05,0.000852085216850158,0.000606176210535647,"FLI1/ZFPM2/ACTA2/MYLK/CLMP/MYH11/ACTG2/LMOD1/FLNA",9
"C0423757","Thin skin","9/460","77/21671",0.116883116883117,5.50646527385658,5.8336805331864,3.63596374028447e-05,0.000852085216850158,0.000606176210535647,"COL3A1/MAP1B/TGFBR1/PRKD1/C1R/TWIST2/FLNA/COL1A2/ADAMTS2",9
"C0010417","Cryptorchidism","33/460","725/21671",0.0455172413793103,2.14435682158921,4.61538268064209,3.64805980872187e-05,0.000852214478100786,0.000606268167412172,"COL3A1/COL4A1/MMP11/TPM2/FLI1/GLI3/TCF4/RAB23/FGFR1/AP1S2/SYNE1/EDNRA/ACKR3/ZFPM2/GPR161/AXL/ACTA2/MYLK/TUBA1A/GPC6/MYH11/ACTG2/F2R/LMOD1/COL6A1/FLNA/DACT1/NDN/MMP2/AEBP1/HLA-DQB1/CDH11/ELN",33
"C0751674","Lymphangioleiomyomatosis","10/460","96/21671",0.104166666666667,4.90738224637681,5.65033129843509,3.72497034030766e-05,0.000867436310793412,0.000617097028982066,"SERPINE1/GJA1/DDR2/DES/CCL2/PDPN/MMP2/VEGFC/PDGFC/CTSK",10
"C0029925","Ovarian Carcinoma","27/460","539/21671",0.0500927643784787,2.35991368879568,4.70829023607622,3.7914117285581e-05,0.000879810359470939,0.000625899967688191,"VIM/ADAM12/CLU/CHST15/AGTR1/PAPPA/DLC1/KIF26B/IGFBP7/SERPINE1/BNC2/AXL/EFEMP1/TIMP2/CAV1/ZEB2/F2R/SPARC/HTRA1/CCL2/MMP2/MCAM/LGALS1/PALLD/EFEMP2/CTSK/PCDH17",27
"C3888570","Degenerative mitral valve disease","4/460","10/21671",0.4,18.844347826087,8.31168792026709,3.80194398091614e-05,0.000879810359470939,0.000625899967688191,"PECAM1/ACTA2/DCN/DES",4
"C0403601","Transplant glomerulopathy","5/460","19/21671",0.263157894736842,12.3975972540046,7.31928903298913,3.83368232931103e-05,0.000884382592342938,0.000629152669109629,"VIM/PECAM1/AGTR1/PTPRC/PDGFC",5
"C4049938","Physical Activity Measurement","13/460","160/21671",0.08125,3.82775815217391,5.28688366143695,3.88626627827907e-05,0.000892517114242754,0.000634939594598112,"SSPN/NEGR1/HIP1/EFEMP1/MEIS1/MEF2C/LMOD1/LTBP1/CALU/JAZF1/HLA-DQB1/LOXL1/HLA-DRA",13
"C0026010","Microphthalmos","20/460","337/21671",0.0593471810089021,2.79589730357373,4.89314519645176,3.89312531544523e-05,0.000892517114242754,0.000634939594598112,"COL4A1/TFEC/GLI3/FGFR1/CD38/GJA1/FZD1/CYP1B1/YME1L1/TUBA1A/MITF/ALDH1A3/ZEB2/MEIS1/DES/SERPINF1/DACT1/MAB21L2/MMP2/CTSK",20
"C0037199","Sinusitis","10/460","97/21671",0.103092783505155,4.85679067682654,5.60627501362195,4.07563432207093e-05,0.000931465404505497,0.000662647535695351,"CLU/ST8SIA4/CYBB/POSTN/IGHM/SERPINE1/CCL5/PDPN/MGP/WIPF1",10
"C0398623","Thrombophilia","13/460","161/21671",0.0807453416149068,3.8039832568188,5.2589125421294,4.14753675375409e-05,0.000937717460363727,0.000667095268684087,"VWF/SERPINE1/SERPING1/MFGE8/F2R/PDPN/MGP/SERPINF1/CFH/TFPI/A2M/C3/THBD",13
"C0600518","Choroidal Neovascularization","6/460","31/21671",0.193548387096774,9.11823281907433,6.66103200416776,4.1538012671219e-05,0.000937717460363727,0.000667095268684087,"AOC3/ICAM1/HTRA1/SERPINF1/MMP2/CFH",6
"C0751336","Distal Muscular Dystrophies","6/460","31/21671",0.193548387096774,9.11823281907433,6.66103200416776,4.1538012671219e-05,0.000937717460363727,0.000667095268684087,"HSPB8/LDB3/FHL1/SYNM/CRYAB/DES",6
"C1300127","Perivascular Epithelioid Cell Neoplasms","6/460","31/21671",0.193548387096774,9.11823281907433,6.66103200416776,4.1538012671219e-05,0.000937717460363727,0.000667095268684087,"VIM/IGFBP7/CALD1/MITF/DES/CTSK",6
"C0206657","Alveolar Soft Part Sarcoma","8/460","61/21671",0.131147540983607,6.17847469707769,5.964405913614,4.26105534553163e-05,0.000958997273192515,0.000682233797139195,"VIM/CD38/CALD1/TIMP2/ANGPTL2/DES/PDPN/CTSK",8
"C0033300","Progeria","11/460","118/21671",0.0932203389830508,4.39169123065586,5.4404052023946,4.35383983317807e-05,0.000976901083541656,0.00069497062638699,"PECAM1/GJA1/HIP1/KCNMA1/TWIST2/DES/PRELP/A2M/ELN/CDH5/EDIL3",11
"C0018824","Heart valve disease","9/460","79/21671",0.113924050632911,5.36706108970831,5.72643290513072,4.46848184908083e-05,0.000993564247286587,0.000706824855582253,"VWF/POSTN/FGFR1/TNC/HTR2B/GAP43/CCL2/FLNA/COL1A2",9
"C0042025","Urinary Stress Incontinence","9/460","79/21671",0.113924050632911,5.36706108970831,5.72643290513072,4.46848184908083e-05,0.000993564247286587,0.000706824855582253,"TIMP2/DCN/ACTG2/TWIST2/LTBP1/MMP2/A2M/LOXL1/ELN",9
"C0241240","Tall stature","9/460","79/21671",0.113924050632911,5.36706108970831,5.72643290513072,4.46848184908083e-05,0.000993564247286587,0.000706824855582253,"GLI3/TCF4/TGFBR1/PRKG1/MFAP5/ACTA2/MYLK/MYH11/ELN",9
"C0279986","Childhood Leiomyosarcoma","12/460","140/21671",0.0857142857142857,4.03807453416149,5.31077792327751,4.54962973717291e-05,0.00100856957116548,0.000717499692073832,"VIM/SERPINE1/CALD1/AXL/MYLK/TNS1/ZEB2/LMOD1/DES/MYOCD/ARL4C/ELN",12
"C0280141","Acute Undifferentiated Leukemia","11/460","119/21671",0.092436974789916,4.35478626233102,5.40408718516614,4.70724926366943e-05,0.00103928401606549,0.000739350048646171,"SETBP1/FGFR1/IGFBP7/CD38/MYH11/NR3C1/MEIS1/MEF2C/F2R/PBX3/PCDH17",11
"C0003857","Congenital arteriovenous malformation","13/460","163/21671",0.0797546012269939,3.75730861563083,5.2036366719682,4.71633900544486e-05,0.00103928401606549,0.000739350048646171,"PECAM1/VWF/ICAM1/PTPN14/TGFBR1/EDNRA/VCAM1/CRYAB/MGP/MMP2/THBS1/ELN/CDH5",13
"C1860493","Abnormality of the sternum","7/460","46/21671",0.152173913043478,7.16904536862004,6.16803204637084,4.85339518477179e-05,0.00106630247779718,0.000758571070702583,"TGFBR1/PRKG1/MFAP5/ACTA2/MYLK/MYH11/ELN",7
"C0278607","Adult Leiomyosarcoma","12/460","141/21671",0.0851063829787234,4.00943570767808,5.2795925894942,4.87905699677823e-05,0.00106875960683136,0.000760319080335048,"VIM/SERPINE1/CALD1/AXL/MYLK/TNS1/ZEB2/LMOD1/DES/MYOCD/ARL4C/ELN",12
"C1857482","Slender finger","5/460","20/21671",0.25,11.7777173913043,7.10118143277414,5.0227248112568e-05,0.00109697498688455,0.000780391594000628,"COL3A1/TRPS1/COL12A1/COL6A2/COL6A1",5
"C0011644","Scleroderma","19/460","316/21671",0.060126582278481,2.83261557512383,4.83273438428729,5.07849184639479e-05,0.00110588279675771,0.000786728639082864,"COL3A1/PDE5A/FLI1/ICAM1/POSTN/TGFBR1/SERPINE1/CCL5/EGR2/GEM/TNC/DDR2/CAV1/SPARC/CCL2/COL1A2/HLA-DQB1/THBS1/PRKCB",19
"C0010278","Craniosynostosis","25/460","488/21671",0.0512295081967213,2.41346667854597,4.65082022252354,5.11004935388642e-05,0.00110948189207028,0.00078928904726128,"VIM/VWF/GLI3/AGTR1/POSTN/RAB23/MN1/TGFBR1/FGFR1/TRPS1/IL6ST/CD8A/CCL5/GJA1/EGR2/KCNMA1/CAV1/GPC6/MASP1/VCAM1/SPARC/FLNA/HLA-DQB1/CDH11/IGHD",25
"C0010701","Phyllodes Tumor","10/460","100/21671",0.1,4.71108695652174,5.47764384054527,5.30162823976084e-05,0.00114434560426651,0.000814091206160874,"VIM/POSTN/FGFR1/DCN/NR3C1/ZEB2/SPARC/RCAN2/FLNA/MMP2",10
"C0340629","Aortic aneurysm without mention of rupture NOS","10/460","100/21671",0.1,4.71108695652174,5.47764384054527,5.30162823976084e-05,0.00114434560426651,0.000814091206160874,"PECAM1/AGTR1/SERPINE1/TNC/ACTA2/TAGLN/CCL2/MMP2/THBS1/ELN",10
"C0004245","Atrioventricular Block","8/460","63/21671",0.126984126984127,5.98233264320221,5.83208047848263,5.4003489335464e-05,0.00116225585502739,0.000826832617138652,"GJC1/SYNE1/PKD2/CACNA2D1/CAV1/FHL1/DES/MMP2",8
"C0027092","Myopia","25/460","490/21671",0.0510204081632653,2.40361579414374,4.62807998308615,5.45765029629063e-05,0.001171173676954,0.000833176784828457,"COL4A1/MMP11/MAF/TCF4/TGFBR1/GJA1/YME1L1/KCNMA1/TIMP2/DCN/MYH11/TWIST2/ZEB2/ANTXR1/HTRA1/COL6A1/SERPINF1/MMP2/CFH/ELN/LUM/LAMB2/ADAMTS2/COL8A1/MYO5A",25
"C0019348","Herpes Simplex Infections","30/460","645/21671",0.0465116279069767,2.19120323559151,4.52288131107558,5.59328935629146e-05,0.0011879669171697,0.000845123550850524,"VIM/HAVCR2/EPHA3/PECAM1/VWF/ICAM1/TCF4/STON1/AKT3/PRKD1/CD38/CCL5/GJA1/PTPRC/CTSB/CLDN11/TIMP2/ITPR1/HSPB6/NR3C1/SPARC/CCL2/SERPINF1/LGALS1/PDLIM7/HLA-DQB1/THBS1/C3/AKR1B1/THBD",30
"C0010034","Corneal Diseases","7/460","47/21671",0.148936170212766,7.01651248843663,6.08069940127012,5.59951772635329e-05,0.0011879669171697,0.000845123550850524,"ICAM1/TCF4/GJA1/MXRA7/DES/COL6A1/MMP2",7
"C0016052","Fibromuscular Dysplasia","7/460","47/21671",0.148936170212766,7.01651248843663,6.08069940127012,5.59951772635329e-05,0.0011879669171697,0.000845123550850524,"CAV2/ACTA2/MYLK/FLNA/TACR2/EFEMP2/RTN1",7
"C0238288","Muscular Dystrophy, Facioscapulohumeral","12/460","143/21671",0.0839160839160839,3.95335968379447,5.21807501135717,5.60027752878699e-05,0.0011879669171697,0.000845123550850524,"PDLIM3/COL3A1/PMP22/CAV2/DCN/FHL1/FLNA/SDC2/TACR2/ELN/LUM/RTN1",12
"C0266200","Microcolon","4/460","11/21671",0.363636363636364,17.1312252964427,7.88065422729959,5.87430471471263e-05,0.00123897478297168,0.000881410713434626,"MYLK/MYH11/ACTG2/LMOD1",4
"C0428975","Supraventricular Arrhythmia by ECG Finding","4/460","11/21671",0.363636363636364,17.1312252964427,7.88065422729959,5.87430471471263e-05,0.00123897478297168,0.000881410713434626,"COL4A1/SYNE1/FHL1/DES",4
"C4317089","Infantile hemangioma","9/460","82/21671",0.109756097560976,5.1707051961824,5.57221616252634,6.01583927349786e-05,0.00126521155318978,0.000900075637591268,"PECAM1/AGTR1/PTPRC/ANTXR1/CCL2/SERPINF1/VEGFC/THBS1/PAPLN",9
"C2350236","Idiopathic Interstitial Pneumonias","8/460","64/21671",0.125,5.88885869565217,5.76803697152857,6.05872365876392e-05,0.00127061074002827,0.000903916636769533,"RBMS3/POSTN/SERPINE1/PTPRC/DCN/RECK/CCL2/THBD",8
"C0035222","Respiratory Distress Syndrome, Adult","23/460","434/21671",0.0529953917050691,2.49665898617512,4.63819430535411,6.10063951155742e-05,0.00127577679530643,0.00090759178539317,"S1PR3/VWF/ICAM1/AGTR1/AKT3/EBF1/SERPINE1/CYP1B1/TNC/MYLK/DCN/CAV1/SERPING1/ANGPTL2/NR3C1/CCL2/PDPN/MMP2/TFPI/IGFBP6/AKR1B1/CDH5/THBD",23
"C0339543","Epiretinal Membrane","10/460","102/21671",0.0980392156862745,4.61871270247229,5.39469610637856,6.28280874810025e-05,0.00131016085249932,0.000932052716154391,"POSTN/MAP1B/IL2RB/PTPRC/KCNMA1/PLXDC1/SPARC/MGP/LGALS1/THBS1",10
"C0042384","Vasculitis","18/460","294/21671",0.0612244897959184,2.88433895297249,4.79056913476417,6.31733118216441e-05,0.0013136489799081,0.000934534181403061,"LSAMP/VWF/ICAM1/PMP22/CCL5/TNC/CAV1/SERPING1/VCAM1/ZEB2/CCL2/MMP2/CFH/WIPF1/PALLD/HLA-DQB1/PRKCB/AKR1B1",18
"C0001486","Adenovirus Infections","12/460","145/21671",0.0827586206896552,3.89883058470765,5.15766306388304,6.41183728415311e-05,0.00132955569751737,0.000945850272342989,"VIM/ADAMTS5/ICAM1/TRPS1/CD38/SERPINE1/GJA1/CALD1/PLEKHO1/C1QC/MYO5A/THBD",12
"C0265110","Cerebral Vasospasm","7/460","48/21671",0.145833333333333,6.87033514492754,5.995885633208,6.436911064613e-05,0.0013310161758816,0.000946889261428697,"AGTR1/EDNRA/GJA1/PKD2/TNC/CCL2/EFEMP2",7
"C0026265","Diseases of mitral valve","5/460","21/21671",0.238095238095238,11.2168737060041,6.89805291475704,6.47779296326609e-05,0.00133572814678297,0.000950241372941327,"VWF/GJA1/SLC24A3/MMP2/FSTL1",5
"C0149521","Pancreatitis, Chronic","21/460","379/21671",0.0554089709762533,2.61036480440519,4.65761348982367,6.7690761813942e-05,0.00139190307440256,0.000990204400204534,"CYGB/CLU/ST8SIA4/CRISPLD2/ICAM1/IL2RB/TNC/DCN/CAV1/DPYSL3/SPARC/CCL2/TGFB1I1/SPARCL1/SDC2/TACR2/FSTL1/LGALS1/GREM1/A2M/NFATC1",21
"C0428474","Serum LDL cholesterol measurement","17/460","269/21671",0.0631970260223048,2.97726684984645,4.8055383214389,6.80727538397017e-05,0.00139586963567966,0.000993026224872139,"COL4A1/LAIR1/APOC1/ICAM1/AGTR1/TGFBR1/AKT3/GPC6/TAGLN/HTR2B/F2R/LMOD1/MYOCD/PBX3/TFPI/HLA-DRA/ATP1A2",17
"C0000731","Abdomen distended","10/460","103/21671",0.0970873786407767,4.5738708315745,5.35402415786154,6.82867321705253e-05,0.00139637855092193,0.000993388268840212,"FLI1/LIPA/MYLK/C1R/MYH11/ACTG2/ZEB2/LMOD1/FLNA/HLA-DQB1",10
"C0240479","Neck muscle weakness","7/460","49/21671",0.142857142857143,6.73012422360248,5.91346383563129,7.37388251543364e-05,0.00150370167759478,0.00106973829222153,"TPM2/SYNE1/CFL2/CRYAB/DES/LAMB2/COL13A1",7
"C0027868","Neuromuscular Diseases","13/460","171/21671",0.0760233918128655,3.58152809560132,4.99095300707074,7.72585995531139e-05,0.00157113769118757,0.00111771249288237,"COL4A1/HSPB8/ATXN1/SGCD/PMP22/SYNE1/LDB3/CAV2/TIMP2/MEF2C/DES/SYNC/MMP2",13
"C0016529","Forced expiratory volume function","17/460","272/21671",0.0625,2.94442934782609,4.75234191964942,7.80194710999282e-05,0.00158225202104305,0.00112561926349781,"CHRNA3/RDX/MN1/ITGA1/SYNE1/EBF1/LDB3/TSHZ3/EFEMP1/MSRB3/TNS1/NEXN/JAZF1/HLA-DQB1/BCHE/COL8A1/ADAM19",17
"C1536085","Geographic Atrophy","9/460","85/21671",0.105882352941176,4.98820971867008,5.42536752511284,7.99174942236013e-05,0.00161630395166747,0.00114984391833179,"VIM/HMCN1/EFEMP1/CRYAB/HTRA1/MMP2/CFH/C3/COL8A1",9
"C0677932","Progressive Neoplastic Disease","21/460","384/21671",0.0546875,2.57637567934783,4.58982267842235,8.14869824261265e-05,0.00163188772319339,0.00116093026437163,"HAVCR2/PECAM1/CD74/VWF/ATXN1/PMP22/CD38/SERPINE1/CCL5/PTPRC/GEM/TIMP2/MEF2C/CCL2/PDPN/MMP2/CFH/PDLIM7/HLA-DQB1/ELN/ITGA4",21
"C3539781","Progressive cGVHD","21/460","384/21671",0.0546875,2.57637567934783,4.58982267842235,8.14869824261265e-05,0.00163188772319339,0.00116093026437163,"HAVCR2/PECAM1/CD74/VWF/ATXN1/PMP22/CD38/SERPINE1/CCL5/PTPRC/GEM/TIMP2/MEF2C/CCL2/PDPN/MMP2/CFH/PDLIM7/HLA-DQB1/ELN/ITGA4",21
"C0010709","Cyst","15/460","221/21671",0.0678733031674208,3.19757033248082,4.83563009192042,8.16018533292484e-05,0.00163188772319339,0.00116093026437163,"VIM/PECAM1/ICAM1/POSTN/PRKD1/CCL5/PKD2/CAV1/ITPR1/TNS1/VCAM1/ALDH1A3/MMP2/VEGFC/BCHE",15
"C0747845","early pregnancy","17/460","273/21671",0.0622710622710623,2.93364389233954,4.73477152545063,8.16082640228434e-05,0.00163188772319339,0.00116093026437163,"HAVCR2/PECAM1/AGTR1/PCSK5/FGFR1/SLIT2/SERPINE1/CCL5/GJA1/ACKR3/PTGIS/DCN/CCL2/SPARCL1/MMP2/PALLD/THBS1",17
"C0035126","Reperfusion Injury","18/460","300/21671",0.06,2.82665217391304,4.69171759190536,8.17933429397931e-05,0.00163188772319339,0.00116093026437163,"VIM/AOC3/PDE5A/PECAM1/ICAM1/CYBB/IL6ST/CCL5/CTSB/CAV1/VCAM1/KCNJ8/CCL2/VEGFC/CFH/THBS1/C3/STC1",18
"C0853879","Invasive carcinoma of breast","24/460","473/21671",0.0507399577167019,2.39040352973619,4.50247995066127,8.3480573623841e-05,0.00165076802581903,0.00117436177341914,"VIM/SORBS1/CD74/AGTR1/PAPPA/PTPN14/POSTN/TGFBR1/FGFR1/PRKD1/SLIT2/SERPINE1/FZD1/CYP1B1/TNC/FERMT2/RECK/F2R/ATP2B4/PDGFC/THBS1/LUM/AKR1B1/CDH5",24
"C0020492","Hyperostosis","7/460","50/21671",0.14,6.59552173913044,5.83331596187653,8.41922466638527e-05,0.00165076802581903,0.00117436177341914,"GLI3/PAPPA/DLC1/CCL2/FLNA/WIPF1/ADAMTS1",7
"C1691228","Cystic Kidney Diseases","7/460","50/21671",0.14,6.59552173913044,5.83331596187653,8.41922466638527e-05,0.00165076802581903,0.00117436177341914,"COL4A1/PRKD1/GLIS2/PKD2/CPQ/TNS1/CYS1",7
"C1843700","Increased variability in muscle fiber diameter","7/460","50/21671",0.14,6.59552173913044,5.83331596187653,8.41922466638527e-05,0.00165076802581903,0.00117436177341914,"TPM2/COL12A1/CFL2/FHL1/CRYAB/COL6A2/COL6A1",7
"C0019079","Hemoptysis","8/460","67/21671",0.119402985074627,5.62517845554834,5.58375829385993,8.44641438947526e-05,0.00165076802581903,0.00117436177341914,"COL3A1/TGFBR1/PRKG1/MFAP5/ACTA2/MYLK/MYH11/ELN",8
"C0027668","Neoplasms, Vascular Tissue","8/460","67/21671",0.119402985074627,5.62517845554834,5.58375829385993,8.44641438947526e-05,0.00165076802581903,0.00117436177341914,"FLI1/WWTR1/DCN/F2R/SPARC/PDPN/VEGFC/CDH5",8
"C0426891","Broad thumbs","8/460","67/21671",0.119402985074627,5.62517845554834,5.58375829385993,8.44641438947526e-05,0.00165076802581903,0.00117436177341914,"GLI3/RAB23/FGFR1/PRKD1/TRPS1/MEIS2/FLNA/DACT1",8
"C0494463","Alzheimer Disease, Late Onset","21/460","385/21671",0.0545454545454545,2.5696837944664,4.5763929719043,8.45286255431579e-05,0.00165076802581903,0.00117436177341914,"ADAM12/CLU/APOC1/FRMD4A/ATXN1/HECTD2/CCL5/PRKG1/FERMT2/CAV1/MSRB3/ACTG2/SYNM/MEF2C/CCL2/CFH/A2M/ADAMTS1/HLA-DRA/BCHE/MS4A6A",21
"C1720164","Central corneal thickness","6/460","35/21671",0.171428571428571,8.07614906832298,6.16978895354311,8.52273441761917e-05,0.00165810096716513,0.00117957845187966,"COL12A1/COL8A2/GLT8D2/COL6A2/LTBP1/ADAMTS2",6
"C0019214","Hepatosplenomegaly","11/460","127/21671",0.0866141732283465,4.08046901745977,5.12723631896361,8.53533415771811e-05,0.00165810096716513,0.00117957845187966,"HAVCR2/VWF/LIPA/TCF4/JAK3/CD3D/STOM/TIMP2/CAV1/MMP2/PALLD",11
"C0266050","Failure of exfoliation of primary tooth","4/460","12/21671",0.333333333333333,15.7036231884058,7.50280374228309,8.66381133402027e-05,0.00167864187054429,0.00119419131773524,"RAB23/COL6A1/FLNA/CTSK",4
"C0011875","Diabetic Angiopathies","10/460","106/21671",0.0943396226415094,4.44442165709598,5.23506781795328,8.71435441749054e-05,0.00168401477251087,0.00119801361776964,"AOC3/ICAM1/IGFBP7/SERPINE1/SPARC/CCL2/SERPINF1/THBS1/PRKCB/AKR1B1",10
"C0264716","Chronic heart failure","15/460","223/21671",0.0672645739910314,3.16889257165139,4.79429630903565,9.02866012567246e-05,0.00173785835859667,0.00123631812103963,"CLU/VWF/AGTR1/RBMS3/DKK3/IL6ST/EDNRA/GJA1/ACKR3/CCL2/PLEKHO1/MMP2/FSTL1/PRIMA1/CTSK",15
"C0007932","Chagas' disease without mention of organ involvement","3/460","5/21671",0.6,28.2665217391304,8.97952104995225,9.2048580088228e-05,0.00173785835859667,0.00123631812103963,"VIM/CCL5/CCL2",3
"C0265010","Ruptured thoracic aortic aneurysm","3/460","5/21671",0.6,28.2665217391304,8.97952104995225,9.2048580088228e-05,0.00173785835859667,0.00123631812103963,"AOC3/SERPINE1/EFEMP2",3
"C0265012","Ruptured abdominal aortic aneurysm","3/460","5/21671",0.6,28.2665217391304,8.97952104995225,9.2048580088228e-05,0.00173785835859667,0.00123631812103963,"AOC3/SERPINE1/EFEMP2",3
"C0334460","Elastofibroma","3/460","5/21671",0.6,28.2665217391304,8.97952104995225,9.2048580088228e-05,0.00173785835859667,0.00123631812103963,"POSTN/TNC/ELN",3
"C1305122","Thoracoabdominal aortic aneurysm, ruptured","3/460","5/21671",0.6,28.2665217391304,8.97952104995225,9.2048580088228e-05,0.00173785835859667,0.00123631812103963,"AOC3/SERPINE1/EFEMP2",3
"C1850853","Hyperextensibility at wrists","3/460","5/21671",0.6,28.2665217391304,8.97952104995225,9.2048580088228e-05,0.00173785835859667,0.00123631812103963,"COL12A1/COL6A2/COL6A1",3
"C1850854","Increased laxity of ankles","3/460","5/21671",0.6,28.2665217391304,8.97952104995225,9.2048580088228e-05,0.00173785835859667,0.00123631812103963,"GLI3/COL6A2/COL6A1",3
"C1956258","Familial Thrombotic Thrombocytopenic Purpura","3/460","5/21671",0.6,28.2665217391304,8.97952104995225,9.2048580088228e-05,0.00173785835859667,0.00123631812103963,"CFH/TFPI/THBD",3
"C0266464","Polymicrogyria","14/460","199/21671",0.0703517587939698,3.31433253222635,4.82996349867827,9.56796251027527e-05,0.00180155690299277,0.00128163347388825,"COL3A1/COL4A1/MAP1B/EML1/TUSC3/MN1/AKT3/PMP22/CTSB/TUBA1A/PRICKLE1/FLNA/ATP1A2/CCDC88A",14
"C0007286","Carpal Tunnel Syndrome","9/460","87/21671",0.103448275862069,4.87353823088456,5.33125316537339,9.59105747597071e-05,0.00180155690299277,0.00128163347388825,"ADAMTS5/TGFBR1/PMP22/SERPINE1/TNC/EFEMP1/LTBP1/CCL2/AEBP1",9
"C0276138","Viral myocarditis","11/460","129/21671",0.0852713178294574,4.01720593191776,5.06156241726098,9.82919986809068e-05,0.00184160287883872,0.00131012231210004,"OGN/GJA1/PTPRC/CTSB/CAV1/GBP1/VCAM1/F2R/SPARC/CCL2/ADAMTS1",11
"C1268935","Congenital Thrombotic Thrombocytopenic Purpura","6/460","36/21671",0.166666666666667,7.8518115942029,6.05907059714638,0.000100455011637615,0.00187262347451736,0.00133219046533775,"VWF/CCL2/CFH/TFPI/THBS1/THBD",6
"C1858556","OVERLAP CONNECTIVE TISSUE DISEASE","6/460","36/21671",0.166666666666667,7.8518115942029,6.05907059714638,0.000100455011637615,0.00187262347451736,0.00133219046533775,"S1PR3/FGFR1/NEGR1/CYP1B1/FERMT2/F2R",6
"C4551686","Malignant neoplasm of soft tissue","31/460","699/21671",0.0443490701001431,2.08932325682652,4.31125031095563,0.000100830729995059,0.00187489281819527,0.0013338048838535,"VIM/MMP11/CLU/PECAM1/FLI1/SMARCA1/ADARB1/FGFR1/SLIT2/IGFBP7/CD38/EDNRA/SERPINE1/CSF2RA/ACKR3/CD3D/CALD1/DCN/CAV1/MYL9/F2R/DES/CCL2/MMP2/VEGFC/JAZF1/MCAM/TFPI/LGALS1/NFATC1/LRRC15",31
"C0028259","Nodule","17/460","278/21671",0.0611510791366906,2.88088051298092,4.64810102588797,0.000101820456422028,0.00188853921936536,0.00134351297828484,"VIM/PDLIM3/DKK3/FGFR1/CALD1/CTSB/AXL/TNC/FERMT2/ANGPTL2/MITF/ANGPTL1/DES/HTRA1/MMP2/CDH11/LOXL1",17
"C0162154","Atrophic scar","5/460","23/21671",0.217391304347826,10.2414933837429,6.53017747918921,0.00010342951210036,0.00189929516996233,0.00135116479672347,"COL3A1/C1S/C1R/AEBP1/COL1A2",5
"C1865992","Short hallux","5/460","23/21671",0.217391304347826,10.2414933837429,6.53017747918921,0.00010342951210036,0.00189929516996233,0.00135116479672347,"FGFR1/GJA1/KCNJ8/FLNA/MGP",5
"C2717759","Degenerative Intervertebral Discs","5/460","23/21671",0.217391304347826,10.2414933837429,6.53017747918921,0.00010342951210036,0.00189929516996233,0.00135116479672347,"ICAM1/POSTN/CCL5/SPARC/MCAM",5
"C3163798","Recurrent lower respiratory tract infection","5/460","23/21671",0.217391304347826,10.2414933837429,6.53017747918921,0.00010342951210036,0.00189929516996233,0.00135116479672347,"CPQ/COL6A2/COL6A1/LAMB2/COL13A1",5
"C0242698","Ventricular Dysfunction, Left","9/460","88/21671",0.102272727272727,4.81815711462451,5.2852681413793,0.000104862623678504,0.00192051772576988,0.00136626259234638,"TGFBR1/PRKG1/LDB3/MFAP5/ACTA2/MYLK/PLN/MYH11/ELN",9
"C0476403","Electromyogram abnormal","11/460","130/21671",0.0846153846153846,3.98630434782609,5.02921974413498,0.000105365711045353,0.00192051772576988,0.00136626259234638,"LAMA4/SGCD/COL12A1/LDB3/PLN/NEXN/CRYAB/CAP2/COL6A2/DES/COL6A1",11
"C4551993","Amyotrophic Lateral Sclerosis, Familial","11/460","130/21671",0.0846153846153846,3.98630434782609,5.02921974413498,0.000105365711045353,0.00192051772576988,0.00136626259234638,"VIM/CLU/RBMS3/CYBB/ATXN1/JAK3/AKT3/TIAM1/CRYAB/FAM20C/LGALS1",11
"C0220756","Niemann-Pick Disease, Type C","14/460","201/21671",0.0696517412935323,3.28135409906987,4.78522656775392,0.000106425426584622,0.0019350554163736,0.00137660475299632,"VIM/HAVCR2/S1PR3/LIPA/POSTN/TGFBR1/DKK3/NEGR1/CCL5/CAV1/CCL2/PDLIM7/THBS1/IGFBP6",14
"C0085413","Polycystic Kidney, Autosomal Dominant","17/460","280/21671",0.0607142857142857,2.86030279503106,4.61397152447559,0.000111061686250414,0.00201439156732323,0.00143304475029954,"AGTR1/POSTN/DKK3/PRKD1/EDNRA/SERPINE1/CALD1/GLIS2/PKD2/WWTR1/TNC/DCN/PDE1A/SPARC/CCL2/CFH/PRKCB",17
"C0520947","Clumsiness - motor delay","21/460","393/21671",0.0534351145038168,2.51737470959177,4.47045279868794,0.000112728153140486,0.00203960594726243,0.00145098234266741,"TPM2/TCF4/TUSC3/SETBP1/PMP22/SYNE1/EGR2/COL12A1/TUBA1A/ITPR1/ZEB2/MEF2C/COL6A2/SPARC/COL6A1/FLNA/NDN/MPDZ/ADAMTS2/RORA/COL13A1",21
"C0008031","Chest Pain","12/460","154/21671",0.0779220779220779,3.67097684923772,4.8985486294325,0.000114460280768871,0.00206588213358388,0.0014696753075689,"PAPPA/TGFBR1/CD38/PRKG1/MFAP5/ACTA2/MYLK/PLN/C1R/MYH11/WIPF1/ELN",12
"C0202117","Low density lipoprotein cholesterol measurement","24/460","483/21671",0.0496894409937888,2.34091277342695,4.38891237911273,0.000114922636149845,0.00206916804892232,0.00147201291848928,"COL4A1/LAIR1/RDX/APOC1/TCEA2/ICAM1/AGTR1/PCSK5/ITGA1/TGFBR1/AKT3/TRPS1/GPC6/TAGLN/HTR2B/MITF/F2R/LMOD1/MYOCD/PBX3/TFPI/HLA-DRA/ATP1A2/RORA",24
"C0010495","Cutis Laxa","8/460","70/21671",0.114285714285714,5.38409937888199,5.41028671944363,0.00011566118454546,0.00207235646678298,0.00147428116938503,"EPHA3/POSTN/OSMR/DCN/MMP2/LOXL1/EFEMP2/ELN",8
"C1866141","Foot dorsiflexor weakness","8/460","70/21671",0.114285714285714,5.38409937888199,5.41028671944363,0.00011566118454546,0.00207235646678298,0.00147428116938503,"TPM2/PMP22/EGR2/LDB3/CFL2/FHL1/CRYAB/DES",8
"C0004604","Back Pain","10/460","110/21671",0.0909090909090909,4.28280632411067,5.08317373772291,0.000119007110053194,0.00212200600582773,0.0015096020138708,"OGN/CD74/FLI1/SYNE1/CD38/FHL1/SPARC/CCL2/CFH/PALLD",10
"C0019061","Hemolytic-Uremic Syndrome","10/460","110/21671",0.0909090909090909,4.28280632411067,5.08317373772291,0.000119007110053194,0.00212200600582773,0.0015096020138708,"CLU/VWF/PCSK5/ACKR3/FHL1/SPARC/CCL2/CFH/C3/THBD",10
"C0024790","Paroxysmal nocturnal hemoglobinuria","11/460","132/21671",0.0833333333333333,3.92590579710145,4.96549257016648,0.000120823410205911,0.00214920099792779,0.00152894862020873,"SORBS1/CD38/PTPRC/EFS/GEM/CCL2/FLNA/CFH/TFPI/C3/THBD",11
"C4282128","PATENT DUCTUS ARTERIOSUS 1","15/460","229/21671",0.0655021834061135,3.08586481868236,4.67303521699796,0.000121365577809537,0.00215365551776443,0.00153211758019175,"CHST15/AGTR1/SMARCA1/DLC1/SLIT2/GJA1/CYP1B1/AXL/TNC/DCLK1/RECK/SPARC/CCL2/LGALS1/PALLD",15
"C3250443","MYOTONIC DYSTROPHY 1","13/460","179/21671",0.0726256983240224,3.42145980082584,4.79063587808139,0.000122754761961133,0.00216788514262615,0.00154224058186511,"PDLIM3/IGFBP5/ASB2/SYNE1/LDB3/GEM/TIMP2/CAV1/CCL2/MMP2/HLA-DQB1/LILRB2/PRKCB",13
"C0741160","Aortic Aneurysm, Ruptured","4/460","13/21671",0.307692307692308,14.495652173913,7.16777192031341,0.000123048479376911,0.00216788514262615,0.00154224058186511,"AOC3/SERPINE1/MMP2/EFEMP2",4
"C1619692","Nephrogenic Fibrosing Dermopathy","4/460","13/21671",0.307692307692308,14.495652173913,7.16777192031341,0.000123048479376911,0.00216788514262615,0.00154224058186511,"ACTA2/DCN/CAV1/CCL2",4
"C0029434","Osteogenesis Imperfecta","9/460","90/21671",0.1,4.71108695652174,5.19534512073651,0.000124876461150969,0.00219485246718203,0.00156142522476738,"COL3A1/CD38/WWTR1/TNC/DCN/SPARC/SERPINF1/COL1A2/EFEMP2",9
"C1836542","Depressed nasal bridge","22/460","426/21671",0.0516431924882629,2.43295570524597,4.39882816677574,0.00012737527243405,0.00223345430191962,0.00158888669627073,"GLI3/MAF/RAB23/SETBP1/AKT3/FGFR1/PRKD1/GJA1/KCNMA1/DDR2/GPC6/TWIST2/ZEB2/MEF2C/ANTXR1/FLNA/MGP/FAM20C/COL1A2/CDH11/ELN/ADAMTS2",22
"C0009917","Contracture","10/460","111/21671",0.0900900900900901,4.24422248335292,5.0463287568803,0.000128355384831233,0.00224530675550749,0.00159731857052387,"COL3A1/TPM2/SGCD/SERPINE1/DCN/FHL1/COL6A2/COL6A1/ELN/LUM",10
"C0409959","Osteoarthritis, Knee","20/460","368/21671",0.0543478260869565,2.56037334593573,4.44590162026833,0.000130200163757552,0.00227219292874291,0.00161644548211131,"AOC3/ADAM12/ADAMTS5/AGTR1/CYBB/POSTN/TGFBR1/SERPINE1/DDR2/EFEMP1/TIMP2/LTBP1/CCL2/MGP/THBS4/MMP2/GREM1/LUM/CTSK/STC1",20
"C0206139","Lichen Planus, Oral","16/460","257/21671",0.0622568093385214,2.93297242429369,4.59061763239258,0.00013159964101651,0.00228887267491183,0.00162831150809724,"VIM/ICAM1/ITGA11/POSTN/SYNE1/CCL5/GEM/TNC/CAV1/VCAM1/CCL2/PDPN/MMP2/MCAM/LUM/ITGA4",16
"C0085110","Severe Combined Immunodeficiency","17/460","284/21671",0.0598591549295775,2.82001684017146,4.54660726178599,0.000131776061614403,0.00228887267491183,0.00162831150809724,"VIM/DOCK2/EPHA3/PECAM1/PAPPA/CYBB/IL2RB/JAK3/TGFBR1/CD38/CD3D/PTPRC/ANGPTL2/SPARC/PDPN/LGALS1/PDLIM7",17
"C0423113","Telecanthus","11/460","134/21671",0.082089552238806,3.86731018818949,4.90300428194821,0.000138172211467665,0.00239433630294437,0.00170333867806321,"COL3A1/GLI3/RAB23/AKT3/FGFR1/GJA1/MASP1/MITF/TWIST2/FLNA/CDH11",11
"C0020443","Hypercholesterolemia","24/460","489/21671",0.049079754601227,2.31218991731128,4.32210629675827,0.000138498049146985,0.00239436205808676,0.00170335700035575,"CHRNA3/COL3A1/CLU/ST8SIA4/VWF/LIPA/ICAM1/AGTR1/CYBB/EDNRA/SERPINE1/CCL5/GJA1/ACKR3/PTPRC/MYLK/CAV1/VCAM1/NR3C1/CCL2/FLNA/THBS1/C3/BCHE",24
"C0343641","Human papilloma virus infection","22/460","429/21671",0.0512820512820513,2.41594202898551,4.36218636908981,0.000140764170856785,0.00242785305902988,0.00172718260797959,"VIM/MMP11/PECAM1/FGFR1/TIAM1/CCL5/PEG3/CYP1B1/CTSB/GEM/TNC/CAV1/MFGE8/HSPB6/SPARC/HOXB2/CCL2/MGP/MMP2/PDLIM7/HLA-DQB1/THBS1",22
"C1565489","Renal Insufficiency","28/460","615/21671",0.0455284552845528,2.1448851184164,4.24169396943448,0.000141131348871628,0.00242851192860223,0.0017276513299486,"COL4A1/CLU/PECAM1/VWF/ICAM1/AGTR1/TCF4/DKK3/EDNRA/SERPINE1/CSF2RA/ACKR3/CAV1/C1R/MASP1/CCL2/PLEKHO1/SERPINF1/DACT1/SDC2/MMP2/CFH/C3/ELN/LAMB2/PRKCB/AKR1B1/THBD",28
"C0524910","Hepatitis C, Chronic","22/460","430/21671",0.0511627906976744,2.41032355915066,4.35004058249937,0.000145496388876699,0.00249200543547051,0.00177282081842924,"VIM/SLC11A1/HAVCR2/AOC3/IL18BP/AGTR1/CD38/SERPINE1/CCL5/YME1L1/GEM/TNC/RECK/BOC/CYBRD1/F2R/CCL2/MMP2/HLA-DQB1/C3/LAMB2/ADAMTS2",22
"C1270972","Mild cognitive disorder","22/460","430/21671",0.0511627906976744,2.41032355915066,4.35004058249937,0.000145496388876699,0.00249200543547051,0.00177282081842924,"RGS2/IL18BP/CLU/APOC1/SMARCA1/RUNX1T1/SYNE1/SERPINE1/CTSB/FERMT2/CFL2/MFGE8/ACTG2/VCAM1/SYNM/GAP43/SRPX/CCL2/C3/BCHE/ADAMTS2/MS4A6A",22
"C0002170","Alopecia","24/460","491/21671",0.0488798370672098,2.3027716284424,4.3000535070821,0.0001472618454801,0.00251640496142152,0.00179017872100443,"COL3A1/APOC1/ICAM1/TCF4/SSPN/SETBP1/FGFR1/PRKD1/TRPS1/EBF1/EDNRA/GJA1/CTSB/DCN/C1R/TWIST2/ANTXR1/HTRA1/CCL2/MGP/MSN/HLA-DQB1/HLA-DRA/RORA",24
"C0018213","Graves Disease","27/460","585/21671",0.0461538461538462,2.17434782608696,4.24038587950514,0.000148525144165633,0.0025321307488007,0.00180136609758683,"HAVCR2/LAIR1/ICAM1/CYBB/HLA-DOA/LST1/SLIT2/EDNRA/SERPINE1/CCL5/GJA1/ACKR3/PTPRC/EFS/GEM/TIMP2/VCAM1/PRICKLE1/PHLDB2/LMOD1/FLNA/NDN/MMP2/CFH/PDLIM7/HLA-DQB1/CCDC88A",27
"C0037274","Dermatologic disorders","28/460","617/21671",0.0453808752025932,2.13793249242478,4.22298530944748,0.000148944953363401,0.00253343697172495,0.00180229534884795,"FYN/LAIR1/PECAM1/FLI1/AGTR1/POSTN/OSMR/JAK3/ITGA1/CCL5/GJA1/GEM/TNC/DCN/CAV1/MITF/VCAM1/NR3C1/HOPX/F2R/DES/CCL2/SERPINF1/VEGFC/MCAM/ELN/RORA/EMCN",28
"C0003507","Aortic Valve Stenosis","15/460","234/21671",0.0641025641025641,3.01992753623188,4.57498330839497,0.000154001253238155,0.00261341896874496,0.00185919480315827,"OGN/PDE5A/VWF/FLI1/FGFR1/EDNRA/SERPINE1/PTPRC/AKAP12/TNC/PALMD/CCL2/PDPN/MMP2/ELN",15
"C0086565","Liver Dysfunction","8/460","73/21671",0.10958904109589,5.16283502084574,5.24652396142579,0.000155818000189334,0.00262563080171931,0.00186788234108252,"COL3A1/RNASE6/CRISPLD2/HLA-DOA/SERPINE1/CD3D/ACTA2/CCL2",8
"C0240953","Winged scapula","8/460","73/21671",0.10958904109589,5.16283502084574,5.24652396142579,0.000155818000189334,0.00262563080171931,0.00186788234108252,"TPM2/SGCD/TRPS1/SYNE1/COL12A1/FHL1/FLNA/LAMB2",8
"C0409338","Flexion contracture - elbow","8/460","73/21671",0.10958904109589,5.16283502084574,5.24652396142579,0.000155818000189334,0.00262563080171931,0.00186788234108252,"TPM2/SYNE1/COL12A1/DDR2/FHL1/COL6A2/COL6A1/FLNA",8
"C0158113","Contracture of joint of hand","7/460","55/21671",0.127272727272727,5.99592885375494,5.46308205280155,0.000156143581949983,0.00262563080171931,0.00186788234108252,"TPM2/RAB23/TGFBR1/SYNE1/DDR2/CAV1/FHL1",7
"C0034072","Cor pulmonale","5/460","25/21671",0.2,9.42217391304348,6.20487707225311,0.000157694303806386,0.00263370893823246,0.00187362915382249,"CHRNA3/AGTR1/CAV2/CAV1/FLNA",5
"C0232513","Premature tooth loss","5/460","25/21671",0.2,9.42217391304348,6.20487707225311,0.000157694303806386,0.00263370893823246,0.00187362915382249,"COL3A1/GJA1/C1R/CDH11/CTSC",5
"C0339505","Venous retinal branch occlusion","5/460","25/21671",0.2,9.42217391304348,6.20487707225311,0.000157694303806386,0.00263370893823246,0.00187362915382249,"AGTR1/CAV1/CCL2/MMP2/LOXL1",5
"C1332309","Anti-Basement Membrane Glomerulonephritis","6/460","39/21671",0.153846153846154,7.24782608695652,5.75096464908463,0.00015945877001616,0.00265716623083362,0.00189031674851045,"CLU/AGTR1/SLIT2/CCL5/CCL2/ITGA4",6
"C1510502","Oxyphilic Adenoma","10/460","114/21671",0.087719298245614,4.13253241800153,4.93834740319782,0.00016020353717085,0.00266356421485408,0.00189486829527115,"VIM/IGFBP5/FGFR1/LMO3/CAV1/MITF/VCAM1/NR3C1/DES/PRKCB",10
"C0024003","Lordosis","12/460","160/21671",0.075,3.5333152173913,4.73638200699703,0.000164313314522601,0.00272575480405806,0.00193911088386341,"TPM2/TRPS1/SYNE1/CAV1/CFL2/FHL1/MASP1/DES/COL1A2/ADAMTS1/ELN/CTSK",12
"C1840375","Elevated diastolic blood pressure","4/460","14/21671",0.285714285714286,13.460248447205,6.86782738260939,0.000169385368975368,0.00279107766467894,0.00198558178058766,"AGTR1/PKD2/PTGIS/KCNMB1",4
"C1843643","Nocturnal hypoventilation","4/460","14/21671",0.285714285714286,13.460248447205,6.86782738260939,0.000169385368975368,0.00279107766467894,0.00198558178058766,"TPM2/CFL2/COL6A2/COL6A1",4
"C1845202","Nephrogenic Syndrome of Inappropriate Antidiuresis","4/460","14/21671",0.285714285714286,13.460248447205,6.86782738260939,0.000169385368975368,0.00279107766467894,0.00198558178058766,"VWF/EDNRA/ACKR3/MSN",4
"C1518922","peak expiratory flow (procedure)","8/460","74/21671",0.108108108108108,5.0930669800235,5.19392646748819,0.000171511353871015,0.00281981473112657,0.00200602542366075,"MN1/ITGA1/MSRB3/NEXN/JAZF1/HLA-DQB1/BCHE/ADAM19",8
"C0220633","Uveal melanoma","20/460","376/21671",0.0531914893617021,2.5058973172988,4.33788724711709,0.000173356622241386,0.00284381907863536,0.00202310219499947,"VIM/ICAM1/AKT3/EDNRA/ACKR3/AHNAK2/CACNA2D1/EFS/CAV1/KCTD12/HTR2B/DES/SPARC/CCL2/SERPINF1/MMP2/MCAM/TFPI/LBH/PRKCB",20
"C2931788","Atypical Hemolytic Uremic Syndrome","7/460","56/21671",0.125,5.88885869565217,5.39450596890027,0.00017522866085084,0.00286815515388226,0.00204041495853621,"VWF/FHL1/MASP1/CFH/THBS1/C3/THBD",7
"C0007682","CNS disorder","18/460","319/21671",0.0564263322884013,2.65829358048249,4.39405289077224,0.000176534489054227,0.00288313627919978,0.00205107258009208,"VIM/ICAM1/AGTR1/TCF4/PMP22/IGHM/CD38/EDNRA/GJA1/ACKR3/CAV1/SERPING1/PNMA1/MEF2C/F2R/CCL2/MMP2/CDH11",18
"C0239676","High forehead","14/460","211/21671",0.0663507109004739,3.12583968679168,4.56966832047122,0.000177346745107579,0.00288782363384375,0.00205440717951867,"FLI1/GLI3/MAF/SETBP1/AKT3/FGFR1/TRPS1/AP1S2/GJA1/MEF2C/ANTXR1/CDH11/ELN/CTSK",14
"C0019158","Hepatitis","29/460","656/21671",0.0442073170731707,2.08264514846235,4.14668605383734,0.000177603891867388,0.00288782363384375,0.00205440717951867,"VIM/IL18BP/CLU/RDX/PECAM1/LSAMP/ICAM1/FGL2/POSTN/TCF4/STON1/SETBP1/JAM3/IGFBP7/IGHM/GJA1/CD3D/CYP1B1/C1S/DCLK1/TIMP2/ACTG2/VCAM1/NR3C1/F2R/SPARC/CCL2/LGALS1/BCHE",29
"C0235989","Renal interstitial fibrosis","11/460","138/21671",0.0797101449275362,3.75521424070573,4.78156921805871,0.000179290922470948,0.00290884744984734,0.00206936359099493,"VIM/LAYN/SERPINE1/CCL5/DDR2/F2R/MMP2/VEGFC/THBS1/ADAMTS1/C3",11
"C0042580","Vesico-Ureteral Reflux","13/460","187/21671",0.0695187165775401,3.27508718902581,4.60139033435577,0.000189708449155094,0.00307111353434848,0.00218480021430001,"COL4A1/AGTR1/TRPS1/SLIT2/CCL5/GJA1/BNC2/ACTG2/CCL2/FLNA/DACT1/EFEMP2/ELN",13
"C0333516","Tumor necrosis","19/460","350/21671",0.0542857142857143,2.55744720496894,4.32584914538179,0.000193396435416435,0.0031239660530506,0.00222239966899135,"VIM/HSPB8/CHST15/PECAM1/ICAM1/DKK3/FGFR1/SERPINE1/CCL5/PTPRC/CTSB/TIMP2/ANTXR1/SPARC/CALU/MMP2/VEGFC/THBS1/CTSK",19
"C0280099","Adult Solid Neoplasm","12/460","163/21671",0.0736196319018405,3.46828487596692,4.65818647380805,0.000195526024432711,0.00313424976798462,0.00222971553743462,"HAVCR2/EPHA3/AGTR1/MLLT11/DKK3/PTPRC/TNC/NR3C1/MYL9/SERPINF1/MMP2/MCAM",12
"C0017662","Glomerulonephritis, Membranoproliferative","7/460","57/21671",0.12280701754386,5.78554538520214,5.32756912210156,0.000196155973016648,0.00313424976798462,0.00222971553743462,"VWF/TAGLN/SPARC/CCL2/CFH/HLA-DQB1/C3",7
"C0033847","Pseudoxanthoma Elasticum","7/460","57/21671",0.12280701754386,5.78554538520214,5.32756912210156,0.000196155973016648,0.00313424976798462,0.00222971553743462,"VWF/ICAM1/MYH11/MGP/MMP2/CFH/ELN",7
"C0429087","Electrocardiogram: P-R interval","7/460","57/21671",0.12280701754386,5.78554538520214,5.32756912210156,0.000196155973016648,0.00313424976798462,0.00222971553743462,"HSPB8/ZFPM2/FERMT2/CAV1/PHLDB2/MEIS1/MYOCD",7
"C1260959","Drusen","7/460","57/21671",0.12280701754386,5.78554538520214,5.32756912210156,0.000196155973016648,0.00313424976798462,0.00222971553743462,"CLU/EFEMP1/FHL1/CRYAB/HTRA1/CFH/COL8A1",7
"C0271650","Impaired glucose tolerance","27/460","596/21671",0.0453020134228188,2.13421724540414,4.13488451109234,0.000200409082681033,0.00319529124913906,0.00227314064680158,"OGN/IGFBP5/CLU/APOC1/ICAM1/GLI3/AGTR1/MAP4K4/EDNRA/SERPINE1/CCL5/CYP1B1/MYLK/DCN/CAV1/VCAM1/NR3C1/CCL2/SERPINF1/HLA-DQB1/THBS1/CDH11/C3/ELN/LUM/PRKCB/CD300LF",27
"C0948089","Acute Coronary Syndrome","22/460","440/21671",0.05,2.35554347826087,4.23040906884431,0.000201151990167364,0.00320022411942992,0.00227664990686248,"VIM/CLU/PECAM1/VWF/ICAM1/AGTR1/PAPPA/SERPINE1/CTSB/GEM/TIMP2/ANGPTL2/VCAM1/NR3C1/F2R/CCL2/SERPINF1/MMP2/TFPI/FSTL1/GREM1/THBD",22
"C0026640","Mouth Neoplasms","11/460","140/21671",0.0785714285714286,3.70156832298137,4.72254029537007,0.000203467306871984,0.00323009819210534,0.00229790241988529,"VIM/ICAM1/POSTN/TIAM1/CYP1B1/TNC/DCN/CAV1/RECK/CRYAB/CCL2",11
"C0004943","Behcet Syndrome","24/460","502/21671",0.047808764940239,2.25231248917374,4.1806344829246,0.000204861586068466,0.0032405054841544,0.00230530620149244,"SLC11A1/HAVCR2/VWF/ICAM1/GLI3/PAPPA/IL2RB/ADARB1/TGFBR1/IL6ST/SERPINE1/CCL5/GEM/TIMP2/CPQ/PDGFRL/VCAM1/ZEB2/CCL2/FLNA/MMP2/MCAM/HLA-DQB1/THBD",24
"C0086743","Osteoarthrosis Deformans","9/460","96/21671",0.09375,4.41664402173913,4.9406916022984,0.000205000821064766,0.0032405054841544,0.00230530620149244,"VIM/CLU/CLIC4/COL6A2/RCN3/COL1A2/MSN/CTSK/EDIL3",9
"C0872084","Sarcopenia","12/460","164/21671",0.0731707317073171,3.44713679745493,4.63252800595282,0.000206994891879852,0.00326503481166041,0.00232275644531845,"SORBS1/CLU/DKK3/CD38/FZD1/CAV1/ANGPTL2/MFGE8/NR3C1/FAM20C/FBXO32/BCHE",12
"C0278876","Adult Medulloblastoma","32/460","762/21671",0.041994750656168,1.97840922058656,4.04910641579651,0.00021030293941341,0.00331014136193985,0.00235484539273595,"VIM/EPHA3/PECAM1/FLI1/GLI3/MAP4K4/TCF4/IL2RB/DKK3/IL6ST/MIR100HG/SLIT2/EDNRA/SERPINE1/GJA1/ACKR3/AKAP12/CYP1B1/GPR161/CTSB/CLDN11/EFS/NRP2/MEIS1/F2R/SPARC/CCL2/MMP2/COL1A2/THBS1/C3/CDH5",32
"C0031029","Periapical Granuloma","6/460","41/21671",0.146341463414634,6.89427359490986,5.56316266586327,0.000212029177023832,0.00332121031287077,0.00236271988063601,"ICAM1/CD8A/PDPN/MMP2/LGALS1/ITGA4",6
"C1842060","Prominent supraorbital ridges","6/460","41/21671",0.146341463414634,6.89427359490986,5.56316266586327,0.000212029177023832,0.00332121031287077,0.00236271988063601,"TCF4/FGFR1/CAV1/FHL1/KCNJ8/FLNA",6
"C0867389","Chronic graft-versus-host disease","15/460","241/21671",0.0622406639004149,2.93221179866498,4.44201442966677,0.000212358226008606,0.00332121031287077,0.00236271988063601,"HAVCR2/CLU/PECAM1/ICAM1/AGTR1/TGFBR1/CD38/CCL5/GEM/CAV1/F2R/MCAM/A2M/HLA-DQB1/THBD",15
"C0686353","Muscular Dystrophies, Limb-Girdle","10/460","118/21671",0.0847457627118644,3.99244657332351,4.80000117883637,0.000212805808451351,0.00332121031287077,0.00236271988063601,"SORBS1/RBMS3/SSPN/SGCD/SYNE1/CALD1/FHL1/COL6A2/DES/COL6A1",10
"C4551675","Keratoderma, Palmoplantar","12/460","165/21671",0.0727272727272727,3.42624505928854,4.60706791993679,0.000219032241096561,0.00341117300374433,0.00242671963320174,"LAMA4/SGCD/GJA1/LDB3/PLN/NEXN/KANK2/CRYAB/CAP2/DES/FLNA/CTSC",12
"C1858085","Malar flattening","13/460","190/21671",0.068421052631579,3.22337528604119,4.53304600223708,0.000221867506302266,0.00344094587462534,0.00244790015093696,"MAF/RAB23/SETBP1/TGFBR1/FGFR1/TRPS1/DDR2/GPC6/FLNA/MGP/FAM20C/CDH11/CTSK",13
"C0010606","Adenoid Cystic Carcinoma","18/460","325/21671",0.0553846153846154,2.60921739130435,4.30453204181362,0.000221876217328863,0.00344094587462534,0.00244790015093696,"VIM/PECAM1/SMARCA1/MLLT11/AKT3/PRKD1/GJA1/ACKR3/CTSB/SLC24A3/NRP2/RECK/ZEB2/SERPINF1/MMP2/VEGFC/MCAM/CDH5",18
"C0014556","Epilepsy, Temporal Lobe","19/460","354/21671",0.0536723163841808,2.52854949643822,4.27017716935729,0.000223388706843916,0.00345713927446916,0.00245942018855632,"FYN/PDE5A/ICAM1/CYBB/SOX7/SLIT2/SERPINE1/GJA1/EGR2/CTSB/SERPING1/PRICKLE1/NR3C1/RGMA/F2R/VEGFC/CFH/C3/ATP1A2",19
"C0032226","Pleural Diseases","4/460","15/21671",0.266666666666667,12.5628985507246,6.59706894664183,0.000227117857523166,0.00350749795865274,0.00249524552121355,"SERPINE1/TNC/TIMP2/CCL2",4
"C4021792","Abnormality of the clavicle","6/460","42/21671",0.142857142857143,6.73012422360248,5.47391767509202,0.000242980947455073,0.00374464583322202,0.00266395329492003,"GLI3/SETBP1/FGFR1/GJA1/ANTXR1/CTSK",6
"C0702166","Acne","12/460","167/21671",0.0718562874251497,3.385212184327,4.55673139017572,0.000244903693181819,0.0037664147147254,0.00267943974843004,"IL18BP/ST8SIA4/SETBP1/IGFBP7/SERPINE1/CCL5/PTPRC/TIMP2/CAV1/NR3C1/MEIS2/MMP2",12
"C0020545","Hypertension, Renovascular","8/460","78/21671",0.102564102564103,4.83188405797101,4.99264823889657,0.000247852132743546,0.00380383460272943,0.00270606037916085,"COL3A1/COL4A1/PTGER3/AGTR1/GJA1/CCL2/MMP2/ELN",8
"C0018133","Graft-vs-Host Disease","22/460","447/21671",0.0492170022371365,2.31865577278475,4.14857917506724,0.000250562083784829,0.00383744668568384,0.00272997212492359,"VIM/HAVCR2/AOC3/PECAM1/ICAM1/JAK3/HLA-DOA/IL6ST/CCL5/PTPRC/GEM/MYLK/CAV1/VCAM1/NR3C1/F2R/CCL2/MCAM/HLA-DQB1/C3/BCHE/THBD",22
"C0278510","Childhood Medulloblastoma","32/460","771/21671",0.0415045395590143,1.95531494952913,3.97766697412289,0.000258793518245386,0.00395530797450816,0.00281381903133101,"VIM/EPHA3/PECAM1/FLI1/GLI3/MAP4K4/TCF4/IL2RB/DKK3/IL6ST/MIR100HG/SLIT2/EDNRA/SERPINE1/GJA1/ACKR3/AKAP12/CYP1B1/GPR161/CTSB/CLDN11/EFS/NRP2/MEIS1/F2R/SPARC/CCL2/MMP2/COL1A2/THBS1/C3/CDH5",32
"C4721698","Metastatic Renal Cell Carcinoma","11/460","144/21671",0.0763888888888889,3.59874698067633,4.6076691558502,0.000260172912850147,0.00396817446830534,0.0028229722971061,"VIM/ICAM1/DLC1/HLA-DOA/SERPINE1/PEG3/AXL/TIMP2/NRP2/VCAM1/MMP2",11
"C1176475","Ductal Carcinoma","16/460","273/21671",0.0586080586080586,2.76107660455487,4.31221870501451,0.000261529579846562,0.00398064197613881,0.00283184172296147,"VIM/AOC3/COL4A1/MMP11/PECAM1/AGTR1/RAB23/SERPINE1/TNC/MFAP5/TIMP2/CAV1/MFGE8/SPARC/MMP2/STC1",16
"C0151936","Disorder of tendon","8/460","79/21671",0.10126582278481,4.77072096862961,4.94446498165869,0.000270744224490334,0.0041124153604684,0.0029255857396194,"PTGIS/TNC/TIMP2/DCN/THBS4/MMP2/ELN/CTSK",8
"C0039685","Tetralogy of Fallot","16/460","274/21671",0.0583941605839416,2.75099968264043,4.29548992715319,0.000272455968683221,0.00412991778402369,0.00293803702098906,"VIM/PECAM1/LSAMP/RAB23/FGFR1/NID1/EDNRA/GJA1/ACKR3/ZFPM2/PLN/MEIS2/DACT1/PBX3/MMP2/ELN",16
"C0279068","Childhood Solid Neoplasm","12/460","169/21671",0.0710059171597633,3.34515050167224,4.50715446602808,0.000273329617915325,0.00413467057264534,0.00294141817036142,"HAVCR2/EPHA3/AGTR1/MLLT11/DKK3/PTPRC/TNC/NR3C1/MYL9/SERPINF1/MMP2/MCAM",12
"C3495559","Juvenile arthritis","22/460","450/21671",0.0488888888888889,2.30319806763285,4.11397417428694,0.000274817824888416,0.00414868135649548,0.00295138548782329,"VIM/SLC11A1/CLU/ICAM1/POSTN/IL2RB/IL6ST/CCL5/PTPRC/CALD1/GEM/GNG11/TIMP2/VCAM1/CCL2/PGM5/MMP2/FNBP1/TFPI/MSN/HLA-DQB1/THBS1",22
"C0278678","Metastatic Renal Cell Cancer","11/460","145/21671",0.0758620689655172,3.57392803598201,4.57958931105188,0.000276266942253838,0.00415322563998121,0.00295461830595991,"VIM/ICAM1/DLC1/HLA-DOA/SERPINE1/PEG3/AXL/TIMP2/NRP2/VCAM1/MMP2",11
"C0042164","Uveitis","15/460","247/21671",0.0607287449392713,2.86098398169336,4.33180233736319,0.00027672508311475,0.00415322563998121,0.00295461830595991,"AOC3/ICAM1/TCF4/IL6ST/CCL5/EGR2/GEM/NR3C1/ZEB2/CCL2/SERPINF1/CFH/HLA-DQB1/AKR1B1/THBD",15
"C1843697","Axial muscle weakness","5/460","28/21671",0.178571428571429,8.41265527950311,5.7799208265565,0.000276806693967861,0.00415322563998121,0.00295461830595991,"TPM2/CFL2/CRYAB/DES/LAMB2",5
"C0021053","Immune System Diseases","22/460","451/21671",0.0487804878048781,2.29809119830329,4.10249996361254,0.000283349729550117,0.00424277424652934,0.00301832347758201,"HAVCR2/PECAM1/CD74/FLI1/CYBB/IL2RB/JAK3/PMP22/CCL5/GJA1/PTPRC/GEM/TIMP2/NR3C1/CFH/FSTL1/LGALS1/MSN/THBS1/CTSC/LILRB2/IGSF6",22
"C0268731","Renal glomerular disease","14/460","221/21671",0.0633484162895928,2.9843989769821,4.36655849673676,0.000285832745958919,0.00427129014305414,0.00303860977964852,"MMP11/HMCN1/TNC/FERMT2/DCN/CAV1/MITF/NR3C1/CCL2/CFH/WIPF1/PDGFC/C3/AKR1B1",14
"C0677898","invasive cancer","11/460","146/21671",0.0753424657534247,3.54944907683145,4.55175616456927,0.000293192558260849,0.00436034262551929,0.00310196200697511,"MMP11/PECAM1/ICAM1/POSTN/FGFR1/SERPINE1/MFAP5/MASP1/CCL2/MMP2/BCHE",11
"C0263401","Cutis marmorata","8/460","80/21671",0.1,4.71108695652174,4.8970839031232,0.000295336130148963,0.00436034262551929,0.00310196200697511,"TGFBR1/AKT3/PRKG1/MFAP5/ACTA2/MYLK/MYH11/ELN",8
"C0403416","Idiopathic crescentic glomerulonephritis","8/460","80/21671",0.1,4.71108695652174,4.8970839031232,0.000295336130148963,0.00436034262551929,0.00310196200697511,"HAVCR2/JAK3/SERPINE1/DCN/TAGLN/F2R/CCL2/MMP2",8
"C0750927","Apraxia, Developmental Verbal","8/460","80/21671",0.1,4.71108695652174,4.8970839031232,0.000295336130148963,0.00436034262551929,0.00310196200697511,"PECAM1/MYLK/CAV1/MYL9/CCL2/MMP2/LGALS1/CTSC",8
"C1568272","Tendinopathy","8/460","80/21671",0.1,4.71108695652174,4.8970839031232,0.000295336130148963,0.00436034262551929,0.00310196200697511,"PTGIS/TNC/TIMP2/DCN/THBS4/MMP2/ELN/CTSK",8
"C1821417","RESTING HEART RATE","8/460","80/21671",0.1,4.71108695652174,4.8970839031232,0.000295336130148963,0.00436034262551929,0.00310196200697511,"APOC1/MN1/GJA1/ZFPM2/MYH11/TNS1/MEIS1/CDH11",8
"C0235522","Disorder of vein","4/460","16/21671",0.25,11.7777173913043,6.35090312737761,0.000297763911573621,0.00437867170365831,0.00311500137311972,"ICAM1/GJA1/EFEMP1/VCAM1",4
"C2584778","Thrombotic thrombocytopenic purpura, acquired","4/460","16/21671",0.25,11.7777173913043,6.35090312737761,0.000297763911573621,0.00437867170365831,0.00311500137311972,"VWF/SERPINE1/HLA-DQB1/THBS1",4
"C1840264","IMMUNE SUPPRESSION","14/460","222/21671",0.0630630630630631,2.97095573834704,4.34687982358094,0.00029929323532666,0.0043909244355656,0.00312371800667866,"HAVCR2/ICAM1/FGL2/CD84/CD38/EGR2/AXL/TNC/NRP2/ACTG2/PDPN/TFPI/LGALS1/THBD",14
"C0341439","Chronic liver disease","13/460","196/21671",0.0663265306122449,3.12470053238687,4.4003475115183,0.000300381582221705,0.0043909244355656,0.00312371800667866,"VWF/ICAM1/POSTN/IL6ST/SERPINE1/CCL5/GEM/TIMP2/VCAM1/CCL2/THBS1/ADAMTS1/ELN",13
"C1527349","Ductal Breast Carcinoma","13/460","196/21671",0.0663265306122449,3.12470053238687,4.4003475115183,0.000300381582221705,0.0043909244355656,0.00312371800667866,"VIM/AOC3/DLC1/RAB23/DKK3/SERPINE1/CAV2/TNC/MFAP5/MFGE8/PDPN/THBS1/ELN",13
"C0442874","Neuropathy","23/460","484/21671",0.0475206611570248,2.23873966942149,4.05878262646293,0.000301137656975714,0.00439327704307257,0.00312539165935477,"AOC3/HSPB8/IL18BP/ADAMTS12/ATXN1/HLA-DOA/IGLV1-44/PMP22/IGHM/CCL5/GJA1/EGR2/LDB3/PTGIS/SERPING1/TNS1/ACTG2/GAP43/CCL2/MMP2/C3/BCHE/AKR1B1",23
"C0029458","Osteoporosis, Postmenopausal","12/460","171/21671",0.0701754385964912,3.30602593440122,4.45831563533768,0.00030451006284322,0.00442498677934774,0.00314795006946711,"IL18BP/RDX/ICAM1/CD38/SERPINE1/CPQ/CCL2/FLNA/COL1A2/C3/FNDC1/CTSK",12
"C2945695","Limb ischemia","12/460","171/21671",0.0701754385964912,3.30602593440122,4.45831563533768,0.00030451006284322,0.00442498677934774,0.00314795006946711,"QKI/OGN/VWF/IL2RB/ATXN1/FGFR1/ACKR3/ACTA2/TIMP2/ACTG2/VEGFC/EDIL3",12
"C0022821","Kyphosis deformity of spine","17/460","305/21671",0.0557377049180328,2.62585174625802,4.21111448969302,0.000305801628810077,0.00443150309490775,0.00315258579767211,"TPM2/GLI3/SYNE1/IGFBP7/CD38/COL12A1/CFL2/FHL1/MEIS2/COL6A2/COL6A1/NDN/LGALS1/COL1A2/THBS1/ELN/CTSK",17
"C0037286","Skin Neoplasms","19/460","363/21671",0.0523415977961433,2.46585818660917,4.14764640475225,0.000306159113844886,0.00443150309490775,0.00315258579767211,"MMP11/ADAM12/CLU/RAB23/TGFBR1/TIAM1/SLIT2/GJA1/ACKR3/AXL/TNC/TIMP2/CLIC4/VCAM1/PDPN/MMP2/VEGFC/GREM1/THBS1",19
"C1838577","Cerebral Autosomal Recessive Arteriopathy with Subcortical Infarcts and Leukoencephalopathy","3/460","7/21671",0.428571428571429,20.1903726708075,7.47809373729835,0.00031208433629298,0.00449085101464868,0.00319480610190966,"COL4A1/HTRA1/LTBP1",3
"C1852020","Malattia Leventinese","3/460","7/21671",0.428571428571429,20.1903726708075,7.47809373729835,0.00031208433629298,0.00449085101464868,0.00319480610190966,"EFEMP1/CFH/EFEMP2",3
"C4551860","Ullrich congenital muscular dystrophy","3/460","7/21671",0.428571428571429,20.1903726708075,7.47809373729835,0.00031208433629298,0.00449085101464868,0.00319480610190966,"VWF/COL6A2/COL6A1",3
"C1536999","cancer angiogenesis","6/460","44/21671",0.136363636363636,6.42420948616601,5.30386487971912,0.000315483737665915,0.00451412049203119,0.00321136008423671,"RBMS3/TIAM1/CYP1B1/CCL2/MMP2/MSN",6
"C1854387","Type 1 muscle fiber predominance","6/460","44/21671",0.136363636363636,6.42420948616601,5.30386487971912,0.000315483737665915,0.00451412049203119,0.00321136008423671,"TPM2/CFL2/COL6A2/COL6A1/LAMB2/COL13A1",6
"C0035435","Rheumatism","13/460","197/21671",0.065989847715736,3.1088391083646,4.37872716186004,0.000315535921686277,0.00451412049203119,0.00321136008423671,"CYBB/EDNRA/VCAM1/NR3C1/DES/MGP/CFH/FSTL1/PDLIM7/HLA-DQB1/CDH11/C3/LUM",13
"C0231807","Dyspnea on exertion","9/460","102/21671",0.0882352941176471,4.15684143222506,4.70614872831548,0.000323886862000559,0.00462462826941611,0.00328997567855195,"TGFBR1/PRKG1/MFAP5/ACTA2/MYLK/MYH11/ELN/LAMB2/COL13A1",9
"C0000772","Multiple congenital anomalies","15/460","251/21671",0.0597609561752988,2.81539061146717,4.26015118911288,0.000328427519862694,0.00465714032912453,0.00331310486417919,"VWF/RAB23/MN1/SETBP1/TRPS1/GJA1/PKD2/TUBA1A/ITPR1/NRP2/ACTG2/TWIST2/ZEB2/MEF2C/COL1A2",15
"C0334538","Epithelioid hemangioendothelioma, malignant","5/460","29/21671",0.172413793103448,8.12256371814093,5.65215997357901,0.000328687362703045,0.00465714032912453,0.00331310486417919,"PECAM1/FLI1/WWTR1/EFS/CAV1",5
"C0860564","Retinoic acid syndrome","5/460","29/21671",0.172413793103448,8.12256371814093,5.65215997357901,0.000328687362703045,0.00465714032912453,0.00331310486417919,"PECAM1/ICAM1/CCL5/MMP2/THBD",5
"C1850794","Proximal amyotrophy","5/460","29/21671",0.172413793103448,8.12256371814093,5.65215997357901,0.000328687362703045,0.00465714032912453,0.00331310486417919,"SGCD/SYNE1/COL12A1/COL6A2/COL6A1",5
"C0042974","von Willebrand Disease","7/460","62/21671",0.112903225806452,5.31896914446003,5.01517868332165,0.000333153080946952,0.00468537653908451,0.0033331921963086,"EPHA3/VWF/CRISPLD2/SERPINE1/ANTXR1/FAM20C/THBS1",7
"C0267941","Pancreatitis, Acute Necrotizing","7/460","62/21671",0.112903225806452,5.31896914446003,5.01517868332165,0.000333153080946952,0.00468537653908451,0.0033331921963086,"VWF/ICAM1/SERPINE1/CTSB/SERPING1/CCL2/MMP2",7
"C4321477","Sickle Cell-SS Disease","7/460","62/21671",0.112903225806452,5.31896914446003,5.01517868332165,0.000333153080946952,0.00468537653908451,0.0033331921963086,"PDE5A/ICAM1/SERPINE1/MFGE8/VCAM1/ANTXR1/THBS1",7
"C0269102","Endometrioma","16/460","279/21671",0.0573476702508961,2.70169861305906,4.21295529863227,0.000333219003389239,0.00468537653908451,0.0033331921963086,"PECAM1/ICAM1/PAPPA/TNC/ACTA2/C1R/TAGLN/NR3C1/LMOD1/CCL2/SPARCL1/MMP2/VEGFC/PRELP/IGFBP6/AKR1B1",16
"C0018784","Sensorineural Hearing Loss (disorder)","32/460","783/21671",0.0408684546615581,1.92534843689266,3.88387770838876,0.000338879614265785,0.00475591124051336,0.00338337081363219,"PDE5A/RDX/VWF/GLI3/LAMA4/MAF/RAB23/SGCD/PMP22/FGFR1/AP1S2/EDNRA/GJA1/ACKR3/NPL/YME1L1/LDB3/CHRDL1/PLN/CCDC50/NEXN/MITF/CRYAB/CAP2/DES/FLNA/LGALS1/HLA-DQB1/ELN/ATP1A2/PRKCB/COL13A1",32
"C0015300","Exophthalmos","14/460","225/21671",0.0622222222222222,2.93134299516908,4.28849903338918,0.000342985193395737,0.004804396010716,0.00341786303775359,"COL3A1/FLI1/ICAM1/TGFBR1/RUNX1T1/FGFR1/ZFPM2/DDR2/FLNA/FAM20C/MMP2/CDH11/EFEMP2/CTSK",14
"C0270685","Cerebral calcification","9/460","103/21671",0.087378640776699,4.11648374841705,4.6688115108113,0.000348359214856626,0.00486519783516072,0.0034611176545533,"FGFR1/AP1S2/GJA1/MGP/FAM20C/HLA-DQB1/ATP1A2/CTSC/MYO5A",9
"C0152459","Linear atrophy","11/460","149/21671",0.0738255033557047,3.47798365917712,4.46969674219845,0.000349303014445297,0.00486519783516072,0.0034611176545533,"TGFBR1/CLDN11/DCLK1/CCDC50/ITPR1/ANK2/MITF/VCAM1/NR3C1/MMP2/ELN",11
"C0600033","Acquired Kyphoscoliosis","11/460","149/21671",0.0738255033557047,3.47798365917712,4.46969674219845,0.000349303014445297,0.00486519783516072,0.0034611176545533,"TPM2/POSTN/RAB23/SETBP1/PMP22/EGR2/COL12A1/FLNA/MMP2/ELN/COL13A1",11
"C0040433","Tooth Crowding","8/460","82/21671",0.0975609756097561,4.59618239660657,4.80463248567797,0.00034999911821056,0.00486571278838109,0.00346148399395874,"COL3A1/SETBP1/TGFBR1/FGFR1/TRPS1/EDNRA/GJA1/MASP1",8
"C0011615","Dermatitis, Atopic","31/460","751/21671",0.0412782956058589,1.9446564001621,3.88008106505242,0.000353610386231974,0.0049066764495572,0.00349062567651626,"SLC11A1/HAVCR2/APOC1/CRISPLD2/ICAM1/POSTN/IL2RB/JAK3/MCC/SETBP1/HLA-DOA/IL6ST/CCL5/EGR2/NPL/GEM/TNC/VCAM1/CCDC80/NR3C1/COL6A2/CCL2/VEGFC/LGALS1/PDLIM7/HLA-DQB1/C3/ADAMTS2/IL10RA/RORA/EMCN",31
"C0002448","Ameloblastoma","12/460","174/21671",0.0689655172413793,3.24902548725637,4.38639636090318,0.00035691048285286,0.0049386893532577,0.00351339976092667,"VIM/FLI1/POSTN/FGFR1/TNC/DDR2/TIMP2/RECK/SPARC/PDPN/SDC2/MMP2",12
"C4703473","Atherosclerotic lesion","15/460","253/21671",0.0592885375494071,2.79313455920261,4.2248518438482,0.000357255501847685,0.0049386893532577,0.00351339976092667,"PECAM1/ICAM1/AGTR1/PAPPA/TGFBR1/CCL5/MYLK/VCAM1/F2R/CCL2/MMP2/CFH/ELN/CTSC/PRKCB",15
"C0034735","Raynaud Phenomenon","7/460","63/21671",0.111111111111111,5.23454106280193,4.95675139262233,0.000368046779898388,0.0050783576246914,0.00361276022609554,"COL4A1/PDE5A/VWF/C1R/SPARC/CDH11/CDH5",7
"C0542476","Forgetful","21/460","429/21671",0.048951048951049,2.30612648221344,4.02387034241852,0.000369743157597128,0.00509224624884701,0.00362264063875112,"FYN/PDE5A/CLU/AGTR1/CYBB/ATXN1/TIAM1/IGFBP7/EDNRA/GJA1/ACKR3/CTSB/PRKG1/ITPR1/NR3C1/SYNM/LGALS1/HLA-DQB1/BCHE/PRKCB/IGSF6",21
"C0392514","Hereditary hemochromatosis","15/460","254/21671",0.0590551181102362,2.78213796644985,4.20733082251987,0.000372466942405254,0.00511763695811137,0.00364070367237771,"ICAM1/GLI3/TCF4/TUSC3/RAB23/EDNRA/ACKR3/CYBRD1/VCAM1/TWIST2/MEF2C/CCL2/VEGFC/IGFBP6/AKR1B1",15
"C0424574","Duration of sleep","9/460","104/21671",0.0865384615384615,4.07690217391304,4.63194387727817,0.000374337572438981,0.00511763695811137,0.00364070367237771,"COL4A1/RGS16/TCF4/EGR2/MEIS1/LMOD1/PBX3/PRIMA1/RTN1",9
"C0220597","Adult Hodgkin Lymphoma","20/460","399/21671",0.050125313283208,2.36144709600087,4.04213538191796,0.000375025180654785,0.00511763695811137,0.00364070367237771,"HAVCR2/EPHA3/PDE5A/ICAM1/HLA-DOA/PMP22/EBF1/CD38/SERPINE1/CCL5/PTPRC/GLIS2/GEM/CHRDL1/SERPING1/VEGFC/LGALS1/PDLIM7/HLA-DQB1/IL10RA",20
"C0220644","Childhood Hodgkin Lymphoma","20/460","399/21671",0.050125313283208,2.36144709600087,4.04213538191796,0.000375025180654785,0.00511763695811137,0.00364070367237771,"HAVCR2/EPHA3/PDE5A/ICAM1/HLA-DOA/PMP22/EBF1/CD38/SERPINE1/CCL5/PTPRC/GLIS2/GEM/CHRDL1/SERPING1/VEGFC/LGALS1/PDLIM7/HLA-DQB1/IL10RA",20
"C0032227","Pleural effusion disorder","14/460","227/21671",0.0616740088105727,2.90551618463896,4.25011293788828,0.000375053047187517,0.00511763695811137,0.00364070367237771,"SORBS1/TCF4/IL2RB/EFEMP1/C1R/NR3C1/CCL2/SDC2/MMP2/CFH/MCAM/FSTL1/LGALS1/LUM",14
"C0033770","Prune Belly Syndrome","8/460","83/21671",0.0963855421686747,4.54080670508119,4.75951675486219,0.000380268179501044,0.00516715672434296,0.00367593219605969,"PECAM1/ICAM1/SERPINE1/ACTA2/SERPING1/CCL2/A2M/EDIL3",8
"C0020557","Hypertriglyceridemia","18/460","340/21671",0.0529411764705882,2.49410485933504,4.08924120615397,0.000382225999719523,0.00516715672434296,0.00367593219605969,"HAVCR2/PDE5A/APOC1/VWF/LIPA/ICAM1/AGTR1/POSTN/IL6ST/SYNE1/SERPINE1/CAV1/FHL1/VCAM1/NR3C1/C3/BCHE/AKR1B1",18
"C0018809","Heart Neoplasm","4/460","17/21671",0.235294117647059,11.0849104859335,6.12569319974593,0.000382881973478136,0.00516715672434296,0.00367593219605969,"MYLK/MYH11/ACTG2/LMOD1",4
"C0752156","Dural Arteriovenous Fistula","4/460","17/21671",0.235294117647059,11.0849104859335,6.12569319974593,0.000382881973478136,0.00516715672434296,0.00367593219605969,"CD38/SERPINE1/MMP2/TSPAN2",4
"C1720816","Endometrial Diseases","4/460","17/21671",0.235294117647059,11.0849104859335,6.12569319974593,0.000382881973478136,0.00516715672434296,0.00367593219605969,"CLU/ACKR3/CALD1/MMP2",4
"C1834674","BETHLEM MYOPATHY 1","4/460","17/21671",0.235294117647059,11.0849104859335,6.12569319974593,0.000382881973478136,0.00516715672434296,0.00367593219605969,"VWF/COL12A1/COL6A2/COL6A1",4
"C2919945","Cavernous Hemangioma of Brain","10/460","127/21671",0.078740157480315,3.70951728859979,4.50981177548885,0.000385743306620222,0.00519627206107752,0.00369664494185227,"VIM/PECAM1/ICAM1/GLI3/FGFR1/GJA1/HEG1/THBS1/ELN/PRKCB",10
"C0345392","Congenital kyphoscoliosis","11/460","151/21671",0.0728476821192053,3.4319176504463,4.41615191295273,0.000391515865783133,0.00526442645029342,0.00374513019728128,"TPM2/POSTN/RAB23/SETBP1/PMP22/EGR2/COL12A1/FLNA/MMP2/ELN/COL13A1",11
"C0349566","Squamous cell carcinoma of tongue","22/460","462/21671",0.0476190476190476,2.24337474120083,3.9782377284708,0.000393730663470165,0.00528458137770319,0.00375946847856967,"VIM/EPHA3/RDX/FRMD4A/RBMS3/IL2RB/JAK3/FGFR1/SOX7/GJA1/TNC/MFAP5/CAV1/NRP2/TWIST2/ZEB2/ARL4C/MMP2/VEGFC/FBXO32/CTSC/CTSK",22
"C1708349","Hereditary Diffuse Gastric Cancer","17/460","312/21671",0.0544871794871795,2.5669384057971,4.10550479728648,0.000397083949741511,0.00531991600180007,0.00378460564573579,"RGS2/FYN/GLI3/ZNF667-AS1/DLC1/FILIP1/IGFBP7/SERPINE1/CAV1/ALDH1A3/F2R/DES/GREM1/CTSC/PRKCB/RORA/THBD",17
"C0410702","Adolescent idiopathic scoliosis","28/460","656/21671",0.0426829268292683,2.01082979851538,3.87162297291971,0.000401625618528403,0.00537101506517514,0.00382095768657171,"DOCK2/ADAMTS12/FRMD4A/AGTR1/PCDH7/DIP2C/TSHZ2/NREP/LATS2/IGFBP7/EDNRA/BNC2/CACNA2D1/TIMP2/MYLK/BOC/ANK2/DOK5/DPYSL3/MEIS2/JAZF1/COL1A2/A2M/PDGFC/PALLD/PRICKLE2/RORA/COL13A1",28
"C0409974","Lupus Erythematosus","25/460","558/21671",0.0448028673835125,2.11070204145239,3.91442066271386,0.000403156352139606,0.00538173633181658,0.00382858483073093,"VIM/MMP11/VWF/FLI1/ICAM1/CYBB/RUNX1T1/CD38/EGR2/CD2/PTPRC/GEM/C1R/MASP1/MFGE8/VCAM1/CCL2/SDC2/MMP2/CFH/C3/LBH/C1QC/BCHE/PRKCB",25
"C0024636","Malocclusion","10/460","128/21671",0.078125,3.68053668478261,4.47921025516441,0.00041066835524998,0.005472118769775,0.00389288319274586,"GLI3/IL2RB/TRPS1/GJA1/CPQ/NR3C1/FLNA/COL1A2/CDH11/ELN",10
"C0040034","Thrombocytopenia","26/460","592/21671",0.0439189189189189,2.06905846063455,3.88387376496066,0.00041975857011595,0.00558316714341611,0.00397188336900612,"PECAM1/VWF/FLI1/MCC/FGFR1/JAM3/SERPINE1/CCL5/PTPRC/PRKG1/GEM/C1R/MYL9/F2R/SPARC/CCL2/FLNA/PDPN/SERPINF1/CFH/WIPF1/THBS1/C3/ELN/BCHE/THBD",26
"C0023646","Lichen Planus","9/460","106/21671",0.0849056603773585,3.99997949138638,4.55957419078528,0.000431095764397912,0.00571337330841182,0.00406451246070336,"VIM/HAVCR2/PECAM1/ICAM1/YME1L1/NRP2/VCAM1/HOPX/MMP2",9
"C0037268","Skin Abnormalities","9/460","106/21671",0.0849056603773585,3.99997949138638,4.55957419078528,0.000431095764397912,0.00571337330841182,0.00406451246070336,"APOC1/TGFBR1/SERPINE1/AKAP12/ANGPTL2/ANTXR1/MMP2/CTSC/CTSK",9
"C0085220","Cerebral Amyloid Angiopathy","7/460","65/21671",0.107692307692308,5.07347826086957,4.84353781653025,0.000446595670592234,0.00589506611656789,0.00419376931876359,"AOC3/HSPB8/CLU/PTPRC/HSPB6/A2M/BCHE",7
"C3544347","Intestinal fibrosis","7/460","65/21671",0.107692307692308,5.07347826086957,4.84353781653025,0.000446595670592234,0.00589506611656789,0.00419376931876359,"COL3A1/PMP22/CCL2/TGFB1I1/MMP2/COL1A2/CDH11",7
"C0595936","Aqueous Humor Disorders","8/460","85/21671",0.0941176470588235,4.4339641943734,4.67139873195192,0.000447200897490926,0.00589506611656789,0.00419376931876359,"CLU/ICAM1/GJA1/NR3C1/CCL2/TGFB1I1/MMP2/LOXL1",8
"C0221021","Microangiopathic hemolytic anemia","5/460","31/21671",0.161290322580645,7.59852734922861,5.41410955230522,0.000454154775716788,0.00595331148088952,0.00423520526146927,"COL4A1/C1R/CFH/C3/THBD",5
"C0311245","Congenital cystic kidney disease","5/460","31/21671",0.161290322580645,7.59852734922861,5.41410955230522,0.000454154775716788,0.00595331148088952,0.00423520526146927,"PRKD1/GLIS2/PKD2/CPQ/CYS1",5
"C0019080","Hemorrhage","6/460","47/21671",0.127659574468085,6.01415356151711,5.06764684989728,0.000454845255380884,0.00595331148088952,0.00423520526146927,"VWF/SERPINE1/TIMP2/CAV1/CRYAB/MMP2",6
"C4551858","Vesicoureteral Reflux 1","6/460","47/21671",0.127659574468085,6.01415356151711,5.06764684989728,0.000454845255380884,0.00595331148088952,0.00423520526146927,"COL4A1/AGTR1/SLIT2/GJA1/CCL2/GREM1",6
"C0476273","Respiratory distress","15/460","259/21671",0.0579150579150579,2.7284287392983,4.12098034436204,0.000457148811246508,0.0059728717249942,0.00424912048310914,"PDLIM3/SETBP1/PMP22/FGFR1/CSF2RA/EGR2/CD3D/ZFPM2/SERPING1/ALDH1A3/FAM20C/VEGFC/EFEMP2/LAMB2/COL13A1",15
"C0037284","Skin lesion","25/460","563/21671",0.044404973357016,2.09195690786933,3.86601873431046,0.000459365052898988,0.00599122406448821,0.00426217639745778,"CLU/CD74/ICAM1/SMARCA1/POSTN/TCF4/IL2RB/SETBP1/SLIT2/CCL5/ACKR3/PTPRC/GLIS2/TNC/DCN/VCAM1/CCL2/FLNA/MCAM/PDLIM7/THBS1/ELN/CTSK/ITGA4/EDIL3",25
"C0349639","Juvenile Myelomonocytic Leukemia","12/460","179/21671",0.0670391061452514,3.1582705853777,4.26994018128727,0.000461173067152392,0.00600419679315513,0.00427140523906671,"CYBB/JAK3/SETBP1/FGFR1/IGFBP7/CD38/CSF2RA/AKAP12/HIP1/NRP2/IL10RA/THBD",12
"C0001342","Acute periodontitis","10/460","130/21671",0.0769230769230769,3.62391304347826,4.41891841826521,0.000464547865764216,0.0060374865230131,0.0042950876617822,"CLU/SLAMF7/TIMP2/HTRA1/CCL2/MMP2/HLA-DQB1/POPDC2/ELN/CTSC",10
"C0279628","Adenocarcinoma Of Esophagus","22/460","468/21671",0.047008547008547,2.21461352657005,3.91192196344857,0.000468532920818895,0.0060785764876715,0.00432431919705017,"VIM/DOCK2/MMP11/CYGB/ICAM1/AGTR1/DKK3/IGFBP7/CCL5/ETV1/AKAP12/CTSB/AXL/TNC/DCLK1/CAV1/F2R/SPARC/SERPINF1/SMTN/MMP2/C3",22
"C0521525","Short neck","16/460","288/21671",0.0555555555555556,2.61727053140097,4.06885673615316,0.000472352201022809,0.00611737534728136,0.00435192083269214,"TPM2/FLI1/TCF4/RAB23/SETBP1/FGFR1/COL12A1/CFL2/FHL1/GPC6/KCNJ8/COL6A2/COL6A1/FAM20C/AEBP1/CDH11",16
"C0003460","Anuria","4/460","18/21671",0.222222222222222,10.4690821256039,5.91851697202828,0.0004840630666984,0.00619323185537041,0.00440588540068202,"AGTR1/CFH/C3/THBD",4
"C0012736","Dissecting aortic aneurysm","4/460","18/21671",0.222222222222222,10.4690821256039,5.91851697202828,0.0004840630666984,0.00619323185537041,0.00440588540068202,"TNC/ACTA2/MYH11/ELN",4
"C0030569","Secondary Parkinson Disease","4/460","18/21671",0.222222222222222,10.4690821256039,5.91851697202828,0.0004840630666984,0.00619323185537041,0.00440588540068202,"RGS2/FYN/SYNM/BCHE",4
"C1842878","Short 5th finger","4/460","18/21671",0.222222222222222,10.4690821256039,5.91851697202828,0.0004840630666984,0.00619323185537041,0.00440588540068202,"TRPS1/GJA1/MASP1/MEIS2",4
"C3152182","Anterior chamber anomalies","4/460","18/21671",0.222222222222222,10.4690821256039,5.91851697202828,0.0004840630666984,0.00619323185537041,0.00440588540068202,"FGFR1/CYP1B1/MASP1/MITF",4
"C4280669","Velopharyngeal dysfunction","4/460","18/21671",0.222222222222222,10.4690821256039,5.91851697202828,0.0004840630666984,0.00619323185537041,0.00440588540068202,"CHRNA3/TTC28/CLEC4A/BNC2",4
"C0878659","Disproportionate short stature","8/460","86/21671",0.0930232558139535,4.38240647118301,4.62835641453346,0.000484082197310854,0.00619323185537041,0.00440588540068202,"GLI3/FGFR1/TRPS1/DDR2/GPC6/FLNA/FAM20C/CTSK",8
"C0153349","Malignant neoplasm of tongue","11/460","155/21671",0.0709677419354839,3.34335203366059,4.31171867489851,0.00048886628905935,0.00623372116910784,0.00443468963092002,"VIM/FRMD4A/IGFBP7/TNC/MFAP5/CAV1/NRP2/CRYAB/PDPN/ARL4C/CTSK",11
"C0005944","Metabolic Bone Disorder","7/460","66/21671",0.106060606060606,4.99660737812912,4.78866126796366,0.000490592371612636,0.00623372116910784,0.00443468963092002,"SAMD4A/POSTN/SLIT2/KCNMA1/SERPINF1/MMP2/GREM1",7
"C0221271","Elastosis perforans serpiginosa","7/460","66/21671",0.106060606060606,4.99660737812912,4.78866126796366,0.000490592371612636,0.00623372116910784,0.00443468963092002,"RGS2/POSTN/SERPINE1/CD2/ITPR1/PDPN/ELN",7
"C4021770","Clinodactyly of toe","3/460","8/21671",0.375,17.6665760869565,6.9432033111587,0.000491469211652772,0.00623372116910784,0.00443468963092002,"FLI1/FLNA/DACT1",3
"C4022585","Fatigable weakness of distal limb muscles","3/460","8/21671",0.375,17.6665760869565,6.9432033111587,0.000491469211652772,0.00623372116910784,0.00443468963092002,"TPM2/LDB3/CFL2",3
"C0345905","Intrahepatic Cholangiocarcinoma","22/460","470/21671",0.0468085106382979,2.20518963922294,3.89003890621645,0.000496084653711043,0.00628146983481118,0.00446865818789274,"VIM/COL3A1/LRRFIP1/PECAM1/PTPN14/POSTN/AKT3/FGFR1/IL6ST/SLIT2/LATS2/PEG3/WWTR1/MFAP5/ZEB2/SPARC/CCL2/SDC2/MMP2/VEGFC/PDLIM7/HLA-DQB1",22
"C0376634","Craniofacial Abnormalities","14/460","234/21671",0.0598290598290598,2.81859903381643,4.11898945637139,0.000508272490855277,0.00642477316351653,0.00457060464469534,"FLI1/GLI3/PAPPA/TCF4/MN1/SETBP1/FGFR1/TRPS1/EDNRA/BNC2/PKD2/GPC6/MASP1/MMP2",14
"C1719672","Severe Sepsis","12/460","181/21671",0.0662983425414365,3.12337256785972,4.22449773459225,0.000509525841853302,0.00642960643514713,0.00457404304994354,"S1PR3/VWF/SERPINE1/MYLK/F2R/CCL2/TFPI/HLA-DRA/LILRB2/RTN1/CDH5/THBD",12
"C0005398","Cholestasis, Extrahepatic","8/460","87/21671",0.0919540229885057,4.3320339830085,4.58596654020611,0.000523390716050212,0.00657086779912017,0.00467453684635608,"PDLIM3/COL3A1/CYGB/ACTA2/TIMP2/MMP2/LGALS1/PALLD",8
"C0154723","Migraine with Aura","8/460","87/21671",0.0919540229885057,4.3320339830085,4.58596654020611,0.000523390716050212,0.00657086779912017,0.00467453684635608,"VWF/AGTR1/EDNRA/HTR2B/MMP2/TSPAN2/HLA-DQB1/ATP1A2",8
"C0238190","Inclusion Body Myositis (disorder)","8/460","87/21671",0.0919540229885057,4.3320339830085,4.58596654020611,0.000523390716050212,0.00657086779912017,0.00467453684635608,"AOC3/PMP22/CD38/PTPRC/NR3C1/SYNM/DES/THBS1",8
"C0240340","Microdontia (disorder)","9/460","109/21671",0.0825688073394495,3.88988831272437,4.45428074441614,0.00052935529391569,0.00663446651899088,0.0047197811837108,"COL3A1/FGFR1/PRKD1/TRPS1/GJA1/C1S/C1R/TWIST2/ELN",9
"C0042798","Low Vision","11/460","157/21671",0.0700636942675159,3.30076156189421,4.26077554773891,0.000544667136970233,0.00681480136460044,0.0048480719827734,"COL4A1/ATXN1/MEIS1/CRYAB/F2R/HTRA1/SERPINF1/CFH/TFPI/LAMB2/PRKCB",11
"C0221354","Frontal bossing","17/460","321/21671",0.0529595015576324,2.49496817012055,3.97386694806134,0.000548339145924496,0.00684913633708059,0.00487249799450941,"FLI1/GLI3/SETBP1/FGFR1/TRPS1/NID1/GJA1/DDR2/GPC6/MITF/ANTXR1/FLNA/MPDZ/MMP2/COL1A2/DENND5A/CTSK",17
"C0085298","Sudden Cardiac Death","10/460","133/21671",0.075187969924812,3.54217064400131,4.3306754005307,0.00055627587158095,0.00693653460136921,0.00493467340561408,"SYNE1/ZFPM2/CACNA2D1/PLN/FHL1/ANK2/DES/WIPF1/DTNA/ELN",10
"C0024031","Low Back Pain","8/460","88/21671",0.0909090909090909,4.28280632411067,4.5442110312024,0.000565243525287382,0.00700944400604202,0.00498654139459334,"HSPB8/ADAMTS5/IL6ST/NR3C1/SPARC/HTRA1/CCL2/RTN1",8
"C4020969","Inflammatory abnormality of the eye","8/460","88/21671",0.0909090909090909,4.28280632411067,4.5442110312024,0.000565243525287382,0.00700944400604202,0.00498654139459334,"AOC3/CYBB/PTPRC/NR3C1/F2R/CFH/LGALS1/AKR1B1",8
"C0041948","Uremia","9/460","110/21671",0.0818181818181818,3.8545256916996,4.42001403589765,0.000565920973665814,0.00700944400604202,0.00498654139459334,"PDLIM3/AOC3/ICAM1/TGFBR1/VCAM1/SPARC/MYOCD/MGP/MMP2",9
"C1842937","AURAL ATRESIA, CONGENITAL","9/460","110/21671",0.0818181818181818,3.8545256916996,4.42001403589765,0.000565920973665814,0.00700944400604202,0.00498654139459334,"AOC3/HSPB8/CLU/PECAM1/PTPRC/COL6A2/SRPX/A2M/BCHE",9
"C0026846","Muscular Atrophy","6/460","49/21671",0.122448979591837,5.76867790594499,4.92125532365001,0.000571588780834433,0.00706778623135642,0.00502804624452611,"SERPINE1/WWTR1/FHL1/NR3C1/FBXO32/COL1A2",6
"C0220620","Gastrointestinal Carcinoid Tumor","17/460","323/21671",0.0526315789473684,2.47951945080092,3.94521924248433,0.000587979687945841,0.00724706622508489,0.00515558661850996,"VIM/PDLIM3/FLI1/PAPPA/MCC/DKK3/SLAMF7/TNC/ACTG2/F2R/DES/SPARC/CCL2/PDPN/MMP2/GREM1/CTSK",17
"C0027720","Nephrosis","7/460","68/21671",0.102941176470588,4.84964833759591,4.68216033924794,0.000588924875898077,0.00724706622508489,0.00515558661850996,"VIM/ICAM1/EDNRA/DES/PDPN/CFH/LAMB2",7
"C0031106","Aggressive Periodontitis","12/460","184/21671",0.0652173913043478,3.07244801512287,4.15750197987285,0.000590014467796806,0.00724706622508489,0.00515558661850996,"CLU/POSTN/SLAMF7/TIMP2/VCAM1/HTRA1/CCL2/MMP2/HLA-DQB1/POPDC2/ELN/CTSC",12
"C0271183","Severe myopia","12/460","184/21671",0.0652173913043478,3.07244801512287,4.15750197987285,0.000590014467796806,0.00724706622508489,0.00515558661850996,"CYP1B1/KCNMA1/TIMP2/DCN/HSD17B6/ZEB2/CRYAB/SERPINF1/MMP2/PRELP/LUM/COL8A1",12
"C0085580","Essential Hypertension","21/460","445/21671",0.0471910112359551,2.22320957498779,3.83949933788473,0.000595606496244365,0.00730359992570748,0.00519580487806109,"RGS2/OGN/PDE5A/CLU/PECAM1/AGTR1/SYNE1/EDNRA/SERPINE1/GJA1/ACKR3/PTGIS/KCNMA1/MYLK/NR3C1/CCL2/SMTN/KCNMB1/VEGFC/HLA-DQB1/AKR1B1",21
"C4529962","Fatty Liver Disease","30/460","741/21671",0.0404858299595142,1.90732265446224,3.7009570408936,0.000601671749632593,0.00735666202653279,0.00523355343016043,"HAVCR2/PDLIM3/CLU/RDX/LIPA/ICAM1/CYBB/IL2RB/LATS2/CD38/CCL5/ACKR3/WWTR1/DCN/HSD17B6/VCAM1/ALDH1A3/NR3C1/CCL2/SERPINF1/MMP2/CFH/AEBP1/A2M/C3/LUM/PRKCB/AKR1B1/RORA/THBD",30
"C0162869","Aneurysm, Ruptured","4/460","19/21671",0.210526315789474,9.91807780320366,5.72699557684389,0.000602923398273143,0.00735666202653279,0.00523355343016043,"ICAM1/TIMP2/MMP2/WIPF1",4
"C0428974","Supraventricular arrhythmia","4/460","19/21671",0.210526315789474,9.91807780320366,5.72699557684389,0.000602923398273143,0.00735666202653279,0.00523355343016043,"COL4A1/SYNE1/FHL1/DES",4
"C0151514","Atrophic condition of skin","9/460","111/21671",0.0810810810810811,3.81980023501763,4.38614770954947,0.000604529702092394,0.00736401437396604,0.00523878391417482,"APOC1/ATXN1/DCN/TWIST2/NR3C1/MGP/FBXO32/AEBP1/ELN",9
"C0339143","Thyroid associated opthalmopathies","13/460","211/21671",0.0616113744075829,2.90256542344941,4.08972181542149,0.000606518658814867,0.00736401437396604,0.00523878391417482,"HAVCR2/IGFBP5/ICAM1/HLA-DOA/FGFR1/SERPINE1/CCL5/EFS/TIMP2/VCAM1/NR3C1/CCL2/MMP2",13
"C0730328","Central Serous Chorioretinopathy","13/460","211/21671",0.0616113744075829,2.90256542344941,4.08972181542149,0.000606518658814867,0.00736401437396604,0.00523878391417482,"VIM/MMP11/ADAM12/PECAM1/OSMR/SERPINE1/ACKR3/DCLK1/CAV1/CFH/LGALS1/WIPF1/CDH5",13
"C0009241","Cognition Disorders","26/460","607/21671",0.042833607907743,2.01792851514934,3.74601060383507,0.000608990322864172,0.00736755656110856,0.0052413038376949,"FYN/TPM2/PDE5A/CLU/PTGER3/GLI3/AGTR1/CYBB/TCF4/IL2RB/ATXN1/RUNX1T1/FGFR1/EDNRA/SERPINE1/ACKR3/CHRDL1/ITPR1/VCAM1/HSPB6/NR3C1/SYNM/CCL2/MMP2/BCHE/LAMB2",26
"C0022679","Cystic kidney","8/460","89/21671",0.0898876404494382,4.23468490473864,4.50307251399342,0.000609760998547474,0.00736755656110856,0.0052413038376949,"PRKD1/SLIT2/GLIS2/PKD2/CPQ/TNS1/PDE1A/CYS1",8
"C0018817","Atrial Septal Defects","19/460","384/21671",0.0494791666666667,2.33100656702899,3.87539861627791,0.000609804532489478,0.00736755656110856,0.0052413038376949,"COL4A1/GLI3/RAB23/SETBP1/FGFR1/GJA1/CYP1B1/ZFPM2/ACTA2/GPC6/MASP1/NEXN/ZEB2/DPYSL3/MEIS2/DACT1/MMP2/CDH11/ELN",19
"C0008312","Primary biliary cirrhosis","22/460","478/21671",0.0460251046025105,2.16828269965436,3.80358805034935,0.000620923395761965,0.00747741681486921,0.00531945878158572,"PDLIM3/CYGB/PDE5A/RDX/CD74/ICAM1/GLI3/HLA-DOA/ITGA1/SLIT2/JAM3/CCL5/CD3D/DDR2/VCAM1/PRICKLE1/NR3C1/MMP2/HLA-DQB1/HLA-DRA/PRKCB/CDH5",22
"C1292769","Precursor B-cell lymphoblastic leukemia","22/460","478/21671",0.0460251046025105,2.16828269965436,3.80358805034935,0.000620923395761965,0.00747741681486921,0.00531945878158572,"LAIR1/GAS7/ICAM1/JAK3/FGFR1/IGFBP7/IGHM/EBF1/CD38/SERPINE1/CSF2RA/PTPRC/CSRP2/AXL/NR3C1/F2R/HOXB2/PBX3/HLA-DQB1/C3/ELN/LCP2",22
"C0023470","Myeloid Leukemia","19/460","385/21671",0.0493506493506494,2.32495200451722,3.86288057694088,0.000629181817921867,0.00756452798029189,0.00538142994961803,"VIM/ICAM1/CYBB/IL2RB/JAK3/MN1/SETBP1/RUNX1T1/CD38/BASP1/AXL/NRP2/MYH11/CLIC4/MEIS1/MEF2C/THBS1/PRKCB/AKR1B1",19
"C0008073","Developmental Disabilities","18/460","355/21671",0.0507042253521127,2.38872014696877,3.88511480195223,0.000634778334669199,0.00761940433581793,0.0054204691684461,"GLI3/TCF4/RAB23/SETBP1/AKT3/PMP22/EDNRA/GJA1/ACKR3/FZD1/KCNMA1/ITPR1/MASP1/ZEB2/MEIS1/CPXM2/NDN/ELN",18
"C0205699","Carcinomatosis","12/460","186/21671",0.0645161290322581,3.03941093969144,4.11359316042529,0.000649398098298137,0.00778223500265722,0.00553630743747336,"FILIP1L/CD74/TRPS1/IL6ST/BASP1/CCL5/ACKR3/EFEMP1/DES/SPARC/MGP/NDN",12
"C0022578","Keratoconus","15/460","269/21671",0.0557620817843866,2.62700016162922,3.95425211640183,0.000676791768725228,0.00809736926536408,0.00576049498280332,"COL3A1/COL4A1/CYBB/KIF26B/CTSB/TIMP2/COL8A2/ANTXR1/COL6A1/EMP3/MPDZ/MMP2/LGALS1/A2M/COL8A1",15
"C0206638","Giant Cell Tumor of Bone","9/460","113/21671",0.079646017699115,3.752193151212,4.31958174616252,0.000688219787711414,0.00822077422797032,0.00584828567687318,"GJA1/DCN/NR3C1/F2R/CCL2/MMP2/THBS1/LUM/CTSK",9
"C0004368","Autoimmune state","7/460","70/21671",0.1,4.71108695652174,4.57974209532866,0.000702298407240169,0.0083673066790315,0.00595252934188255,"TCF4/TRAC/CAV1/C1R/SERPING1/WIPF1/HLA-DQB1",7
"C0856747","Aneurysm of ascending aorta","5/460","34/21671",0.147058823529412,6.92806905370844,5.09427035500703,0.000705885077040275,0.0083673066790315,0.00595252934188255,"COL3A1/TGFBR1/ACTA2/MMP2/EFEMP2",5
"C0877009","Muscle fibrosis","5/460","34/21671",0.147058823529412,6.92806905370844,5.09427035500703,0.000705885077040275,0.0083673066790315,0.00595252934188255,"SERPINE1/DCN/CAV1/FHL1/VCAM1",5
"C4025252","Abnormal nasal morphology","5/460","34/21671",0.147058823529412,6.92806905370844,5.09427035500703,0.000705885077040275,0.0083673066790315,0.00595252934188255,"AKT3/BNC2/ZFPM2/MASP1/TWIST2",5
"C0018989","Hemiparesis","8/460","91/21671",0.0879120879120879,4.1416149068323,4.42258027374328,0.000707287912180392,0.0083673066790315,0.00595252934188255,"COL3A1/COL4A1/FGFR1/NID1/CFH/HLA-DQB1/BCHE/ATP1A2",8
"C4721507","Alveolitis, Fibrosing","8/460","91/21671",0.0879120879120879,4.1416149068323,4.42258027374328,0.000707287912180392,0.0083673066790315,0.00595252934188255,"FYN/COL3A1/CCL5/ACTA2/CCL2/MMP2/GREM1/ELN",8
"C1262048","Glial scar","6/460","51/21671",0.117647058823529,5.54245524296675,4.78272818673666,0.000710349237191822,0.00839007691032004,0.00596872815890526,"CCL5/CTSB/GAP43/RGMA/CCL2/MMP2",6
"C0221505","Lesion of brain","12/460","188/21671",0.0638297872340425,3.00707678075856,4.07027025975709,0.000713712955912647,0.00841634032036287,0.00598741203472036,"CLU/PECAM1/ICAM1/SERPINE1/GJA1/TNC/TUBA1A/CAV1/MFGE8/GAP43/CCL2/C3",12
"C0023508","White Blood Cell Count procedure","28/460","681/21671",0.0411160058737151,1.93701078975931,3.65880891018601,0.000718047720507263,0.00845395258817323,0.00601416952507468,"COL4A1/TPM2/ST8SIA4/LSAMP/LIPA/MAP4K4/TTC28/SSPN/CD84/ATXN1/DLC1/AKT3/NREP/KLHL5/BNC2/PTPRC/ZFPM2/DDR2/MITF/CCDC69/PLXDC1/APOL3/TPST1/ATP2B4/ATP1A2/KCNE4/ITGA4/CD300LF",28
"C0025063","Mediastinal Neoplasms","3/460","9/21671",0.333333333333333,15.7036231884058,6.49716869280202,0.00072560333692811,0.00847532252089131,0.00602937216511383,"VIM/JAK3/DES",3
"C0240182","Leukonychia","3/460","9/21671",0.333333333333333,15.7036231884058,6.49716869280202,0.00072560333692811,0.00847532252089131,0.00602937216511383,"TRPS1/GJA1/KANK2",3
"C1857484","Brachyturricephaly","3/460","9/21671",0.333333333333333,15.7036231884058,6.49716869280202,0.00072560333692811,0.00847532252089131,0.00602937216511383,"FGFR1/FHL1/FAM20C",3
"C1866013","Proximal upper limb amyotrophy","3/460","9/21671",0.333333333333333,15.7036231884058,6.49716869280202,0.00072560333692811,0.00847532252089131,0.00602937216511383,"SGCD/SYNE1/FHL1",3
"C4021774","Camptodactyly of toe","3/460","9/21671",0.333333333333333,15.7036231884058,6.49716869280202,0.00072560333692811,0.00847532252089131,0.00602937216511383,"FHL1/FLNA/MMP2",3
"C0027430","Nasal Polyps","22/460","484/21671",0.0454545454545455,2.14140316205534,3.73985546624466,0.000731683590112817,0.00853284085657633,0.00607029089726922,"VIM/HAVCR2/ICAM1/POSTN/SERPINE1/CCL5/ACKR3/PTPRC/TNC/DCN/CAV1/ACTG2/VCAM1/NR3C1/CCL2/MMP2/TFPI/LGALS1/A2M/HLA-DRA/LUM/THBD",22
"C0266617","Congenital anomaly of face","9/460","114/21671",0.0789473684210526,3.71927917620137,4.28686553447742,0.000733478323472036,0.00854027915436998,0.00607558252665115,"VWF/TCF4/FGFR1/TRPS1/AP1S2/GLIS2/ZEB2/FLNA/FAM20C",9
"C0001175","Acquired Immunodeficiency Syndrome","14/460","243/21671",0.0576131687242798,2.71420647700841,3.95733894613966,0.000736987251603757,0.00856147303783049,0.00609065992467258,"LSAMP/ICAM1/JAM3/CD38/CCL5/ANGPTL2/NR3C1/CCL2/MMP2/LGALS1/PDLIM7/THBS1/C3/BCHE",14
"C1260965","Lipoblastoma","4/460","20/21671",0.2,9.42217391304348,5.54916990708558,0.000741097435813287,0.00856147303783049,0.00609065992467258,"COL3A1/BOC/DES/COL1A2",4
"C1527383","Morphea","4/460","20/21671",0.2,9.42217391304348,5.54916990708558,0.000741097435813287,0.00856147303783049,0.00609065992467258,"VIM/BNC2/DCN/SPARC",4
"C1832370","MYOPATHY, MYOFIBRILLAR, DESMIN-RELATED","4/460","20/21671",0.2,9.42217391304348,5.54916990708558,0.000741097435813287,0.00856147303783049,0.00609065992467258,"AOC3/LDB3/CRYAB/DES",4
"C2697932","Loeys-Dietz Syndrome","4/460","20/21671",0.2,9.42217391304348,5.54916990708558,0.000741097435813287,0.00856147303783049,0.00609065992467258,"COL3A1/TGFBR1/GREM1/ELN",4
"C0018378","Guillain-Barre Syndrome","11/460","163/21671",0.0674846625766871,3.17926113630301,4.11273627564791,0.000744907763971958,0.00856527899321027,0.00609336749377947,"VIM/ICAM1/HLA-DOA/PMP22/PRKD1/SERPING1/NR3C1/F2R/CCL2/MMP2/HLA-DQB1",11
"C0162298","Joint stiffness","11/460","163/21671",0.0674846625766871,3.17926113630301,4.11273627564791,0.000744907763971958,0.00856527899321027,0.00609336749377947,"TPM2/SYNE1/COL12A1/FHL1/ACTG2/COL6A2/COL6A1/FLNA/COL1A2/ELN/ADAMTS2",11
"C0410158","Muscle damage","11/460","163/21671",0.0674846625766871,3.17926113630301,4.11273627564791,0.000744907763971958,0.00856527899321027,0.00609336749377947,"PDLIM3/PDE5A/MYLK/FHL1/TAGLN/CRYAB/DES/CCL2/SPARCL1/FBXO32/DTNA",11
"C0278701","Gastric Adenocarcinoma","21/460","453/21671",0.0463576158940397,2.18394759573855,3.75022356056276,0.000747895270859709,0.00858625643777041,0.00610829091645918,"COL4A1/MMP11/LAYN/GLI3/JAK3/MCC/AKT3/FGFR1/LATS2/SERPINE1/AXL/STOM/DCLK1/TIMP2/ZEB2/ANTXR1/SPARC/MMP2/LGALS1/HLA-DQB1/IGFBP6",21
"C1290884","Inflammatory disorder","19/460","391/21671",0.0485933503836317,2.28927499166018,3.78857531341582,0.000756980695599991,0.00867706753869431,0.00617289423070996,"VIM/VWF/FLI1/ICAM1/CYBB/POSTN/IL6ST/GEM/MYLK/ANGPTL2/VCAM1/NR3C1/GAP43/F2R/CCL2/PRELP/THBS1/ELN/RORA",19
"C1866134","Wide anterior fontanel","7/460","71/21671",0.0985915492957746,4.64473361910594,4.52997589502245,0.000765116265715207,0.00875672600544134,0.00622956352452578,"GLI3/SETBP1/MASP1/ANTXR1/FLNA/COL1A2/ADAMTS2",7
"C0035235","Respiratory Syncytial Virus Infections","14/460","244/21671",0.0573770491803279,2.70308267997149,3.93983251588242,0.000767074027056766,0.0087655425197106,0.00623583562161676,"EPHA3/PECAM1/LSAMP/ICAM1/CD8A/SERPINE1/CCL5/PTPRC/PTGIS/GEM/NR3C1/CCL2/THBS1/PRKCB",14
"C0079774","Peripheral T-Cell Lymphoma","12/460","190/21671",0.0631578947368421,2.9754233409611,4.02751840172412,0.00078327520545965,0.00892995199057849,0.00635279705699441,"HAVCR2/FYN/IL2RB/JAK3/GLIS2/GEM/CAV1/TFPI/LGALS1/PDLIM7/LBH/PRKCB",12
"C0239174","Late tooth eruption","10/460","139/21671",0.0719424460431655,3.38927119174226,4.16158204171837,0.000784956085366079,0.00892995199057849,0.00635279705699441,"SETBP1/TRPS1/GJA1/TWIST2/ZEB2/ANTXR1/FLNA/MMP2/CDH11/CTSK",10
"C0024530","Malaria","28/460","685/21671",0.0408759124087591,1.9256997778483,3.62558766401274,0.000785090604427722,0.00892995199057849,0.00635279705699441,"SLC11A1/HAVCR2/S1PR3/LAIR1/CLU/PECAM1/LSAMP/VWF/ICAM1/MAF/CYBB/DLC1/HLA-DOA/EDNRA/CCL5/ACKR3/PTPRC/PRKG1/GEM/CPQ/ACTG2/CCL2/ATP2B4/CFH/C3/CTSC/IL10RA/THBD",28
"C0030354","Papilloma","15/460","273/21671",0.0549450549450549,2.58850931677019,3.8896658845784,0.000786929283951806,0.00893709534481882,0.00635787886256771,"CLU/ST8SIA4/ICAM1/ATXN1/PMP22/PEG3/GEM/TNC/DCN/CAV1/CLIC4/CCL2/PDLIM7/THBS1/EDIL3",15
"C0001969","Alcoholic Intoxication","6/460","52/21671",0.115384615384615,5.43586956521739,4.71618071420745,0.000788821735745046,0.00894482650271878,0.00636337883358725,"FYN/SERPINE1/KCNMA1/MFGE8/NR3C1/BCHE",6
"C0024138","Lupus Erythematosus, Discoid","24/460","552/21671",0.0434782608695652,2.04829867674858,3.67405540223634,0.000795602288562959,0.00900787744504871,0.00640823348020762,"VIM/MMP11/PECAM1/VWF/FLI1/CYBB/RUNX1T1/CD38/EGR2/CD2/PTPRC/GEM/C1R/MASP1/MFGE8/VCAM1/CCL2/SDC2/MMP2/CFH/C3/LBH/C1QC/PRKCB",24
"C0338503","Septo-Optic Dysplasia","5/460","35/21671",0.142857142857143,6.73012422360248,4.99617190026087,0.000809328032517623,0.00913525922942675,0.00649885329829458,"FGFR1/GPR161/TUBA1A/FLNA/IGHD",5
"C0339901","Acute respiratory infections","5/460","35/21671",0.142857142857143,6.73012422360248,4.99617190026087,0.000809328032517623,0.00913525922942675,0.00649885329829458,"SORBS1/LRRFIP1/CCL5/CCL2/THBS1",5
"C0027708","Nephroblastoma","25/460","586/21671",0.0426621160409556,2.00984938418163,3.64960959593401,0.000816046876073033,0.00919703517430707,0.00654280090755863,"VIM/COL4A1/PECAM1/LSAMP/FLI1/SETBP1/RUNX1T1/CD38/SERPINE1/BASP1/EGR2/PTPRC/FZD1/ZFPM2/EFS/RECK/MYH11/MEIS1/DES/SERPINF1/SMTN/THBS1/CDH11/LAMB2/THBD",25
"C4275242","Sudden sensorineural hearing loss","7/460","72/21671",0.0972222222222222,4.58022342995169,4.48112806708593,0.000832293656723173,0.00936584111879644,0.00666289000865198,"PDE5A/ICAM1/CAV1/VCAM1/VEGFC/CFH/C3",7
"C0027794","Neural Tube Defects","16/460","304/21671",0.0526315789473684,2.47951945080092,3.82572276644216,0.00084412064844254,0.00948447279574251,0.00674728497168923,"GLI3/DLC1/RAB23/SETBP1/LST1/GJA1/CYP1B1/GPR161/MYLK/PRICKLE1/ZEB2/CCL2/DACT1/LGALS1/BCHE/PRKCB",16
"C0577631","Carotid Atherosclerosis","13/460","219/21671",0.0593607305936073,2.79653563629144,3.93506399097883,0.000857072617791748,0.00960077399778252,0.00683002202725506,"RGS2/CLU/ICAM1/AGTR1/PAPPA/DKK3/SERPINE1/AXL/CCL2/MMP2/LUM/AKR1B1/THBD",13
"C0858252","Breast adenocarcinoma","13/460","219/21671",0.0593607305936073,2.79653563629144,3.93506399097883,0.000857072617791748,0.00960077399778252,0.00683002202725506,"EPHA3/PDLIM4/FGFR1/SERPINE1/GJA1/CYP1B1/CTSB/CAV1/MFGE8/CSRP1/LGALS1/PDLIM7/AKR1B1",13
"C2747816","Complicated malaria","11/460","166/21671",0.0662650602409639,3.12180460974332,4.04126666660314,0.000865936487776073,0.00968536841327722,0.00689020277115602,"RGS2/LAIR1/PECAM1/ICAM1/CYBB/CCL5/CD2/GEM/VCAM1/ATP2B4/IL10RA",11
"C0026266","Mitral Valve Insufficiency","8/460","94/21671",0.0851063829787234,4.00943570767808,4.30607178193572,0.000876761714863769,0.00979161116357692,0.00696578421125144,"AKT3/FHL1/MYH11/CRYAB/FLNA/COL1A2/DTNA/ELN",8
"C0019100","Severe Dengue","9/460","117/21671",0.0769230769230769,3.62391304347826,4.19088968799966,0.000884016706221521,0.00985772103523756,0.00701281499020379,"ICAM1/PMP22/CCL5/GEM/VCAM1/CCL2/CFH/HLA-DQB1/THBD",9
"C0040028","Thrombocythemia, Essential","13/460","220/21671",0.0590909090909091,2.78382411067194,3.91622285991599,0.000893760098374833,0.00995133792790802,0.00707941435388115,"HAVCR2/CYGB/FLI1/RUNX1T1/DKK3/IL6ST/SERPINE1/MFGE8/NR3C1/MMP2/MCAM/TFPI/THBS1",13
"C0027626","Neoplasm Invasiveness","12/460","193/21671",0.0621761658031088,2.92917323721559,3.96443008724864,0.000898181915365003,0.00997049458529992,0.00709304246261337,"VIM/PPP1R12B/CCL5/CTSB/AXL/MYLK/RECK/ZEB2/CCL2/CALU/MMP2/ADAMTS1",12
"C0027809","Neurilemmoma","12/460","193/21671",0.0621761658031088,2.92917323721559,3.96443008724864,0.000898181915365003,0.00997049458529992,0.00709304246261337,"RDX/IL2RB/PMP22/LATS2/SERPINE1/ACKR3/WWTR1/AXL/TNC/GAP43/DES/MSN",12
"C0020544","Renal hypertension","5/460","36/21671",0.138888888888889,6.54317632850242,4.90184183336905,0.000923662390724074,0.0102379516040918,0.00728331226066446,"ICAM1/AGTR1/CYBB/PKD2/MMP2",5
"C1851710","LATERAL MENINGOCELE SYNDROME","9/460","118/21671",0.076271186440678,3.59320191599116,4.15959715527814,0.000939437789523644,0.0103876118210294,0.00738978102854964,"CALD1/AXL/MYLK/CFL2/ACTG2/DES/MYOCD/SMTN/ELN",9
"C0149939","Obstructive nephropathy","8/460","95/21671",0.0842105263157895,3.96723112128146,4.26830564464471,0.000939978961859611,0.0103876118210294,0.00738978102854964,"SERPINE1/CCL5/GJA1/EFS/CAV1/F2R/CCL2/TFPI",8
"C0220668","Congenital contractural arachnodactyly","24/460","559/21671",0.0429338103756708,2.02264914054601,3.60741139309749,0.000945630724127082,0.0104344484387236,0.00742310075158526,"VIM/PDLIM3/FILIP1L/PECAM1/ICAM1/POSTN/FGFR1/IGFBP7/EBF1/SERPINE1/ACKR3/PEG3/PKD2/CTSB/WWTR1/MFAP5/RECK/ACTG2/ALDH1A3/F2R/LGALS1/COL1A2/LUM/PRIMA1",24
"C0008074","Child Development Disorders, Pervasive","11/460","168/21671",0.0654761904761905,3.08464026915114,3.99451481047579,0.000955334674328015,0.0105257918893872,0.0074880827811822,"CHRNA3/TCF4/FGFR1/SYNE1/NEGR1/HLA-DRB6/EGR2/ZFPM2/PRKG1/FEZ1/HLA-DQB1",11
"C0234182","Gowers sign","6/460","54/21671",0.111111111111111,5.23454106280193,4.58810466708953,0.000965699457421565,0.010608323503997,0.00754679604178601,"HSPB8/TPM2/SGCD/SYNE1/CFL2/COL6A1",6
"C0699743","Congenital muscular dystrophy (disorder)","6/460","54/21671",0.111111111111111,5.23454106280193,4.58810466708953,0.000965699457421565,0.010608323503997,0.00754679604178601,"SGCD/SYNE1/COL12A1/COL6A2/COL6A1/DTNA",6
"C0008497","Choriocarcinoma","20/460","431/21671",0.0464037122969838,2.18611923736508,3.66283645620917,0.000979361430021828,0.0107424161611012,0.00764218999668241,"PDLIM3/FGFR1/EDNRA/ACKR3/PEG3/CYP1B1/FERMT2/TIMP2/CAV1/ZEB2/HOPX/ANGPTL1/F2R/HTRA1/CCL2/PDPN/MMP2/LGALS1/CDH11/RORA",20
"C0031149","Peritoneal Neoplasms","3/460","10/21671",0.3,14.1332608695652,6.11731887246109,0.00102028214997909,0.0110274126371093,0.00784493742197068,"VIM/PDPN/MCAM",3
"C0206645","Desmoplastic fibroma","3/460","10/21671",0.3,14.1332608695652,6.11731887246109,0.00102028214997909,0.0110274126371093,0.00784493742197068,"VIM/CALD1/DES",3
"C0333101","Microaneurysm","3/460","10/21671",0.3,14.1332608695652,6.11731887246109,0.00102028214997909,0.0110274126371093,0.00784493742197068,"SERPINE1/ANGPTL2/PDGFC",3
"C0409495","Protrusio acetabuli","3/460","10/21671",0.3,14.1332608695652,6.11731887246109,0.00102028214997909,0.0110274126371093,0.00784493742197068,"SERPINF1/MMP2/COL1A2",3
"C0521618","Stenosis of ureter","3/460","10/21671",0.3,14.1332608695652,6.11731887246109,0.00102028214997909,0.0110274126371093,0.00784493742197068,"SETBP1/FLNA/CDH11",3
"C1320453","Cervical Squamous Cell Carcinoma In Situ","3/460","10/21671",0.3,14.1332608695652,6.11731887246109,0.00102028214997909,0.0110274126371093,0.00784493742197068,"ST8SIA4/MMP2/VEGFC",3
"C2609282","Reticular pseudodrusen","3/460","10/21671",0.3,14.1332608695652,6.11731887246109,0.00102028214997909,0.0110274126371093,0.00784493742197068,"HTRA1/CFH/C3",3
"C3899281","Early Inflammatory Arthritis","3/460","10/21671",0.3,14.1332608695652,6.11731887246109,0.00102028214997909,0.0110274126371093,0.00784493742197068,"VIM/CTSB/PDPN",3
"C4022161","Increased endomysial connective tissue","3/460","10/21671",0.3,14.1332608695652,6.11731887246109,0.00102028214997909,0.0110274126371093,0.00784493742197068,"COL12A1/COL6A2/COL6A1",3
"C4025750","Abnormality of the nasopharynx","3/460","10/21671",0.3,14.1332608695652,6.11731887246109,0.00102028214997909,0.0110274126371093,0.00784493742197068,"SETBP1/FGFR1/GJA1",3
"C0086692","Benign Neoplasm","18/460","371/21671",0.0485175202156334,2.2857025665065,3.67845513494043,0.00105102989881659,0.0113395042044473,0.00806696038386228,"VIM/ADAM12/ICAM1/DLC1/EDNRA/SERPINE1/PTPRC/CTSB/TNC/TIMP2/DCN/CLIC4/CCL2/SERPINF1/MCAM/PDLIM7/AKR1B1/THBD",18
"C4087504","Peritoneal dissemination","11/460","170/21671",0.0647058823529412,3.04835038363171,3.94845486707565,0.00105222979951862,0.0113395042044473,0.00806696038386228,"VIM/AGTR1/DKK3/FGFR1/SERPINE1/ACKR3/FERMT2/DDR2/ZEB2/HTRA1/ARL4C",11
"C1378511","Undifferentiated leukemia","9/460","120/21671",0.075,3.5333152173913,4.09801874862464,0.00105874242930967,0.0113764725082445,0.00809325975611112,"FGFR1/CD38/MYH11/NR3C1/MEIS1/MEF2C/F2R/PBX3/PCDH17",9
"C1863753","LIMB-MAMMARY SYNDROME","9/460","120/21671",0.075,3.5333152173913,4.09801874862464,0.00105874242930967,0.0113764725082445,0.00809325975611112,"CALD1/AXL/MYLK/CFL2/ACTG2/DES/MYOCD/SMTN/ELN",9
"C0206630","Endometrial Stromal Sarcoma","7/460","75/21671",0.0933333333333333,4.39701449275362,4.33979456441882,0.00106211296228722,0.0113961015808201,0.00810722394255036,"VIM/TGFBR1/CD38/CALD1/CAV1/DES/JAZF1",7
"C3241937","Nonalcoholic Steatohepatitis","20/460","434/21671",0.0460829493087558,2.17100781406532,3.62899085556115,0.00106502114541208,0.0114107200223976,0.0081176235497072,"HAVCR2/ADAMTS5/CLU/RDX/LIPA/AGTR1/CYBB/SMARCA1/IL6ST/CD38/CTSB/WWTR1/TNC/CCL2/SERPINF1/AEBP1/ELN/LUM/AKR1B1/RORA",20
"C0919747","Cytokine storm","8/460","97/21671",0.0824742268041237,3.88543254146123,4.19429772475913,0.00107735664903678,0.0114923126033991,0.00817566877873038,"HAVCR2/IL6ST/IGFBP7/CD38/CCL5/SERPING1/F2R/LGALS1",8
"C0263009","Sclerosis of the skin","4/460","22/21671",0.181818181818182,8.56561264822134,5.22834601588743,0.00108197741253893,0.0114923126033991,0.00817566877873038,"FLI1/POSTN/CCL2/COL1A2",4
"C0344529","Cornea plana","4/460","22/21671",0.181818181818182,8.56561264822134,5.22834601588743,0.00108197741253893,0.0114923126033991,0.00817566877873038,"DCN/ELN/LUM/ADAMTS2",4
"C1306068","After-cataract","4/460","22/21671",0.181818181818182,8.56561264822134,5.22834601588743,0.00108197741253893,0.0114923126033991,0.00817566877873038,"TPM2/TNC/MMP2/CFH",4
"C1701938","Associated Pulmonary Arterial Hypertension","4/460","22/21671",0.181818181818182,8.56561264822134,5.22834601588743,0.00108197741253893,0.0114923126033991,0.00817566877873038,"AGTR1/EDNRA/SERPINE1/CAV1",4
"C3495488","Axenfeld-Rieger syndrome","4/460","22/21671",0.181818181818182,8.56561264822134,5.22834601588743,0.00108197741253893,0.0114923126033991,0.00817566877873038,"COL4A1/GJA1/NFATC1/PRKCB",4
"C0020295","Hydronephrosis","14/460","253/21671",0.0553359683794466,2.6069255885891,3.78611995459869,0.00108774571230063,0.0115369811037403,0.00820744609598887,"VWF/FLI1/GLI3/RAB23/SETBP1/FGFR1/BNC2/KCNMA1/CLMP/MASP1/ACTG2/ZEB2/CCL2/FLNA",14
"C0521158","Recurrent tumor","29/460","735/21671",0.0394557823129252,1.85879621413783,3.488307289412,0.00109939419234761,0.011643799035739,0.00828343672222643,"VIM/SLC11A1/MMP11/CLU/PECAM1/AGTR1/POSTN/OSMR/PMP22/PRKD1/SLIT2/EDNRA/CCL5/ACKR3/CYP1B1/CTSB/TNC/FERMT2/CAV1/HSPB6/F2R/CCL2/PDPN/MMP2/VEGFC/TFPI/THBS1/AKR1B1/STC1",29
"C0087031","Juvenile-Onset Still Disease","11/460","171/21671",0.064327485380117,3.03052377320112,3.92567826360462,0.00110363553141505,0.0116719734855385,0.00830348011797569,"SLC11A1/CLU/IL2RB/CALD1/GNG11/PGM5/JAZF1/TFPI/MSN/THBS1/PRICKLE2",11
"C0035242","Respiratory Tract Diseases","12/460","198/21671",0.0606060606060606,2.85520421607378,3.86194207191043,0.00112079121961566,0.0118241901867499,0.00841176757713577,"POSTN/TGFBR1/CCL5/GJA1/PTPRC/CYP1B1/TIMP2/NR3C1/FLNA/JAZF1/THBS1/RORA",12
"C0598935","Tumor Initiation","23/460","533/21671",0.0431519699812383,2.03292682926829,3.55573195895607,0.00112182981652339,0.0118241901867499,0.00841176757713577,"VIM/EPHA3/CD74/FLI1/POSTN/TCF4/TRPS1/TIAM1/EDNRA/ACKR3/PTPRC/CYP1B1/CTSB/WWTR1/PTGIS/KCNMA1/DCN/CAV1/NRP2/SPARC/FBXO32/PRKCB/ITGA4",23
"C0037116","Silicosis","9/460","121/21671",0.0743801652892562,3.50411426518146,4.06771942791746,0.00112283355742505,0.0118241901867499,0.00841176757713577,"SLC11A1/AGTR1/CCL2/SDC2/MMP2/FSTL1/HLA-DQB1/ELN/PRKCB",9
"C0334533","Arteriovenous hemangioma","7/460","76/21671",0.0921052631578947,4.3391590389016,4.29432684385832,0.00114888313858927,0.0120640900840199,0.00858243314879366,"ICAM1/TGFBR1/VCAM1/CRYAB/MGP/MMP2/ELN",7
"C1868938","End stage cardiac failure","7/460","76/21671",0.0921052631578947,4.3391590389016,4.29432684385832,0.00114888313858927,0.0120640900840199,0.00858243314879366,"AGTR1/POSTN/MCC/IL6ST/EDNRA/ZFPM2/PLN",7
"C0040053","Thrombosis","8/460","98/21671",0.0816326530612245,3.84578527062999,4.15803071234819,0.00115181293131409,0.01207767479966,0.0085920973599372,"PTGER3/PECAM1/VWF/SERPINE1/CD2/DCN/TFPI/THBD",8
"C0234233","Sore to touch","6/460","56/21671",0.107142857142857,5.04759316770186,4.46622961761321,0.00117158075878901,0.0122501546195191,0.00871480006798625,"CD38/FHL1/HSPB6/DES/CCL2/MMP2",6
"C1719495","Aggressive periodontitis, generalized","6/460","56/21671",0.107142857142857,5.04759316770186,4.46622961761321,0.00117158075878901,0.0122501546195191,0.00871480006798625,"AGTR1/SERPINE1/TIMP2/MMP2/BCHE/CTSC",6
"C0008728","Eosinophilic granulomatosis with polyangiitis","5/460","38/21671",0.131578947368421,6.19879862700229,4.72350324725227,0.00118779830341283,0.0124021599374731,0.00882293714840555,"POSTN/VCAM1/MMP2/BCHE/THBD",5
"C0748355","Acute respiratory distress","10/460","147/21671",0.0680272108843537,3.20482105885833,3.95001116796698,0.00120502028489802,0.0125464876489664,0.00892561235447439,"S1PR3/VWF/ICAM1/AGTR1/SERPINE1/MYLK/DCN/SERPING1/NR3C1/THBD",10
"C4551649","Congenital Dysplasia Of The Hip","10/460","147/21671",0.0680272108843537,3.20482105885833,3.95001116796698,0.00120502028489802,0.0125464876489664,0.00892561235447439,"VIM/COL3A1/IGFBP5/TPM2/TIMP2/FHL1/FLNA/ATP2B4/MMP2/COL13A1",10
"C0151786","Muscle Weakness","23/460","536/21671",0.042910447761194,2.02154850746269,3.52669629756602,0.00120748669414103,0.0125544602480973,0.00893128408757535,"COL4A1/TPM2/ATXN1/SGCD/PMP22/FGFR1/SYNE1/GJA1/COL12A1/TUBB6/CAV1/CFL2/FHL1/C1R/CRYAB/COL6A2/DES/SPARC/COL6A1/CCL2/COL1A2/HLA-DQB1/COL13A1",23
"C0242350","Erectile dysfunction","14/460","256/21671",0.0546875,2.57637567934783,3.73635788893629,0.00121695757644038,0.0126351347809885,0.00898867621416986,"PDE5A/VWF/DKK3/FGFR1/EDNRA/GJA1/PRKG1/KCNMA1/TWIST2/MYOCD/FLNA/SERPINF1/MCAM/CDH5",14
"C0023827","liposarcoma","12/460","200/21671",0.06,2.82665217391304,3.82184015782732,0.00122180443767831,0.0126676409535692,0.00901180121167518,"VIM/IGFBP5/CRISPLD2/FGFR1/CD38/WWTR1/CAV2/DDR2/MYOCD/MMP2/A2M/STC1",12
"C0085278","Antiphospholipid Syndrome","8/460","99/21671",0.0808080808080808,3.80693895476504,4.12223891396286,0.00123031660196975,0.0127201640836704,0.00904916633823833,"VIM/FRMD4A/VWF/SERPINE1/CCL2/TFPI/MSN/THBD",8
"C0243050","Cardiovascular Abnormalities","8/460","99/21671",0.0808080808080808,3.80693895476504,4.12223891396286,0.00123031660196975,0.0127201640836704,0.00904916633823833,"FLI1/TIAM1/PKD2/COL6A2/LTBP1/COL6A1/EFEMP2/ELN",8
"C0860207","Drug-Induced Liver Disease","23/460","537/21671",0.042830540037244,2.01778398510242,3.51705940435587,0.00123726355082652,0.0127585157110949,0.00907644981144072,"VIM/COL3A1/CLU/VWF/STON1/TGFBR1/NREP/CCL5/GEM/CPQ/TUBA1A/ITPR1/SERPING1/CCDC80/NR3C1/CCL2/MMP2/CFH/A2M/HLA-DQB1/C3/CDH5/ALDH1L2",23
"C1853242","Midface retrusion","13/460","228/21671",0.0570175438596491,2.68614607170099,3.76918665926316,0.0012374826942758,0.0127585157110949,0.00907644981144072,"MAF/RAB23/SETBP1/FGFR1/YME1L1/DDR2/ANTXR1/FLNA/MGP/FAM20C/CDH11/ELN/CTSK",13
"C0020473","Hyperlipidemia","21/460","472/21671",0.0444915254237288,2.09603445099484,3.54540062308825,0.00125043656002318,0.0128740902177003,0.00915866989349724,"PDLIM3/OGN/APOC1/LIPA/CYBB/FGFR1/CD38/SERPINE1/CCL5/AKAP12/MYLK/VCAM1/CCL2/FAM20C/SDC2/MMP2/CFH/C3/BCHE/AKR1B1/MYO5A",21
"C0585362","Squamous cell carcinoma of mouth","9/460","123/21671",0.0731707317073171,3.44713679745493,4.00806835320925,0.00126042842901082,0.0129588895027268,0.00921899638225329,"PECAM1/FGFR1/NID1/CALD1/GBP1/CCL2/PDPN/MMP2/CFH",9
"C0037315","Sleep Apnea Syndromes","10/460","148/21671",0.0675675675675676,3.18316686251469,3.92458902557682,0.0012684510871161,0.0130232349444938,0.00926477194000761,"COL3A1/COL4A1/VWF/TCF4/PMP22/DES/NDN/BCHE/LAMB2/ADAMTS2",10
"C0234146","Absent reflex","12/460","201/21671",0.0597014925373134,2.81258922777417,3.80197450834391,0.00127507145430174,0.0130548924766372,0.0092872932119299,"COL4A1/HSPB8/TPM2/ATXN1/PMP22/EGR2/COL12A1/CFL2/FHL1/COL6A1/LAMB2/COL13A1",12
"C0745103","Hyperlipoproteinemia Type IIa","12/460","201/21671",0.0597014925373134,2.81258922777417,3.80197450834391,0.00127507145430174,0.0130548924766372,0.0092872932119299,"PDE5A/LIPA/ICAM1/IL2RB/SERPINE1/PLN/MITF/NR3C1/MYL9/SDC2/MMP2/THBD",12
"C0729233","Dissecting aneurysm of the thoracic aorta","6/460","57/21671",0.105263157894737,4.95903890160183,4.40745029199674,0.0012863366159387,0.0131337993068596,0.00934342778906337,"ICAM1/CD38/EFEMP1/MMP2/ELN/CTSK",6
"C1302790","Congenital malformation syndrome","6/460","57/21671",0.105263157894737,4.95903890160183,4.40745029199674,0.0012863366159387,0.0131337993068596,0.00934342778906337,"FGFR1/KCNMA1/ZEB2/FLNA/DACT1/EDIL3",6
"C0266929","Chronic Periodontitis","15/460","287/21671",0.0522648083623693,2.46224056961066,3.67234186919032,0.00129985549500721,0.0132534989836232,0.00942858253066438,"CLU/ICAM1/AGTR1/ITGA11/IL6ST/CD38/SERPINE1/TIMP2/TAGLN/VCAM1/F2R/CCL2/MMP2/POPDC2/EDIL3",15
"C0005940","Bone Diseases","16/460","317/21671",0.0504731861198738,2.37783568783432,3.63927807323973,0.00130731704676227,0.0133111923299298,0.00946962576594841,"S1PR3/FYN/PDLIM3/POSTN/TRPS1/IGFBP7/CCL5/WWTR1/CLDN11/RGS10/SPARC/CCL2/SERPINF1/MMP2/CTSK/RORA",16
"C4551687","Sarcoma of soft tissue","14/460","258/21671",0.0542635658914729,2.55640377485676,3.70357521842654,0.00131005345906597,0.0133142008416544,0.00947176603103054,"VIM/PECAM1/FGFR1/LATS2/SERPINE1/PTPRC/STOM/CAV1/MITF/CCL2/PDPN/VEGFC/PRIMA1/THBD",14
"C0268800","Simple renal cyst","8/460","100/21671",0.08,3.76886956521739,4.08691078836958,0.00131302332873536,0.0133142008416544,0.00947176603103054,"COL4A1/GLI3/POSTN/SETBP1/PRKD1/PKD2/TIMP2/SPARC",8
"C0432283","Osteoglophonic dwarfism","8/460","100/21671",0.08,3.76886956521739,4.08691078836958,0.00131302332873536,0.0133142008416544,0.00947176603103054,"VWF/FGFR1/SERPINE1/CCL2/SERPINF1/MMP2/VEGFC/THBS1",8
"C0276447","Rhinovirus infection","12/460","202/21671",0.0594059405940594,2.79866551872579,3.78223043798764,0.00133024651470793,0.0134351324131494,0.00955779714657305,"ICAM1/CYBB/EDNRA/CCL5/ACKR3/CAV2/MYLK/NR3C1/CCL2/MMP2/MCAM/MYO5A",12
"C0334579","Anaplastic astrocytoma","12/460","202/21671",0.0594059405940594,2.79866551872579,3.78223043798764,0.00133024651470793,0.0134351324131494,0.00955779714657305,"VIM/IGFBP5/ADAM12/CD74/FGFR1/LATS2/SERPINE1/CAV1/CRYAB/PDPN/MMP2/THBS1",12
"C0029882","Otitis Media","11/460","175/21671",0.0628571428571429,2.96125465838509,3.83620657440991,0.00133040934624928,0.0134351324131494,0.00955779714657305,"SLC11A1/CYBB/FGFR1/SERPINE1/CD3D/PTPRC/CTSB/CCL2/MMP2/C7/CTSK",11
"C0333997","Lymphoid hyperplasia","5/460","39/21671",0.128205128205128,6.03985507246377,4.63905812275384,0.00133902470538293,0.0135036617146677,0.00960654911584042,"JAK3/IL6ST/CCL5/PTPRC/PDLIM7",5
"C0023448","Lymphoid leukemia","15/460","288/21671",0.0520833333333333,2.45369112318841,3.6573107615752,0.0013453227089624,0.0135486660812557,0.00963856536944552,"EPHA3/RUNX1T1/FGFR1/IGFBP7/CD38/SERPINE1/PTPRC/GLIS2/AXL/ITPR1/NR3C1/ZEB2/PDLIM7/C3/ITGA4",15
"C3806482","Recurrent respiratory infections","16/460","318/21671",0.050314465408805,2.37035821711786,3.62531725244921,0.00135044939969619,0.0135817676683341,0.00966211394677223,"TPM2/FLI1/CYBB/IL2RB/TRPS1/CD8A/IGHM/CD3D/FLNA/NDN/WIPF1/MSN/ELN/CTSC/MYO5A/COL13A1",16
"C0162375","Granuloma, Giant Cell Reparative","3/460","11/21671",0.272727272727273,12.848418972332,5.78835713625027,0.00138085931354107,0.013831076597775,0.00983947313469459,"PECAM1/MMP2/CTSK",3
"C1368237","Solitary Myofibromatosis","3/460","11/21671",0.272727272727273,12.848418972332,5.78835713625027,0.00138085931354107,0.013831076597775,0.00983947313469459,"VIM/CALD1/DES",3
"C2317473","Chronic kidney disease stage 4","3/460","11/21671",0.272727272727273,12.848418972332,5.78835713625027,0.00138085931354107,0.013831076597775,0.00983947313469459,"PRKD1/PKD2/TFPI",3
"C0020445","Hypercholesterolemia, Familial","12/460","203/21671",0.0591133004926108,2.78487898907689,3.76260650845369,0.00138738153365266,0.0138775751780812,0.00987255237682657,"PDE5A/LIPA/ICAM1/IL2RB/SERPINE1/PTPRC/KANK2/NR3C1/SDC2/MMP2/CFH/THBD",12
"C0206062","Lung Diseases, Interstitial","16/460","319/21671",0.0501567398119122,2.36292762709554,3.61140883028087,0.00139477575305693,0.0139138305527922,0.00989834456899149,"LRRFIP1/VWF/FLI1/ICAM1/POSTN/TGFBR1/CSF2RA/CCL5/PTPRC/CAV1/VCAM1/CCL2/FLNA/LGALS1/MSN/ELN",16
"C1145670","Respiratory Failure","16/460","319/21671",0.0501567398119122,2.36292762709554,3.61140883028087,0.00139477575305693,0.0139138305527922,0.00989834456899149,"TPM2/ATXN1/COL12A1/CRYAB/COL6A2/DES/COL6A1/FLNA/PDPN/FAM20C/FSTL1/GREM1/ELN/BCHE/COL13A1/THBD",16
"C0085096","Peripheral Vascular Diseases","10/460","150/21671",0.0666666666666667,3.14072463768116,3.87438712382055,0.00140348205508647,0.0139817874907535,0.00994668935695206,"VWF/ICAM1/AGTR1/SERPING1/VCAM1/CCL2/THBS4/MMP2/HLA-DQB1/THBS1",10
"C0014170","Endometrial Neoplasms","14/460","261/21671",0.053639846743295,2.52701982342162,3.65497486376195,0.00146082188961784,0.0145334059153085,0.0103391125085876,"CLU/LSAMP/TMTC1/ACKR3/CYP1B1/DCN/CAV1/HTRA1/CCL2/SERPINF1/MMP2/JAZF1/FSTL1/AKR1B1",14
"C1837461","SCOLIOSIS, ISOLATED, SUSCEPTIBILITY TO, 3","24/460","578/21671",0.041522491349481,1.95616067398827,3.43125836058242,0.00148243513456508,0.0147285816465133,0.0104779611622089,"DOCK2/ADAMTS12/FRMD4A/AGTR1/PCDH7/DIP2C/TSHZ2/NREP/LATS2/EDNRA/BNC2/CACNA2D1/MYLK/BOC/ANK2/DOK5/DPYSL3/MEIS2/JAZF1/A2M/PDGFC/PALLD/PRICKLE2/COL13A1",24
"C0686377","CNS metastases","8/460","102/21671",0.0784313725490196,3.69497016197783,4.01760135025241,0.00149168371764771,0.01480055000494,0.0105291596878104,"CD74/SMARCA1/DDR2/TIMP2/CCL2/FLNA/MMP2/C3",8
"C0004610","Bacteremia","13/460","233/21671",0.055793991416309,2.62850345213659,3.68046176420377,0.00150361758046975,0.0148313180818427,0.0105510481983649,"VIM/SORBS1/VWF/ATXN1/SERPINE1/CCL5/SERPING1/CCL2/KCNMB1/CFH/THBS1/C3/HLA-DRA",13
"C0008060","child abuse behavior","5/460","40/21671",0.125,5.88885869565217,4.55750319105025,0.00150398975592486,0.0148313180818427,0.0105510481983649,"ADARB1/CD38/CPQ/NR3C1/COL1A2",5
"C0027439","Nasopharyngeal Neoplasms","5/460","40/21671",0.125,5.88885869565217,4.55750319105025,0.00150398975592486,0.0148313180818427,0.0105510481983649,"EDNRA/GJA1/MMP2/VEGFC/RASSF2",5
"C0428908","Sinus Node Dysfunction (disorder)","5/460","40/21671",0.125,5.88885869565217,4.55750319105025,0.00150398975592486,0.0148313180818427,0.0105510481983649,"GJC1/GJA1/CACNA2D1/ANK2/KCNJ8",5
"C0149931","Migraine Disorders","22/460","512/21671",0.04296875,2.02429517663043,3.45414320014828,0.00150483029575998,0.0148313180818427,0.0105510481983649,"COL3A1/COL4A1/VWF/ICAM1/AGTR1/ADARB1/SYNE1/EDNRA/PTPRC/PRKG1/GEM/CAV2/TIMP2/SLC24A3/MEIS1/CCL2/FLNA/MMP2/TSPAN2/HLA-DQB1/C3/ATP1A2",22
"C0015414","Eye Neoplasms","4/460","24/21671",0.166666666666667,7.8518115942029,4.94583899468169,0.00151990871647076,0.0149400348135648,0.0106283896369369,"FLI1/EFS/SERPINF1/TFPI",4
"C0042167","Uveitis, Posterior","4/460","24/21671",0.166666666666667,7.8518115942029,4.94583899468169,0.00151990871647076,0.0149400348135648,0.0106283896369369,"ICAM1/CCL5/CFH/HLA-DRA",4
"C0017667","Nodular glomerulosclerosis","6/460","59/21671",0.101694915254237,4.79093588798821,4.29390830160745,0.00154141920130226,0.0151069288922148,0.0107471186304182,"AOC3/COL4A1/SERPINE1/AXL/ANGPTL2/CCL2",6
"C4082974","Dupuytren's Disease","6/460","59/21671",0.101694915254237,4.79093588798821,4.29390830160745,0.00154141920130226,0.0151069288922148,0.0107471186304182,"AGTR1/POSTN/TNC/ACTA2/TIMP2/MMP2",6
"C0149678","Epstein-Barr Virus Infections","18/460","384/21671",0.046875,2.20832201086957,3.51818658520569,0.00154302687411676,0.0151069288922148,0.0107471186304182,"VIM/CD74/ICAM1/SMARCA1/CD38/CCL5/GEM/CHRDL1/DCN/GBP1/VCAM1/CCL2/GBP5/LGALS1/PDLIM7/HLA-DQB1/HLA-DRA/ITGA4",18
"C1691215","Penile hypospadias","9/460","127/21671",0.0708661417322835,3.33856555973982,3.8923872320141,0.00157639795779425,0.0154132049330293,0.0109650044077177,"MMP11/SETBP1/TGFBR1/BNC2/CYP1B1/MYH11/ZEB2/ELN/EDIL3",9
"C0022116","Ischemia","8/460","103/21671",0.0776699029126214,3.6590966652596,3.98359886376105,0.00158796367577748,0.0154852679717165,0.0110162702891662,"GJA1/ACTA2/MFGE8/CCL2/MMP2/THBS1/AKR1B1/THBD",8
"C0028840","Ocular Hypertension","8/460","103/21671",0.0776699029126214,3.6590966652596,3.98359886376105,0.00158796367577748,0.0154852679717165,0.0110162702891662,"CYP1B1/CAV1/NR3C1/MMP2/THBS1/C3/LOXL1/AKR1B1",8
"C1536220","ST segment elevation myocardial infarction","14/460","264/21671",0.053030303030303,2.49830368906456,3.60704621936998,0.00162580726552211,0.0158258265349282,0.0112585447650411,"AGTR1/PAPPA/IL6ST/SERPINE1/CCL5/GJA1/ACKR3/AXL/F2R/CCL2/MMP2/TFPI/THBS1/THBD",14
"C0004623","Bacterial Infections","25/460","616/21671",0.0405844155844156,1.91196710897798,3.38158032563853,0.00162717452452052,0.0158258265349282,0.0112585447650411,"DOCK2/COL4A1/CLU/ICAM1/RBMS3/CYBB/JAK3/TGFBR1/RUNX1T1/SERPINE1/CCL5/PTPRC/GBP2/MASP1/ACTG2/CSRP1/CCL2/CFH/MCAM/TFPI/MSN/C3/POPDC2/BCHE/LILRB2",25
"C0856825","Acute GVH disease","15/460","294/21671",0.0510204081632653,2.40361579414374,3.5684230217103,0.00164710109438972,0.0159985529984012,0.0113814229361638,"VIM/PECAM1/VWF/ICAM1/CD38/SERPINE1/CCL5/GEM/CAV1/VCAM1/NR3C1/HLA-DQB1/C3/BCHE/THBD",15
"C0024591","Malignant hyperpyrexia due to anesthesia","6/460","60/21671",0.1,4.71108695652174,4.23903618421506,0.00168254194269093,0.0162726350716847,0.0115764058196516,"COL4A1/EPHA3/CACNA2D1/SLC24A3/FLNA/BCHE",6
"C0600433","Activated Protein C Resistance","5/460","41/21671",0.121951219512195,5.74522799575822,4.47866472465892,0.00168342872521667,0.0162726350716847,0.0115764058196516,"VWF/SERPINE1/SERPING1/TFPI/THBD",5
"C1292779","Myelodysplastic Syndrome with Isolated del(5q)","5/460","41/21671",0.121951219512195,5.74522799575822,4.47866472465892,0.00168342872521667,0.0162726350716847,0.0115764058196516,"CD74/FLI1/ATXN1/F2R/SPARC",5
"C1854114","Short nose","14/460","265/21671",0.0528301886792453,2.48887612797375,3.59121612650851,0.001684136168351,0.0162726350716847,0.0115764058196516,"FLI1/GLI3/MAF/TCF4/SETBP1/FGFR1/GJA1/DDR2/GPC6/MEF2C/FLNA/FAM20C/ELN/CCDC88A",14
"C0521607","Peritoneal Fibrosis","8/460","104/21671",0.0769230769230769,3.62391304347826,3.95001767014024,0.00168909918438902,0.0162779767351955,0.0115802058965464,"AGTR1/POSTN/SERPINE1/TIMP2/CCL2/MMP2/VEGFC/THBS1",8
"C1562113","Fleck corneal dystrophy","8/460","104/21671",0.0769230769230769,3.62391304347826,3.95001767014024,0.00168909918438902,0.0162779767351955,0.0115802058965464,"CLU/TCF4/JAK3/GJA1/COL8A2/CRYAB/CCL2/ITGA4",8
"C0022665","Kidney Neoplasm","15/460","295/21671",0.0508474576271186,2.39546794399411,3.55382020063164,0.00170251964642586,0.0163859192045837,0.0116569965223614,"VIM/CD74/FGFR1/IGFBP7/CD38/CYP1B1/AXL/CPQ/MITF/VCAM1/UBE2QL1/MMP2/NFATC1/BCHE/CTSK",15
"C0235527","Heart Failure, Right-Sided","10/460","154/21671",0.0649350649350649,3.05914737436477,3.77645862088725,0.00170863978074784,0.0164234099758861,0.0116836675797025,"APOC1/VWF/AGTR1/CYBB/POSTN/EDNRA/SERPINE1/HTR2B/CCL2/MMP2",10
"C1368683","Epithelioma","16/460","326/21671",0.049079754601227,2.31218991731128,3.51548473405062,0.00174071839507725,0.0166394905711291,0.0118373880219828,"VIM/CLU/CD74/IGFBP7/HIP1/TIMP2/CAV1/FEZ1/CLIC4/MEIS1/F2R/PDPN/MMP2/TFPI/LGALS1/PDLIM7",16
"C3553764","Joint hyperflexibility","11/460","181/21671",0.0607734806629834,2.86309152053807,3.70666270582201,0.00174116767654557,0.0166394905711291,0.0118373880219828,"COL3A1/TGFBR1/TRPS1/C1S/C1R/ANTXR1/FLNA/COL1A2/EFEMP2/ELN/ADAMTS2",11
"C0262655","Recurrent urinary tract infection","13/460","237/21671",0.0548523206751055,2.58414052467437,3.61113781703141,0.00174926837983296,0.0166394905711291,0.0118373880219828,"VIM/ICAM1/AGTR1/IL2RB/TRPS1/CCL5/BNC2/PKD2/KCNMA1/CCL2/MSN/EFEMP2/ELN",13
"C0265660","Syndactyly of the toes","9/460","129/21671",0.0697674418604651,3.28680485338726,3.83626632145653,0.00175663567493624,0.0166394905711291,0.0118373880219828,"FLI1/GLI3/RAB23/FGFR1/GJA1/TWIST2/MEF2C/FLNA/DACT1",9
"C1837404","High, narrow palate","9/460","129/21671",0.0697674418604651,3.28680485338726,3.83626632145653,0.00175663567493624,0.0166394905711291,0.0118373880219828,"COL3A1/TGFBR1/PRKG1/MFAP5/ACTA2/MYLK/MYH11/ANTXR1/ELN",9
"C0019212","Hepatorenal Syndrome","4/460","25/21671",0.16,7.53773913043478,4.81655544680479,0.00177937812840683,0.0166394905711291,0.0118373880219828,"IGFBP7/TIMP2/ITPR1/VCAM1",4
"C0038505","Sturge-Weber Syndrome","4/460","25/21671",0.16,7.53773913043478,4.81655544680479,0.00177937812840683,0.0166394905711291,0.0118373880219828,"POSTN/PTPRC/CYP1B1/MEF2C",4
"C0264545","Thickening of pleura","4/460","25/21671",0.16,7.53773913043478,4.81655544680479,0.00177937812840683,0.0166394905711291,0.0118373880219828,"CRISPLD2/SERPINE1/TIMP2/F2R",4
"C0282548","Leukostasis","4/460","25/21671",0.16,7.53773913043478,4.81655544680479,0.00177937812840683,0.0166394905711291,0.0118373880219828,"ICAM1/PTPRC/VCAM1/SERPINF1",4
"C0431406","Asymmetric crying face association","4/460","25/21671",0.16,7.53773913043478,4.81655544680479,0.00177937812840683,0.0166394905711291,0.0118373880219828,"KCNMA1/CRYAB/DES/MMP2",4
"C1833340","Synostotic Posterior Plagiocephaly","4/460","25/21671",0.16,7.53773913043478,4.81655544680479,0.00177937812840683,0.0166394905711291,0.0118373880219828,"GLI3/RAB23/FGFR1/MASP1",4
"C0086132","Depressive Symptoms","19/460","421/21671",0.0451306413301663,2.12614375710007,3.43623782310969,0.0017847761482127,0.0166394905711291,0.0118373880219828,"IGFBP5/IL18BP/ST8SIA4/LIPA/IL2RB/MCC/IL6ST/CD38/EDNRA/SERPINE1/GJA1/ACKR3/CYP1B1/ACTG2/NR3C1/CCL2/BCHE/ADAMTS2/RORA",19
"C1445957","Serum total cholesterol measurement","21/460","486/21671",0.0432098765432099,2.03565485775631,3.40053106449329,0.00178523801815304,0.0166394905711291,0.0118373880219828,"COL4A1/LAIR1/ADAM12/RDX/APOC1/ICAM1/AGTR1/PCSK5/SGCD/ITGA1/TGFBR1/AKT3/TRPS1/TAGLN/KANK2/TFPI/HLA-DRA/ELN/ATP1A2/PRKCB/RORA",21
"C0005941","Bone Diseases, Developmental","7/460","82/21671",0.0853658536585366,4.02165959703075,4.03704880882961,0.00179255709657757,0.0166394905711291,0.0118373880219828,"PCSK5/TRPS1/GPC6/NR3C1/FLNA/FAM20C/CTSK",7
"C0020651","Hypotension, Orthostatic","7/460","82/21671",0.0853658536585366,4.02165959703075,4.03704880882961,0.00179255709657757,0.0166394905711291,0.0118373880219828,"AGTR1/EBF1/CAV1/F2R/CCL2/PPP1R14A/PRKCB",7
"C0349788","Arrhythmogenic Right Ventricular Dysplasia","7/460","82/21671",0.0853658536585366,4.02165959703075,4.03704880882961,0.00179255709657757,0.0166394905711291,0.0118373880219828,"GJC1/GJA1/PRKG1/LDB3/PLN/MEF2C/DES",7
"C0027126","Myotonic Dystrophy","10/460","155/21671",0.0645161290322581,3.03941093969144,3.75247342616451,0.00179276209051946,0.0166394905711291,0.0118373880219828,"PDLIM3/ASB2/ST8SIA4/APOC1/RBMS3/TCF4/ATXN1/LDB3/MEF2C/PRKCB",10
"C0040580","Tracheal Diseases","10/460","155/21671",0.0645161290322581,3.03941093969144,3.75247342616451,0.00179276209051946,0.0166394905711291,0.0118373880219828,"SOX7/CD300A/CAV1/VCAM1/NR3C1/CCL2/SERPINF1/VEGFC/FSTL1/COX7A1",10
"C0023479","Acute myelomonocytic leukemia","8/460","105/21671",0.0761904761904762,3.58939958592133,3.916848040585,0.00179526057906015,0.0166394905711291,0.0118373880219828,"CYBB/SETBP1/MLLT11/RUNX1T1/FGFR1/CD38/MYH11/FLNA",8
"C1378050","Oncocytic Neoplasm","8/460","105/21671",0.0761904761904762,3.58939958592133,3.916848040585,0.00179526057906015,0.0166394905711291,0.0118373880219828,"VIM/IGFBP5/FGFR1/MITF/VCAM1/NR3C1/DES/PRKCB",8
"C0023653","Lichenification","3/460","12/21671",0.25,11.7777173913043,5.49953554580415,0.0018122663802747,0.0166394905711291,0.0118373880219828,"OSMR/VEGFC/HLA-DRA",3
"C0023654","Lichenification and lichen simplex chronicus","3/460","12/21671",0.25,11.7777173913043,5.49953554580415,0.0018122663802747,0.0166394905711291,0.0118373880219828,"OSMR/VEGFC/HLA-DRA",3
"C0042140","Uterine Prolapse","3/460","12/21671",0.25,11.7777173913043,5.49953554580415,0.0018122663802747,0.0166394905711291,0.0118373880219828,"COL3A1/EFEMP1/ELN",3
"C0151539","Blood urea increased","3/460","12/21671",0.25,11.7777173913043,5.49953554580415,0.0018122663802747,0.0166394905711291,0.0118373880219828,"CFH/C3/THBD",3
"C0155826","Chronic nasopharyngitis","3/460","12/21671",0.25,11.7777173913043,5.49953554580415,0.0018122663802747,0.0166394905711291,0.0118373880219828,"TCF4/DLC1/RECK",3
"C0268363","Osteogenesis imperfecta type IV (disorder)","3/460","12/21671",0.25,11.7777173913043,5.49953554580415,0.0018122663802747,0.0166394905711291,0.0118373880219828,"SPARC/SERPINF1/COL1A2",3
"C0581377","Decompensated cardiac failure","3/460","12/21671",0.25,11.7777173913043,5.49953554580415,0.0018122663802747,0.0166394905711291,0.0118373880219828,"IGFBP7/TIMP2/MCAM",3
"C0812437","Oculo-dento-digital syndrome","3/460","12/21671",0.25,11.7777173913043,5.49953554580415,0.0018122663802747,0.0166394905711291,0.0118373880219828,"GJA1/CYP1B1/TWIST2",3
"C1263858","Muscular dystrophy congenital, merosin negative","3/460","12/21671",0.25,11.7777173913043,5.49953554580415,0.0018122663802747,0.0166394905711291,0.0118373880219828,"VIM/AGTR1/DCN",3
"C1290511","Anodontia of Permanent Dentition","3/460","12/21671",0.25,11.7777173913043,5.49953554580415,0.0018122663802747,0.0166394905711291,0.0118373880219828,"RAB23/C1S/C1R",3
"C1333500","Extragastrointestinal Gastrointestinal Stromal Tumor","3/460","12/21671",0.25,11.7777173913043,5.49953554580415,0.0018122663802747,0.0166394905711291,0.0118373880219828,"VIM/DES/PRKCB",3
"C1837512","Decreased serum complement C3","3/460","12/21671",0.25,11.7777173913043,5.49953554580415,0.0018122663802747,0.0166394905711291,0.0118373880219828,"C1R/CFH/C3",3
"C1842229","Broad metacarpals","3/460","12/21671",0.25,11.7777173913043,5.49953554580415,0.0018122663802747,0.0166394905711291,0.0118373880219828,"FGFR1/DDR2/MMP2",3
"C3542021","Duchenne and Becker Muscular Dystrophy","3/460","12/21671",0.25,11.7777173913043,5.49953554580415,0.0018122663802747,0.0166394905711291,0.0118373880219828,"POSTN/SGCD/CCL2",3
"C3887590","Stricture of ureter","3/460","12/21671",0.25,11.7777173913043,5.49953554580415,0.0018122663802747,0.0166394905711291,0.0118373880219828,"SETBP1/FLNA/CDH11",3
"C3888044","Nephrogenic Systemic Fibrosis","3/460","12/21671",0.25,11.7777173913043,5.49953554580415,0.0018122663802747,0.0166394905711291,0.0118373880219828,"DCN/CAV1/CCL2",3
"C0015469","Facial paralysis","11/460","182/21671",0.0604395604395604,2.8473602484472,3.6855896937236,0.00181874074447091,0.0166574989772758,0.0118501992610231,"COL4A1/TPM2/SGCD/GJA1/COL12A1/TUBB6/COL6A2/DES/COL6A1/LAMB2/COL13A1",11
"C0021841","Intestinal Neoplasms","11/460","182/21671",0.0604395604395604,2.8473602484472,3.6855896937236,0.00181874074447091,0.0166574989772758,0.0118501992610231,"CLU/TCF4/MCC/PMP22/TIAM1/SLIT2/DCLK1/DCN/F2R/GREM1/PRKCB",11
"C0030524","Paratuberculosis","6/460","61/21671",0.0983606557377049,4.63385602280827,4.18536221947563,0.00183325982657465,0.0167489158908095,0.0119152335523462,"SLC11A1/AOC3/LSAMP/C1R/C3/IL10RA",6
"C0155765","Disease of capillaries","6/460","61/21671",0.0983606557377049,4.63385602280827,4.18536221947563,0.00183325982657465,0.0167489158908095,0.0119152335523462,"COL4A1/VWF/AGTR1/SLIT2/MFGE8/CFH",6
"C0234860","Weak cry","5/460","42/21671",0.119047619047619,5.60843685300207,4.40238343180873,0.00187808383031959,0.0170739098958365,0.012146435350615,"TPM2/KCNMA1/CRYAB/LAMB2/COL13A1",5
"C1802398","Chromosome 5, trisomy 5q","5/460","42/21671",0.119047619047619,5.60843685300207,4.40238343180873,0.00187808383031959,0.0170739098958365,0.012146435350615,"CD74/FLI1/ATXN1/F2R/SPARC",5
"C1961121","Congenital vascular anomaly","5/460","42/21671",0.119047619047619,5.60843685300207,4.40238343180873,0.00187808383031959,0.0170739098958365,0.012146435350615,"PECAM1/VWF/NRP2/CCL2/FLNA",5
"C3489396","Hypogonadism, Isolated Hypogonadotropic","5/460","42/21671",0.119047619047619,5.60843685300207,4.40238343180873,0.00187808383031959,0.0170739098958365,0.012146435350615,"FGFR1/EDNRA/ACKR3/SRPX/NDN",5
"C0033687","Proteinuria","13/460","239/21671",0.0543933054393305,2.56251591777333,3.57700749391327,0.00188401262312082,0.0171067419235891,0.0121697921625555,"CLU/ICAM1/AGTR1/CYBB/CTSB/C1R/KANK2/CFH/TFPI/C3/ELN/LAMB2/THBD",13
"C0029172","Oral Submucous Fibrosis","8/460","106/21671",0.0754716981132075,3.55553732567678,3.88408056361728,0.0019066209720938,0.017269541123922,0.0122856080462073,"VIM/DKK3/SERPINE1/ZEB2/CCL2/MMP2/COL1A2/LUM",8
"C1839758","Narrow forehead","8/460","106/21671",0.0754716981132075,3.55553732567678,3.88408056361728,0.0019066209720938,0.017269541123922,0.0122856080462073,"FRMD4A/TCF4/SETBP1/MEIS2/NDN/CDH11/ELN/CCDC88A",8
"C0595989","Carcinoma of larynx","20/460","456/21671",0.043859649122807,2.06626620900076,3.38886562846109,0.00191278745428569,0.0173041629749227,0.0123102381442612,"VIM/MMP11/ADAMTS5/MAP4K4/TCF4/IL2RB/PMP22/FGFR1/PRKD1/ACKR3/CYP1B1/CTSB/TIMP2/DCN/CAV1/ZEB2/CRYAB/MMP2/LGALS1/PDLIM7",20
"C0239234","Low set ears","21/460","489/21671",0.0429447852760736,2.02316617764737,3.37011656673989,0.00192221348555436,0.0173478189582063,0.0123412951535728,"COL4A1/TPM2/FRMD4A/MAF/RAB23/SETBP1/FGFR1/EDNRA/GJA1/FHL1/GPC6/MASP1/TWIST2/MEF2C/ANTXR1/MEIS2/FLNA/FAM20C/CDH11/EFEMP2/COL13A1",21
"C0233794","Memory impairment","29/460","763/21671",0.0380078636959371,1.79058350903185,3.2740218528307,0.00192231318176818,0.0173478189582063,0.0123412951535728,"FYN/PDE5A/CLU/CD74/AGTR1/CYBB/ATXN1/AKT3/TIAM1/IGFBP7/EDNRA/GJA1/ACKR3/PTPRC/CYP1B1/CTSB/PRKG1/CAV1/ITPR1/SERPING1/NR3C1/SYNM/CCL2/LGALS1/HLA-DQB1/BCHE/PRKCB/CTSK/IGSF6",29
"C0694550","Recurrent pneumonia","6/460","62/21671",0.0967741935483871,4.55911640953717,4.13283914553242,0.00199398554932048,0.0179070575730946,0.012739139333538,"CYBB/JAK3/SETBP1/IGHM/CD3D/DDR2",6
"C0741916","Cardiac defects","6/460","62/21671",0.0967741935483871,4.55911640953717,4.13283914553242,0.00199398554932048,0.0179070575730946,0.012739139333538,"PDLIM3/SOX7/MEIS2/FLNA/MMP2/NFATC1",6
"C2717961","Thrombotic Microangiopathies","6/460","62/21671",0.0967741935483871,4.55911640953717,4.13283914553242,0.00199398554932048,0.0179070575730946,0.012739139333538,"VWF/SERPINE1/CFH/PDGFC/C3/THBD",6
"C2733158","Cerebral Small Vessel Diseases","6/460","62/21671",0.0967741935483871,4.55911640953717,4.13283914553242,0.00199398554932048,0.0179070575730946,0.012739139333538,"COL4A1/MYLK/DCN/HTRA1/TFPI/ATP1A2",6
"C0553723","Squamous cell carcinoma of skin","20/460","458/21671",0.0436681222707424,2.05724321245491,3.36770776420514,0.00201242712140981,0.0180507132566795,0.0128413364567546,"VIM/FYN/DLC1/RAB23/TGFBR1/TRPS1/SLIT2/EDNRA/ACKR3/CLDN11/EFS/TNC/EFEMP1/FHL1/NR3C1/PDPN/SDC2/VEGFC/THBS1/C3",20
"C3714514","Infection","21/460","491/21671",0.0427698574338086,2.0149251748871,3.34995977991714,0.0020184068238545,0.0180823776379781,0.0128638626011882,"VIM/SLC11A1/APOC1/ICAM1/CD38/CCL5/CD2/PTPRC/CAV2/CAV1/VCAM1/ANTXR1/F2R/CCL2/FLNA/MMP2/CFH/MSN/HLA-DQB1/LRRC15/IL10RA",21
"C0936223","Metastatic Prostate Carcinoma","17/460","362/21671",0.0469613259668508,2.21238890223397,3.42564616312034,0.00202188277835367,0.0180915620240083,0.0128703964034532,"VIM/HAVCR2/CLU/ICAM1/DLC1/TUSC3/EDNRA/ARHGAP9/CYP1B1/CAV1/NR3C1/SPARC/CCL2/SERPINF1/SPARCL1/MMP2/VEGFC",17
"C0013537","Eclampsia","13/460","241/21671",0.0539419087136929,2.54125022550965,3.54322220067764,0.00202721353956582,0.0181173006647395,0.0128887069566635,"IGFBP5/ADAM12/AGTR1/PAPPA/SERPINE1/ACKR3/GEM/F2R/CCL2/MMP2/CFH/PRKCB/THBD",13
"C0023892","Biliary cirrhosis","9/460","132/21671",0.0681818181818182,3.212104743083,3.75411596541836,0.00205755400563891,0.0182872707890695,0.0130096242591036,"CYGB/PDE5A/ICAM1/CCL5/CD3D/CAV2/CAV1/MMP2/CDH5",9
"C1853926","NONAKA MYOPATHY","9/460","132/21671",0.0681818181818182,3.212104743083,3.75411596541836,0.00205755400563891,0.0182872707890695,0.0130096242591036,"TPM2/ICAM1/SERPINE1/DCN/CRYAB/DES/MMP2/PRKCB/CDH5",9
"C1262091","Lymphocytic infiltration","7/460","84/21671",0.0833333333333333,3.92590579710145,3.9566864544623,0.00205990936540972,0.0182872707890695,0.0130096242591036,"AOC3/CD8A/CCL5/GEM/GBP1/THBS1/RORA",7
"C0018915","Hemangioendothelioma","4/460","26/21671",0.153846153846154,7.24782608695652,4.69423265822814,0.00206801831591394,0.0182872707890695,0.0130096242591036,"SERPINE1/WWTR1/CCL2/PDPN",4
"C0241181","Fragile skin","4/460","26/21671",0.153846153846154,7.24782608695652,4.69423265822814,0.00206801831591394,0.0182872707890695,0.0130096242591036,"COL3A1/C1S/COL1A2/ADAMTS2",4
"C0578575","Dissection of proximal aorta","4/460","26/21671",0.153846153846154,7.24782608695652,4.69423265822814,0.00206801831591394,0.0182872707890695,0.0130096242591036,"COL3A1/VWF/MMP2/ELN",4
"C3899665","Childhood Epithelioid Hemangioendothelioma","4/460","26/21671",0.153846153846154,7.24782608695652,4.69423265822814,0.00206801831591394,0.0182872707890695,0.0130096242591036,"PECAM1/FLI1/WWTR1/CAV1",4
"C3900104","Adult Epithelioid Hemangioendothelioma","4/460","26/21671",0.153846153846154,7.24782608695652,4.69423265822814,0.00206801831591394,0.0182872707890695,0.0130096242591036,"PECAM1/FLI1/WWTR1/CAV1",4
"C0242966","Systemic Inflammatory Response Syndrome","11/460","185/21671",0.0594594594594595,2.80118683901293,3.62321948306222,0.00206852764953577,0.0182872707890695,0.0130096242591036,"PDLIM3/ICAM1/CYBB/STON1/SERPINE1/NR3C1/CCL2/CFH/RTN1/THBD/EDIL3",11
"C0241910","Autoimmune Chronic Hepatitis","12/460","213/21671",0.0563380281690141,2.65413349663197,3.57267521456486,0.00207857098489261,0.0183540801560733,0.0130571526613312,"HAVCR2/CD74/FGL2/HLA-DOA/JAM3/CCL5/PTPRC/GEM/C1S/NR3C1/CCL2/HLA-DQB1",12
"C1510475","Diverticulosis","5/460","43/21671",0.116279069767442,5.47800808897877,4.32851294429592,0.00208870303091633,0.018421512275059,0.0131051240913558,"COL3A1/GJA1/TIMP2/GAP43/TACR2",5
"C0024131","Lupus Vulgaris","22/460","526/21671",0.0418250950570342,1.97041659778476,3.31798977132182,0.00210282000859662,0.0185238869969693,0.0131779538034023,"VIM/MMP11/VWF/FLI1/CYBB/RUNX1T1/CD38/EGR2/CD2/PTPRC/GEM/MASP1/MFGE8/VCAM1/CCL2/SDC2/MMP2/CFH/C3/LBH/C1QC/PRKCB",22
"C0024305","Lymphoma, Non-Hodgkin","28/460","733/21671",0.0381991814461119,1.79959665460585,3.24327039307721,0.00212873663163775,0.0187298376814659,0.0133244677940414,"HAVCR2/PDLIM3/LAIR1/ADAM12/GPR34/ICAM1/DLC1/TGFBR1/FGFR1/CD38/CCL5/PTPRC/CYP1B1/TNC/TIMP2/SERPING1/VCAM1/PLEKHO1/MMP2/LGALS1/PDLIM7/HLA-DQB1/DIXDC1/BCHE/IL10RA/PRKCB/RORA/EDIL3",28
"C0016842","Congenital pectus excavatum","14/460","272/21671",0.0514705882352941,2.42482416879795,3.48238501598351,0.00214314817718065,0.0188341902904137,0.0133987045813963,"COL3A1/TPM2/TGFBR1/SYNE1/MFAP5/DDR2/CFL2/FHL1/ZEB2/FLNA/COL1A2/CDH11/EFEMP2/ELN",14
"C0026499","Monosomy","12/460","214/21671",0.0560747663551402,2.64173100365705,3.55428448166967,0.00216093976459644,0.0188822124738568,0.0134328677197837,"VIM/DERL3/PECAM1/SETBP1/HLA-DOA/PMP22/CSF2RA/GLIS2/EFS/MYH11/TFPI/EDIL3",12
"C0009326","Collagen Diseases","6/460","63/21671",0.0952380952380952,4.48674948240166,4.08142230676203,0.00216513699873333,0.0188822124738568,0.0134328677197837,"CCL5/DES/MGP/COL1A2/PDLIM7/ADAMTS2",6
"C0034543","Radicular Cyst","6/460","63/21671",0.0952380952380952,4.48674948240166,4.08142230676203,0.00216513699873333,0.0188822124738568,0.0134328677197837,"ICAM1/CD8A/TIMP2/PDPN/MMP2/LGALS1",6
"C0270960","Congenital myopathy (disorder)","6/460","63/21671",0.0952380952380952,4.48674948240166,4.08142230676203,0.00216513699873333,0.0188822124738568,0.0134328677197837,"TPM2/COL12A1/CFL2/FHL1/DES/DTNA",6
"C0549493","Alveolitis","6/460","63/21671",0.0952380952380952,4.48674948240166,4.08142230676203,0.00216513699873333,0.0188822124738568,0.0134328677197837,"ICAM1/IL2RB/ITGA1/CCL5/CCL2/THBS1",6
"C0973461","Dysphasia","6/460","63/21671",0.0952380952380952,4.48674948240166,4.08142230676203,0.00216513699873333,0.0188822124738568,0.0134328677197837,"TCF4/FGFR1/CFH/COL1A2/ADAMTS2/ATP1A2",6
"C1849089","Broad forehead","9/460","133/21671",0.0676691729323308,3.18795357960118,3.72725441033652,0.00216651774117538,0.0188822124738568,0.0134328677197837,"SETBP1/TRPS1/ZFPM2/ACTG2/MEF2C/ANTXR1/FLNA/CDH11/ELN",9
"C0264408","Childhood asthma","15/460","303/21671",0.0495049504950495,2.33222126560482,3.43908997418069,0.00220453016854743,0.0191466466114131,0.0136209870302357,"HAVCR2/CLU/ICAM1/POSTN/SERPINE1/CCL5/KLHL5/AXL/BOC/ANTXR1/JAZF1/FSTL1/AKR1B1/RORA/ITGA4",15
"C0014335","Enteritis","7/460","85/21671",0.0823529411764706,3.87971867007673,3.917429938791,0.00220463961253064,0.0191466466114131,0.0136209870302357,"COL3A1/ICAM1/SERPINE1/TNC/SPARC/CFH/NFATC1",7
"C3806467","Respiratory insufficiency due to muscle weakness","7/460","85/21671",0.0823529411764706,3.87971867007673,3.917429938791,0.00220463961253064,0.0191466466114131,0.0136209870302357,"TPM2/SYNE1/FHL1/CRYAB/COL6A2/DES/COL6A1",7
"C3898127","Non-Metastatic Childhood Soft Tissue Sarcoma","10/460","160/21671",0.0625,2.94442934782609,3.63537869811718,0.00226505897222701,0.019639622613781,0.0139716917709013,"VIM/PECAM1/FGFR1/SERPINE1/PTPRC/MITF/CCL2/VEGFC/PRIMA1/THBD",10
"C0848558","Hypospadias","17/460","366/21671",0.046448087431694,2.18820978854835,3.37614195377323,0.00226672425723942,0.019639622613781,0.0139716917709013,"COL3A1/MMP11/GLI3/SETBP1/TGFBR1/FGFR1/BNC2/CYP1B1/ZFPM2/KCNMA1/MYH11/ZEB2/FLNA/DACT1/GREM1/ELN/EDIL3",17
"C4721413","Juvenile angiofibroma","5/460","44/21671",0.113636363636364,5.35350790513834,4.25691849485773,0.00231603883774331,0.0198828018379977,0.0141446902664761,"COL3A1/TIMP2/DCN/CCL2/COL1A2",5
"C0013743","Eisenmenger Complex","3/460","13/21671",0.230769230769231,10.8717391304348,5.24304966013905,0.00231903175054403,0.0198828018379977,0.0141446902664761,"TGFBR1/EDNRA/THBD",3
"C0019326","Ventral Hernia","3/460","13/21671",0.230769230769231,10.8717391304348,5.24304966013905,0.00231903175054403,0.0198828018379977,0.0141446902664761,"COL3A1/TWIST2/AEBP1",3
"C0030343","Panuveitis","3/460","13/21671",0.230769230769231,10.8717391304348,5.24304966013905,0.00231903175054403,0.0198828018379977,0.0141446902664761,"GEM/CCL2/CFH",3
"C0040962","Tricuspid Valve Prolapse","3/460","13/21671",0.230769230769231,10.8717391304348,5.24304966013905,0.00231903175054403,0.0198828018379977,0.0141446902664761,"TGFBR1/FGFR1/FLNA",3
"C0234362","Synkinesis","3/460","13/21671",0.230769230769231,10.8717391304348,5.24304966013905,0.00231903175054403,0.0198828018379977,0.0141446902664761,"FGFR1/ACKR3/PTPRC",3
"C0271148","Secondary Open Angle Glaucoma","3/460","13/21671",0.230769230769231,10.8717391304348,5.24304966013905,0.00231903175054403,0.0198828018379977,0.0141446902664761,"CAV2/CAV1/CRYAB",3
"C0543822","Atherosclerotic occlusive disease","3/460","13/21671",0.230769230769231,10.8717391304348,5.24304966013905,0.00231903175054403,0.0198828018379977,0.0141446902664761,"SERPINE1/TIMP2/MMP2",3
"C1266121","Myofibroma (morphologic abnormality)","3/460","13/21671",0.230769230769231,10.8717391304348,5.24304966013905,0.00231903175054403,0.0198828018379977,0.0141446902664761,"VIM/CALD1/DES",3
"C0240635","Byzanthine arch palate","21/460","497/21671",0.0422535211267606,1.99060012247397,3.29005317217488,0.00233185228972839,0.0199621213512776,0.0142011184276867,"TPM2/PTPN14/RAB23/SETBP1/TGFBR1/FGFR1/TRPS1/AP1S2/IGHM/COL12A1/DDR2/CFL2/COL6A2/COL6A1/FLNA/FAM20C/AEBP1/CDH11/EFEMP2/LAMB2/COL13A1",21
"C0030552","Paresis","12/460","216/21671",0.0555555555555556,2.61727053140097,3.51781574931946,0.00233369150990959,0.0199621213512776,0.0142011184276867,"TPM2/SGCD/PMP22/SYNE1/FHL1/CRYAB/COL6A2/DES/CCL2/COL1A2/BCHE/COL13A1",12
"C0403592","Chronic rejection of renal transplant","6/460","64/21671",0.09375,4.41664402173913,4.0310694709728,0.0023471368638339,0.0200538938990994,0.0142664057184056,"VIM/HAVCR2/CLU/SERPINE1/F2R/ADAM19",6
"C0003537","Aphasia","7/460","86/21671",0.0813953488372093,3.83460566228514,3.87876661527367,0.00235709406704378,0.0200692830483474,0.0142773536095203,"TCF4/FGFR1/MEF2C/COL1A2/HLA-DQB1/ADAMTS2/ATP1A2",7
"C0013221","Drug toxicity","7/460","86/21671",0.0813953488372093,3.83460566228514,3.87876661527367,0.00235709406704378,0.0200692830483474,0.0142773536095203,"CLU/HTR2B/HSPB6/NR3C1/C3/BCHE/THBD",7
"C0162809","Kallmann Syndrome","7/460","86/21671",0.0813953488372093,3.83460566228514,3.87876661527367,0.00235709406704378,0.0200692830483474,0.0142773536095203,"GLI3/FGFR1/EDNRA/ACKR3/AXL/NRP2/NDN",7
"C0019322","Umbilical hernia","4/460","27/21671",0.148148148148148,6.97938808373591,4.57823056615468,0.00238743322298212,0.0202110459312546,0.0143782041881432,"GLI3/TRPS1/KCNMA1/AEBP1",4
"C0036329","Schistosomiasis japonica","4/460","27/21671",0.148148148148148,6.97938808373591,4.57823056615468,0.00238743322298212,0.0202110459312546,0.0143782041881432,"HAVCR2/COL3A1/CD38/THBS1",4
"C0178879","Urinary tract obstruction","4/460","27/21671",0.148148148148148,6.97938808373591,4.57823056615468,0.00238743322298212,0.0202110459312546,0.0143782041881432,"ICAM1/BNC2/TSHZ3/ADAMTS1",4
"C0700225","Serum creatinine raised","4/460","27/21671",0.148148148148148,6.97938808373591,4.57823056615468,0.00238743322298212,0.0202110459312546,0.0143782041881432,"PKD2/CFH/C3/THBD",4
"C1836672","Total Hypotrichosis, Mari type","4/460","27/21671",0.148148148148148,6.97938808373591,4.57823056615468,0.00238743322298212,0.0202110459312546,0.0143782041881432,"EDNRA/ACKR3/CCL2/MMP2",4
"C0007282","Carotid Stenosis","9/460","135/21671",0.0666666666666667,3.14072463768116,3.67428610058285,0.00239821624651402,0.0202790748359295,0.0144266001734593,"IL18BP/CLU/ST8SIA4/CD74/VWF/SERPINE1/VCAM1/MMP2/THBD",9
"C4521042","Complete Trisomy 21 Syndrome","26/460","669/21671",0.038863976083707,1.83091570806525,3.21490023569138,0.00240243437873652,0.0202914995238363,0.0144354391370787,"FYN/CLU/ICAM1/PAPPA/JAK3/TIAM1/IGFBP7/CD38/EDNRA/GJA1/EGR2/ACKR3/GLIS2/EFS/ANGPTL2/SYNM/GAP43/COL6A2/COL6A1/CCL2/FLNA/CFH/A2M/NFATC1/THBS1/BCHE",26
"C0860603","Anxiety symptoms","8/460","110/21671",0.0727272727272727,3.42624505928854,3.7568543340724,0.00240760857013817,0.0203119616740114,0.0144499959776473,"ST8SIA4/EDNRA/SERPINE1/ACKR3/SGCE/CCL2/MMP2/BCHE",8
"C0220613","Adult Soft Tissue Sarcoma","10/460","162/21671",0.0617283950617284,2.9080783682233,3.5898095203709,0.00247992794914614,0.0208743764202929,0.0148500996678751,"VIM/PECAM1/FGFR1/SERPINE1/PTPRC/MITF/CCL2/VEGFC/PRIMA1/THBD",10
"C1266044","Collecting Duct Carcinoma of the Kidney","10/460","162/21671",0.0617283950617284,2.9080783682233,3.5898095203709,0.00247992794914614,0.0208743764202929,0.0148500996678751,"VIM/CTSB/GEM/KCNMA1/CPQ/FEZ1/MITF/CRYAB/DES/BCHE",10
"C0375023","Respiratory syncytial virus (RSV) infection in conditions classified elsewhere and of unspecified site","20/460","467/21671",0.0428265524625268,2.01759612699004,3.2738048472645,0.00251693685309685,0.0211187536817133,0.0150239504510356,"LAIR1/EPHA3/PECAM1/LSAMP/ICAM1/SMARCA1/POSTN/CD8A/CD38/SERPINE1/CCL5/PTPRC/CAV1/VCAM1/NR3C1/F2R/CCL2/MMP2/THBS1/PRKCB",20
"C0023798","Lipoma","7/460","87/21671",0.0804597701149425,3.79052973513243,3.84067991503882,0.00251754311025571,0.0211187536817133,0.0150239504510356,"HSPB8/SETBP1/FGFR1/DCN/MSRB3/CCL2/PDPN",7
"C0041755","Adverse reaction to drug","7/460","87/21671",0.0804597701149425,3.79052973513243,3.84067991503882,0.00251754311025571,0.0211187536817133,0.0150239504510356,"CLU/HTR2B/HSPB6/NR3C1/C3/BCHE/THBD",7
"C0039263","Takayasu Arteritis","9/460","136/21671",0.0661764705882353,3.1176310741688,3.64817041289925,0.00252121901730244,0.0211255831847067,0.0150288089818052,"FRMD4A/PCSK5/HLA-DOA/SERPINE1/CCL5/VCAM1/CCL2/MMP2/SGTB",9
"C0878773","Overactive Bladder","6/460","65/21671",0.0923076923076923,4.34869565217391,3.9817406620681,0.0025404122394178,0.0212381915644193,0.0151089189514876,"ICAM1/GJA1/KCNMA1/MYLK/ITPR1/MYO5A",6
"C0917996","Cerebral Aneurysm","6/460","65/21671",0.0923076923076923,4.34869565217391,3.9817406620681,0.0025404122394178,0.0212381915644193,0.0151089189514876,"COL4A1/ADAMTS12/CCL2/MMP2/COL1A2/ADAMTS2",6
"C0023343","Leprosy","11/460","190/21671",0.0578947368421053,2.72747139588101,3.52199080121116,0.00254631234119925,0.0212505970215741,0.0151177442342873,"SLC11A1/TGFBR1/FILIP1/GEM/ACTG2/F2R/FLNA/CFH/HLA-DQB1/BCHE/IL10RA",11
"C0242231","Coronary Stenosis","8/460","111/21671",0.0720720720720721,3.39537798668233,3.72596666221863,0.00254765353076308,0.0212505970215741,0.0151177442342873,"PECAM1/VWF/ICAM1/AGTR1/SERPINE1/ANGPTL2/WIPF1/ELN",8
"C0032051","Placental Insufficiency","5/460","45/21671",0.111111111111111,5.23454106280193,4.187475756593,0.00256084713627546,0.0212884837387224,0.0151446969687983,"VWF/AGTR1/PAPPA/SERPINE1/THBD",5
"C0220766","Congenital hypoplasia of adrenal gland","5/460","45/21671",0.111111111111111,5.23454106280193,4.187475756593,0.00256084713627546,0.0212884837387224,0.0151446969687983,"ICAM1/PMP22/CTSB/ATP1A2/AKR1B1",5
"C0740302","5q-syndrome","5/460","45/21671",0.111111111111111,5.23454106280193,4.187475756593,0.00256084713627546,0.0212884837387224,0.0151446969687983,"CD74/FLI1/ATXN1/F2R/SPARC",5
"C0155877","Allergic asthma","17/460","371/21671",0.045822102425876,2.15871909058948,3.31514947528947,0.00260720335173054,0.0216494658520527,0.0154015008250354,"HAVCR2/FYN/PAPPA/POSTN/MCC/SERPINE1/CSF2RA/CCL5/NR3C1/CCL2/LGALS1/HLA-DQB1/THBS1/C3/ELN/RORA/EDIL3",17
"C0030305","Pancreatitis","21/460","502/21671",0.0418326693227092,1.97077342802702,3.2407637098584,0.00262361191135688,0.0217612394715017,0.0154810169435358,"CLU/ST8SIA4/FLI1/CRISPLD2/ICAM1/FGL2/TCF4/PRKD1/CD38/EDNRA/CCL5/CTSB/CAV1/DPYSL3/HTRA1/CCL2/PDPN/A2M/HLA-DQB1/C3/PRKCB",21
"C0085669","Acute leukemia","25/460","639/21671",0.0391236306729265,1.84314826154998,3.18597153249628,0.00264920437953453,0.0219211629048687,0.0155947869971609,"SORBS1/VWF/SMARCA1/IL2RB/STON1/MLLT11/RUNX1T1/DKK3/FGFR1/IL6ST/IGFBP7/EBF1/CD38/PTPRC/AKAP12/TIMP2/MYH11/MEIS1/ANGPTL1/MMP2/LGALS1/WIPF1/CDH5/STC1/ITGA4",25
"C0002893","Refractory anemias","16/460","340/21671",0.0470588235294118,2.2169820971867,3.33077916712109,0.00265072274269683,0.0219211629048687,0.0155947869971609,"PDLIM3/IGFBP5/CYBB/SERPINE1/GJA1/ACTA2/FHL1/HSD17B6/TAGLN/ALDH1A3/F2R/HOXB2/CCL2/GREM1/C3/BCHE",16
"C0025289","Meningitis","11/460","191/21671",0.0575916230366492,2.71319144092875,3.50213788218481,0.002651801473049,0.0219211629048687,0.0155947869971609,"VIM/SLC11A1/LSAMP/ICAM1/CYBB/JAK3/IGHM/SERPINE1/CFH/WIPF1/THBS1",11
"C0003492","Aortic coarctation","7/460","88/21671",0.0795454545454545,3.74745553359684,3.80315392102551,0.0026862603583394,0.0221706146584239,0.0157722477906254,"FLI1/GLI3/AGTR1/FGFR1/MEIS2/MMP2/PRKCB",7
"C0002152","Alloxan Diabetes","8/460","112/21671",0.0714285714285714,3.36506211180124,3.69543063995926,0.00269399097109268,0.0221706146584239,0.0157722477906254,"AOC3/ICAM1/CYBB/SERPINE1/TIMP2/CAV1/MFGE8/MMP2",8
"C0038433","Streptozotocin Diabetes","8/460","112/21671",0.0714285714285714,3.36506211180124,3.69543063995926,0.00269399097109268,0.0221706146584239,0.0157722477906254,"AOC3/ICAM1/CYBB/SERPINE1/TIMP2/CAV1/MFGE8/MMP2",8
"C0085129","Bronchial Hyperreactivity","8/460","112/21671",0.0714285714285714,3.36506211180124,3.69543063995926,0.00269399097109268,0.0221706146584239,0.0157722477906254,"CHRNA3/ADAMTS12/ICAM1/HLA-DOA/SERPINE1/CCL5/CAV1/CCL2",8
"C0151814","Coronary Occlusion","4/460","28/21671",0.142857142857143,6.73012422360248,4.46798928183478,0.00273920431115117,0.0224177452604411,0.015948057309293,"GLI3/SERPINE1/VCAM1/CCL2",4
"C0157946","Osteoarthrosis, localized, not specified whether primary or secondary","4/460","28/21671",0.142857142857143,6.73012422360248,4.46798928183478,0.00273920431115117,0.0224177452604411,0.015948057309293,"ADAMTS5/PECAM1/TGFBR1/CAV1",4
"C1568363","Tendinosis","4/460","28/21671",0.142857142857143,6.73012422360248,4.46798928183478,0.00273920431115117,0.0224177452604411,0.015948057309293,"ADAMTS5/IL2RB/DCN/MMP2",4
"C4021727","EMG: neuropathic changes","4/460","28/21671",0.142857142857143,6.73012422360248,4.46798928183478,0.00273920431115117,0.0224177452604411,0.015948057309293,"HSPB8/PMP22/SYNE1/LDB3",4
"C4281559","FRONTOMETAPHYSEAL DYSPLASIA 1","4/460","28/21671",0.142857142857143,6.73012422360248,4.46798928183478,0.00273920431115117,0.0224177452604411,0.015948057309293,"CAV2/FLNA/TACR2/RTN1",4
"C0206692","Carcinoma, Lobular","6/460","66/21671",0.0909090909090909,4.28280632411067,3.93339800664979,0.00274539422619832,0.0224186948869425,0.0159487328766924,"MMP11/VWF/AGTR1/PPP1R12B/PMP22/FGFR1",6
"C0311370","Lupus anticoagulant disorder","6/460","66/21671",0.0909090909090909,4.28280632411067,3.93339800664979,0.00274539422619832,0.0224186948869425,0.0159487328766924,"VWF/SERPINE1/C1R/CFH/TFPI/HLA-DQB1",6
"C1332201","Adult Diffuse Large B-Cell Lymphoma","21/460","504/21671",0.0416666666666667,1.96295289855072,3.22120569022593,0.00274863971203466,0.0224203959715358,0.0159499430338365,"VIM/DOCK2/HAVCR2/RDX/FLI1/JAK3/SLIT2/CD300A/CD38/CCL5/ACKR3/PTPRC/SLAMF7/CHRDL1/CCL2/LGALS1/NFATC1/MSN/PDLIM7/CDH11/IL10RA",21
"C0242422","Parkinsonian Disorders","17/460","373/21671",0.0455764075067024,2.14714418929945,3.291022213519,0.0027548391771102,0.0224461620368957,0.0159682730970173,"RGS2/FYN/AGTR1/RBMS3/ATXN1/RUNX1T1/CCL5/GJA1/ZFPM2/SGCE/SYNM/KCNJ8/CCL2/LGALS1/A2M/BCHE/CTSC",17
"C0242339","Dyslipidemias","20/460","471/21671",0.0424628450106157,2.00046155266316,3.23273962179646,0.00277318389952955,0.0225707205582438,0.0160568844365496,"PDLIM3/COL4A1/PECAM1/LIPA/AGTR1/PAPPA/CYBB/TRPS1/SERPINE1/MYLK/CAV1/VCAM1/NR3C1/SPARC/CCL2/FLNA/LGALS1/THBS1/C3/RORA",20
"C0087086","Thrombus","5/460","46/21671",0.108695652173913,5.12074669187146,4.12006982145526,0.0028238860280003,0.0229076117128552,0.0162965499059497,"PTGER3/VWF/SERPINE1/CD2/THBD",5
"C0344530","Congenital keratoglobus","5/460","46/21671",0.108695652173913,5.12074669187146,4.12006982145526,0.0028238860280003,0.0229076117128552,0.0162965499059497,"CHRDL1/COL8A2/CDH11/ELN/COL8A1",5
"C4049711","Lepidic Predominant Adenocarcinoma","5/460","46/21671",0.108695652173913,5.12074669187146,4.12006982145526,0.0028238860280003,0.0229076117128552,0.0162965499059497,"ICAM1/GJA1/CCL2/PDPN/VEGFC",5
"C0010038","Corneal Opacity","8/460","113/21671",0.0707964601769911,3.33528280107734,3.66523874068165,0.00284681163268364,0.0230177036938342,0.0163748697013416,"COL4A1/MAF/FGFR1/GJA1/CYP1B1/COL8A2/TWIST2/ELN",8
"C1961112","Heart Decompensation","8/460","113/21671",0.0707964601769911,3.33528280107734,3.66523874068165,0.00284681163268364,0.0230177036938342,0.0163748697013416,"APOC1/VWF/AGTR1/CYBB/EDNRA/SERPINE1/HTR2B/CCL2",8
"C3160909","Autoimmune arthritis","8/460","113/21671",0.0707964601769911,3.33528280107734,3.66523874068165,0.00284681163268364,0.0230177036938342,0.0163748697013416,"S1PR3/LAIR1/PECAM1/CYBB/HLA-DOA/IL6ST/CD38/VCAM1",8
"C0025312","Meningomyelocele","7/460","89/21671",0.0786516853932584,3.70534929164631,3.7661733351887,0.00286352249880944,0.0231022110231817,0.0164349884918726,"GLI3/DLC1/PRICKLE1/CCL2/FLNA/DACT1/PRICKLE2",7
"C1839326","Abnormal form of the vertebral bodies","7/460","89/21671",0.0786516853932584,3.70534929164631,3.7661733351887,0.00286352249880944,0.0231022110231817,0.0164349884918726,"FLI1/FGFR1/GJA1/ANTXR1/FLNA/MMP2/ELN",7
"C0017668","Focal glomerulosclerosis","14/460","281/21671",0.0498220640569395,2.34716076125638,3.34730273087107,0.00288087093930592,0.0232168005174196,0.0165165078329088,"COL4A1/AGTR1/SERPINE1/PTPRC/PKD2/ACTA2/NRP2/TAGLN/COL8A2/CCL2/MMP2/CFH/LAMB2/COL8A1",14
"C0026948","Mycosis Fungoides","13/460","251/21671",0.051792828685259,2.44000519660489,3.37923960380465,0.00288433088469475,0.023219335431643,0.0165183111791794,"HAVCR2/NKG7/JAK3/FGFR1/CCL5/PTPRC/CTSB/MEF2C/PDPN/MMP2/VEGFC/LGALS1/HLA-DQB1",13
"C0025297","Viral meningitis","3/460","14/21671",0.214285714285714,10.0951863354037,5.01307578487588,0.00290529894551731,0.0232360962251449,0.0165302348625031,"ICAM1/TIMP2/MMP2",3
"C0334361","Serous surface papillary carcinoma","3/460","14/21671",0.214285714285714,10.0951863354037,5.01307578487588,0.00290529894551731,0.0232360962251449,0.0165302348625031,"DES/MCAM/THBD",3
"C0524988","Schnitzler Syndrome","3/460","14/21671",0.214285714285714,10.0951863354037,5.01307578487588,0.00290529894551731,0.0232360962251449,0.0165302348625031,"GLI3/PAPPA/CCL2",3
"C0584837","Choanal stenosis","3/460","14/21671",0.214285714285714,10.0951863354037,5.01307578487588,0.00290529894551731,0.0232360962251449,0.0165302348625031,"SETBP1/FGFR1/FAM20C",3
"C1167912","Coagulation factor measurement","3/460","14/21671",0.214285714285714,10.0951863354037,5.01307578487588,0.00290529894551731,0.0232360962251449,0.0165302348625031,"VWF/CFH/LBH",3
"C1840374","Elevated systolic blood pressure","3/460","14/21671",0.214285714285714,10.0951863354037,5.01307578487588,0.00290529894551731,0.0232360962251449,0.0165302348625031,"AGTR1/PKD2/PTGIS",3
"C0343401","MRSA - Methicillin resistant Staphylococcus aureus infection","12/460","222/21671",0.0540540540540541,2.54653349001175,3.41083013353828,0.00292070667013031,0.0233340439814956,0.0165999152167693,"SORBS1/EPHA3/ST8SIA4/VWF/TGFBR1/EDNRA/RECK/TWIST2/CCL2/MMP2/TFPI/CTSC",12
"C0085409","Polyendocrinopathies, Autoimmune","10/460","166/21671",0.0602409638554217,2.83800419067575,3.50073000819493,0.00295864891975959,0.0235406936347025,0.0167469264560354,"VIM/ICAM1/CYBB/SERPINE1/VCAM1/F2R/CCL2/CFH/TFPI/MSN",10
"C0220645","Childhood Soft Tissue Sarcoma","10/460","166/21671",0.0602409638554217,2.83800419067575,3.50073000819493,0.00295864891975959,0.0235406936347025,0.0167469264560354,"VIM/PECAM1/FGFR1/SERPINE1/PTPRC/MITF/CCL2/VEGFC/PRIMA1/THBD",10
"C0005694","Bladder neck obstruction","6/460","67/21671",0.0895522388059701,4.21888384166126,3.88600559320838,0.0029625175273149,0.0235406936347025,0.0167469264560354,"COL3A1/WWTR1/DCN/NRP2/PPP1R14A/ELN",6
"C0279612","Childhood Embryonal Rhabdomyosarcoma","6/460","67/21671",0.0895522388059701,4.21888384166126,3.88600559320838,0.0029625175273149,0.0235406936347025,0.0167469264560354,"ICAM1/WWTR1/CAV1/MEF2C/DES/EDIL3",6
"C0345958","Large cell carcinoma of lung","6/460","67/21671",0.0895522388059701,4.21888384166126,3.88600559320838,0.0029625175273149,0.0235406936347025,0.0167469264560354,"VIM/EPHA3/FGFR1/GJA1/DDR2/MMP2",6
"C0751955","Brain Infarction","8/460","114/21671",0.0701754385964912,3.30602593440122,3.63538366575702,0.00300630848620904,0.0238629776830055,0.0169762003822263,"SORBS1/PECAM1/AGTR1/CYBB/FZD1/CTSB/VCAM1/THBD",8
"C0007114","Malignant neoplasm of skin","21/460","508/21671",0.0413385826771654,1.94749657651489,3.18235547226501,0.00301379214589909,0.0238966848775801,0.0170001797907067,"HAVCR2/ADAM12/PDE5A/ICAM1/TGFBR1/PMP22/EDNRA/GJA1/ACKR3/ETV1/PTPRC/AKAP12/WWTR1/GEM/CAV1/SPARC/PDPN/MMP2/VEGFC/GREM1/THBS1",21
"C0029118","Opportunistic Infections","7/460","90/21671",0.0777777777777778,3.66417874396135,3.72972344770452,0.00304960912341364,0.0241547366406003,0.0171837586590362,"CYBB/GEM/CCL2/MMP2/COL1A2/PDLIM7/HLA-DQB1",7
"C4721208","Metastatic castration-resistant prostate cancer","9/460","140/21671",0.0642857142857143,3.02855590062112,3.54606503955518,0.00306412956693959,0.0242437346871897,0.0172470721605027,"HAVCR2/PDLIM3/CLU/POSTN/PTPRC/FERMT2/NR3C1/LGALS1/ITGA4",9
"C0428472","Serum HDL cholesterol measurement","14/460","283/21671",0.049469964664311,2.33057305269627,3.31798679485878,0.00307030261612736,0.0242665673578717,0.0172633153971142,"COL4A1/APOC1/ICAM1/IL2RB/SGCD/TGFBR1/TRPS1/IL6ST/NR3C1/MYOCD/ATP1A2/IL10RA/RORA/THBD",14
"C0014772","Red Blood Cell Count measurement","27/460","717/21671",0.0376569037656904,1.77404948153538,3.10400656874142,0.00308496095247249,0.024356344118879,0.0173271828785649,"SORBS1/QKI/FRMD4A/PTPN14/OSMR/DLC1/ITGA1/TRPS1/NREP/EDNRA/SERPINE1/PTPRC/ZFPM2/AXL/TNS1/HSD17B6/MITF/ZEB2/UBE2E2/MEF2C/CYS1/CMTM3/RERG/ATP2B4/PBX3/PDGFC/RORA",27
"C0019099","Hemorrhagic Fever, Crimean","5/460","47/21671",0.106382978723404,5.01179463459759,4.05459429852444,0.00310591469140737,0.0244173186921929,0.0173705603894752,"LSAMP/ICAM1/SMARCA1/ANK2/PDPN",5
"C0026884","Mutism","5/460","47/21671",0.106382978723404,5.01179463459759,4.05459429852444,0.00310591469140737,0.0244173186921929,0.0173705603894752,"TCF4/FGFR1/MEF2C/COL1A2/ADAMTS2",5
"C0158570","Vascular anomaly","5/460","47/21671",0.106382978723404,5.01179463459759,4.05459429852444,0.00310591469140737,0.0244173186921929,0.0173705603894752,"VWF/NRP2/CCL2/VEGFC/ELN",5
"C4551564","Narrow nasal bridge","5/460","47/21671",0.106382978723404,5.01179463459759,4.05459429852444,0.00310591469140737,0.0244173186921929,0.0173705603894752,"COL3A1/FGFR1/GJA1/NDN/MMP2",5
"C0023896","Alcoholic Liver Diseases","11/460","195/21671",0.0564102564102564,2.65753623188406,3.42398172418916,0.00310961249727582,0.0244203823988193,0.0173727399203909,"ST8SIA4/AGTR1/HLA-DOA/AKT3/IL6ST/CCL5/YME1L1/CAV1/ZEB2/CCL2/AKR1B1",11
"C0025945","Microangiopathy, Diabetic","4/460","29/21671",0.137931034482759,6.49805097451274,4.36301658793011,0.00312488702290287,0.0244363516981663,0.0173841005321838,"AGTR1/SERPINF1/THBS1/AKR1B1",4
"C0149504","Encephalopathy, Toxic","4/460","29/21671",0.137931034482759,6.49805097451274,4.36301658793011,0.00312488702290287,0.0244363516981663,0.0173841005321838,"RNASE6/CRISPLD2/CD3D/BCHE",4
"C0154659","Toxic Encephalitis","4/460","29/21671",0.137931034482759,6.49805097451274,4.36301658793011,0.00312488702290287,0.0244363516981663,0.0173841005321838,"RNASE6/CRISPLD2/CD3D/BCHE",4
"C0600452","Hepatopulmonary Syndrome","4/460","29/21671",0.137931034482759,6.49805097451274,4.36301658793011,0.00312488702290287,0.0244363516981663,0.0173841005321838,"SERPINE1/CAV1/CCL2/MMP2",4
"C0239137","Coxa valga","6/460","68/21671",0.0882352941176471,4.15684143222506,3.8395293426956,0.00319222004196814,0.0249364744442421,0.017739889489701,"GLI3/RAB23/KCNJ8/FLNA/COL1A2/ADAMTS2",6
"C0409348","Flexion contracture of proximal interphalangeal joint","10/460","168/21671",0.0595238095238095,2.80421842650104,3.4571802783635,0.00322420530735845,0.0251331399988596,0.0178797980085714,"TPM2/TGFBR1/TRPS1/GJA1/COL12A1/ACTG2/TWIST2/COL6A2/COL6A1/FLNA",10
"C4524092","Chronic rhinosinusitis with nasal polyps","10/460","168/21671",0.0595238095238095,2.80421842650104,3.4571802783635,0.00322420530735845,0.0251331399988596,0.0178797980085714,"VIM/HAVCR2/VWF/ICAM1/POSTN/ACKR3/CHRDL1/NR3C1/MMP2/HLA-DRA",10
"C0175754","Agenesis of corpus callosum","24/460","615/21671",0.0390243902439024,1.83847295864263,3.10646512475218,0.00330060967983072,0.0256782020866707,0.0182675569608008,"VIM/COL4A1/PECAM1/FRMD4A/FLI1/GLI3/SMARCA1/EML1/AKT3/DKK3/FGFR1/PRKD1/ACKR3/PTPRC/TUBA1A/ACTG2/PRICKLE1/TWIST2/NR3C1/ZEB2/MEF2C/DACT1/VEGFC/MCAM",24
"C0008924","Cleft upper lip","13/460","255/21671",0.0509803921568627,2.40173060528559,3.31583771082985,0.00330108558388655,0.0256782020866707,0.0182675569608008,"FILIP1L/EPHA3/CRISPLD2/GLI3/FGFR1/JAM3/GJA1/MASP1/MEIS2/CCL2/GREM1/PDGFC/COL8A1",13
"C0151332","Active tuberculosis","8/460","116/21671",0.0689655172413793,3.24902548725637,3.57665588161819,0.0033461133179537,0.0260010615927728,0.0184972402695523,"SLC11A1/IL18BP/CD38/CCL5/GEM/CCL2/THBS4/IL10RA",8
"C2267233","Neonatal Hypotonia","10/460","169/21671",0.0591715976331361,2.7876254180602,3.43564469779237,0.0033639153242354,0.0261119063338651,0.0185760955809512,"TPM2/FGFR1/EGR2/COL12A1/CFL2/COL6A2/COL6A1/FLNA/NDN/CCDC88A",10
"C0032131","Plasmacytoma","9/460","142/21671",0.0633802816901408,2.98590018371096,3.49637059273741,0.00336810352545298,0.0261169540177457,0.0185796865197755,"LAIR1/PECAM1/ICAM1/SETBP1/IL6ST/IGHM/EBF1/CD38/PTPRC",9
"C0266470","Cerebellar Hypoplasia","12/460","226/21671",0.0530973451327434,2.501462100808,3.34143769973145,0.00337472491139532,0.0261408387155512,0.0185966781719239,"COL3A1/COL4A1/FRMD4A/GLI3/FGFR1/YME1L1/TUBA1A/ITPR1/GAP43/FLNA/MYO5A/IGHD",12
"C1867131","Broad hallux","5/460","48/21671",0.104166666666667,4.90738224637681,3.99095051578898,0.00340769226462083,0.0263685369994035,0.0187586634758836,"GLI3/FGFR1/TRPS1/MEIS2/FLNA",5
"C0221170","Muscular stiffness","7/460","92/21671",0.0760869565217391,3.58452268431002,3.65835969770381,0.0034493876873831,0.0266632250348293,0.0189683055082439,"TPM2/CYBB/FGFR1/WWTR1/CAV1/CRYAB/MYO5A",7
"C0003130","Anoxia","14/460","287/21671",0.0487804878048781,2.29809119830329,3.26008917864033,0.00347983509863436,0.0268203151987805,0.0190800599647387,"CYGB/ICAM1/TGFBR1/IGFBP7/TNC/KCNMA1/VCAM1/CCL2/SERPINF1/KCNMB1/TFPI/THBS1/STC1/RORA",14
"C1827293","Carcinoma of urinary bladder, invasive","14/460","287/21671",0.0487804878048781,2.29809119830329,3.26008917864033,0.00347983509863436,0.0268203151987805,0.0190800599647387,"VIM/SLC11A1/ICAM1/SLIT2/CALD1/GEM/EFEMP1/CAV1/ALDH1A3/SPARC/HOXB2/MMP2/BCHE/PCDH17",14
"C4049796","Abnormality of cardiovascular system morphology","11/460","198/21671",0.0555555555555556,2.61727053140097,3.36664020745732,0.00349301726703548,0.0268203151987805,0.0190800599647387,"GLI3/FGFR1/TRPS1/GJA1/ZFPM2/ITPR1/GPC6/ACTG2/FLNA/EFEMP2/ELN",11
"C3875321","Inflammatory dermatosis","17/460","382/21671",0.0445026178010471,2.09655702253585,3.18429335476689,0.00350809667091194,0.0268203151987805,0.0190800599647387,"PECAM1/CD74/ICAM1/POSTN/FGFR1/LST1/CCL5/TIMP2/VCAM1/NR3C1/CCL2/FLNA/MMP2/VEGFC/THBS1/THBD/CD300LF",17
"C0026269","Mitral Valve Stenosis","10/460","170/21671",0.0588235294117647,2.77122762148338,3.41426563474225,0.0035083956695302,0.0268203151987805,0.0190800599647387,"HAVCR2/IL6ST/SERPINE1/GJA1/CLDN11/CCL2/SPARCL1/MMP2/C3/ITGA4",10
"C1868683","B-CELL MALIGNANCY, LOW-GRADE","16/460","350/21671",0.0457142857142857,2.1536397515528,3.20426369344098,0.00351811247538933,0.0268203151987805,0.0190800599647387,"LAIR1/DERL3/CD74/ICAM1/IL2RB/TGFBR1/CD8A/CD38/CD2/GEM/DCN/NR3C1/F2R/CFH/PDLIM7/NCKAP1L",16
"C0012739","Disseminated Intravascular Coagulation","8/460","117/21671",0.0683760683760684,3.22125603864734,3.5477696373787,0.00352681765642945,0.0268203151987805,0.0190800599647387,"VWF/HLA-DOA/SERPINE1/MASP1/F2R/CFH/TFPI/THBD",8
"C0427065","Distal muscle weakness","8/460","117/21671",0.0683760683760684,3.22125603864734,3.5477696373787,0.00352681765642945,0.0268203151987805,0.0190800599647387,"HSPB8/PMP22/EGR2/CRYAB/COL6A2/DES/COL6A1/LAMB2",8
"C0027498","Nausea and vomiting","13/460","257/21671",0.0505836575875486,2.38304009473862,3.2845829383898,0.00352712039221732,0.0268203151987805,0.0190800599647387,"FLI1/LIPA/IGFBP7/CD38/MYLK/CHRDL1/CAV1/MYH11/ACTG2/NR3C1/LMOD1/PALLD/ELN",13
"C0342649","Vascular calcification","13/460","257/21671",0.0505836575875486,2.38304009473862,3.2845829383898,0.00352712039221732,0.0268203151987805,0.0190800599647387,"PDLIM3/PECAM1/FGFR1/EDNRA/SERPINE1/EFEMP1/TAGLN/MGP/CALU/MMP2/PDLIM7/ELN/THBD",13
"C0278608","Adult Liposarcoma","9/460","143/21671",0.0629370629370629,2.96501976284585,3.47184956088894,0.00352872622112695,0.0268203151987805,0.0190800599647387,"VIM/IGFBP5/FGFR1/WWTR1/CAV2/DDR2/MYOCD/MMP2/A2M",9
"C0279984","Childhood Liposarcoma","9/460","143/21671",0.0629370629370629,2.96501976284585,3.47184956088894,0.00352872622112695,0.0268203151987805,0.0190800599647387,"VIM/IGFBP5/FGFR1/WWTR1/CAV2/DDR2/MYOCD/MMP2/A2M",9
"C1879321","Acute Myeloid Leukemia (AML-M2)","9/460","143/21671",0.0629370629370629,2.96501976284585,3.47184956088894,0.00352872622112695,0.0268203151987805,0.0190800599647387,"RGS2/TCEA2/MN1/RUNX1T1/SVIL/MYH11/FXYD6/SPARC/LCP2",9
"C0016045","fibroma","4/460","30/21671",0.133333333333333,6.28144927536232,4.26287774216509,0.00354600753644131,0.0268203151987805,0.0190800599647387,"VIM/TNC/CCL2/FLNA",4
"C0029191","Orchitis","4/460","30/21671",0.133333333333333,6.28144927536232,4.26287774216509,0.00354600753644131,0.0268203151987805,0.0190800599647387,"PECAM1/CCL5/CCL2/LGALS1",4
"C0276501","Human immunodeficiency virus II infection","4/460","30/21671",0.133333333333333,6.28144927536232,4.26287774216509,0.00354600753644131,0.0268203151987805,0.0190800599647387,"CCL5/GEM/PDPN/PRKCB",4
"C0547065","Mixed oligoastrocytoma","4/460","30/21671",0.133333333333333,6.28144927536232,4.26287774216509,0.00354600753644131,0.0268203151987805,0.0190800599647387,"ADAM12/FGFR1/LATS2/CAV1",4
"C0854094","HIV-2 infection","4/460","30/21671",0.133333333333333,6.28144927536232,4.26287774216509,0.00354600753644131,0.0268203151987805,0.0190800599647387,"CCL5/GEM/PDPN/PRKCB",4
"C1527311","Brain Edema","4/460","30/21671",0.133333333333333,6.28144927536232,4.26287774216509,0.00354600753644131,0.0268203151987805,0.0190800599647387,"ICAM1/MYLK/MYL9/F2R",4
"C1843637","Neck flexor weakness","4/460","30/21671",0.133333333333333,6.28144927536232,4.26287774216509,0.00354600753644131,0.0268203151987805,0.0190800599647387,"TPM2/CFL2/DES/COL13A1",4
"C2931687","Dysferlinopathy","4/460","30/21671",0.133333333333333,6.28144927536232,4.26287774216509,0.00354600753644131,0.0268203151987805,0.0190800599647387,"DCN/DES/MSN/THBS1",4
"C0031028","Periapical Diseases","3/460","15/21671",0.2,9.42217391304348,4.8051672979068,0.00357484421751584,0.0268458799732471,0.0190982468289196,"PECAM1/MMP2/CTSK",3
"C0333297","Chronic ulcer","3/460","15/21671",0.2,9.42217391304348,4.8051672979068,0.00357484421751584,0.0268458799732471,0.0190982468289196,"ADAM12/TIMP2/MMP2",3
"C0409345","Flexion contracture - wrist","3/460","15/21671",0.2,9.42217391304348,4.8051672979068,0.00357484421751584,0.0268458799732471,0.0190982468289196,"COL6A1/FLNA/MMP2",3
"C1836767","Proximal lower limb amyotrophy","3/460","15/21671",0.2,9.42217391304348,4.8051672979068,0.00357484421751584,0.0268458799732471,0.0190982468289196,"SGCD/SYNE1/FHL1",3
"C3843756","Ulcerative colitis or Crohn's","3/460","15/21671",0.2,9.42217391304348,4.8051672979068,0.00357484421751584,0.0268458799732471,0.0190982468289196,"ICAM1/CCL2/MMP2",3
"C4287594","Uterine Corpus High Grade Endometrial Stromal Sarcoma","3/460","15/21671",0.2,9.42217391304348,4.8051672979068,0.00357484421751584,0.0268458799732471,0.0190982468289196,"VIM/CD38/JAZF1",3
"C4727070","Advanced Carcinoma","3/460","15/21671",0.2,9.42217391304348,4.8051672979068,0.00357484421751584,0.0268458799732471,0.0190982468289196,"DLC1/SDC2/MMP2",3
"C1861403","Variable expressivity","15/460","319/21671",0.0470219435736677,2.21524465040207,3.22008680003518,0.00358017900072979,0.0268586192920602,0.019107309621995,"HAVCR2/COL4A1/TPM2/VWF/GLI3/PMP22/EGR2/KCNMA1/TUBB6/CAV1/MITF/COL6A2/COL6A1/MPDZ/VEGFC",15
"C4551683","Adrenal Gland Pheochromocytoma","18/460","416/21671",0.0432692307692308,2.03845108695652,3.14941546279561,0.00363620434937489,0.0272512289412035,0.0193866134106666,"EPHA3/PDE5A/NLGN4X/TGFBR1/FGFR1/EDNRA/CSF2RA/CCL5/ACKR3/PKD2/ACTA2/TIMP2/MITF/NR3C1/GAP43/TGFB1I1/EMP3/LGALS1",18
"C0006272","Bronchiolitis Obliterans","7/460","93/21671",0.0752688172043011,3.54597942964002,3.62341910471463,0.00366365178210693,0.0274012942811686,0.0194933703843987,"ICAM1/SERPINE1/CCL5/NR3C1/CCL2/MCAM/ELN",7
"C4721773","Postoperative cognitive dysfunction","7/460","93/21671",0.0752688172043011,3.54597942964002,3.62341910471463,0.00366365178210693,0.0274012942811686,0.0194933703843987,"PTGER3/AGTR1/PDLIM4/GJA1/NR3C1/CCL2/CFH",7
"C0542514","Blue sclera","6/460","70/21671",0.0857142857142857,4.03807453416149,3.74919747121368,0.00369112783657779,0.0275264644452015,0.0195824168485377,"COL3A1/TGFBR1/C1R/COL1A2/ADAMTS2/CTSK",6
"C0023532","Leukoplakia, Oral","9/460","144/21671",0.0625,2.94442934782609,3.44754114129899,0.00369530293486788,0.0275264644452015,0.0195824168485377,"VIM/MCC/SETBP1/ACKR3/CYP1B1/PDPN/MMP2/LGALS1/PDLIM7",9
"C0340288","Stable angina","9/460","144/21671",0.0625,2.94442934782609,3.44754114129899,0.00369530293486788,0.0275264644452015,0.0195824168485377,"COL3A1/PECAM1/VWF/ICAM1/PAPPA/SERPINE1/CCL5/CCL2/MMP2",9
"C0424678","Lean body mass","9/460","144/21671",0.0625,2.94442934782609,3.44754114129899,0.00369530293486788,0.0275264644452015,0.0195824168485377,"GLI3/PAPPA/TRPS1/MOXD1/EFEMP1/HSD17B6/LTBP1/JAZF1/KCNE4",9
"C0006271","Bronchiolitis","8/460","118/21671",0.0677966101694915,3.19395725865881,3.51919313171992,0.00371499073765897,0.0276452234127001,0.0196669023664904,"LAIR1/ICAM1/POSTN/CD38/SERPINE1/CCL5/NR3C1/CCL2",8
"C0678230","Congenital Epicanthus","18/460","417/21671",0.0431654676258993,2.03356271504536,3.13842910724951,0.00372798947292034,0.0276452694567707,0.0196669351223929,"COL3A1/FLI1/TCF4/RAB23/FGFR1/IGHM/GJA1/KCNMA1/GPC6/TWIST2/KCNJ8/FLNA/MAB21L2/VEGFC/COL1A2/ELN/ADAMTS2/CCDC88A",18
"C0259785","Malignant Meningioma","5/460","49/21671",0.102040816326531,4.80723158828749,3.92904681166874,0.00372997675141474,0.0276452694567707,0.0196669351223929,"VIM/CLU/MN1/CTSB/TNC",5
"C2216702","malignant neoplasm of breast staging","5/460","49/21671",0.102040816326531,4.80723158828749,3.92904681166874,0.00372997675141474,0.0276452694567707,0.0196669351223929,"PECAM1/TRPS1/CCL5/PTPRC/VCAM1",5
"C4049993","Aristolochic Acid Nephropathy","5/460","49/21671",0.102040816326531,4.80723158828749,3.92904681166874,0.00372997675141474,0.0276452694567707,0.0196669351223929,"LIPA/SLIT2/SYNM/TFPI/THBS1",5
"C0149871","Deep Vein Thrombosis","12/460","230/21671",0.0521739130434783,2.4579584120983,3.27351499874421,0.00388413584271683,0.0286556553621055,0.0203857269605362,"PECAM1/VWF/SERPINE1/PTPRC/ACTG2/VCAM1/CCL2/SERPINF1/MMP2/TFPI/A2M/THBD",12
"C0282612","Prostatic Intraepithelial Neoplasias","12/460","230/21671",0.0521739130434783,2.4579584120983,3.27351499874421,0.00388413584271683,0.0286556553621055,0.0203857269605362,"VIM/FYN/IGFBP5/CLU/ETV1/AKAP12/CAV1/RECK/TWIST2/SRPX/MMP2/CTSK",12
"C0035436","Rheumatic Fever","7/460","94/21671",0.074468085106383,3.50825624421832,3.58895569941444,0.00388788431625292,0.0286556553621055,0.0203857269605362,"VIM/HAVCR2/CLU/ICAM1/POSTN/RUNX1T1/HLA-DQB1",7
"C0206368","Exfoliation Syndrome","7/460","94/21671",0.074468085106383,3.50825624421832,3.58895569941444,0.00388788431625292,0.0286556553621055,0.0203857269605362,"CLU/RBMS3/TNC/CCL2/MMP2/LOXL1/ELN",7
"C0850703","Frequent falls","7/460","94/21671",0.074468085106383,3.50825624421832,3.58895569941444,0.00388788431625292,0.0286556553621055,0.0203857269605362,"HSPB8/TPM2/COL12A1/FHL1/COL6A2/COL6A1/LAMB2",7
"C0039483","Giant Cell Arteritis","13/460","260/21671",0.05,2.35554347826087,3.2382431062288,0.00388959180070844,0.0286556553621055,0.0203857269605362,"ICAM1/TGFBR1/DKK3/CCL5/WWTR1/CAV1/MFGE8/VCAM1/CCL2/MMP2/HLA-DQB1/ELN/AKR1B1",13
"C0014057","Japanese Encephalitis","8/460","119/21671",0.0672268907563025,3.16711728169529,3.49092008103794,0.00391083544231906,0.0287547681625491,0.0204562361309811,"VIM/LSAMP/ICAM1/CCL5/CAV1/ANGPTL2/CCL2/CCDC88A",8
"C1959583","Myocardial Failure","8/460","119/21671",0.0672268907563025,3.16711728169529,3.49092008103794,0.00391083544231906,0.0287547681625491,0.0204562361309811,"APOC1/VWF/AGTR1/CYBB/EDNRA/SERPINE1/HTR2B/CCL2",8
"C1844505","Pointed chin","6/460","71/21671",0.0845070422535211,3.98120024494795,3.70528182829503,0.00396122121234973,0.0290384657294595,0.0206580595080884,"SETBP1/ZEB2/MEIS2/FLNA/CDH11/ELN",6
"C3888391","Nonnuclear polymorphic congenital cataract","6/460","71/21671",0.0845070422535211,3.98120024494795,3.70528182829503,0.00396122121234973,0.0290384657294595,0.0206580595080884,"TGFBR1/CCL5/ACKR3/ACTA2/TGFB1I1/LGALS1",6
"C4049272","Tumour budding","6/460","71/21671",0.0845070422535211,3.98120024494795,3.70528182829503,0.00396122121234973,0.0290384657294595,0.0206580595080884,"VIM/COL4A1/SERPINE1/TNC/TWIST2/COL13A1",6
"C0041466","Typhoid Fever","4/460","31/21671",0.129032258064516,6.07882187938289,4.16718710044267,0.00400405979728939,0.0293233823646729,0.0208607501343742,"SLC11A1/CD38/FLNA/HLA-DQB1",4
"C0008370","Cholestasis","18/460","420/21671",0.0428571428571429,2.01903726708075,3.10565225821389,0.00401493082099063,0.0293592105882685,0.0208862384498384,"PDLIM3/CYGB/CLU/RDX/LIPA/ICAM1/MAF/SERPINE1/NPL/PTPRC/DCN/ACTG2/VCAM1/NR3C1/F2R/COL6A1/MMP2/PRKCB",18
"C0751690","Malignant Peripheral Nerve Sheath Tumor","13/460","261/21671",0.0498084291187739,2.34651840746294,3.22293846968019,0.00401690635249948,0.0293592105882685,0.0208862384498384,"HAVCR2/PMP22/CD38/TNC/DCN/RECK/PDGFRL/TAGLN/MEIS1/HTRA1/SERPINF1/LGALS1/IGFBP6",13
"C1858430","Death in infancy","9/460","146/21671",0.0616438356164384,2.90409469922573,3.39954810781945,0.00404691770104006,0.0295201052065985,0.0210006994076231,"FLI1/LIPA/GLI3/GPR161/MYLK/MYH11/ANK2/ACTG2/LMOD1",9
"C2827407","Infectious Otitis Media","9/460","146/21671",0.0616438356164384,2.90409469922573,3.39954810781945,0.00404691770104006,0.0295201052065985,0.0210006994076231,"SLC11A1/JAK3/SERPINE1/CCL5/CCL2/MMP2/WIPF1/THBS1/C7",9
"C0041234","Chagas Disease","11/460","202/21671",0.0544554455445545,2.5654433921653,3.29181139303138,0.00406216571676637,0.029602080277561,0.0210590167412557,"VIM/SLC11A1/CYBB/CTSB/GEM/ITPR1/CCL2/MMP2/THBS1/C3/BCHE",11
"C0427144","Toe-walking gait","5/460","50/21671",0.1,4.71108695652174,3.86879790458185,0.0040735239521736,0.0296555757543841,0.0210970735984575,"TPM2/SYNE1/FHL1/COL6A1/COL13A1",5
"C0342443","Adrenal Cushing's syndrome","8/460","120/21671",0.0666666666666667,3.14072463768116,3.46294438237885,0.00411455637181973,0.0299247833859835,0.0212885887881863,"PECAM1/VWF/AGTR1/EDNRA/ACKR3/NR3C1/FBXO32/AKR1B1",8
"C4048158","Convulsions","10/460","174/21671",0.0574712643678161,2.70752123938031,3.33027126327488,0.00413630360097623,0.0300533397464632,0.0213800442035541,"CHRNA3/CLU/TCF4/PRKD1/CD38/NRP2/F2R/MPDZ/BCHE/PRKCB",10
"C0205696","Anaplastic carcinoma","12/460","232/21671",0.0517241379310345,2.43676911544228,3.24008582170857,0.00416108141022348,0.030203641072045,0.0214869690582259,"VIM/TRPS1/IL6ST/BASP1/ACKR3/TNC/EFEMP1/DES/SPARC/MGP/NDN/MSN",12
"C0035579","Rickets","6/460","72/21671",0.0833333333333333,3.92590579710145,3.66216210959148,0.00424566917195214,0.0303340914197578,0.0215797718623069,"FGFR1/EDNRA/ACKR3/FAM20C/HLA-DQB1/ADAMTS2",6
"C0014457","Eosinophilia","15/460","325/21671",0.0461538461538462,2.17434782608696,3.14128959389889,0.00425032613385924,0.0303340914197578,0.0215797718623069,"HAVCR2/ICAM1/POSTN/FGFR1/IL6ST/CCL5/CD3D/CD2/TNC/MYH11/VCAM1/NR3C1/PDPN/SDC2/CD300LF",15
"C0162534","Prion Diseases","10/460","175/21671",0.0571428571428571,2.69204968944099,3.30964268974971,0.00430635779823242,0.0303340914197578,0.0215797718623069,"CLU/CYBB/PPP1R12B/HECTD2/NEGR1/MFGE8/CRYAB/CFH/LGALS1/EDIL3",10
"C0265783","Congenital hypoplasia of lung","10/460","175/21671",0.0571428571428571,2.69204968944099,3.30964268974971,0.00430635779823242,0.0303340914197578,0.0215797718623069,"TPM2/GLI3/AGTR1/SETBP1/BNC2/ZFPM2/NR3C1/FLNA/FAM20C/FSTL1",10
"C0012819","Diverticular disease of colon","2/460","5/21671",0.4,18.844347826087,5.87657268719628,0.00430899592806209,0.0303340914197578,0.0215797718623069,"COL3A1/ELN",2
"C0036310","Scheuermann's Disease","2/460","5/21671",0.4,18.844347826087,5.87657268719628,0.00430899592806209,0.0303340914197578,0.0215797718623069,"CD38/COL1A2",2
"C0040458","Unerupted tooth","2/460","5/21671",0.4,18.844347826087,5.87657268719628,0.00430899592806209,0.0303340914197578,0.0215797718623069,"FGFR1/ANTXR1",2
"C0149637","Lip Carcinoma","2/460","5/21671",0.4,18.844347826087,5.87657268719628,0.00430899592806209,0.0303340914197578,0.0215797718623069,"PDPN/MSN",2
"C0149744","Oral lesion","2/460","5/21671",0.4,18.844347826087,5.87657268719628,0.00430899592806209,0.0303340914197578,0.0215797718623069,"SAMD4A/MMP2",2
"C0151445","Primary Raynaud Phenomenon","2/460","5/21671",0.4,18.844347826087,5.87657268719628,0.00430899592806209,0.0303340914197578,0.0215797718623069,"VWF/EDNRA",2
"C0152253","Posterior synechiae","2/460","5/21671",0.4,18.844347826087,5.87657268719628,0.00430899592806209,0.0303340914197578,0.0215797718623069,"CYP1B1/AXL",2
"C0153340","Cancer of Lip","2/460","5/21671",0.4,18.844347826087,5.87657268719628,0.00430899592806209,0.0303340914197578,0.0215797718623069,"PDPN/MSN",2
"C0270970","Reducing-body myopathy","2/460","5/21671",0.4,18.844347826087,5.87657268719628,0.00430899592806209,0.0303340914197578,0.0215797718623069,"FHL1/NFATC1",2
"C0340434","Dystrophic cardiomyopathy","2/460","5/21671",0.4,18.844347826087,5.87657268719628,0.00430899592806209,0.0303340914197578,0.0215797718623069,"CYBB/GJA1",2
"C0341503","Bacterial peritonitis","2/460","5/21671",0.4,18.844347826087,5.87657268719628,0.00430899592806209,0.0303340914197578,0.0215797718623069,"GJA1/CCL2",2
"C0398777","Complement Factor H Deficiency","2/460","5/21671",0.4,18.844347826087,5.87657268719628,0.00430899592806209,0.0303340914197578,0.0215797718623069,"FHL1/CFH",2
"C0423062","Intermittent divergent squint","2/460","5/21671",0.4,18.844347826087,5.87657268719628,0.00430899592806209,0.0303340914197578,0.0215797718623069,"TIMP2/MMP2",2
"C0521533","Atrial septal aneurysm","2/460","5/21671",0.4,18.844347826087,5.87657268719628,0.00430899592806209,0.0303340914197578,0.0215797718623069,"VWF/ATP1A2",2
"C0795809","Chromosome 3, trisomy 3q","2/460","5/21671",0.4,18.844347826087,5.87657268719628,0.00430899592806209,0.0303340914197578,0.0215797718623069,"DERL3/CD38",2
"C0887866","Monckeberg Medial Calcific Sclerosis","2/460","5/21671",0.4,18.844347826087,5.87657268719628,0.00430899592806209,0.0303340914197578,0.0215797718623069,"SPARC/MGP",2
"C1333065","Lung Clear Cell Tumor","2/460","5/21671",0.4,18.844347826087,5.87657268719628,0.00430899592806209,0.0303340914197578,0.0215797718623069,"MITF/CTSK",2
"C1395674","Bowel diverticulosis","2/460","5/21671",0.4,18.844347826087,5.87657268719628,0.00430899592806209,0.0303340914197578,0.0215797718623069,"EFEMP2/ELN",2
"C1396772","Hypoplasia of the epiglottis","2/460","5/21671",0.4,18.844347826087,5.87657268719628,0.00430899592806209,0.0303340914197578,0.0215797718623069,"GLI3/SETBP1",2
"C1851828","Cigarette-paper scars","2/460","5/21671",0.4,18.844347826087,5.87657268719628,0.00430899592806209,0.0303340914197578,0.0215797718623069,"COL3A1/CTSC",2
"C2700425","EHLERS-DANLOS SYNDROME, DERMATOSPARAXIS TYPE","2/460","5/21671",0.4,18.844347826087,5.87657268719628,0.00430899592806209,0.0303340914197578,0.0215797718623069,"COL1A2/ADAMTS2",2
"C4021054","Reduced muscle collagen VI","2/460","5/21671",0.4,18.844347826087,5.87657268719628,0.00430899592806209,0.0303340914197578,0.0215797718623069,"COL6A2/COL6A1",2
"C4551514","Hemophagocytic Lymphohistiocytosis, Familial, 1","2/460","5/21671",0.4,18.844347826087,5.87657268719628,0.00430899592806209,0.0303340914197578,0.0215797718623069,"HAVCR2/FHL1",2
"C4552122","EHLERS-DANLOS SYNDROME, CLASSIC TYPE, 1","2/460","5/21671",0.4,18.844347826087,5.87657268719628,0.00430899592806209,0.0303340914197578,0.0215797718623069,"TGFBR1/COL1A2",2
"C0029443","Osteomyelitis","8/460","121/21671",0.0661157024793388,3.11476823571685,3.43526010676865,0.00432635975690961,0.0303340914197578,0.0215797718623069,"CYBB/IGHM/SERPINE1/MOXD1/CCL2/NFATC1/HLA-DQB1/CTSK",8
"C0023003","Langer-Giedion Syndrome","3/460","16/21671",0.1875,8.83328804347826,4.6158617568794,0.00433109351888712,0.0303340914197578,0.0215797718623069,"VIM/GLI3/TRPS1",3
"C0034089","Pulmonary Valve Stenosis","3/460","16/21671",0.1875,8.83328804347826,4.6158617568794,0.00433109351888712,0.0303340914197578,0.0215797718623069,"VWF/IGFBP7/ELN",3
"C0151950","Deep thrombophlebitis","3/460","16/21671",0.1875,8.83328804347826,4.6158617568794,0.00433109351888712,0.0303340914197578,0.0215797718623069,"SERPINE1/CCL2/TFPI",3
"C0917990","Acro-Osteolysis","3/460","16/21671",0.1875,8.83328804347826,4.6158617568794,0.00433109351888712,0.0303340914197578,0.0215797718623069,"COL3A1/FLNA/CTSC",3
"C1710026","Sclerosing Epithelioid Fibrosarcoma","3/460","16/21671",0.1875,8.83328804347826,4.6158617568794,0.00433109351888712,0.0303340914197578,0.0215797718623069,"SMARCA1/TCF4/DES",3
"C1850938","FUNDUS DYSTROPHY, PSEUDOINFLAMMATORY, OF SORSBY","3/460","16/21671",0.1875,8.83328804347826,4.6158617568794,0.00433109351888712,0.0303340914197578,0.0215797718623069,"EFEMP1/MMP2/ELN",3
"C4023180","Type 1 muscle fiber atrophy","3/460","16/21671",0.1875,8.83328804347826,4.6158617568794,0.00433109351888712,0.0303340914197578,0.0215797718623069,"TPM2/SYNE1/FHL1",3
"C4087273","C3 glomerulopathy","3/460","16/21671",0.1875,8.83328804347826,4.6158617568794,0.00433109351888712,0.0303340914197578,0.0215797718623069,"CFH/C3/THBD",3
"C1510885","Angiogenic Switch","7/460","96/21671",0.0729166666666667,3.43516757246377,3.521412210025,0.00436742253389518,0.0305595385262694,0.0217401556713425,"DKK3/EDNRA/SERPINE1/ACKR3/F2R/VEGFC/THBS1",7
"C0023492","Leukemia, T-Cell","19/460","457/21671",0.0415754923413567,1.95865759680335,3.05026896093068,0.00438438855838378,0.0306492010776412,0.0218039419036849,"LAIR1/ICAM1/IL2RB/JAK3/HLA-DOA/TRAC/IGFBP7/CD38/EDNRA/ACKR3/CD3D/GLIS2/CAV1/VCAM1/MEF2C/CCL2/MMP2/LGALS1/THBS1",19
"C0266551","Congenital coloboma of iris","9/460","148/21671",0.0608108108108108,2.86485017626322,3.35236424744808,0.00442416005808286,0.0308687613882492,0.0219601378268584,"COL4A1/FLI1/MAF/FGFR1/ZEB2/FLNA/DACT1/MPDZ/MMP2",9
"C4021790","Abnormality of the skeletal system","9/460","148/21671",0.0608108108108108,2.86485017626322,3.35236424744808,0.00442416005808286,0.0308687613882492,0.0219601378268584,"EML1/FGFR1/TRPS1/IL6ST/TNC/DES/MAB21L2/COL1A2/EFEMP2",9
"C0263313","Pemphigus Foliaceus","5/460","51/21671",0.0980392156862745,4.61871270247229,3.81012433058395,0.00443908642119336,0.0309144678879711,0.0219926535802718,"LAIR1/NKG7/GEM/C3/PRKCB",5
"C0427149","Gait, Drop Foot","5/460","51/21671",0.0980392156862745,4.61871270247229,3.81012433058395,0.00443908642119336,0.0309144678879711,0.0219926535802718,"HSPB8/PMP22/EGR2/FHL1/GNB4",5
"C0085612","Ventricular arrhythmia","10/460","176/21671",0.0568181818181818,2.67675395256917,3.28915808668657,0.00448187885656448,0.0311365621026034,0.0221506521310568,"PDE5A/AGTR1/GJA1/EFS/PLN/ANK2/F2R/FLNA/NFATC1/DTNA",10
"C0431478","Posteriorly rotated ear","10/460","176/21671",0.0568181818181818,2.67675395256917,3.28915808668657,0.00448187885656448,0.0311365621026034,0.0221506521310568,"COL4A1/FRMD4A/FGFR1/FHL1/GPC6/MITF/FLNA/FAM20C/MPDZ/CDH11",10
"C0021847","Intestinal Pseudo-Obstruction","4/460","32/21671",0.125,5.88885869565217,4.07560118749465,0.00450050281271712,0.0311365621026034,0.0221506521310568,"CLMP/ACTG2/FLNA/PALLD",4
"C0152105","Hypertensive heart disease","4/460","32/21671",0.125,5.88885869565217,4.07560118749465,0.00450050281271712,0.0311365621026034,0.0221506521310568,"OGN/AGTR1/TIMP2/MMP2",4
"C0280302","Squamous cell carcinoma of lip","4/460","32/21671",0.125,5.88885869565217,4.07560118749465,0.00450050281271712,0.0311365621026034,0.0221506521310568,"NR3C1/CCL2/PDPN/MSN",4
"C0347950","Asthma attack","4/460","32/21671",0.125,5.88885869565217,4.07560118749465,0.00450050281271712,0.0311365621026034,0.0221506521310568,"ICAM1/SERPINE1/CCL5/CCL2",4
"C0862312","Epithelioid mesothelioma, malignant","4/460","32/21671",0.125,5.88885869565217,4.07560118749465,0.00450050281271712,0.0311365621026034,0.0221506521310568,"DES/MMP2/MCAM/EFEMP2",4
"C0520680","Sleep Apnea, Central","8/460","122/21671",0.0655737704918033,3.08923734853885,3.40786149284279,0.00454645336461662,0.0314250175445692,0.0223558602760421,"PECAM1/CYBB/IL2RB/HSPB7/CD38/CCL2/AKR1B1/COL13A1",8
"C0040517","Gilles de la Tourette syndrome","10/460","177/21671",0.0564971751412429,2.66163104888234,3.26881550409489,0.00466298655279164,0.0322003430614667,0.0229074293849416,"NLGN4X/CD8A/LMO3/SGCE/HTR2B/MEIS1/CCL2/PDLIM7/IL10RA/COL8A1",10
"C3278923","Dilated ventricles (finding)","18/460","427/21671",0.0421545667447307,1.98593829548926,3.0302141811246,0.00475597616438451,0.0328117906967163,0.0233424152327736,"COL3A1/FLI1/EML1/SETBP1/AKT3/FGFR1/TRPS1/AP1S2/JAM3/ACTA2/TUBA1A/CAV1/ZEB2/MEF2C/COL6A1/NDN/MPDZ/CCDC88A",18
"C0023212","Left-Sided Heart Failure","8/460","123/21671",0.0650406504065041,3.06412159773772,3.38074294075938,0.00477504640361529,0.0329125980872904,0.0234141299401805,"APOC1/VWF/AGTR1/CYBB/EDNRA/SERPINE1/HTR2B/CCL2",8
"C0029866","Other ureteric obstruction","5/460","52/21671",0.0961538461538462,4.52989130434783,3.75295194055101,0.00482741245156021,0.0331864406849008,0.0236089424598911,"ICAM1/SERPINE1/COL1A2/ADAMTS1/LUM",5
"C0403447","Chronic Kidney Insufficiency","5/460","52/21671",0.0961538461538462,4.52989130434783,3.75295194055101,0.00482741245156021,0.0331864406849008,0.0236089424598911,"AOC3/AGTR1/SERPINE1/MRGPRF/AKR1B1",5
"C0022735","Klinefelter Syndrome","9/460","150/21671",0.06,2.82665217391304,3.30596356847348,0.00482826297691459,0.0331864406849008,0.0236089424598911,"PDE5A/PMP22/FGFR1/SERPINE1/GJA1/AXL/NRP2/F2R/NDN",9
"C0029454","Osteopetrosis","6/460","74/21671",0.0810810810810811,3.81980023501763,3.5782055718041,0.00485942051564744,0.0333385150989864,0.0237171286955244,"GJA1/MITF/ACTG2/MRGPRF/NFATC1/CTSK",6
"C3554617","Adducted thumb","6/460","74/21671",0.0810810810810811,3.81980023501763,3.5782055718041,0.00485942051564744,0.0333385150989864,0.0237171286955244,"TPM2/SYNE1/COL12A1/COL6A2/COL6A1/ELN",6
"C0011334","Dental caries","15/460","330/21671",0.0454545454545455,2.14140316205534,3.07692179373955,0.00488395574324507,0.0334757300804411,0.0238147438821773,"COL3A1/TRPS1/GJA1/RPS6KA2/EFS/TIMP2/CAV1/PLEKHO1/PBX3/MMP2/MSN/CDH11/ELN/LUM/CTSK",15
"C0011603","Dermatitis","20/460","496/21671",0.0403225806451613,1.89963183730715,2.98484473253685,0.00492044977968148,0.0336945828141082,0.0239704364328004,"PECAM1/CD74/ICAM1/GLI3/PAPPA/POSTN/MCC/CCL5/TIMP2/CLMP/VCAM1/NR3C1/MRGPRF/CCL2/FLNA/MMP2/VEGFC/THBS1/THBD/CD300LF",20
"C3697248","Short lower third of face","4/460","33/21671",0.121212121212121,5.71040843214756,3.98781292822767,0.00503675819558393,0.0344227762002974,0.0244884755897395,"TCF4/AP1S2/MEF2C/FLNA",4
"C4518356","MiT family translocation renal cell carcinoma","4/460","33/21671",0.121212121212121,5.71040843214756,3.98781292822767,0.00503675819558393,0.0344227762002974,0.0244884755897395,"IGFBP7/ANGPTL2/MITF/CTSK",4
"C0206650","Fibroadenoma","9/460","151/21671",0.0596026490066225,2.80793262309243,3.2830491240088,0.00504077771234374,0.0344227762002974,0.0244884755897395,"MMP11/CD74/GJA1/DCN/CCL2/FLNA/MMP2/MSN/EDIL3",9
"C0024314","Lymphoproliferative Disorders","14/460","300/21671",0.0466666666666667,2.19850724637681,3.07834059059337,0.00512909527417416,0.0349935132291623,0.0248944997790202,"SLC11A1/PECAM1/ICAM1/IL2RB/CD84/JAK3/CD38/PTPRC/GEM/CHRDL1/SERPING1/LGALS1/PDLIM7/ITGA4",14
"C0025294","Meningococcal meningitis","3/460","17/21671",0.176470588235294,8.31368286445013,4.44241696050249,0.00517713885004619,0.0351911961243471,0.0250351320372981,"SLC11A1/CFH/C7",3
"C0238062","Chronic intestinal pseudo-obstruction","3/460","17/21671",0.176470588235294,8.31368286445013,4.44241696050249,0.00517713885004619,0.0351911961243471,0.0250351320372981,"CLMP/MYH11/ACTG2",3
"C1856119","Low hanging columella","3/460","17/21671",0.176470588235294,8.31368286445013,4.44241696050249,0.00517713885004619,0.0351911961243471,0.0250351320372981,"GJA1/ZEB2/CDH11",3
"C3665335","Cutis laxa, autosomal recessive","3/460","17/21671",0.176470588235294,8.31368286445013,4.44241696050249,0.00517713885004619,0.0351911961243471,0.0250351320372981,"LOXL1/EFEMP2/ELN",3
"C0694549","Community acquired pneumonia","6/460","75/21671",0.08,3.76886956521739,3.5373193474293,0.00518962117246137,0.0352435910718582,0.0250724059743474,"SORBS1/AGTR1/SERPINE1/TNC/MYLK/A2M",6
"C0042165","Anterior uveitis","5/460","53/21671",0.0943396226415094,4.44442165709598,3.69721144958765,0.00523924508869609,0.0355152499951832,0.0252656650210283,"CCL5/SERPING1/CCL2/CFH/C3",5
"C3714506","Meckel syndrome type 1","5/460","53/21671",0.0943396226415094,4.44442165709598,3.69721144958765,0.00523924508869609,0.0355152499951832,0.0252656650210283,"CCL5/ALDH1A3/CCL2/FLNA/NFATC1",5
"C0751396","Well Differentiated Oligodendroglioma","13/460","270/21671",0.0481481481481481,2.26830112721417,3.08826832099629,0.00532117969603254,0.0360375674459745,0.0256372433640815,"VIM/ADAM12/IL2RB/FGFR1/LATS2/PEG3/TNC/CAV1/DES/EMP3/LGALS1/THBS1/EDIL3",13
"C0333068","Flexion contracture","11/460","210/21671",0.0523809523809524,2.46771221532091,3.14741042050799,0.00542140273356859,0.0366826718416162,0.0260961727413514,"TPM2/GLI3/TRPS1/AP1S2/COL12A1/CAV1/FHL1/CRYAB/COL6A2/COL6A1/ELN",11
"C3888194","MIXED LINEAGE LEUKEMIA","12/460","240/21671",0.05,2.35554347826087,3.10975127181493,0.0054314281165139,0.0367168519744557,0.0261204885996605,"ASB2/SMARCA1/STON1/MLLT11/RUNX1T1/CD38/MEIS1/MEF2C/PBX3/LGALS1/PDLIM7/MYO5A",12
"C0268318","Cholestasis of pregnancy","7/460","100/21671",0.07,3.29776086956522,3.39154426228173,0.00545905898722029,0.0368361731660513,0.026205374085675,"PAPPA/EDNRA/ACKR3/ACTG2/VCAM1/F2R/MMP2",7
"C0376480","Gingival Overgrowth","7/460","100/21671",0.07,3.29776086956522,3.39154426228173,0.00545905898722029,0.0368361731660513,0.026205374085675,"COL3A1/C1S/C1R/FAM20C/MMP2/ELN/ADAMTS2",7
"C0240063","Coloboma of iris","9/460","153/21671",0.0588235294117647,2.77122762148338,3.23777704384279,0.0054875245419799,0.0369662456871295,0.0262979081026521,"COL4A1/FLI1/MAF/FGFR1/ZEB2/FLNA/DACT1/MPDZ/MMP2",9
"C0041696","Unipolar Depression","24/460","641/21671",0.0374414976599064,1.76390151258224,2.89117611848415,0.00548835075495718,0.0369662456871295,0.0262979081026521,"QKI/OGN/LSAMP/TCF4/SSPN/IL2RB/TUSC3/ADARB1/FGFR1/SYNE1/NEGR1/IGFBP7/SERPINE1/GJA1/CACNA2D1/TNC/VCAM1/NR3C1/CCL2/CFH/PDLIM7/DIXDC1/PRIMA1/PRKCB",24
"C0001925","Albuminuria","6/460","76/21671",0.0789473684210526,3.71927917620137,3.49713009361415,0.00553597014679327,0.0372190634094972,0.0264777634573403,"CD38/CCL5/CTSB/DCN/CCL2/PDPN",6
"C0080174","Spina Bifida Occulta","6/460","76/21671",0.0789473684210526,3.71927917620137,3.49713009361415,0.00553597014679327,0.0372190634094972,0.0264777634573403,"DLC1/RAB23/MASP1/CCL2/DACT1/ELN",6
"C0677607","Hashimoto Disease","15/460","335/21671",0.0447761194029851,2.10944192083063,3.01368789427468,0.00559223128714701,0.0375059575094532,0.0266818608585125,"ICAM1/CYBB/HLA-DOA/CD38/EDNRA/CCL5/GJA1/PTPRC/CTSB/GEM/C1S/CAV1/PDLIM7/HLA-DQB1/C3",15
"C0011989","Camurati-Engelmann Syndrome","4/460","34/21671",0.117647058823529,5.54245524296675,3.90354681660054,0.00561420794472308,0.0375059575094532,0.0266818608585125,"AGTR1/MITF/LGALS1/COL1A2",4
"C0013312","Dupuytren Contracture","4/460","34/21671",0.117647058823529,5.54245524296675,3.90354681660054,0.00561420794472308,0.0375059575094532,0.0266818608585125,"ITGA11/DDR2/TIMP2/DES",4
"C0235032","Neurotoxicity Syndromes","4/460","34/21671",0.117647058823529,5.54245524296675,3.90354681660054,0.00561420794472308,0.0375059575094532,0.0266818608585125,"RNASE6/CRISPLD2/CD3D/BCHE",4
"C0410422","Chronic multifocal osteomyelitis","4/460","34/21671",0.117647058823529,5.54245524296675,3.90354681660054,0.00561420794472308,0.0375059575094532,0.0266818608585125,"GLI3/PAPPA/CCL5/FAM20C",4
"C1314694","Astrocytoma, low grade","4/460","34/21671",0.117647058823529,5.54245524296675,3.90354681660054,0.00561420794472308,0.0375059575094532,0.0266818608585125,"VIM/TNC/CCL2/LGALS1",4
"C1849020","Short metatarsal","4/460","34/21671",0.117647058823529,5.54245524296675,3.90354681660054,0.00561420794472308,0.0375059575094532,0.0266818608585125,"TCF4/FGFR1/TRPS1/FLNA",4
"C1861324","Short philtrum","10/460","182/21671",0.0549450549450549,2.58850931677019,3.16916723264625,0.00565658309001543,0.0377548791776617,0.0268589445475273,"COL3A1/TCF4/SETBP1/FGFR1/AP1S2/TWIST2/MEF2C/MEIS2/CDH11/DENND5A",10
"C0265673","Congenital kyphosis","5/460","54/21671",0.0925925925925926,4.36211755233494,3.64283803236155,0.00567532117352002,0.0377774760170647,0.0268750200129955,"IGFBP7/CD38/FHL1/LGALS1/THBS1",5
"C1141957","HIV disease progression","5/460","54/21671",0.0925925925925926,4.36211755233494,3.64283803236155,0.00567532117352002,0.0377774760170647,0.0268750200129955,"ICAM1/CD38/CCL5/GEM/HLA-DQB1",5
"C3489413","Lipomatosis, Multiple","5/460","54/21671",0.0925925925925926,4.36211755233494,3.64283803236155,0.00567532117352002,0.0377774760170647,0.0268750200129955,"SETBP1/DCN/MSRB3/PDPN/CDH5",5
"C1961099","Precursor T-Cell Lymphoblastic Leukemia-Lymphoma","24/460","644/21671",0.0372670807453416,1.75568458007021,2.86696661848216,0.00580458026334169,0.0386030734270166,0.027462352711059,"ASB2/EML1/IL2RB/JAK3/SETBP1/TRAC/FGFR1/LATS2/IGFBP7/IGHM/CD38/CD3D/CD2/PTPRC/GLIS2/NRP2/NR3C1/ZEB2/MEIS1/MEF2C/MMP2/THBS1/C3/EDIL3",24
"C0278601","Inflammatory Breast Carcinoma","10/460","183/21671",0.0546448087431694,2.5743644571157,3.14963786767675,0.00587377813592253,0.0389930127692267,0.0277397568346436,"VIM/MMP11/FGFR1/SLIT2/CYP1B1/CTSB/CAV1/F2R/MMP2/THBD",10
"C0341106","Eosinophilic esophagitis","10/460","183/21671",0.0546448087431694,2.5743644571157,3.14963786767675,0.00587377813592253,0.0389930127692267,0.0277397568346436,"ICAM1/POSTN/GJA1/TIMP2/COL8A2/VCAM1/CCL2/MMP2/JAZF1/STC1",10
"C0036391","Schwartz-Jampel Syndrome","6/460","77/21671",0.0779220779220779,3.67097684923772,3.457615825952,0.00589891568950996,0.0390895831417976,0.0278084573135833,"PTGER3/GJA1/FLNA/CFH/HLA-DQB1/AKR1B1",6
"C2745963","Kashin-Beck Disease","6/460","77/21671",0.0779220779220779,3.67097684923772,3.457615825952,0.00589891568950996,0.0390895831417976,0.0278084573135833,"ADAM12/ADAMTS5/TGFBR1/FZD1/DCN/ADAMTS1",6
"C0032927","Precancerous Conditions","19/460","471/21671",0.0403397027600849,1.90043847503,2.90954022917812,0.00601222666211007,0.0397875787909861,0.0283050137016398,"MMP11/IGFBP5/AGTR1/TCF4/PMP22/FGFR1/SYNE1/CD38/AKAP12/CYP1B1/PRKG1/DCN/CAV1/MMP2/PDLIM7/THBS1/PRIMA1/PRICKLE2/THBD",19
"C1843013","Alzheimer disease, familial, type 3","11/460","213/21671",0.0516431924882629,2.43295570524597,3.09496503282567,0.00601502816726368,0.0397875787909861,0.0283050137016398,"COL3A1/CLU/SAMD4A/LIPA/RUNX1T1/CD38/VCAM1/NR3C1/HTRA1/HLA-DQB1/BCHE",11
"C1332182","Adult Anaplastic Large Cell Lymphoma","8/460","128/21671",0.0625,2.94442934782609,3.24916570799761,0.00605291406326464,0.0398684199601611,0.0283625243738316,"CLU/JAK3/MCC/CCL5/LGALS1/NFATC1/MSN/PDLIM7",8
"C1333015","Childhood Kidney Wilms Tumor","15/460","338/21671",0.0443786982248521,2.09071906354515,2.97627520808153,0.00605558093552018,0.0398684199601611,0.0283625243738316,"VIM/FLI1/RUNX1T1/CD38/SERPINE1/BASP1/EGR2/PTPRC/FZD1/ZFPM2/EFS/RECK/DES/SERPINF1/THBS1",15
"C0023283","Leishmaniasis, Cutaneous","7/460","102/21671",0.0686274509803922,3.23309889173061,3.32905397218933,0.0060759274635663,0.0398684199601611,0.0283625243738316,"SLC11A1/LSAMP/FLI1/JAK3/CCL2/FAM20C/MMP2",7
"C0023531","Leukoplakia","7/460","102/21671",0.0686274509803922,3.23309889173061,3.32905397218933,0.0060759274635663,0.0398684199601611,0.0283625243738316,"COL4A1/DERL3/MCC/MFAP5/DES/PDPN/MMP2",7
"C0002994","Angioedema","3/460","18/21671",0.166666666666667,7.8518115942029,4.2826287354482,0.00611575400671575,0.0398684199601611,0.0283625243738316,"COL4A1/SERPING1/HLA-DQB1",3
"C0041105","Trismus","3/460","18/21671",0.166666666666667,7.8518115942029,4.2826287354482,0.00611575400671575,0.0398684199601611,0.0283625243738316,"TPM2/EDNRA/BCHE",3
"C0156273","Bladder Diverticulum","3/460","18/21671",0.166666666666667,7.8518115942029,4.2826287354482,0.00611575400671575,0.0398684199601611,0.0283625243738316,"COL3A1/EFEMP2/ELN",3
"C0241157","pustule","3/460","18/21671",0.166666666666667,7.8518115942029,4.2826287354482,0.00611575400671575,0.0398684199601611,0.0283625243738316,"JAK3/CTSB/CTSC",3
"C0268393","Familial Cerebral Amyloid Angiopathy","3/460","18/21671",0.166666666666667,7.8518115942029,4.2826287354482,0.00611575400671575,0.0398684199601611,0.0283625243738316,"HSPB8/PTPRC/SDC2",3
"C0432284","Infantile myofibromatosis","3/460","18/21671",0.166666666666667,7.8518115942029,4.2826287354482,0.00611575400671575,0.0398684199601611,0.0283625243738316,"VIM/PECAM1/DES",3
"C0752282","Congenital Structural Myopathy","3/460","18/21671",0.166666666666667,7.8518115942029,4.2826287354482,0.00611575400671575,0.0398684199601611,0.0283625243738316,"VIM/TPM2/DES",3
"C1271398","Pigment dispersion syndrome (disorder)","3/460","18/21671",0.166666666666667,7.8518115942029,4.2826287354482,0.00611575400671575,0.0398684199601611,0.0283625243738316,"CD38/LOXL1/BCHE",3
"C1836392","Dysmetric saccades","3/460","18/21671",0.166666666666667,7.8518115942029,4.2826287354482,0.00611575400671575,0.0398684199601611,0.0283625243738316,"ATXN1/SYNE1/ITPR1",3
"C4525405","Eyelid Sebaceous Gland Carcinoma","3/460","18/21671",0.166666666666667,7.8518115942029,4.2826287354482,0.00611575400671575,0.0398684199601611,0.0283625243738316,"VIM/FGFR1/ZEB2",3
"C0040485","Torticollis","5/460","55/21671",0.0909090909090909,4.28280632411067,3.5897709589265,0.00613637041604246,0.0398684199601611,0.0283625243738316,"FLI1/COL12A1/SGCE/COL6A2/COL6A1",5
"C1320214","Invasive Streptococcus pneumoniae disease","5/460","55/21671",0.0909090909090909,4.28280632411067,3.5897709589265,0.00613637041604246,0.0398684199601611,0.0283625243738316,"SORBS1/ICAM1/CCL5/CCL2/CFH",5
"C2936179","Obesity, Visceral","5/460","55/21671",0.0909090909090909,4.28280632411067,3.5897709589265,0.00613637041604246,0.0398684199601611,0.0283625243738316,"AGTR1/SERPINE1/NR3C1/SERPINF1/THBS1",5
"C1328504","Hormone refractory prostate cancer","25/460","683/21671",0.0366032210834553,1.72440957412948,2.83293627267754,0.00614820717699018,0.0398684199601611,0.0283625243738316,"VIM/RGS2/PDE5A/CLU/PCDH7/FGFR1/HECTD2/IGFBP7/EDNRA/ACKR3/RPS6KA2/CYP1B1/CAV1/HTR2B/NR3C1/MEIS2/COL6A1/CCL2/FLNA/TGFB1I1/TFPI/LGALS1/CDH11/IGFBP6/CTSK",25
"C0010072","Coronary Thrombosis","4/460","35/21671",0.114285714285714,5.38409937888199,3.82255484697863,0.00623419244952379,0.0398684199601611,0.0283625243738316,"VWF/SERPINE1/F2R/TFPI",4
"C0039144","Syringomyelia","4/460","35/21671",0.114285714285714,5.38409937888199,3.82255484697863,0.00623419244952379,0.0398684199601611,0.0283625243738316,"CD38/DDR2/FLNA/PCDH17",4
"C0238281","Middle Cerebral Artery Syndrome","4/460","35/21671",0.114285714285714,5.38409937888199,3.82255484697863,0.00623419244952379,0.0398684199601611,0.0283625243738316,"ICAM1/IL6ST/CCL2/C3",4
"C0432123","Sagittal craniosynostosis","4/460","35/21671",0.114285714285714,5.38409937888199,3.82255484697863,0.00623419244952379,0.0398684199601611,0.0283625243738316,"PDLIM3/GLI3/RAB23/FGFR1",4
"C0740376","Middle Cerebral Artery Thrombosis","4/460","35/21671",0.114285714285714,5.38409937888199,3.82255484697863,0.00623419244952379,0.0398684199601611,0.0283625243738316,"ICAM1/IL6ST/CCL2/C3",4
"C0751845","Middle Cerebral Artery Embolus","4/460","35/21671",0.114285714285714,5.38409937888199,3.82255484697863,0.00623419244952379,0.0398684199601611,0.0283625243738316,"ICAM1/IL6ST/CCL2/C3",4
"C0751846","Left Middle Cerebral Artery Infarction","4/460","35/21671",0.114285714285714,5.38409937888199,3.82255484697863,0.00623419244952379,0.0398684199601611,0.0283625243738316,"ICAM1/IL6ST/CCL2/C3",4
"C0751847","Embolic Infarction, Middle Cerebral Artery","4/460","35/21671",0.114285714285714,5.38409937888199,3.82255484697863,0.00623419244952379,0.0398684199601611,0.0283625243738316,"ICAM1/IL6ST/CCL2/C3",4
"C0751848","Thrombotic Infarction, Middle Cerebral Artery","4/460","35/21671",0.114285714285714,5.38409937888199,3.82255484697863,0.00623419244952379,0.0398684199601611,0.0283625243738316,"ICAM1/IL6ST/CCL2/C3",4
"C0751849","Right Middle Cerebral Artery Infarction","4/460","35/21671",0.114285714285714,5.38409937888199,3.82255484697863,0.00623419244952379,0.0398684199601611,0.0283625243738316,"ICAM1/IL6ST/CCL2/C3",4
"C1306889","Peripheral arterial occlusive disease","4/460","35/21671",0.114285714285714,5.38409937888199,3.82255484697863,0.00623419244952379,0.0398684199601611,0.0283625243738316,"VWF/ICAM1/POSTN/SERPINE1",4
"C1868684","EAR, PATELLA, SHORT STATURE SYNDROME","6/460","78/21671",0.0769230769230769,3.62391304347826,3.41875553574972,0.00627890517702408,0.0398684199601611,0.0283625243738316,"RGS2/POSTN/SERPINE1/CD2/ITPR1/PDPN",6
"C4321245","Cleft lip or lips","6/460","78/21671",0.0769230769230769,3.62391304347826,3.41875553574972,0.00627890517702408,0.0398684199601611,0.0283625243738316,"CRISPLD2/FGFR1/GJA1/CCL2/GREM1/PDGFC",6
"C1839839","MAJOR AFFECTIVE DISORDER 2","10/460","185/21671",0.0540540540540541,2.54653349001175,3.11096558716226,0.00632764628974921,0.0398684199601611,0.0283625243738316,"ADAM12/FLI1/TCF4/ADARB1/HSPB7/SYNE1/SERPINE1/NPL/DCLK1/F2R",10
"C0002625","Amnestic Disorder","2/460","6/21671",0.333333333333333,15.7036231884058,5.3045487189975,0.00637289834096317,0.0398684199601611,0.0283625243738316,"GJA1/BCHE",2
"C0016033","Nonproliferative fibrocystic disease","2/460","6/21671",0.333333333333333,15.7036231884058,5.3045487189975,0.00637289834096317,0.0398684199601611,0.0283625243738316,"DCN/MMP2",2
"C0019816","Hereditary, Type VII, Motor and Sensory Neuropathy","2/460","6/21671",0.333333333333333,15.7036231884058,5.3045487189975,0.00637289834096317,0.0398684199601611,0.0283625243738316,"PMP22/EGR2",2
"C0022810","Kyasanur Forest Disease","2/460","6/21671",0.333333333333333,15.7036231884058,5.3045487189975,0.00637289834096317,0.0398684199601611,0.0283625243738316,"ICAM1/VCAM1",2
"C0036305","Schamberg Disease","2/460","6/21671",0.333333333333333,15.7036231884058,5.3045487189975,0.00637289834096317,0.0398684199601611,0.0283625243738316,"MASP1/MITF",2
"C0156349","Prolapse of female genital organs","2/460","6/21671",0.333333333333333,15.7036231884058,5.3045487189975,0.00637289834096317,0.0398684199601611,0.0283625243738316,"COL3A1/LOXL1",2
"C0221025","Kasabach-Merritt syndrome","2/460","6/21671",0.333333333333333,15.7036231884058,5.3045487189975,0.00637289834096317,0.0398684199601611,0.0283625243738316,"VEGFC/THBD",2
"C0235270","Keratopathy","2/460","6/21671",0.333333333333333,15.7036231884058,5.3045487189975,0.00637289834096317,0.0398684199601611,0.0283625243738316,"ICAM1/VCAM1",2
"C0242404","Myofibroblastoma","2/460","6/21671",0.333333333333333,15.7036231884058,5.3045487189975,0.00637289834096317,0.0398684199601611,0.0283625243738316,"VIM/DES",2
"C0263385","Confluent and Reticulate Papillomatosis","2/460","6/21671",0.333333333333333,15.7036231884058,5.3045487189975,0.00637289834096317,0.0398684199601611,0.0283625243738316,"CSRP2/CSRP1",2
"C0264683","Coronary artery atheroma","2/460","6/21671",0.333333333333333,15.7036231884058,5.3045487189975,0.00637289834096317,0.0398684199601611,0.0283625243738316,"AGTR1/SERPINE1",2
"C0271642","Fibrocalculous pancreatic diabetes","2/460","6/21671",0.333333333333333,15.7036231884058,5.3045487189975,0.00637289834096317,0.0398684199601611,0.0283625243738316,"CRISPLD2/HLA-DQB1",2
"C0334083","Connective tissue nevus, NOS","2/460","6/21671",0.333333333333333,15.7036231884058,5.3045487189975,0.00637289834096317,0.0398684199601611,0.0283625243738316,"COL3A1/ELN",2
"C0544966","Autophagic vaculoes (finding)","2/460","6/21671",0.333333333333333,15.7036231884058,5.3045487189975,0.00637289834096317,0.0398684199601611,0.0283625243738316,"LDB3/CRYAB",2
"C0579144","Cavovarus deformity of foot","2/460","6/21671",0.333333333333333,15.7036231884058,5.3045487189975,0.00637289834096317,0.0398684199601611,0.0283625243738316,"PMP22/FGFR1",2
"C1332655","Complement component 3 deficiency","2/460","6/21671",0.333333333333333,15.7036231884058,5.3045487189975,0.00637289834096317,0.0398684199601611,0.0283625243738316,"CFH/C3",2
"C1510446","Acute ischemic heart disease","2/460","6/21671",0.333333333333333,15.7036231884058,5.3045487189975,0.00637289834096317,0.0398684199601611,0.0283625243738316,"GJA1/DCN",2
"C1832776","Hypertrophic nerve changes","2/460","6/21671",0.333333333333333,15.7036231884058,5.3045487189975,0.00637289834096317,0.0398684199601611,0.0283625243738316,"PMP22/EGR2",2
"C1844508","Large foramen magnum","2/460","6/21671",0.333333333333333,15.7036231884058,5.3045487189975,0.00637289834096317,0.0398684199601611,0.0283625243738316,"RAB23/FLNA",2
"C1855185","Broad phalanx","2/460","6/21671",0.333333333333333,15.7036231884058,5.3045487189975,0.00637289834096317,0.0398684199601611,0.0283625243738316,"FGFR1/DDR2",2
"C1857800","CORNEAL DYSTROPHY, FUCHS ENDOTHELIAL, 2","2/460","6/21671",0.333333333333333,15.7036231884058,5.3045487189975,0.00637289834096317,0.0398684199601611,0.0283625243738316,"TCF4/COL8A2",2
"C1862932","ANEURYSM, INTRACRANIAL BERRY, 1 (disorder)","2/460","6/21671",0.333333333333333,15.7036231884058,5.3045487189975,0.00637289834096317,0.0398684199601611,0.0283625243738316,"COL3A1/ELN",2
"C1863924","Megalanecephaly Polymicrogyria-Polydactyly Hydrocephalus Syndrome","2/460","6/21671",0.333333333333333,15.7036231884058,5.3045487189975,0.00637289834096317,0.0398684199601611,0.0283625243738316,"MCC/AKT3",2
"C2936170","Patent Ductus Arteriosus Familial","2/460","6/21671",0.333333333333333,15.7036231884058,5.3045487189975,0.00637289834096317,0.0398684199601611,0.0283625243738316,"AGTR1/PTGIS",2
"C3854437","Chronic lymphocytic inflammation with pontine perivascular enhancement responsive to steroids","2/460","6/21671",0.333333333333333,15.7036231884058,5.3045487189975,0.00637289834096317,0.0398684199601611,0.0283625243738316,"ICAM1/VCAM1",2
"C3898765","Keratitis caused by infection","2/460","6/21671",0.333333333333333,15.7036231884058,5.3045487189975,0.00637289834096317,0.0398684199601611,0.0283625243738316,"EFS/THBS1",2
"C4015214","CTLA4 Haploinsufficiency","2/460","6/21671",0.333333333333333,15.7036231884058,5.3045487189975,0.00637289834096317,0.0398684199601611,0.0283625243738316,"JAK3/HLA-DOA",2
"C4015286","MACULAR DEGENERATION, EARLY-ONSET","2/460","6/21671",0.333333333333333,15.7036231884058,5.3045487189975,0.00637289834096317,0.0398684199601611,0.0283625243738316,"EFEMP1/C3",2
"C4021630","Broad long bones","2/460","6/21671",0.333333333333333,15.7036231884058,5.3045487189975,0.00637289834096317,0.0398684199601611,0.0283625243738316,"GJA1/COL1A2",2
"C4022628","Absent muscle fiber emerin","2/460","6/21671",0.333333333333333,15.7036231884058,5.3045487189975,0.00637289834096317,0.0398684199601611,0.0283625243738316,"SYNE1/FHL1",2
"C4477013","Impaired oropharyngeal swallow response","2/460","6/21671",0.333333333333333,15.7036231884058,5.3045487189975,0.00637289834096317,0.0398684199601611,0.0283625243738316,"PMP22/COL6A1",2
"C4728223","Extramedullary myeloma","2/460","6/21671",0.333333333333333,15.7036231884058,5.3045487189975,0.00637289834096317,0.0398684199601611,0.0283625243738316,"PTPRC/SLAMF7",2
"C0206743","Rhabdoid Tumor","7/460","103/21671",0.0679611650485437,3.20170958210215,3.29838621671081,0.00640317482309256,0.0400239090127598,0.0284731397944728,"VIM/SMARCA1/SERPINE1/KCNMA1/TAGLN/CNN1/MCAM",7
"C0220621","Childhood Acute Myeloid Leukemia","11/460","215/21671",0.0511627906976744,2.41032355915066,3.06049313723745,0.00643836562303773,0.0402098265899023,0.0286054021670097,"MN1/SETBP1/MLLT11/RUNX1T1/IGFBP7/CD38/GLIS2/EFS/MYH11/MEF2C/VEGFC",11
"C4722419","Extrapulmonary Small Cell Carcinoma","9/460","157/21671",0.0573248407643312,2.70062309609526,3.14938037203523,0.0064723780624022,0.0403880768019045,0.028732209950905,"VIM/HAVCR2/TSPAN4/ADAM12/TUSC3/FGFR1/VEGFC/HLA-DQB1/STC1",9
"C0497156","Lymphadenopathy","13/460","277/21671",0.0469314079422383,2.21097943807879,2.98715980895345,0.00655383368871886,0.0408618245693603,0.0290692356623563,"PDLIM3/ICAM1/CYBB/IL2RB/JAK3/TRAC/PRKD1/CD38/PTPRC/C1R/PALLD/C3/ITGA4",13
"C0410528","Skeletal dysplasia","10/460","186/21671",0.0537634408602151,2.53284244974287,3.09181935555657,0.00656457334720822,0.0408942451047182,0.0290922997372612,"COL3A1/GLI3/FGFR1/TRPS1/GJA1/KCNJ8/FLNA/MAB21L2/COL1A2/CTSK",10
"C0340100","High altitude pulmonary edema","5/460","56/21671",0.0892857142857143,4.20632763975155,3.53795326632616,0.00662311450008692,0.0411547401007085,0.0292776167295177,"VWF/AGTR1/EDNRA/SERPINE1/NR3C1",5
"C1389113","Generalized amyotrophy","5/460","56/21671",0.0892857142857143,4.20632763975155,3.53795326632616,0.00662311450008692,0.0411547401007085,0.0292776167295177,"TPM2/TCF4/COL12A1/COL6A2/COL6A1",5
"C1836195","Short toe","5/460","56/21671",0.0892857142857143,4.20632763975155,3.53795326632616,0.00662311450008692,0.0411547401007085,0.0292776167295177,"FLI1/GJA1/FLNA/ADAMTS2/CTSK",5
"C1332942","Childhood Anaplastic Large Cell Lymphoma","8/460","130/21671",0.0615384615384615,2.89913043478261,3.19831576652568,0.0066310130120184,0.0411691657314717,0.0292878791704305,"CLU/JAK3/MCC/CCL5/LGALS1/NFATC1/MSN/PDLIM7",8
"C0392885","High density lipoprotein measurement","21/460","545/21671",0.0385321100917431,1.81528121260471,2.8387349676786,0.00664917149383133,0.041247213418036,0.0293434025499553,"COL4A1/RDX/APOC1/ICAM1/IL2RB/SGCD/TGFBR1/TRPS1/IL6ST/AXL/TAGLN/NR3C1/MEIS1/GNG2/MYOCD/GIMAP6/PDGFC/ATP1A2/IL10RA/RORA/THBD",21
"C0027707","Nephritis, Interstitial","6/460","79/21671",0.0759493670886076,3.57804072647221,3.38052913471463,0.00667638471698901,0.0413118792798096,0.0293894060555505,"FLI1/DCN/CCL2/SDC2/HLA-DQB1/THBS1",6
"C0086445","Idiopathic Membranous Glomerulonephritis","6/460","79/21671",0.0759493670886076,3.57804072647221,3.38052913471463,0.00667638471698901,0.0413118792798096,0.0293894060555505,"SERPINE1/CCL2/CFH/HLA-DQB1/C3/AKR1B1",6
"C4041080","Neurocognitive Disorders","6/460","79/21671",0.0759493670886076,3.57804072647221,3.38052913471463,0.00667638471698901,0.0413118792798096,0.0293894060555505,"RBMS3/CD38/CCL5/ACKR3/TIMP2/CCL2",6
"C2936719","Mechanical Allodynia","17/460","408/21671",0.0416666666666667,1.96295289855072,2.89168282964971,0.00668913891487388,0.0413561335591281,0.0294208886946185,"VIM/ADAMTS5/PTGER3/CYBB/IL2RB/PRKD1/CD38/GJA1/ACKR3/CACNA2D1/HTR2B/NR3C1/SPARC/CCL2/MMP2/PRKCB/THBD",17
"C1282496","Metastasis from malignant tumor of prostate","15/460","342/21671",0.043859649122807,2.06626620900076,2.92699008738842,0.00672099891314705,0.0415183380559427,0.0295362815042419,"HAVCR2/ICAM1/DLC1/TUSC3/EDNRA/ARHGAP9/CYP1B1/CAV1/NR3C1/SPARC/CCL2/SERPINF1/SPARCL1/MMP2/VEGFC",15
"C0600260","Lung Diseases, Obstructive","7/460","104/21671",0.0673076923076923,3.17092391304348,3.26809146300232,0.00674336584856601,0.0416216778378882,0.0296097977631542,"CHRNA3/ACTG2/NR3C1/FLNA/MGP/A2M/ELN",7
"C0035334","Retinitis Pigmentosa","21/460","546/21671",0.0384615384615385,1.81195652173913,2.82981820718122,0.00678316886911637,0.0418323747634228,0.0297596882451933,"CYGB/CLU/CD74/CYBB/AKT3/EDNRA/ACKR3/PTPRC/TIMP2/CAV1/HSD17B6/TWIST2/CRYAB/MEIS2/HTRA1/CCL2/SERPINF1/MMP2/C3/ATP1A2/STC1",21
"C0027019","Myelomonocytic leukemia","4/460","36/21671",0.111111111111111,5.23454106280193,3.74461306959171,0.00689800870687375,0.0423636441548603,0.030137635028105,"SETBP1/RUNX1T1/MEF2C/A2M",4
"C0206732","Epithelioid hemangioendothelioma","4/460","36/21671",0.111111111111111,5.23454106280193,3.74461306959171,0.00689800870687375,0.0423636441548603,0.030137635028105,"PECAM1/FLI1/WWTR1/CAV1",4
"C0238397","Pulmonary artery stenosis","4/460","36/21671",0.111111111111111,5.23454106280193,3.74461306959171,0.00689800870687375,0.0423636441548603,0.030137635028105,"GPC6/ZEB2/MGP/ELN",4
"C1848934","SPONDYLOCARPOTARSAL SYNOSTOSIS SYNDROME","4/460","36/21671",0.111111111111111,5.23454106280193,3.74461306959171,0.00689800870687375,0.0423636441548603,0.030137635028105,"TPM2/ICAM1/SERPINE1/VCAM1",4
"C1851100","LAURIN-SANDROW SYNDROME","4/460","36/21671",0.111111111111111,5.23454106280193,3.74461306959171,0.00689800870687375,0.0423636441548603,0.030137635028105,"AGTR1/CAV1/ANGPTL2/ELN",4
"C3548479","response to bronchodilator","8/460","131/21671",0.0610687022900763,2.87699966810488,3.17325368966252,0.00693527369532233,0.0424864650778999,0.0302250102345168,"CHRNA3/RBMS3/MIR100HG/BNC2/MSRB3/GNG2/CFH/PRKCB",8
"C4552091","Polyarthritis, Juvenile, Rheumatoid Factor Negative","8/460","131/21671",0.0610687022900763,2.87699966810488,3.17325368966252,0.00693527369532233,0.0424864650778999,0.0302250102345168,"SLC11A1/CLU/CALD1/GNG11/PGM5/TFPI/MSN/THBS1",8
"C4704862","Polyarthritis, Juvenile, Rheumatoid Factor Positive","8/460","131/21671",0.0610687022900763,2.87699966810488,3.17325368966252,0.00693527369532233,0.0424864650778999,0.0302250102345168,"SLC11A1/CLU/CALD1/GNG11/PGM5/TFPI/MSN/THBS1",8
"C1531647","Cerebral ventriculomegaly","17/460","410/21671",0.0414634146341463,1.95337751855779,2.87007199359815,0.00700824090729908,0.0428732272489734,0.0305001541081619,"COL3A1/FLI1/EML1/SETBP1/AKT3/FGFR1/TRPS1/AP1S2/JAM3/ACTA2/TUBA1A/CAV1/ZEB2/MEF2C/NDN/MPDZ/CCDC88A",17
"C0151908","Dry skin","9/460","159/21671",0.0566037735849057,2.66665299425759,3.1062124349699,0.00701308149749534,0.0428732272489734,0.0305001541081619,"GLI3/OSMR/FGFR1/PRKD1/GJA1/KCNMA1/MITF/TWIST2/COL6A1",9
"C0008313","Cholangitis, Sclerosing","10/460","188/21671",0.0531914893617021,2.5058973172988,3.05389864683339,0.00705905330665771,0.0428732272489734,0.0305001541081619,"RDX/ICAM1/TCF4/OSMR/CCL5/ACTA2/JAZF1/NFATC1/HLA-DQB1/PRKCB",10
"C0751039","Cockayne Syndrome, Type I","6/460","80/21671",0.075,3.5333152173913,3.34291740343685,0.00709179875844238,0.0428732272489734,0.0305001541081619,"PECAM1/CYBB/IL2RB/CD38/CCL2/AKR1B1",6
"C4087124","Immunoglobulin G4-Related Disease","6/460","80/21671",0.075,3.5333152173913,3.34291740343685,0.00709179875844238,0.0428732272489734,0.0305001541081619,"POSTN/CD38/SLAMF7/GBP1/NR3C1/THBS1",6
"C0009691","Congenital cataract","7/460","105/21671",0.0666666666666667,3.14072463768116,3.23816113516141,0.00709680193924501,0.0428732272489734,0.0305001541081619,"VIM/COL4A1/MAF/JAM3/TUBA1A/CRYAB/MEIS2",7
"C0205697","Carcinoma, Spindle-Cell","11/460","218/21671",0.0504587155963303,2.37715396888712,3.00950124971416,0.00711679792946662,0.0428732272489734,0.0305001541081619,"VIM/TRPS1/IL6ST/BASP1/ACKR3/EFEMP1/ZEB2/DES/MGP/NDN/MMP2",11
"C0342482","X-linked Adrenal Hypoplasia","5/460","57/21671",0.087719298245614,4.13253241800153,3.48733146189192,0.00713626621971656,0.0428732272489734,0.0305001541081619,"ICAM1/PMP22/CTSB/ATP1A2/AKR1B1",5
"C0751882","Myasthenic Syndromes, Congenital","5/460","57/21671",0.087719298245614,4.13253241800153,3.48733146189192,0.00713626621971656,0.0428732272489734,0.0305001541081619,"CAV1/DES/BCHE/LAMB2/COL13A1",5
"C1836150","Gait imbalance","5/460","57/21671",0.087719298245614,4.13253241800153,3.48733146189192,0.00713626621971656,0.0428732272489734,0.0305001541081619,"HSPB8/ATXN1/PMP22/TUBB6/ELN",5
"C1858036","Periorbital fullness","5/460","57/21671",0.087719298245614,4.13253241800153,3.48733146189192,0.00713626621971656,0.0428732272489734,0.0305001541081619,"TRPS1/TWIST2/ZEB2/MAB21L2/ELN",5
"C0079352","Congenital torticollis","3/460","19/21671",0.157894736842105,7.43855835240275,4.13470212069866,0.00714940974579874,0.0428732272489734,0.0305001541081619,"COL6A2/COL6A1/ELN",3
"C0206648","Myofibromatosis","3/460","19/21671",0.157894736842105,7.43855835240275,4.13470212069866,0.00714940974579874,0.0428732272489734,0.0305001541081619,"VIM/PECAM1/DES",3
"C0206735","Melanoma, Amelanotic","3/460","19/21671",0.157894736842105,7.43855835240275,4.13470212069866,0.00714940974579874,0.0428732272489734,0.0305001541081619,"CTSB/MITF/PDLIM7",3
"C0221239","Rapidly progressive glomerulonephritis","3/460","19/21671",0.157894736842105,7.43855835240275,4.13470212069866,0.00714940974579874,0.0428732272489734,0.0305001541081619,"ICAM1/VCAM1/CFH",3
"C0242666","Protein S Deficiency","3/460","19/21671",0.157894736842105,7.43855835240275,4.13470212069866,0.00714940974579874,0.0428732272489734,0.0305001541081619,"VWF/SERPINE1/TFPI",3
"C0334013","Phrynoderma","3/460","19/21671",0.157894736842105,7.43855835240275,4.13470212069866,0.00714940974579874,0.0428732272489734,0.0305001541081619,"COL12A1/COL6A2/COL6A1",3
"C0342895","Fish-Eye Disease","3/460","19/21671",0.157894736842105,7.43855835240275,4.13470212069866,0.00714940974579874,0.0428732272489734,0.0305001541081619,"CLU/TCF4/COL8A2",3
"C0344539","Hypoplasia of iris","3/460","19/21671",0.157894736842105,7.43855835240275,4.13470212069866,0.00714940974579874,0.0428732272489734,0.0305001541081619,"FGFR1/ITPR1/LAMB2",3
"C0410538","Pseudoachondroplasia","3/460","19/21671",0.157894736842105,7.43855835240275,4.13470212069866,0.00714940974579874,0.0428732272489734,0.0305001541081619,"EPHA3/DCN/SPARC",3
"C1510489","Cerebral Amyloid Angiopathy, Hereditary","3/460","19/21671",0.157894736842105,7.43855835240275,4.13470212069866,0.00714940974579874,0.0428732272489734,0.0305001541081619,"HSPB8/PTPRC/SDC2",3
"C1834696","Hyporeflexia of lower limbs","3/460","19/21671",0.157894736842105,7.43855835240275,4.13470212069866,0.00714940974579874,0.0428732272489734,0.0305001541081619,"HSPB8/LDB3/DES",3
"C1851789","Poor wound healing","3/460","19/21671",0.157894736842105,7.43855835240275,4.13470212069866,0.00714940974579874,0.0428732272489734,0.0305001541081619,"C1R/CFH/AEBP1",3
"C1865841","Flared iliac wings","3/460","19/21671",0.157894736842105,7.43855835240275,4.13470212069866,0.00714940974579874,0.0428732272489734,0.0305001541081619,"RAB23/DDR2/FLNA",3
"C2720436","Fibrosis of pleura","3/460","19/21671",0.157894736842105,7.43855835240275,4.13470212069866,0.00714940974579874,0.0428732272489734,0.0305001541081619,"CRISPLD2/SERPINE1/F2R",3
"C4068858","Avascular retina","3/460","19/21671",0.157894736842105,7.43855835240275,4.13470212069866,0.00714940974579874,0.0428732272489734,0.0305001541081619,"CD8A/NRP2/SERPINF1",3
"C0424605","Developmental delay (disorder)","22/460","584/21671",0.0376712328767123,1.77472453841572,2.79495059816702,0.00715606322350632,0.0428782944122757,0.0305037589047104,"COL4A1/VWF/GLI3/TCF4/TUSC3/RHOQ/MN1/SETBP1/PMP22/TRPS1/CD38/SERPINE1/TUBA1A/SGCE/TWIST2/ALDH1A3/MEF2C/MEIS2/SPARC/CCL2/NDN/EDIL3",22
"C0151888","Hyporeflexia","14/460","312/21671",0.0448717948717949,2.11394927536232,2.91863679964328,0.0071632370186919,0.0428864685093136,0.0305095739840815,"COL4A1/HSPB8/TPM2/FLI1/ATXN1/PMP22/SYNE1/EGR2/CFL2/FHL1/CRYAB/GNB4/LAMB2/COL13A1",14
"C4721453","Peripheral Nervous System Diseases","21/460","549/21671",0.0382513661202186,1.80205511998099,2.80317794876255,0.00719849399195534,0.0430626277541445,0.0306348942470914,"HSPB8/ICAM1/TCF4/MAP1B/ATXN1/PMP22/IL6ST/EGR2/LDB3/CAV1/ACTG2/GAP43/DES/CCL2/SERPINF1/WIPF1/BCHE/PRKCB/AKR1B1/MYO5A/THBD",21
"C0162770","Right Ventricular Hypertrophy","9/460","160/21671",0.05625,2.64998641304348,3.08487704367726,0.00729607621754445,0.0436110401926422,0.0310250366497586,"PDE5A/AGTR1/CYBB/TNC/CCL2/MMP2/FSTL1/ELN/LAMB2",9
"C1956257","Pulmonary Stenosis","7/460","106/21671",0.0660377358490566,3.11109515996719,3.20858693644928,0.00746378443187185,0.0445773921327492,0.0317125025809987,"VWF/RAB23/IGFBP7/ZEB2/MGP/EFEMP2/ELN",7
"C0280785","Diffuse Astrocytoma","6/460","81/21671",0.0740740740740741,3.48969404186795,3.30590194336249,0.00752558970685356,0.0448739121292351,0.0319234478764496,"IGFBP5/ADAM12/ICAM1/FGFR1/LATS2/CAV1",6
"C1720830","Painful Bladder Syndrome","6/460","81/21671",0.0740740740740741,3.48969404186795,3.30590194336249,0.00752558970685356,0.0448739121292351,0.0319234478764496,"PECAM1/ICAM1/SERPINE1/SERPING1/CCL2/A2M",6
"C0028945","oligodendroglioma","13/460","282/21671",0.0460992907801418,2.17177767499229,2.91677099693093,0.00756570751360507,0.0450675764945011,0.0320612213393982,"VIM/ADAM12/IL2RB/FGFR1/LATS2/PEG3/TNC/CAV1/DES/EMP3/LGALS1/THBS1/EDIL3",13
"C0746102","Chronic lung disease","8/460","133/21671",0.0601503759398496,2.83373651520105,3.12383342014234,0.00757530593121504,0.0450675764945011,0.0320612213393982,"AOC3/CCL5/CAV1/CCL2/FSTL1/A2M/LOXL1/ELN",8
"C0221238","Mesangial proliferative glomerulonephritis","4/460","37/21671",0.108108108108108,5.0930669800235,3.66951865992496,0.00760690873911519,0.0450675764945011,0.0320612213393982,"VWF/FGFR1/DCN/C3",4
"C0239337","Deformity of limb","4/460","37/21671",0.108108108108108,5.0930669800235,3.66951865992496,0.00760690873911519,0.0450675764945011,0.0320612213393982,"TPM2/GJA1/MASP1/GREM1",4
"C0272322","Severe hereditary factor VIII deficiency disease","4/460","37/21671",0.108108108108108,5.0930669800235,3.66951865992496,0.00760690873911519,0.0450675764945011,0.0320612213393982,"VWF/HLA-DOA/TFPI/THBD",4
"C0854985","Adenocarcinoma of lung, stage I","4/460","37/21671",0.108108108108108,5.0930669800235,3.66951865992496,0.00760690873911519,0.0450675764945011,0.0320612213393982,"ADAM12/CCL5/CAV1/GBP1",4
"C1859726","ARTERIAL TORTUOSITY SYNDROME","4/460","37/21671",0.108108108108108,5.0930669800235,3.66951865992496,0.00760690873911519,0.0450675764945011,0.0320612213393982,"COL4A1/TGFBR1/EFEMP2/ELN",4
"C4551854","HYPOPLASTIC LEFT HEART SYNDROME 1","4/460","37/21671",0.108108108108108,5.0930669800235,3.66951865992496,0.00760690873911519,0.0450675764945011,0.0320612213393982,"FGFR1/GJA1/PLN/ELN",4
"C0333641","Atrophic","5/460","58/21671",0.0862068965517241,4.06128185907046,3.43785525467777,0.00767652864783501,0.0454435721558284,0.0323287058827914,"VIM/CLU/ATXN1/HTRA1/CFH",5
"C0346990","Carcinomatosis of peritoneal cavity","7/460","107/21671",0.0654205607476635,3.08201950426656,3.17936083763227,0.00784461440856551,0.046401397086563,0.0330101056716712,"VIM/AGTR1/CD8A/ZEB2/PDPN/MMP2/MCAM",7
"C0275524","Coinfection","12/460","252/21671",0.0476190476190476,2.24337474120083,2.92368456545,0.00789567692776229,0.0466660424985918,0.033198375283474,"SORBS1/EPHA3/CD38/SERPINE1/CCL5/GJA1/CAV2/CCL2/FLNA/CFH/PDLIM7/HLA-DQB1",12
"C0020097","HTLV-I Infections","8/460","134/21671",0.0597014925373134,2.81258922777417,3.09946680404382,0.00791151408830077,0.046722237599869,0.0332383526623432,"VIM/ICAM1/IL6ST/CD38/CCL2/MMP2/LGALS1/THBS1",8
"C0342384","Idiopathic hypogonadotropic hypogonadism","6/460","82/21671",0.0731707317073171,3.44713679745493,3.26946513198124,0.00797819754450694,0.0470407781737622,0.0334649634685935,"FGFR1/EDNRA/ACKR3/AXL/NDN/NFATC1",6
"C0393819","Polyradiculoneuropathy, Chronic Inflammatory Demyelinating","6/460","82/21671",0.0731707317073171,3.44713679745493,3.26946513198124,0.00797819754450694,0.0470407781737622,0.0334649634685935,"RDX/PMP22/MMP2/MSN/HLA-DQB1/ITGA4",6
"C0009081","Congenital clubfoot","13/460","285/21671",0.0456140350877193,2.14891685736079,2.87523965734598,0.00822969854339215,0.0483584563968822,0.0344023640667976,"COL3A1/TPM2/GLI3/RAB23/SETBP1/TGFBR1/TRPS1/SYNE1/COL6A2/DES/COL6A1/FLNA/LAMB2",13
"C0027059","Myocarditis","13/460","285/21671",0.0456140350877193,2.14891685736079,2.87523965734598,0.00822969854339215,0.0483584563968822,0.0344023640667976,"CLU/FGL2/GJA1/PTPRC/CTSB/F2R/SPARC/CCL2/MMP2/TFPI/MSN/HLA-DQB1/PRKCB",13
"C0206138","CREST Syndrome","5/460","59/21671",0.0847457627118644,3.99244657332351,3.38947731192824,0.0082445943373288,0.0483584563968822,0.0344023640667976,"VIM/FYN/CAV1/MITF/C1QC",5
"C0338502","Hypoplasia of the optic nerve","5/460","59/21671",0.0847457627118644,3.99244657332351,3.38947731192824,0.0082445943373288,0.0483584563968822,0.0344023640667976,"COL4A1/TUBA1A/ALDH1A3/MEF2C/LAMB2",5
"C1842774","Hypermelanotic macule","5/460","59/21671",0.0847457627118644,3.99244657332351,3.38947731192824,0.0082445943373288,0.0483584563968822,0.0344023640667976,"CYBB/GJA1/C1S/C1R/MMP2",5
"C0151450","Secondary SjC6gren's syndrome","3/460","20/21671",0.15,7.06663043478261,3.99715838139703,0.00828028838873734,0.0483584563968822,0.0344023640667976,"VIM/ICAM1/VCAM1",3
"C0277524","Infectious colitis","3/460","20/21671",0.15,7.06663043478261,3.99715838139703,0.00828028838873734,0.0483584563968822,0.0344023640667976,"IL18BP/F2R/CCL2",3
"C0553980","Endomyocardial Fibrosis","3/460","20/21671",0.15,7.06663043478261,3.99715838139703,0.00828028838873734,0.0483584563968822,0.0344023640667976,"COL3A1/LDB3/CCL2",3
"C1852438","CATARACT, COPPOCK-LIKE","3/460","20/21671",0.15,7.06663043478261,3.99715838139703,0.00828028838873734,0.0483584563968822,0.0344023640667976,"VIM/MAF/CAV1",3
"C1856266","Coronal craniosynostosis","3/460","20/21671",0.15,7.06663043478261,3.99715838139703,0.00828028838873734,0.0483584563968822,0.0344023640667976,"RAB23/FGFR1/MASP1",3
"C1865244","Shallow orbits","3/460","20/21671",0.15,7.06663043478261,3.99715838139703,0.00828028838873734,0.0483584563968822,0.0344023640667976,"SETBP1/FGFR1/MITF",3
"C4543948","Localized cutaneous leishmaniasis","3/460","20/21671",0.15,7.06663043478261,3.99715838139703,0.00828028838873734,0.0483584563968822,0.0344023640667976,"SLC11A1/CCL5/CCL2",3
"C0007642","Cellulitis","4/460","38/21671",0.105263157894737,4.95903890160183,3.59708741373146,0.00836209820213899,0.0487206068888635,0.0346599991114289,"CYBB/IGHM/VEGFC/AEBP1",4
"C0009766","Allergic Conjunctivitis","4/460","38/21671",0.105263157894737,4.95903890160183,3.59708741373146,0.00836209820213899,0.0487206068888635,0.0346599991114289,"POSTN/SERPINE1/CCL5/CCL2",4
"C0014511","Epithelial cyst","4/460","38/21671",0.105263157894737,4.95903890160183,3.59708741373146,0.00836209820213899,0.0487206068888635,0.0346599991114289,"POSTN/HMCN1/PKD2/ANTXR1",4
"C1262760","Hepatitis, Drug-Induced","17/460","418/21671",0.0406698564593301,1.91599230289162,2.78482329777615,0.00840988866595921,0.0489604086215386,0.0348305948484729,"VIM/COL3A1/CLU/PECAM1/VWF/TGFBR1/NREP/TUBA1A/ITPR1/SERPING1/CCDC80/CCL2/MMP2/CFH/HLA-DQB1/C3/ALDH1L2",17
"C0019270","Hernia","8/460","136/21671",0.0588235294117647,2.77122762148338,3.05140035109368,0.00861740777949161,0.0497633004950041,0.0354017747536077,"MAP1B/AKT3/CD38/GPC6/CCL2/FLNA/MMP2/ELN",8
"C0007118","Carcinoma, Basosquamous","2/460","7/21671",0.285714285714286,13.460248447205,4.85550267712984,0.00879722394283126,0.0497633004950041,0.0354017747536077,"VIM/PDPN",2
"C0011620","Stasis dermatitis","2/460","7/21671",0.285714285714286,13.460248447205,4.85550267712984,0.00879722394283126,0.0497633004950041,0.0354017747536077,"ICAM1/VCAM1",2
"C0017567","Gingival Hypertrophy","2/460","7/21671",0.285714285714286,13.460248447205,4.85550267712984,0.00879722394283126,0.0497633004950041,0.0354017747536077,"POSTN/SPARC",2
"C0019034","Hemoglobin SC Disease","2/460","7/21671",0.285714285714286,13.460248447205,4.85550267712984,0.00879722394283126,0.0497633004950041,0.0354017747536077,"VCAM1/THBD",2
"C0020522","Delayed Hypersensitivity","2/460","7/21671",0.285714285714286,13.460248447205,4.85550267712984,0.00879722394283126,0.0497633004950041,0.0354017747536077,"CCL2/HLA-DQB1",2
"C0027429","Nasal obstruction present finding","2/460","7/21671",0.285714285714286,13.460248447205,4.85550267712984,0.00879722394283126,0.0497633004950041,0.0354017747536077,"FGFR1/GJA1",2
"C0034933","Reflex, Abnormal","2/460","7/21671",0.285714285714286,13.460248447205,4.85550267712984,0.00879722394283126,0.0497633004950041,0.0354017747536077,"PMP22/TACR2",2
"C0038165","Staphylococcal Scalded Skin Syndrome","2/460","7/21671",0.285714285714286,13.460248447205,4.85550267712984,0.00879722394283126,0.0497633004950041,0.0354017747536077,"SETBP1/EDNRA",2
"C0041324","Tuberculosis, Osteoarticular","2/460","7/21671",0.285714285714286,13.460248447205,4.85550267712984,0.00879722394283126,0.0497633004950041,0.0354017747536077,"POSTN/CLDN11",2
"C0175755","Congenital absent nipple","2/460","7/21671",0.285714285714286,13.460248447205,4.85550267712984,0.00879722394283126,0.0497633004950041,0.0354017747536077,"TWIST2/CDH11",2
"C0232216","Ventricular escape rhythm","2/460","7/21671",0.285714285714286,13.460248447205,4.85550267712984,0.00879722394283126,0.0497633004950041,0.0354017747536077,"SYNE1/FHL1",2
"C0268338","Ehlers-Danlos Syndrome, Type IV","2/460","7/21671",0.285714285714286,13.460248447205,4.85550267712984,0.00879722394283126,0.0497633004950041,0.0354017747536077,"COL3A1/COL1A2",2
"C0345049","Ascending aorta dilatation","2/460","7/21671",0.285714285714286,13.460248447205,4.85550267712984,0.00879722394283126,0.0497633004950041,0.0354017747536077,"MMP2/ELN",2
"C0392400","Diffuse malignant mesothelioma","2/460","7/21671",0.285714285714286,13.460248447205,4.85550267712984,0.00879722394283126,0.0497633004950041,0.0354017747536077,"DES/MCAM",2
"C0425795","Absent nipple (finding)","2/460","7/21671",0.285714285714286,13.460248447205,4.85550267712984,0.00879722394283126,0.0497633004950041,0.0354017747536077,"TWIST2/CDH11",2
"C0432122","Interfrontal craniofaciosynostosis","2/460","7/21671",0.285714285714286,13.460248447205,4.85550267712984,0.00879722394283126,0.0497633004950041,0.0354017747536077,"GLI3/FGFR1",2
"C0600502","Vascular Hemostatic Disorders","2/460","7/21671",0.285714285714286,13.460248447205,4.85550267712984,0.00879722394283126,0.0497633004950041,0.0354017747536077,"VWF/SERPINE1",2
"C1135869","Hemorrhagic Septicemia, Viral","2/460","7/21671",0.285714285714286,13.460248447205,4.85550267712984,0.00879722394283126,0.0497633004950041,0.0354017747536077,"CAV1/THBS1",2
"C1275078","Acrocephalopolysyndactyly type 2","2/460","7/21671",0.285714285714286,13.460248447205,4.85550267712984,0.00879722394283126,0.0497633004950041,0.0354017747536077,"GLI3/RAB23",2
"C1336117","Stage IA Lung Adenocarcinoma AJCC v7","2/460","7/21671",0.285714285714286,13.460248447205,4.85550267712984,0.00879722394283126,0.0497633004950041,0.0354017747536077,"VIM/PDPN",2
"C1720251","Retinal pigment epithelium atrophy","2/460","7/21671",0.285714285714286,13.460248447205,4.85550267712984,0.00879722394283126,0.0497633004950041,0.0354017747536077,"HTRA1/CFH",2
"C1832323","Failure to thrive secondary to recurrent infections","2/460","7/21671",0.285714285714286,13.460248447205,4.85550267712984,0.00879722394283126,0.0497633004950041,0.0354017747536077,"CD3D/PTPRC",2
"C1837323","Decreased Achilles reflex","2/460","7/21671",0.285714285714286,13.460248447205,4.85550267712984,0.00879722394283126,0.0497633004950041,0.0354017747536077,"LDB3/CRYAB",2
"C1839653","Decreased cervical spine flexion due to contractures of posterior cervical muscles","2/460","7/21671",0.285714285714286,13.460248447205,4.85550267712984,0.00879722394283126,0.0497633004950041,0.0354017747536077,"SYNE1/FHL1",2
"C1842231","Broad metatarsal","2/460","7/21671",0.285714285714286,13.460248447205,4.85550267712984,0.00879722394283126,0.0497633004950041,0.0354017747536077,"FGFR1/MMP2",2
"C1844709","Radial deviation of the 2nd finger","2/460","7/21671",0.285714285714286,13.460248447205,4.85550267712984,0.00879722394283126,0.0497633004950041,0.0354017747536077,"TRPS1/FLNA",2
"C1850848","Muscle fiber necrosis","2/460","7/21671",0.285714285714286,13.460248447205,4.85550267712984,0.00879722394283126,0.0497633004950041,0.0354017747536077,"COL6A2/COL6A1",2
"C1862152","Aplasia/Hypoplasia of the middle phalanges of the hand","2/460","7/21671",0.285714285714286,13.460248447205,4.85550267712984,0.00879722394283126,0.0497633004950041,0.0354017747536077,"RAB23/GJA1",2
"C1970257","Decreased serum complement factor I","2/460","7/21671",0.285714285714286,13.460248447205,4.85550267712984,0.00879722394283126,0.0497633004950041,0.0354017747536077,"CFH/C1QC",2
"C3891815","Arthritis, Suppurative","2/460","7/21671",0.285714285714286,13.460248447205,4.85550267712984,0.00879722394283126,0.0497633004950041,0.0354017747536077,"GLI3/PAPPA",2
"C4021640","Intestinal hypoplasia","2/460","7/21671",0.285714285714286,13.460248447205,4.85550267712984,0.00879722394283126,0.0497633004950041,0.0354017747536077,"CLMP/FLNA",2
"C4021885","Atrial cardiomyopathy","2/460","7/21671",0.285714285714286,13.460248447205,4.85550267712984,0.00879722394283126,0.0497633004950041,0.0354017747536077,"GJA1/PRKCB",2
"C4025578","Late-onset proximal muscle weakness","2/460","7/21671",0.285714285714286,13.460248447205,4.85550267712984,0.00879722394283126,0.0497633004950041,0.0354017747536077,"CRYAB/DES",2
"C4048548","Anti-Mullerian Hormone Measurement","2/460","7/21671",0.285714285714286,13.460248447205,4.85550267712984,0.00879722394283126,0.0497633004950041,0.0354017747536077,"TTC28/MEF2C",2
"C4055342","C3 Glomerulonephritis","2/460","7/21671",0.285714285714286,13.460248447205,4.85550267712984,0.00879722394283126,0.0497633004950041,0.0354017747536077,"CFH/C3",2
"C4476705","Upgaze palsy","2/460","7/21671",0.285714285714286,13.460248447205,4.85550267712984,0.00879722394283126,0.0497633004950041,0.0354017747536077,"ATXN1/KCNMA1",2
"C0340279","Ventricular hypertrophy","5/460","60/21671",0.0833333333333333,3.92590579710145,3.34215303786428,0.00884114455502315,0.0499352173719823,0.0355240769822498,"AGTR1/SGCD/CAV1/FHL1/MYOCD",5
"C1843300","Sparse eyelashes","5/460","60/21671",0.0833333333333333,3.92590579710145,3.34215303786428,0.00884114455502315,0.0499352173719823,0.0355240769822498,"TRPS1/EDNRA/GJA1/KANK2/ANTXR1",5
