"ID","Description","GeneRatio","BgRatio","RichFactor","FoldEnrichment","zScore","pvalue","p.adjust","qvalue","geneID","Count"
"C0013221","Drug toxicity","8/19","86/21671",0.0930232558139535,106.100367197062,28.9290837926766,3.21310033843115e-15,3.88172139378294e-12,1.53574878305763e-12,"ABCC2/MTRR/DHFR/MTR/SLC19A1/MTHFR/TYMS/CES2",8
"C0041755","Adverse reaction to drug","8/19","87/21671",0.0919540229885057,104.880822746521,28.7598282189526,3.53687598522364e-15,3.88172139378294e-12,1.53574878305763e-12,"ABCC2/MTRR/DHFR/MTR/SLC19A1/MTHFR/TYMS/CES2",8
"C4721579","Secondary malignant neoplasm of colon and/or rectum","10/19","397/21671",0.0251889168765743,28.7299482964338,16.518742476502,3.03375545391035e-13,2.2196977404444e-10,8.78192368237206e-11,"ABCC2/ERCC1/TK1/CTLA4/SLC19A1/UMPS/MTHFR/CDH1/TYMS/CES2",10
"C0023530","Leukopenia","10/19","440/21671",0.0227272727272727,25.9222488038278,15.6453609597402,8.43952222497528e-13,4.63118782095518e-10,1.83226469358016e-10,"ABCC2/ERCC1/DHFR/MTR/CTLA4/SLC19A1/UMPS/MTHFR/TYMS/ABCC3",10
"C1302401","Adenoma of large intestine","10/19","452/21671",0.0221238938053097,25.2340475081509,15.4237494898335,1.1024748267547e-12,4.83986448945313e-10,1.91482469910027e-10,"ABCC2/MTRR/CDH2/ERCC1/MTR/CTLA4/SLC19A1/MTHFR/CDH1/TYMS",10
"C1853238","Conotruncal defect","6/19","51/21671",0.117647058823529,134.185758513932,28.207998937309,3.32109406301413e-12,1.214966911386e-09,4.80684667015203e-10,"MTRR/DHFR/MTR/SLC19A1/MTHFR/TYMS",6
"C0002888","Anemia, Megaloblastic","5/19","26/21671",0.192307692307692,219.342105263158,32.9991398145367,1.89964419970611e-11,5.95674145479273e-09,2.35670145076322e-09,"MTRR/DHFR/MTR/UMPS/MTHFR",5
"C0016412","Folic Acid Deficiency","6/19","70/21671",0.0857142857142857,97.7639097744361,24.0205388867875,2.39433122579979e-11,6.56944630078818e-09,2.59910955432214e-09,"MTRR/DHFR/MTR/SLC19A1/MTHFR/TYMS",6
"C0080178","Spina Bifida","7/19","179/21671",0.0391061452513966,44.6036459864746,17.3527436664899,1.08061489357932e-10,2.63549965711845e-08,1.0426985815239e-08,"ABCC2/MTRR/DHFR/MTR/SLC19A1/MTHFR/TYMS",7
"C0278987","Metastatic non-small cell lung cancer","6/19","106/21671",0.0566037735849057,64.5610724925521,19.432409998814,3.05788096061513e-10,6.7120487085502e-08,2.65552820263945e-08,"ABCC2/ERCC1/CTLA4/MTHFR/CDH1/TYMS",6
"C1443924","Severe diarrhea","5/19","47/21671",0.106382978723404,121.338185890258,24.4647971819616,4.37996325350709e-10,8.74001758313461e-08,3.45786572645297e-08,"ABCC2/ERCC1/CTLA4/MTHFR/CES2",5
"C0158646","Cleft palate with cleft lip","6/19","119/21671",0.0504201680672269,57.5081822202565,18.3104187024717,6.1786719578455e-10,1.07735420008573e-07,4.26240122321412e-08,"MTRR/CDH2/MTR/SLC19A1/MTHFR/CDH1",6
"C0027947","Neutropenia","8/19","389/21671",0.0205655526992288,23.4566364497362,13.2394680662382,6.38068546747811e-10,1.07735420008573e-07,4.26240122321412e-08,"ABCC2/ERCC1/DHFR/MTR/CTLA4/UMPS/MTHFR/TYMS",8
"C0685938","Malignant neoplasm of gastrointestinal tract","8/19","423/21671",0.0189125295508274,21.5712330471569,12.6569401361788,1.23530778904815e-09,1.9367861406862e-07,7.66262350349416e-08,"ABCC2/ERCC1/TK1/UMPS/MTHFR/AXIN2/CDH1/TYMS",8
"C1837218","Cleft palate, isolated","7/19","295/21671",0.023728813559322,27.064585191793,13.3522929494283,3.53408275005804e-09,5.17154109091827e-07,2.04604790792834e-07,"MTR/CTLA4/SLC19A1/MTHFR/AXIN2/CDH1/TYMS",7
"C0027794","Neural Tube Defects","7/19","304/21671",0.0230263157894737,26.2633310249307,13.1405298279294,4.35164048484241e-09,5.96990679014318e-07,2.36191013157565e-07,"MTRR/DHFR/MTR/SLC19A1/MTHFR/CDH1/TYMS",7
"C0030297","Pancreatic Neoplasm","9/19","764/21671",0.0117801047120419,13.4361394323505,10.3667744394041,5.40069253411994e-09,6.97324712493722e-07,2.7588677031882e-07,"ABCC2/MTRR/ERCC1/MTR/UMPS/MTHFR/CDH1/TYMS/ABCC3",9
"C1257931","Mammary Neoplasms, Human","8/19","527/21671",0.015180265654649,17.3142914211525,11.2314853582892,6.92683735340834e-09,8.44689332818406e-07,3.34189521436367e-07,"CDH2/ATP7B/DHFR/MTR/UMPS/MTHFR/CDH1/TYMS",8
"C1336076","Sporadic Breast Carcinoma","6/19","184/21671",0.0326086956521739,37.1927917620137,14.6049592845853,8.54631437143185e-09,9.87324212910153e-07,3.90621016976802e-07,"ERCC1/CTLA4/SLC19A1/MTHFR/CDH1/TYMS",6
"C4704874","Mammary Carcinoma, Human","8/19","545/21671",0.0146788990825688,16.7424432641236,11.0260256161046,9.00314897955495e-09,9.88095600506155e-07,3.90926205691202e-07,"CDH2/ATP7B/DHFR/MTR/UMPS/MTHFR/CDH1/TYMS",8
"C0034885","Rectal Neoplasms","5/19","93/21671",0.0537634408602151,61.3214487832484,17.2689085869568,1.4476004492982e-08,1.51308713629026e-06,5.98631764747375e-07,"MTRR/ERCC1/MTHFR/CDH1/TYMS",5
"C0007138","Carcinoma, Transitional Cell","8/19","623/21671",0.0128410914927769,14.646278617893,10.2378812257961,2.54877086739583e-08,2.54297820633356e-06,1.00609376344572e-06,"ATP7A/ERCC1/MTR/CTLA4/MTHFR/RRM2/AXIN2/CDH1",8
"C1866558","Neural tube defect, folate-sensitive","3/19","8/21671",0.375,427.717105263158,35.7588046555872,3.19068110681865e-08,2.95056478676017e-06,1.16734969383869e-06,"MTRR/MTR/MTHFR",3
"C0038362","Stomatitis","5/19","109/21671",0.0458715596330275,52.3201352003863,15.9115968603514,3.22613006297239e-08,2.95056478676017e-06,1.16734969383869e-06,"ABCC2/MTRR/SLC19A1/MTHFR/TYMS",5
"C2721734","Methylenetetrahydrofolate reductase polymorphism","3/19","9/21671",0.333333333333333,380.19298245614,33.7046263849573,4.78337110421551e-08,4.19979982950121e-06,1.66159206778012e-06,"DHFR/MTHFR/TYMS",3
"C3146250","Stage III Colorectal Cancer AJCC v7","4/19","44/21671",0.0909090909090909,103.688995215311,20.1980456521907,5.6016478415978e-08,4.72908346627199e-06,1.87099573656607e-06,"ERCC1/MTR/MTHFR/TYMS",4
"C0008924","Cleft upper lip","6/19","255/21671",0.0235294117647059,26.8371517027864,12.2942713193139,5.97282305413234e-08,4.81058817746414e-06,1.90324193569496e-06,"MTR/SLC19A1/MTHFR/AXIN2/CDH1/TYMS",6
"C0677949","Stage III Colorectal Cancer","4/19","45/21671",0.0888888888888889,101.384795321637,19.9684034296624,6.14474291137969e-08,4.81058817746414e-06,1.90324193569496e-06,"ERCC1/MTR/MTHFR/TYMS",4
"C2145472","Urothelial Carcinoma","7/19","449/21671",0.0155902004454343,17.7818544133161,10.6445476763122,6.35567458526014e-08,4.81058817746414e-06,1.90324193569496e-06,"ATP7A/ERCC1/MTR/CTLA4/MTHFR/RRM2/AXIN2",7
"C3806347","Hyperhomocystinemia","3/19","11/21671",0.272727272727273,311.066985645933,30.4705217386071,9.38550327721119e-08,6.86705989782619e-06,2.71685621182429e-06,"MTRR/MTR/MTHFR",3
"C1565321","Cholera Infantum","3/19","12/21671",0.25,285.144736842105,29.1654233904481,1.25070739659863e-07,8.70610260406419e-06,3.44444773928927e-06,"ABCC2/MTR/MTHFR",3
"C0278996","Malignant Head and Neck Neoplasm","8/19","767/21671",0.0104302477183833,11.8965209634255,9.10181678767341,1.26922680332599e-07,8.70610260406419e-06,3.44444773928927e-06,"ATP7B/ERCC1/DHFR/CTLA4/MTHFR/AXIN2/CDH1/TYMS",8
"C3887461","Head and Neck Carcinoma","8/19","786/21671",0.0101781170483461,11.6089460291951,8.97477398059978,1.53148399341031e-07,1.01866889864716e-05,4.03022103529028e-06,"ATP7B/ERCC1/DHFR/CTLA4/MTHFR/AXIN2/CDH1/TYMS",8
"C0280803","Primary central nervous system lymphoma","5/19","156/21671",0.032051282051282,36.5570175438596,13.2030478400298,1.94283904926381e-07,1.23345059606978e-05,4.8799747836354e-06,"DHFR/MTR/SLC19A1/MTHFR/TYMS",5
"C1708349","Hereditary Diffuse Gastric Cancer","6/19","312/21671",0.0192307692307692,21.9342105263158,11.0331792360561,1.96677771582881e-07,1.23345059606978e-05,4.8799747836354e-06,"CDH2/ERCC1/UMPS/MTHFR/CDH1/TYMS",6
"C0079740","High Grade Lymphoma (neoplasm)","4/19","62/21671",0.0645161290322581,73.5857385398981,16.954580822409,2.27904231156801e-07,1.37309542335738e-05,5.43246001328299e-06,"CTLA4/MTHFR/CDH1/TYMS",4
"C1319315","Adenocarcinoma of large intestine","7/19","543/21671",0.0128913443830571,14.7035960065911,9.57993394143616,2.31455720565936e-07,1.37309542335738e-05,5.43246001328299e-06,"ABCC2/ATP7B/ATP7A/MTHFR/AXIN2/CDH1/TYMS",7
"C0079758","Lymphoma, Mixed-Cell, Follicular","3/19","15/21671",0.2,228.115789473684,26.0652012953763,2.58239505895657e-07,1.4534249113871e-05,5.7502723984863e-06,"MTR/MTHFR/TYMS",3
"C1956132","Lymphoma, Follicular, Grade 2","3/19","15/21671",0.2,228.115789473684,26.0652012953763,2.58239505895657e-07,1.4534249113871e-05,5.7502723984863e-06,"MTR/MTHFR/TYMS",3
"C0025500","Mesothelioma","7/19","560/21671",0.0125,14.2572368421053,9.41564059412753,2.85137633356067e-07,1.54432878632462e-05,6.10992086664817e-06,"ABCC2/ERCC1/CTLA4/SLC19A1/CDH1/TYMS/ABCC3",7
"C0279680","Transitional cell carcinoma of bladder","6/19","333/21671",0.018018018018018,20.5509720246562,10.6505212341461,2.88462324552662e-07,1.54432878632462e-05,6.10992086664817e-06,"ERCC1/MTR/MTHFR/AXIN2/CDH1/ABCC3",6
"C1956131","Lymphoma, Follicular, Grade 3","3/19","16/21671",0.1875,213.858552631579,25.2306970513576,3.17657218294182e-07,1.66013712894221e-05,6.56810037826316e-06,"MTR/MTHFR/TYMS",3
"C0268138","Xeroderma Pigmentosum, Complementation Group D","4/19","70/21671",0.0571428571428571,65.1759398496241,15.9309463863901,3.72933915954245e-07,1.90369754771993e-05,7.53171311290704e-06,"MTRR/ERCC1/MTHFR/TYMS",4
"C0040034","Thrombocytopenia","7/19","592/21671",0.0118243243243243,13.4865753911807,9.12507498726377,4.14964689609402e-07,2.07010794021054e-05,8.19009255808031e-06,"ATP7B/ATP7A/ERCC1/DHFR/CTLA4/MTHFR/TYMS",7
"C0677936","Refractory cancer","5/19","184/21671",0.0271739130434783,30.9939931350114,12.1035440260992,4.41205061796653e-07,2.15210024587479e-05,8.51448364870734e-06,"ABCC2/ERCC1/DHFR/TYMS/ABCC3",5
"C0175754","Agenesis of corpus callosum","7/19","615/21671",0.0113821138211382,12.9821994009414,8.92983452928726,5.36445682594578e-07,2.55977885498935e-05,1.01274070512706e-05,"CDH2/ERCC1/CTLA4/RRM2/AXIN2/CDH1/TYMS",7
"C4321245","Cleft lip or lips","4/19","78/21671",0.0512820512820513,58.4912280701754,15.067792872655,5.77609623218182e-07,2.69755983609342e-05,1.06725182341545e-05,"SLC19A1/MTHFR/CDH1/TYMS",4
"C0011991","Diarrhea","7/19","632/21671",0.0110759493670886,12.6329946702199,8.79214351240429,6.4441815271706e-07,2.832550997071e-05,1.1206591883868e-05,"ABCC2/DHFR/CTLA4/UMPS/MTHFR/TYMS/CES2",7
"C2745948","Hyalinosis, Systemic","3/19","20/21671",0.15,171.086842105263,22.5425988476409,6.45228017556036e-07,2.832550997071e-05,1.1206591883868e-05,"MTHFR/TYMS/CES2",3
"C4324656","Non-squamous non-small cell lung cancer","3/19","20/21671",0.15,171.086842105263,22.5425988476409,6.45228017556036e-07,2.832550997071e-05,1.1206591883868e-05,"ERCC1/MTHFR/TYMS",3
"C0079765","Lymphoma, Small Cleaved-Cell, Follicular","3/19","21/21671",0.142857142857143,162.93984962406,21.9933646864167,7.52349130237237e-07,3.1507051995924e-05,1.24653244918534e-05,"MTR/MTHFR/TYMS",3
"C3495426","Homocysteinemia","3/19","21/21671",0.142857142857143,162.93984962406,21.9933646864167,7.52349130237237e-07,3.1507051995924e-05,1.24653244918534e-05,"MTRR/MTR/MTHFR",3
"C0282160","Aplasia Cutis Congenita","6/19","393/21671",0.0152671755725191,17.4134190437927,9.72718503396427,7.60762531108872e-07,3.1507051995924e-05,1.24653244918534e-05,"ERCC1/CTLA4/RRM2/AXIN2/CDH1/TYMS",6
"C1956130","Lymphoma, Follicular, Grade 1","3/19","22/21671",0.136363636363636,155.533492822967,21.4818800828531,8.70658650564567e-07,3.53906618146153e-05,1.40018204038161e-05,"MTR/MTHFR/TYMS",3
"C0154723","Migraine with Aura","4/19","87/21671",0.0459770114942529,52.4404113732607,14.2414870761771,8.96854985430637e-07,3.57926671458227e-05,1.41608681910101e-05,"MTRR/MTR/CTLA4/MTHFR",4
"C0810364","Cleft Lip with or without Cleft Palate","4/19","99/21671",0.0404040404040404,46.0839978734716,13.3184001486772,1.50667480520389e-06,5.90562713825453e-05,2.33647878626543e-05,"DHFR/MTHFR/AXIN2/CDH1",4
"C0024305","Lymphoma, Non-Hodgkin","7/19","733/21671",0.00954979536152797,10.8922955410354,8.07121134220047,1.73831712283723e-06,6.69404576250476e-05,2.64840558881018e-05,"MTRR/MTR/CTLA4/SLC19A1/MTHFR/TYMS/CES2",7
"C0598608","Hyperhomocysteinemia","5/19","246/21671",0.0203252032520325,23.1824989302525,10.3651324110046,1.84793106403248e-06,6.9934632509505e-05,2.76686593072013e-05,"MTRR/MTR/SLC19A1/MTHFR/TYMS",5
"C0153381","Malignant neoplasm of mouth","7/19","756/21671",0.00925925925925926,10.5609161793372,7.92663245189616,2.13536308795385e-06,7.94427453908253e-05,3.14304111964661e-05,"ATP7B/ERCC1/CTLA4/UMPS/MTHFR/AXIN2/CDH1",7
"C0018081","Gonorrhea","5/19","261/21671",0.0191570881226054,21.8501714055253,10.0387305282416,2.47007360617679e-06,9.03635260926342e-05,3.57510653525588e-05,"MTRR/UMPS/MTHFR/CDH1/TYMS",5
"C0086404","Experimental Hepatoma","4/19","117/21671",0.0341880341880342,38.9941520467836,12.2068327701367,2.93781420033565e-06,0.000105713150323553,4.18239295129751e-05,"ATP7B/ATP7A/TK1/CDH1",4
"C0559031","Functional Gastrointestinal Disorders","3/19","33/21671",0.0909090909090909,103.688995215311,17.4875739116019,3.06587993036108e-06,0.000108542039470041,4.29431399413903e-05,"ABCC2/MTR/MTHFR",3
"C0018671","Head and Neck Neoplasms","4/19","124/21671",0.032258064516129,36.7928692699491,11.8405315100989,3.70307628960247e-06,0.00012700394461996,5.02473345217441e-05,"MTRR/MTR/RRM2/TYMS",4
"C0019207","Hepatoma, Morris","4/19","124/21671",0.032258064516129,36.7928692699491,11.8405315100989,3.70307628960247e-06,0.00012700394461996,5.02473345217441e-05,"ATP7B/ATP7A/TK1/CDH1",4
"C0019208","Hepatoma, Novikoff","4/19","125/21671",0.032,36.4985263157895,11.7906907804572,3.82336949158632e-06,0.000129112246677415,5.10814547458902e-05,"ATP7B/ATP7A/TK1/CDH1",4
"C0011853","Diabetes Mellitus, Experimental","6/19","522/21671",0.0114942528735632,13.1101028433152,8.29650943024007,3.94311715197166e-06,0.000131138517402694,5.18831204206798e-05,"ABCC2/ERCC1/MTR/UMPS/MTHFR/ABCC3",6
"C0019156","Hepatic Veno-Occlusive Disease","3/19","37/21671",0.0810810810810811,92.4793741109531,16.4973003346019,4.3565175486516e-06,0.000142655394476336,5.64396117698007e-05,"ERCC1/MTHFR/TYMS",3
"C0856825","Acute GVH disease","5/19","294/21671",0.0170068027210884,19.3976011457214,9.4084641143342,4.41939263070197e-06,0.000142655394476336,5.64396117698007e-05,"DHFR/CTLA4/SLC19A1/MTHFR/TYMS",5
"C0020433","Hyperbilirubinemia","4/19","131/21671",0.0305343511450382,34.8268380875854,11.5035384898701,4.60699449435778e-06,0.000146555839349497,5.79827682356242e-05,"ABCC2/UMPS/MTHFR/ABCC3",4
"C1847835","VITILIGO-ASSOCIATED MULTIPLE AUTOIMMUNE DISEASE SUSCEPTIBILITY 1 (finding)","5/19","302/21671",0.0165562913907285,18.8837574067619,9.27101724490334,5.03699459379734e-06,0.000157945759048359,6.24890306749294e-05,"MTRR/ERCC1/CTLA4/MTHFR/CDH1",5
"C0019880","Homocystinuria","3/19","39/21671",0.0769230769230769,87.7368421052632,16.0599733294665,5.11842048399688e-06,0.000158238492427791,6.2604846542586e-05,"MTRR/MTR/MTHFR",3
"C0220668","Congenital contractural arachnodactyly","6/19","559/21671",0.0107334525939177,12.2423500611995,7.97729341729432,5.84415307975872e-06,0.000178165500139866,7.04886884620021e-05,"ABCC2/MTHFR/CDH1/TYMS/CES2/ABCC3",6
"C0007873","Uterine Cervical Neoplasm","4/19","140/21671",0.0285714285714286,32.587969924812,11.1073608221696,5.99758231211575e-06,0.000180338262672522,7.13483115716726e-05,"ERCC1/MTHFR/CDH1/TYMS",4
"C0037284","Skin lesion","6/19","563/21671",0.0106571936056838,12.1553706646723,7.94459764049811,6.08801979604773e-06,0.000180583830436821,7.14454670233198e-05,"MTRR/ERCC1/DHFR/MTHFR/CDH1/TYMS",6
"C0012714","Disorder of copper metabolism","2/19","5/21671",0.4,456.231578947368,30.1568003417128,7.27120937669623e-06,0.000210004007655898,8.30851486949362e-05,"ATP7B/ATP7A",2
"C1848555","Hypomethioninemia","2/19","5/21671",0.4,456.231578947368,30.1568003417128,7.27120937669623e-06,0.000210004007655898,8.30851486949362e-05,"MTRR/MTR",2
"C0023904","Liver Neoplasms, Experimental","4/19","152/21671",0.0263157894736842,30.0152354570637,10.6339373494953,8.30689061877111e-06,0.00023680032348315,9.36867363019298e-05,"ATP7B/ATP7A/TK1/CDH1",4
"C0079745","Lymphoma, Large-Cell, Follicular","4/19","153/21671",0.0261437908496732,29.8190574475404,10.5969719185049,8.52515969578734e-06,0.00023990673759299,9.49157456008712e-05,"MTR/MTHFR/TYMS/CES2",4
"C0268135","Xeroderma pigmentosum, group A","3/19","48/21671",0.0625,71.2861842105263,14.4407536032519,9.63868349158922e-06,0.000263407568811506,0.000104213520810211,"ERCC1/DHFR/CDH1",3
"C0917731","Male sterility","3/19","48/21671",0.0625,71.2861842105263,14.4407536032519,9.63868349158922e-06,0.000263407568811506,0.000104213520810211,"MTRR/MTR/MTHFR",3
"C0008925","Cleft Palate","6/19","611/21671",0.00981996726677578,11.2004479283315,7.57648751322635,9.7202793046615e-06,0.000263407568811506,0.000104213520810211,"MTR/SLC19A1/MTHFR/AXIN2/CDH1/TYMS",6
"C0205646","Adenoma, Basal Cell","3/19","49/21671",0.0612244897959184,69.8313641245972,14.2887333625533,1.02616071882938e-05,0.000269344858996296,0.000106562526638026,"MTRR/SLC19A1/AXIN2",3
"C1514428","Primary peritoneal carcinoma","3/19","49/21671",0.0612244897959184,69.8313641245972,14.2887333625533,1.02616071882938e-05,0.000269344858996296,0.000106562526638026,"ABCC2/ERCC1/TYMS",3
"C0302142","Deformity","5/19","350/21671",0.0142857142857143,16.293984962406,8.54492278946645,1.03075025766236e-05,0.000269344858996296,0.000106562526638026,"MTRR/MTR/SLC19A1/MTHFR/AXIN2",5
"C0041408","Turner Syndrome","4/19","162/21671",0.0246913580246914,28.1624431448993,10.2795351214072,1.06853057841197e-05,0.000275033754925688,0.00010881325875252,"MTR/CTLA4/MTHFR/TYMS",4
"C0553573","Primary infertility","2/19","6/21671",0.333333333333333,380.19298245614,27.5178067813888,1.09011101041161e-05,0.000275033754925688,0.00010881325875252,"MTRR/CDH1",2
"C1848580","Decreased methionine synthase activity","2/19","6/21671",0.333333333333333,380.19298245614,27.5178067813888,1.09011101041161e-05,0.000275033754925688,0.00010881325875252,"MTRR/MTR",2
"C0025286","Meningioma","6/19","634/21671",0.00946372239747634,10.7941225303005,7.41439134917278,1.19984051140498e-05,0.000297111839653398,0.000117548144210072,"MTRR/MTR/CTLA4/MTHFR/CDH1/TYMS",6
"C0151546","Oral Cavity Carcinoma","4/19","167/21671",0.0239520958083832,27.3192562243933,10.114151831348,1.20469037490444e-05,0.000297111839653398,0.000117548144210072,"ERCC1/CTLA4/MTHFR/CDH1",4
"C0085669","Acute leukemia","6/19","639/21671",0.00938967136150235,10.7096614776378,7.38025687781264,1.25468875969689e-05,0.000306004647503853,0.000121066459268998,"MTRR/DHFR/CTLA4/MTHFR/TYMS/ABCC3",6
"C0023453","L2 Acute Lymphoblastic Leukemia","3/19","53/21671",0.0566037735849057,64.5610724925521,13.7239346726908,1.30186896367244e-05,0.000314022239039672,0.000124238507233056,"MTRR/SLC19A1/MTHFR",3
"C4021768","Abnormality of metabolism/homeostasis","4/19","171/21671",0.0233918128654971,26.6802092951677,9.98699036988356,1.32251117037992e-05,0.000315533915106949,0.000124836580728082,"MTRR/MTR/MTHFR/CDH1",4
"C0019158","Hepatitis","6/19","656/21671",0.00914634146341463,10.4321245186136,7.26698050175572,1.45662990069524e-05,0.000343795981938285,0.000136018072221117,"ABCC2/ATP7B/ATP7A/CTLA4/MTHFR/RRM2",6
"C0855005","Stage IV Lung Cancer AJCC v7","2/19","7/21671",0.285714285714286,325.87969924812,25.4659286457891,1.52535730229541e-05,0.000345171059643136,0.000136562102484396,"CTLA4/CDH1",2
"C2981352","Stage IV Lung Cancer AJCC v6","2/19","7/21671",0.285714285714286,325.87969924812,25.4659286457891,1.52535730229541e-05,0.000345171059643136,0.000136562102484396,"CTLA4/CDH1",2
"C4021736","Decreased methylcobalamin","2/19","7/21671",0.285714285714286,325.87969924812,25.4659286457891,1.52535730229541e-05,0.000345171059643136,0.000136562102484396,"MTRR/MTR",2
"C4526725","Stage IV Lung Cancer AJCC v8","2/19","7/21671",0.285714285714286,325.87969924812,25.4659286457891,1.52535730229541e-05,0.000345171059643136,0.000136562102484396,"CTLA4/CDH1",2
"C4521042","Complete Trisomy 21 Syndrome","6/19","669/21671",0.00896860986547085,10.2294075997168,7.18313130024556,1.62823075087856e-05,0.000364077794653943,0.000144042287778205,"MTRR/DHFR/MTR/SLC19A1/MTHFR/TYMS",6
"C0149782","Squamous cell carcinoma of lung","6/19","670/21671",0.00895522388059702,10.2141398271799,7.17677712342494,1.64208208067154e-05,0.000364077794653943,0.000144042287778205,"ERCC1/TK1/CTLA4/RRM2/CDH1/TYMS",6
"C0220650","Metastatic malignant neoplasm to brain","5/19","392/21671",0.0127551020408163,14.5482008592911,8.01874309638972,1.78103974003686e-05,0.000390938222938091,0.000154669240582148,"CDH2/ERCC1/CTLA4/AXIN2/CDH1",5
"C1568868","Oral Mucositis","3/19","59/21671",0.0508474576271186,57.9955396966994,12.9860372323732,1.80064980751842e-05,0.000391329339356726,0.000154823980323366,"ABCC2/MTHFR/TYMS",3
"C0015625","Fanconi Anemia","5/19","394/21671",0.0126903553299492,14.4743521239647,7.99572876947717,1.82519341793635e-05,0.000392774465918656,0.000155395724437305,"ABCC2/ERCC1/DHFR/MTHFR/CDH1",5
"C0042900","Vitiligo","5/19","395/21671",0.0126582278481013,14.437708194537,7.98428461643011,1.84758868418273e-05,0.00039373370502729,0.000155775233975549,"MTRR/ERCC1/CTLA4/MTHFR/CDH1",5
"C0024620","Primary Malignant Liver Neoplasm","3/19","60/21671",0.05,57.0289473684211,12.8738339675614,1.89437115843077e-05,0.000399821605072649,0.0001581838264884,"MTR/MTHFR/TYMS",3
"C2981150","Uranostaphyloschisis","4/19","190/21671",0.0210526315789474,24.012188365651,9.43766853322617,2.00165774700364e-05,0.000418441786159332,0.000165550640729624,"MTHFR/AXIN2/CDH1/TYMS",4
"C0020435","Hyperbilirubinemia, Hereditary","2/19","8/21671",0.25,285.144736842105,23.8112698397313,2.03274617602494e-05,0.0004209318732429,0.000166535808860037,"ABCC2/ABCC3",2
"C0278877","Adult Meningioma","5/19","405/21671",0.0123456790123457,14.0812215724496,7.87209190334318,2.08356604608804e-05,0.000424244238957334,0.000167846300031076,"MTRR/MTR/CTLA4/MTHFR/CDH1",5
"C4551686","Malignant neoplasm of soft tissue","6/19","699/21671",0.00858369098712446,9.79037723063022,6.99815283712494,2.08739762220465e-05,0.000424244238957334,0.000167846300031076,"ABCC2/ERCC1/DHFR/CTLA4/MTHFR/TYMS",6
"C0345967","Malignant mesothelioma","5/19","420/21671",0.0119047619047619,13.578320802005,7.71107404483704,2.48097038264637e-05,0.000498089070030684,0.000197061974715413,"ABCC2/ERCC1/AXIN2/CDH1/TYMS",5
"C0220756","Niemann-Pick Disease, Type C","4/19","201/21671",0.0199004975124378,22.6980885048442,9.15505019415326,2.49611834639523e-05,0.000498089070030684,0.000197061974715413,"ATP7B/ERCC1/CTLA4/CDH1",4
"C0025281","Meniere Disease","3/19","69/21671",0.0434782608695652,49.5903890160183,11.9752665111454,2.88603373733488e-05,0.000570706671481987,0.000225792113162757,"MTRR/MTR/MTHFR",3
"C0848676","Subfertility, Male","3/19","70/21671",0.0428571428571429,48.881954887218,11.8861501361914,3.01358927520382e-05,0.000590609683845748,0.000233666461658191,"MTRR/MTR/MTHFR",3
"C4688308","Advanced Lung Non-Squamous Non-Small Cell Carcinoma","2/19","10/21671",0.2,228.115789473684,21.2796913222644,3.26349774963989e-05,0.000620600727684932,0.000245531998724407,"MTHFR/TYMS",2
"C0008626","Congenital chromosomal disease","6/19","757/21671",0.00792602377807133,9.04025585760968,6.67047105451557,3.27189604199584e-05,0.000620600727684932,0.000245531998724407,"ERCC1/MTR/CTLA4/MTHFR/CDH1/TYMS",6
"C1840311","Laryngeal cleft","3/19","72/21671",0.0416666666666667,47.5241228070175,11.7134510327436,3.27971227387026e-05,0.000620600727684932,0.000245531998724407,"MTR/MTHFR/TYMS",3
"C4275242","Sudden sensorineural hearing loss","3/19","72/21671",0.0416666666666667,47.5241228070175,11.7134510327436,3.27971227387026e-05,0.000620600727684932,0.000245531998724407,"MTRR/MTR/MTHFR",3
"C0015672","Fatigue","6/19","760/21671",0.00789473684210526,9.00457063711911,6.65448857100846,3.34545124730892e-05,0.000627629528875476,0.000248312845616721,"ABCC2/ATP7A/DHFR/CTLA4/MTHFR/TYMS",6
"C0013080","Down Syndrome","6/19","766/21671",0.00783289817232376,8.93403875223306,6.62278815194495,3.49657342282915e-05,0.000650421920602541,0.000257330336648889,"MTRR/DHFR/MTR/SLC19A1/MTHFR/TYMS",6
"C4721532","Lymphoma, Non-Hodgkin, Familial","5/19","462/21671",0.0108225108225108,12.3439280018227,7.30098741952621,3.91385810371062e-05,0.000721925927533177,0.0002856198969979,"MTR/CTLA4/MTHFR/TYMS/CES2",5
"C0677984","Locally Advanced Malignant Neoplasm","2/19","11/21671",0.181818181818182,207.377990430622,20.2809242354074,3.98663380438715e-05,0.00072922176671915,0.000288506393738544,"ERCC1/TYMS",2
"C0279628","Adenocarcinoma Of Esophagus","5/19","468/21671",0.0106837606837607,12.1856725146199,7.24675563737935,4.16223808088356e-05,0.000750199901851905,0.000296806099521794,"ERCC1/MTR/MTHFR/CDH1/TYMS",5
"C0278498","Malignant neoplasm of stomach stage IV","3/19","78/21671",0.0384615384615385,43.8684210526316,11.235322515817,4.16967599206982e-05,0.000750199901851905,0.000296806099521794,"ERCC1/UMPS/TYMS",3
"C0345905","Intrahepatic Cholangiocarcinoma","5/19","470/21671",0.0106382978723404,12.1338185890258,7.22889877844157,4.24769860062385e-05,0.000758024262469052,0.000299901698375239,"CDH2/MTHFR/CDH1/TYMS/ABCC3",5
"C0004763","Barrett Esophagus","5/19","478/21671",0.0104602510460251,11.9307421272847,7.15854278411202,4.60327940201837e-05,0.00081485470059922,0.000322385866440166,"MTR/MTHFR/AXIN2/CDH1/TYMS",5
"C0000832","Abruptio Placentae","2/19","12/21671",0.166666666666667,190.09649122807,19.4094013128931,4.78145915047138e-05,0.000832960542482911,0.000329549189568829,"SLC19A1/MTHFR",2
"C0240997","Decreased serum ceruloplasmin","2/19","12/21671",0.166666666666667,190.09649122807,19.4094013128931,4.78145915047138e-05,0.000832960542482911,0.000329549189568829,"ATP7B/ATP7A",2
"C4523846","MSI-high","3/19","83/21671",0.036144578313253,41.2257450856056,10.8766257556559,5.02200874286085e-05,0.000867977101620438,0.000343403001480332,"CTLA4/CDH1/TYMS",3
"C0022346","Icterus","4/19","241/21671",0.016597510373444,18.9307709106792,8.29189214746019,5.07071432670033e-05,0.000869548277117751,0.000344024615092744,"ABCC2/ATP7B/ATP7A/DHFR",4
"C0002170","Alopecia","5/19","491/21671",0.010183299389002,11.6148568978454,7.04772839303099,5.23000163938673e-05,0.000889911131663091,0.000352080893716365,"ABCC2/CTLA4/SLC19A1/MTHFR/TYMS",5
"C0022350","Jaundice, Chronic Idiopathic","2/19","13/21671",0.153846153846154,175.473684210526,18.6401619025737,5.64786077935319e-05,0.000946340031349638,0.000374406198711642,"ABCC2/ABCC3",2
"C0948168","Bone marrow toxicity","2/19","13/21671",0.153846153846154,175.473684210526,18.6401619025737,5.64786077935319e-05,0.000946340031349638,0.000374406198711642,"ABCC2/TYMS",2
"C0007114","Malignant neoplasm of skin","5/19","508/21671",0.00984251968503937,11.2261707418152,6.90897349777524,6.14734320325505e-05,0.00102222866145037,0.000404430473898359,"ATP7A/ERCC1/DHFR/CTLA4/MTHFR",5
"C0004509","Azoospermia","4/19","254/21671",0.015748031496063,17.9618731869043,8.05505664530306,6.21950018472487e-05,0.00102645134627602,0.000406101120094817,"MTRR/ERCC1/MTR/MTHFR",4
"C0149931","Migraine Disorders","5/19","512/21671",0.009765625,11.1384662828947,6.87728337059077,6.38026934819346e-05,0.00104512621039438,0.000413489568912773,"MTRR/MTR/CTLA4/MTHFR/TYMS",5
"C0302332","Poisoning syndrome","2/19","14/21671",0.142857142857143,162.93984962406,17.9546047121527,6.58572580789618e-05,0.00106844583554905,0.000422715652477145,"ATP7B/ATP7A",2
"C0021364","Male infertility","5/19","516/21671",0.00968992248062015,11.0521215830273,6.84594358207611,6.61998330909663e-05,0.00106844583554905,0.000422715652477145,"MTRR/ERCC1/MTR/SLC19A1/MTHFR",5
"C0039483","Giant Cell Arteritis","4/19","260/21671",0.0153846153846154,17.5473684210526,7.95159737349587,6.80932328723918e-05,0.0010909828186489,0.000431632094657881,"MTRR/CTLA4/MTHFR/TYMS",4
"C0019209","Hepatomegaly","5/19","523/21671",0.00956022944550669,10.9041964375566,6.79192194097679,7.05623022130543e-05,0.00112234966201199,0.000444041947564987,"ABCC2/ATP7B/DHFR/CTLA4/ABCC3",5
"C0242647","Mucosa-Associated Lymphoid Tissue Lymphoma","4/19","264/21671",0.0151515151515152,17.2814992025518,7.88452796936221,7.22459383499702e-05,0.00114086211998694,0.000451366142663577,"CTLA4/MTHFR/CDH1/TYMS",4
"C0152021","Congenital heart disease","4/19","267/21671",0.0149812734082397,17.0873250542086,7.83518478899602,7.54796864501636e-05,0.00118233308828092,0.000467773551292056,"MTRR/MTR/MTHFR/AXIN2",4
"C0263477","Female pattern alopecia (disorder)","2/19","15/21671",0.133333333333333,152.077192982456,17.3385454853389,7.59494147825102e-05,0.00118233308828092,0.000467773551292056,"ABCC2/MTHFR",2
"C1535926","Neurodevelopmental Disorders","5/19","535/21671",0.00934579439252336,10.659616330546,6.70166345909362,7.8555873693428e-05,0.0012142967799794,0.000480419538896057,"MTRR/CDH2/ATP7A/MTR/CTLA4",5
"C0860207","Drug-Induced Liver Disease","5/19","537/21671",0.00931098696461825,10.6199157110654,6.68689963802966,7.99535709761606e-05,0.00122725935869002,0.000485548001879518,"ABCC2/DHFR/CTLA4/MTHFR/ABCC3",5
"C0029925","Ovarian Carcinoma","5/19","539/21671",0.00927643784786642,10.5805097158481,6.67221364726899,8.13704464619404e-05,0.00123948870835202,0.000490386373044199,"ABCC2/ATP7B/ERCC1/CDH1/TYMS",5
"C0747845","early pregnancy","4/19","273/21671",0.0146520146520147,16.7117794486216,7.73886646647909,8.22626613022557e-05,0.00123948870835202,0.000490386373044199,"MTRR/DHFR/MTR/MTHFR",4
"C0521585","Gastrointestinal mucositis","3/19","98/21671",0.0306122448979592,34.9156820622986,9.96817304023907,8.24443514439157e-05,0.00123948870835202,0.000490386373044199,"ERCC1/MTHFR/TYMS",3
"C0205851","Germ cell tumor","4/19","278/21671",0.0143884892086331,16.4112078758046,7.66091207297595,8.82463389475054e-05,0.00131624263035441,0.000520752988870587,"ERCC1/TK1/CTLA4/CDH1",4
"C4721453","Peripheral Nervous System Diseases","5/19","549/21671",0.00910746812386157,10.3877864059055,6.59992651183941,8.87489336184298e-05,0.00131624263035441,0.000520752988870587,"ERCC1/MTR/CTLA4/MTHFR/TYMS",5
"C0206686","Adrenocortical carcinoma","4/19","281/21671",0.0142348754448399,16.235999250796,7.61510607475393,9.19854187561042e-05,0.00135508720919227,0.000536121303241159,"ABCC2/ERCC1/AXIN2/TYMS",4
"C4552100","Lynch Syndrome","3/19","103/21671",0.029126213592233,33.2207460398569,9.70971569423848,9.55977704363507e-05,0.0013916263660345,0.000550577509640794,"CTLA4/MTHFR/CDH1",3
"C0153943","Benign neoplasm of stomach","2/19","17/21671",0.117647058823529,134.185758513932,16.273105117911,9.82697433874023e-05,0.0013916263660345,0.000550577509640794,"AXIN2/CDH1",2
"C0376286","Avitaminosis","2/19","17/21671",0.117647058823529,134.185758513932,16.273105117911,9.82697433874023e-05,0.0013916263660345,0.000550577509640794,"MTRR/MTHFR",2
"C0496905","Neoplasm of uncertain or unknown behavior of stomach","2/19","17/21671",0.117647058823529,134.185758513932,16.273105117911,9.82697433874023e-05,0.0013916263660345,0.000550577509640794,"AXIN2/CDH1",2
"C1510471","Vitamin Deficiency","2/19","17/21671",0.117647058823529,134.185758513932,16.273105117911,9.82697433874023e-05,0.0013916263660345,0.000550577509640794,"MTRR/MTHFR",2
"C1827820","Fast acetylator due to N-acetyltransferase enzyme variant","2/19","17/21671",0.117647058823529,134.185758513932,16.273105117911,9.82697433874023e-05,0.0013916263660345,0.000550577509640794,"MTR/MTHFR",2
"C0278488","Carcinoma breast stage IV","5/19","573/21671",0.0087260034904014,9.95269587581519,6.43380280359282,0.000108572483059966,0.00152767051485016,0.0006044014745241,"TK1/CTLA4/RRM2/CDH1/TYMS",5
"C0278484","Malignant neoplasm of colon stage IV","3/19","108/21671",0.0277777777777778,31.6827485380117,9.46910198423841,0.000110052402424037,0.00153863072178829,0.000608737727119213,"ERCC1/MTHFR/TYMS",3
"C0039101","synovial sarcoma","4/19","299/21671",0.0133779264214047,15.2585812356979,7.35438857809413,0.000116894024274204,0.00162393913469542,0.000642488807636362,"CTLA4/MTHFR/AXIN2/CDH1",4
"C0162871","Aortic Aneurysm, Abdominal","5/19","586/21671",0.00853242320819113,9.73190228130052,6.34787138876921,0.000120648388512676,0.00165201318656217,0.000653595913638073,"MTRR/TK1/DHFR/CTLA4/MTHFR",5
"C0154060","Carcinoma in situ of stomach","2/19","19/21671",0.105263157894737,120.060941828255,15.3799297545616,0.000123430597993711,0.00165201318656217,0.000653595913638073,"AXIN2/CDH1",2
"C0432416","Down Syndrome, Partial Trisomy 21","2/19","19/21671",0.105263157894737,120.060941828255,15.3799297545616,0.000123430597993711,0.00165201318656217,0.000653595913638073,"SLC19A1/MTHFR",2
"C0432417","Trisomy 21, Meiotic Nondisjunction","2/19","19/21671",0.105263157894737,120.060941828255,15.3799297545616,0.000123430597993711,0.00165201318656217,0.000653595913638073,"SLC19A1/MTHFR",2
"C0751081","Trisomy 21, Mitotic Nondisjunction","2/19","19/21671",0.105263157894737,120.060941828255,15.3799297545616,0.000123430597993711,0.00165201318656217,0.000653595913638073,"SLC19A1/MTHFR",2
"C3826044","Lymphoblastic leukemia in children","2/19","19/21671",0.105263157894737,120.060941828255,15.3799297545616,0.000123430597993711,0.00165201318656217,0.000653595913638073,"DHFR/MTHFR",2
"C0206669","Hepatocellular Adenoma","3/19","114/21671",0.0263157894736842,30.0152354570637,9.2011394102065,0.000129194497437079,0.00171867831439023,0.000679971039142519,"ABCC2/MTHFR/ABCC3",3
"C0007766","Intracranial Aneurysm","4/19","311/21671",0.0128617363344051,14.669825689626,7.19282996599469,0.000136015396858452,0.00179851684400182,0.000711558036830835,"DHFR/MTR/SLC19A1/MTHFR",4
"C0022716","Menkes Kinky Hair Syndrome","2/19","20/21671",0.1,114.057894736842,14.9842206255682,0.000137073416879951,0.00180165359312271,0.000712799047752661,"ATP7B/ATP7A",2
"C0042487","Venous Thrombosis","3/19","117/21671",0.0256410256410256,29.2456140350877,9.07480410647378,0.000139528420845151,0.00182300526044706,0.00072124653632362,"MTRR/CTLA4/MTHFR",3
"C0025521","Inborn Errors of Metabolism","3/19","119/21671",0.0252100840336134,28.7540911101283,8.99319371046454,0.000146708297802649,0.00190547167856103,0.000753873221346529,"ATP7B/DHFR/MTHFR",3
"C0206677","Adenomatous Polyps","3/19","120/21671",0.025,28.5144736842105,8.95313980712532,0.00015038672193709,0.00193240402031811,0.000764528625710318,"DHFR/MTHFR/TYMS",3
"C0024304","Lymphoma, Mixed-Cell","2/19","21/21671",0.0952380952380952,108.62656641604,14.6169724785463,0.000151423002958868,0.00193240402031811,0.000764528625710318,"MTHFR/TYMS",2
"C0079757","Diffuse Mixed-Cell Lymphoma","2/19","21/21671",0.0952380952380952,108.62656641604,14.6169724785463,0.000151423002958868,0.00193240402031811,0.000764528625710318,"MTHFR/TYMS",2
"C0750974","Brain Tumor, Primary","3/19","122/21671",0.0245901639344262,28.0470232959448,8.87448330587283,0.00015792270952808,0.00200370143013951,0.000792736448802348,"MTRR/MTR/MTHFR",3
"C4525060","Refractory Lymphoma","2/19","22/21671",0.0909090909090909,103.688995215311,14.2749163352641,0.000166478237389699,0.00210011339695625,0.000830880495139149,"ABCC2/ABCC3",2
"C0086873","Pseudopelade","2/19","23/21671",0.0869565217391304,99.1807780320366,13.9552861056443,0.000182238002575311,0.00224726076209442,0.000889097292280494,"ABCC2/MTHFR",2
"C0268070","Hypocupremia","2/19","23/21671",0.0869565217391304,99.1807780320366,13.9552861056443,0.000182238002575311,0.00224726076209442,0.000889097292280494,"ATP7B/ATP7A",2
"C1442965","Avascular necrosis of the capital femoral epiphysis","2/19","23/21671",0.0869565217391304,99.1807780320366,13.9552861056443,0.000182238002575311,0.00224726076209442,0.000889097292280494,"ATP7A/MTHFR",2
"C2242817","Homocysteine measurement","2/19","23/21671",0.0869565217391304,99.1807780320366,13.9552861056443,0.000182238002575311,0.00224726076209442,0.000889097292280494,"MTR/MTHFR",2
"C0079741","Lymphoma, Intermediate-Grade","2/19","24/21671",0.0833333333333333,95.0482456140351,13.6557232849486,0.000198701182161058,0.00243658712203085,0.000964001618834889,"MTHFR/TYMS",2
"C1261502","Finding of Mean Corpuscular Hemoglobin","5/19","653/21671",0.00765696784073507,8.73337631981946,5.94411616167197,0.000200199836000755,0.00244132577789809,0.000965876401758027,"MTRR/TK1/MTHFR/CDH1/TYMS",5
"C0038002","Splenomegaly","4/19","345/21671",0.0115942028985507,13.2241037376049,6.77999102288112,0.000202504902111458,0.00245579149245663,0.00097159955941816,"ATP7B/CTLA4/UMPS/TYMS",4
"C0024814","Marinesco-Sjogren syndrome","3/19","133/21671",0.0225563909774436,25.7273446774832,8.47340302854743,0.000203783381502485,0.00245771715603272,0.000972361421281378,"CTLA4/MTHFR/TYMS",3
"C0007107","Malignant neoplasm of larynx","4/19","349/21671",0.0114613180515759,13.0725380787212,6.73526324803836,0.000211631750761439,0.00253842455148283,0.0010042921735875,"ERCC1/MTR/MTHFR/CDH1",4
"C0024306","Lymphoma, Undifferentiated","2/19","25/21671",0.08,91.2463157894737,13.374202836533,0.000215866661033627,0.00256643098410901,0.00101537252698234,"MTHFR/TYMS",2
"C0031117","Peripheral Neuropathy","4/19","351/21671",0.0113960113960114,12.9980506822612,6.71317389563109,0.000216305117111693,0.00256643098410901,0.00101537252698234,"MTR/CTLA4/MTHFR/TYMS",4
"C0699893","Skin carcinoma","3/19","136/21671",0.0220588235294118,25.1598297213622,8.37236458773457,0.000217634466378351,0.00256832071881979,0.00101612017409247,"ERCC1/CTLA4/MTHFR",3
"C2316810","Chronic kidney disease stage 5","5/19","666/21671",0.00750750750750751,8.56290501027343,5.8724815944859,0.000219437858235637,0.00257575453918301,0.00101906126115621,"ABCC2/MTR/CTLA4/MTHFR/ABCC3",5
"C0001206","Acromegaly","3/19","138/21671",0.0217391304347826,24.7951945080091,8.30680047590477,0.000227199636234008,0.00265267660390238,0.00104949440029707,"MTRR/MTR/MTHFR",3
"C0149958","Complex partial seizures","3/19","140/21671",0.0214285714285714,24.440977443609,8.24261246006787,0.000237033573163715,0.00275257797801796,0.00108901898183183,"ABCC2/ATP7A/ERCC1",3
"C3469521","FANCONI ANEMIA, COMPLEMENTATION GROUP A (disorder)","4/19","360/21671",0.0111111111111111,12.6730994152047,6.61595841889611,0.000238264152994721,0.00275257797801796,0.00108901898183183,"ERCC1/DHFR/MTHFR/CDH1",4
"C0024530","Malaria","5/19","685/21671",0.0072992700729927,8.32539377641183,5.77123386737769,0.000250069292220416,0.0028738329655697,0.00113699182188946,"DHFR/CTLA4/UMPS/MTHFR/TYMS",5
"C0751202","Cystathionine beta-Synthase Deficiency Disease","2/19","27/21671",0.0740740740740741,84.4873294346979,12.8585185457833,0.000252300062385749,0.00288436790071207,0.00114115982164607,"MTRR/MTHFR",2
"C0017178","Gastrointestinal Diseases","3/19","144/21671",0.0208333333333333,23.7620614035088,8.11817348881095,0.000257520947109569,0.0029288004088368,0.00115873892209105,"ABCC2/MTR/MTHFR",3
"C0220605","Adult Non-Hodgkin Lymphoma","4/19","370/21671",0.0108108108108108,12.3305832147937,6.51193980671361,0.000264505008601923,0.00296560619419328,0.00117330061633351,"MTR/CTLA4/MTHFR/TYMS",4
"C0220612","Childhood Non-Hodgkin Lymphoma","4/19","371/21671",0.0107816711590297,12.2973471414385,6.5017590947988,0.000267239018806589,0.00296560619419328,0.00117330061633351,"MTR/CTLA4/MTHFR/TYMS",4
"C0279671","Cervical Squamous Cell Carcinoma","4/19","371/21671",0.0107816711590297,12.2973471414385,6.5017590947988,0.000267239018806589,0.00296560619419328,0.00117330061633351,"ERCC1/CTLA4/CDH1/TYMS",4
"C0019202","Hepatolenticular Degeneration","3/19","146/21671",0.0205479452054795,23.4365537130497,8.05783266397038,0.000268180941967423,0.00296560619419328,0.00117330061633351,"ATP7B/ATP7A/MTHFR",3
"C0038279","Sterility, Postpartum","2/19","28/21671",0.0714285714285714,81.4699248120301,12.6215045565356,0.000271565760835011,0.00296560619419328,0.00117330061633351,"DHFR/MTHFR",2
"C0522254","Analgesic Overuse Headache","2/19","28/21671",0.0714285714285714,81.4699248120301,12.6215045565356,0.000271565760835011,0.00296560619419328,0.00117330061633351,"MTHFR/TYMS",2
"C0917730","Female sterility","2/19","28/21671",0.0714285714285714,81.4699248120301,12.6215045565356,0.000271565760835011,0.00296560619419328,0.00117330061633351,"DHFR/MTHFR",2
"C1861537","OROFACIAL CLEFT 1","2/19","28/21671",0.0714285714285714,81.4699248120301,12.6215045565356,0.000271565760835011,0.00296560619419328,0.00117330061633351,"MTHFR/CDH1",2
"C0042847","Vitamin B 12 Deficiency","2/19","29/21671",0.0689655172413793,78.6606170598911,12.3967655116305,0.000291529310508217,0.00316785562656206,0.00125331777576487,"MTR/MTHFR",2
"C0004135","Ataxia Telangiectasia","4/19","384/21671",0.0104166666666667,11.8810307017544,6.37287888256211,0.000304665786855469,0.00329429262141751,0.00130334080454116,"DHFR/CTLA4/MTHFR/TYMS",4
"C0011265","Presenile dementia","5/19","718/21671",0.00696378830083565,7.94275032986366,5.60438433264069,0.000310940067694949,0.00331014487830587,0.0013096125282831,"ATP7B/ATP7A/MTR/MTHFR/TYMS",5
"C1096458","Vascular occlusion","2/19","30/21671",0.0666666666666667,76.0385964912281,12.1832712707937,0.000312189602481513,0.00331014487830587,0.0013096125282831,"MTHFR/TYMS",2
"C3714731","Early childhood caries","2/19","30/21671",0.0666666666666667,76.0385964912281,12.1832712707937,0.000312189602481513,0.00331014487830587,0.0013096125282831,"MTRR/MTR",2
"C0002878","Anemia, Hemolytic","3/19","154/21671",0.0194805194805195,22.2190704032809,7.82804117177614,0.000313672043137868,0.00331014487830587,0.0013096125282831,"ATP7B/CTLA4/MTHFR",3
"C0008031","Chest Pain","3/19","154/21671",0.0194805194805195,22.2190704032809,7.82804117177614,0.000313672043137868,0.00331014487830587,0.0013096125282831,"CDH2/CTLA4/MTHFR",3
"C0268312","Progressive intrahepatic cholestasis (disorder)","2/19","31/21671",0.0645161290322581,73.5857385398981,11.9801088945592,0.000333545529065497,0.00348634493475603,0.00137932361643627,"ABCC2/ABCC3",2
"C3714644","Thymus Neoplasms","2/19","31/21671",0.0645161290322581,73.5857385398981,11.9801088945592,0.000333545529065497,0.00348634493475603,0.00137932361643627,"ERCC1/TYMS",2
"C0206708","Cervical Intraepithelial Neoplasia","4/19","398/21671",0.0100502512562814,11.4631049986776,6.24086799288201,0.000349047064957763,0.00363108202645635,0.00143658682259992,"MTRR/MTR/MTHFR/CDH1",4
"C0079770","Lymphoma, Small Noncleaved-Cell","2/19","32/21671",0.0625,71.2861842105263,11.7864660350199,0.000355595983804084,0.00368176030400926,0.00145663697437125,"MTHFR/TYMS",2
"C1762616","Meningioma, benign, no ICD-O subtype","4/19","404/21671",0.0099009900990099,11.2928608650339,6.18629913351052,0.000369422297941421,0.00380695748348084,0.00150616948752989,"MTRR/CTLA4/MTHFR/CDH1",4
"C0341869","Subfertility, Female","2/19","33/21671",0.0606060606060606,69.1259968102073,11.6016171160512,0.000378339861473356,0.00386258602760007,0.00152817814303803,"DHFR/MTHFR",2
"C1855119","Methylmalonic aciduria","2/19","33/21671",0.0606060606060606,69.1259968102073,11.6016171160512,0.000378339861473356,0.00386258602760007,0.00152817814303803,"MTR/MTHFR",2
"C0235874","Disease Exacerbation","3/19","166/21671",0.0180722891566265,20.6128725428028,7.51420040374166,0.000390813231911488,0.00397145853724869,0.00157125202888391,"CDH2/ATP7B/CDH1",3
"C3658290","Drug-Induced Acute Liver Injury","4/19","413/21671",0.00968523002421308,11.046769466038,6.10657237075595,0.000401569946448066,0.004008629306757,0.00158595812400169,"ABCC2/DHFR/MTHFR/CES2",4
"C0553730","Calcium pyrophosphate deposition disease","2/19","34/21671",0.0588235294117647,67.0928792569659,11.4249117656971,0.000401776058080428,0.004008629306757,0.00158595812400169,"ATP7B/ATP7A",2
"C0751038","Cockayne Syndrome, Type II","2/19","34/21671",0.0588235294117647,67.0928792569659,11.4249117656971,0.000401776058080428,0.004008629306757,0.00158595812400169,"ERCC1/DHFR",2
"C3150911","GASTRIC CANCER, INTESTINAL","2/19","34/21671",0.0588235294117647,67.0928792569659,11.4249117656971,0.000401776058080428,0.004008629306757,0.00158595812400169,"ERCC1/CDH1",2
"C4021107","Non-obstructive azoospermia","3/19","168/21671",0.0178571428571429,20.3674812030075,7.46509782907912,0.000404749302530014,0.00402002135318272,0.00159046522785073,"MTRR/MTR/MTHFR",3
"C0278876","Adult Medulloblastoma","5/19","762/21671",0.00656167979002625,7.48411382787678,5.39782414366251,0.000408987564429431,0.00404381848613784,0.00159988023069834,"CDH2/ATP7A/DHFR/CDH1/TYMS",5
"C0039538","Teratoma","3/19","171/21671",0.0175438596491228,20.0101569713758,7.39301819626641,0.000426247986742371,0.0041955799591906,0.00165992253510718,"ABCC2/ERCC1/CDH1",3
"C0278510","Childhood Medulloblastoma","5/19","771/21671",0.00648508430609598,7.39675063144242,5.35760527552251,0.000431649351886151,0.00421236235019834,0.00166656225340541,"CDH2/ATP7A/DHFR/CDH1/TYMS",5
"C0812413","Malignant Pleural Mesothelioma","4/19","421/21671",0.00950118764845606,10.8368546068259,6.03774935246425,0.000431791129291401,0.00421236235019834,0.00166656225340541,"CDH2/DHFR/CTLA4/TYMS",4
"C1333990","Hereditary Nonpolyposis Colorectal Cancer","3/19","174/21671",0.0172413793103448,19.6651542649728,7.32275537879889,0.000448469324145047,0.00432758463834287,0.00171214834031069,"CTLA4/MTHFR/CDH1",3
"C0023234","Legg-Calve-Perthes Disease","2/19","36/21671",0.0555555555555556,63.3654970760234,11.0936493811564,0.00045072099828473,0.00432758463834287,0.00171214834031069,"ATP7A/MTHFR",2
"C0205649","Adenoma, Monomorphic","2/19","36/21671",0.0555555555555556,63.3654970760234,11.0936493811564,0.00045072099828473,0.00432758463834287,0.00171214834031069,"MTRR/SLC19A1",2
"C4552766","Miscarriage","4/19","426/21671",0.00938967136150235,10.7096614776378,5.99567063638031,0.000451488329011625,0.00432758463834287,0.00171214834031069,"DHFR/CTLA4/SLC19A1/MTHFR",4
"C0028768","Obsessive-Compulsive Disorder","3/19","175/21671",0.0171428571428571,19.5527819548872,7.29972475848885,0.00045603879672493,0.00435219634265749,0.00172188561692479,"CDH2/MTHFR/TYMS",3
"C0524910","Hepatitis C, Chronic","4/19","430/21671",0.00930232558139535,10.6100367197062,5.96250892807528,0.000467703811277016,0.0044441985530435,0.00175828500480081,"ABCC2/DHFR/CTLA4/MTHFR",4
"C0021361","Female infertility","2/19","37/21671",0.0540540540540541,61.6529160739687,10.9380872176503,0.000476227540041078,0.00444816787400071,0.00175985541112604,"DHFR/MTHFR",2
"C0205651","Adenoma, Trabecular","2/19","37/21671",0.0540540540540541,61.6529160739687,10.9380872176503,0.000476227540041078,0.00444816787400071,0.00175985541112604,"MTRR/SLC19A1",2
"C0272322","Severe hereditary factor VIII deficiency disease","2/19","37/21671",0.0540540540540541,61.6529160739687,10.9380872176503,0.000476227540041078,0.00444816787400071,0.00175985541112604,"CTLA4/MTHFR",2
"C2826025","Mixed phenotype acute leukemia","2/19","37/21671",0.0540540540540541,61.6529160739687,10.9380872176503,0.000476227540041078,0.00444816787400071,0.00175985541112604,"ERCC1/MTHFR",2
"C0278704","Malignant Childhood Neoplasm","3/19","179/21671",0.0167597765363128,19.1158482799177,7.20948132639975,0.000487138532120999,0.0045308011779898,0.00179254812221153,"ERCC1/MTHFR/ABCC3",3
"C0085136","Central Nervous System Neoplasms","3/19","180/21671",0.0166666666666667,19.009649122807,7.18737722376571,0.000495120799470424,0.00458561246766912,0.00181423344242993,"ERCC1/MTHFR/CDH1",3
"C4551898","Cholestasis, progressive familial intrahepatic 1","2/19","38/21671",0.0526315789473684,60.0304709141274,10.7886453730309,0.000502421997051181,0.00463368186356027,0.00183325142665734,"ABCC2/ABCC3",2
"C3714757","Juvenile rheumatoid arthritis","3/19","183/21671",0.0163934426229508,18.6980155306299,7.1221212990501,0.00051957115761594,0.00477179368605434,0.00188789343771482,"CTLA4/MTHFR/ABCC3",3
"C0079747","Low Grade Lymphoma (neoplasm)","2/19","39/21671",0.0512820512820513,58.4912280701754,10.6449297331435,0.000529303271460219,0.0048208327006439,0.00190729503802001,"MTHFR/TYMS",2
"C0205650","Papillary adenoma","2/19","39/21671",0.0512820512820513,58.4912280701754,10.6449297331435,0.000529303271460219,0.0048208327006439,0.00190729503802001,"MTRR/SLC19A1",2
"C0003872","Arthritis, Psoriatic","4/19","450/21671",0.00888888888888889,10.1384795321637,5.80302610967689,0.000555105904386895,0.00501422823098451,0.00198380927493692,"DHFR/CTLA4/MTHFR/TYMS",4
"C3495559","Juvenile arthritis","4/19","450/21671",0.00888888888888889,10.1384795321637,5.80302610967689,0.000555105904386895,0.00501422823098451,0.00198380927493692,"CTLA4/SLC19A1/MTHFR/ABCC3",4
"C0019159","Hepatitis A","4/19","451/21671",0.00886917960088692,10.1159995332011,5.79531600963276,0.000559761118471076,0.00503526206708816,0.00199213101803032,"ABCC2/CTLA4/MTHFR/RRM2",4
"C0000786","Spontaneous abortion","3/19","188/21671",0.0159574468085106,18.2007278835386,7.0167423961451,0.000562022417510979,0.00503526206708816,0.00199213101803032,"DHFR/MTHFR/TYMS",3
"C0206624","Hepatoblastoma","4/19","452/21671",0.00884955752212389,10.0936190032604,5.78763004467591,0.000564444193148925,0.00503640245512963,0.00199258219661045,"ABCC2/AXIN2/CDH1/ABCC3",4
"C0278701","Gastric Adenocarcinoma","4/19","453/21671",0.00883002207505519,10.0713372836064,5.77996808296173,0.00056915522520943,0.00505787740621336,0.00200107846067667,"ERCC1/MTHFR/CDH1/TYMS",4
"C0553723","Squamous cell carcinoma of skin","4/19","458/21671",0.00873362445414847,9.96138818662376,5.74201377875545,0.000593133137764433,0.00524970660239085,0.00207697299938734,"ERCC1/CTLA4/MTHFR/CDH1",4
"C0010823","Cytomegalovirus Infections","4/19","462/21671",0.00865800865800866,9.87514240145819,5.7120693122469,0.000612828593517114,0.00534863174746483,0.00211611134955448,"CTLA4/MTHFR/CDH1/TYMS",4
"C3146254","Stage III Colon Cancer AJCC v7","2/19","42/21671",0.0476190476190476,54.3132832080201,10.2446965832165,0.0006140570388889,0.00534863174746483,0.00211611134955448,"MTHFR/TYMS",2
"C4525124","Stage III Colon Cancer AJCC v8","2/19","42/21671",0.0476190476190476,54.3132832080201,10.2446965832165,0.0006140570388889,0.00534863174746483,0.00211611134955448,"MTHFR/TYMS",2
"C4744564","Metastatic Colorectal Carcinoma","2/19","42/21671",0.0476190476190476,54.3132832080201,10.2446965832165,0.0006140570388889,0.00534863174746483,0.00211611134955448,"ERCC1/TYMS",2
"C0278480","Stage III Colon Cancer","2/19","43/21671",0.0465116279069767,53.0501835985312,10.1205836780207,0.000643674628812443,0.00556246381985556,0.00220071101852576,"MTHFR/TYMS",2
"C0334294","Multiple adenomatous polyps","2/19","43/21671",0.0465116279069767,53.0501835985312,10.1205836780207,0.000643674628812443,0.00556246381985556,0.00220071101852576,"MTHFR/AXIN2",2
"C0242339","Dyslipidemias","4/19","471/21671",0.00849256900212314,9.6864454128953,5.64601288383569,0.000658845179462848,0.00567123595655275,0.00224374519321713,"MTRR/ATP7B/MTR/MTHFR",4
"C0007113","Rectal Carcinoma","4/19","472/21671",0.00847457627118644,9.66592328278323,5.63878322183767,0.000664105863238387,0.00569418894456352,0.00225282622192298,"ERCC1/UMPS/MTHFR/TYMS",4
"C0268583","Methylmalonic acidemia","2/19","44/21671",0.0454545454545455,51.8444976076555,10.0006771094495,0.000673973565201141,0.00575631118916928,0.00227740401921336,"MTR/MTHFR",2
"C0024301","Lymphoma, Follicular","4/19","477/21671",0.00838574423480084,9.56460333222995,5.60295616760131,0.000690859803911718,0.00587766383560551,0.00232541549664287,"ERCC1/MTR/MTHFR/TYMS",4
"C0205648","Adenoma, Microcystic","2/19","45/21671",0.0444444444444444,50.6923976608187,9.88474241242549,0.000704952757528378,0.00597440657442004,0.00236369040829471,"MTRR/SLC19A1",2
"C4316903","Absence Seizures","3/19","205/21671",0.0146341463414634,16.6913992297818,6.68683007448016,0.000722823149664901,0.00610229543659406,0.00241428784807102,"ABCC2/ATP7A/DHFR",3
"C0751967","Multiple Sclerosis, Relapsing-Remitting","3/19","206/21671",0.0145631067961165,16.6103730199285,6.66866178199141,0.000733099114853527,0.00612447500259265,0.00242306288317417,"CTLA4/SLC19A1/MTHFR",3
"C0079772","T-Cell Lymphoma","4/19","485/21671",0.00824742268041237,9.40683667932718,5.54671999408356,0.000735251705585146,0.00612447500259265,0.00242306288317417,"MTRR/CTLA4/MTHFR/TYMS",4
"C0206715","Neoplasms, Neuroepithelial","2/19","46/21671",0.0434782608695652,49.5903890160183,9.77256304286911,0.000736611116484947,0.00612447500259265,0.00242306288317417,"CDH1/ABCC3",2
"C0588008","Severe depression","2/19","46/21671",0.0434782608695652,49.5903890160183,9.77256304286911,0.000736611116484947,0.00612447500259265,0.00242306288317417,"MTR/MTHFR",2
"C3887650","Adult Rickets","2/19","47/21671",0.0425531914893617,48.535274356103,9.66393865345039,0.000768947553977911,0.00636920709804345,0.00251988771412821,"ATP7B/ATP7A",2
"C3146257","Stage II Colon Cancer AJCC v7","2/19","48/21671",0.0416666666666667,47.5241228070175,9.5586835679003,0.000801960983129489,0.00659290021711322,0.00260838876830999,"AXIN2/TYMS",2
"C4525119","Stage II Colon Cancer AJCC v8","2/19","48/21671",0.0416666666666667,47.5241228070175,9.5586835679003,0.000801960983129489,0.00659290021711322,0.00260838876830999,"AXIN2/TYMS",2
"C0235782","Gallbladder Carcinoma","4/19","498/21671",0.00803212851405622,9.16127668569013,5.45806648105992,0.000811667035088506,0.00664779530604205,0.00263010724252953,"ABCC2/MTHFR/AXIN2/TYMS",4
"C0078918","Albinism, Oculocutaneous","2/19","49/21671",0.0408163265306122,46.5542427497315,9.45662542740936,0.000835650318275923,0.00676845921998395,0.00267784623257967,"ATP7B/CTLA4",2
"C0278479","Stage II Colon Cancer","2/19","49/21671",0.0408163265306122,46.5542427497315,9.45662542740936,0.000835650318275923,0.00676845921998395,0.00267784623257967,"AXIN2/TYMS",2
"C3714542","Lymphoma, Diffuse","2/19","49/21671",0.0408163265306122,46.5542427497315,9.45662542740936,0.000835650318275923,0.00676845921998395,0.00267784623257967,"MTHFR/TYMS",2
"C0033822","Pseudomyxoma Peritonei","2/19","50/21671",0.04,45.6231578947368,9.35760398663263,0.000870014474966347,0.00702088886967328,0.00277771649321686,"CDH2/CDH1",2
"C0206687","Carcinoma, Endometrioid","3/19","223/21671",0.0134529147982063,15.3441113995752,6.37807948715444,0.000922300486061351,0.00741556617913797,0.00293386505109163,"CDH2/CTLA4/CDH1",3
"C0019189","Hepatitis, Chronic","3/19","224/21671",0.0133928571428571,15.2756109022556,6.36198561015071,0.000934302798784305,0.00748465198296186,0.00296119788320035,"ATP7B/ATP7A/CDH1",3
"C0001969","Alcoholic Intoxication","2/19","52/21671",0.0384615384615385,43.8684210526316,9.16808446294291,0.000940762921233431,0.00750899858948138,0.00297083027757925,"MTR/MTHFR",2
"C0026470","Monoclonal Gammopathy of Undetermined Significance","3/19","227/21671",0.013215859030837,15.0737305819615,6.31431886139479,0.000970905618342379,0.00771522798661206,0.00305242205440832,"CDH2/CTLA4/CDH1",3
"C0032969","Pregnancy in Diabetics","2/19","53/21671",0.0377358490566038,43.0407149950348,9.07731735100403,0.000977145047962712,0.00771522798661206,0.00305242205440832,"ABCC2/MTHFR",2
"C0037889","Hereditary spherocytosis","2/19","53/21671",0.0377358490566038,43.0407149950348,9.07731735100403,0.000977145047962712,0.00771522798661206,0.00305242205440832,"DHFR/UMPS",2
"C0149871","Deep Vein Thrombosis","3/19","230/21671",0.0130434782608696,14.8771167048055,6.26755115338552,0.00100840914431202,0.00790520739916031,0.00312758475209555,"MTRR/MTR/MTHFR",3
"C0268398","Familial lichen amyloidosis","3/19","230/21671",0.0130434782608696,14.8771167048055,6.26755115338552,0.00100840914431202,0.00790520739916031,0.00312758475209555,"MTR/CTLA4/CDH1",3
"C0235031","Neurologic Symptoms","3/19","233/21671",0.0128755364806867,14.6855658459453,6.22165367510406,0.00104682216618655,0.00817713400277394,0.00323516870988538,"ATP7B/ATP7A/MTHFR",3
"C1389016","ATRIOVENTRICULAR CANAL DEFECT","2/19","55/21671",0.0363636363636364,41.4755980861244,8.90316045976323,0.00105191971055899,0.00818781476835811,0.00323939440541683,"MTR/SLC19A1",2
"C0018965","Hematuria","3/19","235/21671",0.0127659574468085,14.5605823068309,6.1915251719259,0.00107294042998739,0.00832192312304705,0.00329245250042624,"CTLA4/UMPS/MTHFR",3
"C0238198","Gastrointestinal Stromal Tumors","4/19","538/21671",0.00743494423791822,8.48014087262766,5.20448289109027,0.00108214744430911,0.00836378042344542,0.00330901275594891,"CDH2/TK1/CTLA4/CDH1",4
"C0027654","Embryonal Neoplasm","2/19","57/21671",0.0350877192982456,40.0203139427516,8.73811710044589,0.00112936773534686,0.00866769992687541,0.00342925425712611,"ERCC1/CDH1",2
"C0034372","Quadriplegia","2/19","57/21671",0.0350877192982456,40.0203139427516,8.73811710044589,0.00112936773534686,0.00866769992687541,0.00342925425712611,"MTHFR/TYMS",2
"C0746883","Febrile Neutropenia","2/19","58/21671",0.0344827586206897,39.3303085299455,8.65876657488816,0.00116909156933453,0.00891026387044891,0.00352522128911179,"ERCC1/MTHFR",2
"C1389018","Atrioventricular Septal Defect","2/19","58/21671",0.0344827586206897,39.3303085299455,8.65876657488816,0.00116909156933453,0.00891026387044891,0.00352522128911179,"MTR/SLC19A1",2
"C0002902","Anencephaly","2/19","59/21671",0.0338983050847458,38.6636931311329,8.58141047373739,0.00120948051920328,0.00909181417688763,0.00359704912884896,"MTRR/MTHFR",2
"C0270921","Axonal neuropathy","2/19","59/21671",0.0338983050847458,38.6636931311329,8.58141047373739,0.00120948051920328,0.00909181417688763,0.00359704912884896,"ATP7A/CTLA4",2
"C0520966","Abnormal coordination","2/19","59/21671",0.0338983050847458,38.6636931311329,8.58141047373739,0.00120948051920328,0.00909181417688763,0.00359704912884896,"ATP7A/MTHFR",2
"C1858991","Childhood Ataxia with Central Nervous System Hypomyelinization","2/19","59/21671",0.0338983050847458,38.6636931311329,8.58141047373739,0.00120948051920328,0.00909181417688763,0.00359704912884896,"MTR/MTHFR",2
"C0008350","Cholelithiasis","3/19","252/21671",0.0119047619047619,13.578320802005,5.94950164356308,0.00131178106748503,0.00982716533491345,0.00388798053053763,"ABCC2/CTLA4/ABCC3",3
"C0040411","Tongue Neoplasms","2/19","62/21671",0.032258064516129,36.7928692699491,8.36050038355265,0.0013346273462611,0.00983056048672187,0.00388932377486898,"CTLA4/TYMS",2
"C0274861","Arsenic Poisoning, Inorganic","2/19","62/21671",0.032258064516129,36.7928692699491,8.36050038355265,0.0013346273462611,0.00983056048672187,0.00388932377486898,"ERCC1/MTHFR",2
"C0274862","Nervous System, Organic Arsenic Poisoning","2/19","62/21671",0.032258064516129,36.7928692699491,8.36050038355265,0.0013346273462611,0.00983056048672187,0.00388932377486898,"ERCC1/MTHFR",2
"C0751851","Arsenic Encephalopathy","2/19","62/21671",0.032258064516129,36.7928692699491,8.36050038355265,0.0013346273462611,0.00983056048672187,0.00388932377486898,"ERCC1/MTHFR",2
"C0751852","Arsenic Induced Polyneuropathy","2/19","62/21671",0.032258064516129,36.7928692699491,8.36050038355265,0.0013346273462611,0.00983056048672187,0.00388932377486898,"ERCC1/MTHFR",2
"C0018939","Hematological Disease","3/19","255/21671",0.0117647058823529,13.4185758513932,5.90921718743644,0.00135712532274589,0.00996284308838541,0.00394165953622729,"MTR/CTLA4/MTHFR",3
"C0151747","Renal tubular disorder","2/19","64/21671",0.03125,35.6430921052632,8.22179504610478,0.00142136451533137,0.0103651000370511,0.00410080687234965,"ABCC2/ATP7B",2
"C0311375","Arsenic Poisoning","2/19","64/21671",0.03125,35.6430921052632,8.22179504610478,0.00142136451533137,0.0103651000370511,0.00410080687234965,"ERCC1/MTHFR",2
"C0014170","Endometrial Neoplasms","3/19","261/21671",0.0114942528735632,13.1101028433152,5.83065034569055,0.00145076164879299,0.0105096429673288,0.00415799326126183,"ERCC1/MTHFR/CDH1",3
"C0751690","Malignant Peripheral Nerve Sheath Tumor","3/19","261/21671",0.0114942528735632,13.1101028433152,5.83065034569055,0.00145076164879299,0.0105096429673288,0.00415799326126183,"CTLA4/RRM2/ABCC3",3
"C0431128","Papillary craniopharyngioma","2/19","65/21671",0.0307692307692308,35.0947368421053,8.15481441793795,0.0014657216824104,0.0105483904684945,0.00417332316820907,"DHFR/AXIN2",2
"C1333762","Gastric Cardia Adenocarcinoma","2/19","65/21671",0.0307692307692308,35.0947368421053,8.15481441793795,0.0014657216824104,0.0105483904684945,0.00417332316820907,"MTHFR/TYMS",2
"C0022354","Jaundice, Obstructive","2/19","66/21671",0.0303030303030303,34.5629984051037,8.08933519813536,0.00151073648385768,0.0108368188956458,0.00428743584170137,"ABCC2/ABCC3",2
"C0268074","Indian childhood cirrhosis","2/19","67/21671",0.0298507462686567,34.0471327572663,8.02530134882447,0.00155640785567013,0.01112806268142,0.00440266237245964,"ATP7B/MTHFR",2
"C0524587","Mean Corpuscular Volume (result)","3/19","269/21671",0.0111524163568773,12.7202113089415,5.72982883846197,0.00158181866177217,0.0112730258525647,0.00446001502379372,"TK1/CDH1/TYMS",3
"C0238621","Aminoaciduria","2/19","68/21671",0.0294117647058824,33.546439628483,7.96265972282126,0.00160273473503738,0.0113119059273539,0.00447539738164103,"ATP7B/UMPS",2
"C0393734","Complex Partial Status Epilepticus","2/19","68/21671",0.0294117647058824,33.546439628483,7.96265972282126,0.00160273473503738,0.0113119059273539,0.00447539738164103,"ABCC2/CDH2",2
"C0751524","Simple Partial Status Epilepticus","2/19","68/21671",0.0294117647058824,33.546439628483,7.96265972282126,0.00160273473503738,0.0113119059273539,0.00447539738164103,"ABCC2/CDH2",2
"C0240912","Vertical Talus","2/19","69/21671",0.0289855072463768,33.0602593440122,7.90135987457149,0.00164971606034079,0.0115345869668998,0.00456349802071325,"ERCC1/MTHFR",2
"C0751522","Status Epilepticus, Subclinical","2/19","69/21671",0.0289855072463768,33.0602593440122,7.90135987457149,0.00164971606034079,0.0115345869668998,0.00456349802071325,"ABCC2/CDH2",2
"C1176475","Ductal Carcinoma","3/19","273/21671",0.010989010989011,12.5338345864662,5.68101188048122,0.00165005025403486,0.0115345869668998,0.00456349802071325,"CDH2/ERCC1/CDH1",3
"C4284013","Primary cholangiocarcinoma of intrahepatic biliary tract","3/19","274/21671",0.0109489051094891,12.4880906646177,5.66896713689183,0.00166739285889317,0.0116188169056207,0.00459682241800122,"CDH2/CDH1/TYMS",3
"C0278689","Recurrent ovarian cancer","2/19","71/21671",0.028169014084507,32.1289844329133,7.78259620584819,0.00174563780823302,0.0120115203419169,0.00475219004056176,"ERCC1/TK1",2
"C0677659","Gastro-esophageal reflux disease with esophagitis","2/19","71/21671",0.028169014084507,32.1289844329133,7.78259620584819,0.00174563780823302,0.0120115203419169,0.00475219004056176,"MTHFR/CDH1",2
"C0751075","Cancer of Digestive System","2/19","71/21671",0.028169014084507,32.1289844329133,7.78259620584819,0.00174563780823302,0.0120115203419169,0.00475219004056176,"MTR/TYMS",2
"C0751523","Non-Convulsive Status Epilepticus","2/19","71/21671",0.028169014084507,32.1289844329133,7.78259620584819,0.00174563780823302,0.0120115203419169,0.00475219004056176,"ABCC2/CDH2",2
"C0023474","Leukemia, Myeloid, Chronic-Phase","2/19","72/21671",0.0277777777777778,31.6827485380117,7.72504350142793,0.00179457611353286,0.0123096705287645,0.00487014899231779,"ERCC1/CES2",2
"C0162557","Liver Failure, Acute","3/19","282/21671",0.0106382978723404,12.1338185890258,5.57481810262278,0.00181027792359877,0.0123786917205586,0.00489745626158053,"ABCC2/ATP7B/CTLA4",3
"C0205698","Undifferentiated carcinoma","3/19","283/21671",0.0106007067137809,12.0909429049656,5.563317507955,0.00182866081412129,0.0124655605186218,0.00493182468666251,"ATP7B/CDH1/TYMS",3
"C0086565","Liver Dysfunction","2/19","73/21671",0.0273972602739726,31.2487382840663,7.66865452143665,0.00184416463018865,0.0124936461829139,0.00494293638695789,"ATP7B/MTHFR",2
"C0333873","Squamous intraepithelial lesion","2/19","73/21671",0.0273972602739726,31.2487382840663,7.66865452143665,0.00184416463018865,0.0124936461829139,0.00494293638695789,"ERCC1/MTHFR",2
"C1960398","HER2-positive carcinoma of breast","3/19","288/21671",0.0104166666666667,11.8810307017544,5.50667199545077,0.00192233563920374,0.0129831591632376,0.00513660535171849,"CTLA4/TYMS/ABCC3",3
"C0311335","Grand Mal Status Epilepticus","2/19","75/21671",0.0266666666666667,30.4154385964912,7.55921238461461,0.00194528807604531,0.0130578205716191,0.00516614409379487,"ABCC2/CDH2",2
"C0349458","Cervical intraepithelial neoplasia grade 1","2/19","75/21671",0.0266666666666667,30.4154385964912,7.55921238461461,0.00194528807604531,0.0130578205716191,0.00516614409379487,"MTHFR/CDH1",2
"C0023465","Acute monocytic leukemia","4/19","633/21671",0.00631911532385466,7.20744990438181,4.69537301774876,0.00196996761287319,0.0131831674093191,0.00521573581713858,"ABCC2/CDH2/MTHFR/ABCC3",4
"C0040100","Thymoma","3/19","291/21671",0.0103092783505155,11.758545849159,5.47335309374809,0.00197995873953752,0.0132097551163673,0.00522625487159959,"CTLA4/CDH1/TYMS",3
"C0080174","Spina Bifida Occulta","2/19","76/21671",0.0263157894736842,30.0152354570637,7.50608603609837,0.00199682089744624,0.0132818844542258,0.00525479183538485,"SLC19A1/MTHFR",2
"C0265325","Turcot syndrome (disorder)","2/19","77/21671",0.025974025974026,29.6254272043746,7.45397681839086,0.00204899971460107,0.013546850522739,0.00535962195480623,"ERCC1/TYMS",2
"C0349459","Cervical intraepithelial neoplasia grade 2","2/19","77/21671",0.025974025974026,29.6254272043746,7.45397681839086,0.00204899971460107,0.013546850522739,0.00535962195480623,"MTR/MTHFR",2
"C0041696","Unipolar Depression","4/19","641/21671",0.0062402496099844,7.11749733147221,4.65736648829908,0.00206246332413614,0.0135949159053418,0.00537863835123222,"ATP7B/CTLA4/MTHFR/TYMS",4
"C0270823","Petit mal status","2/19","78/21671",0.0256410256410256,29.2456140350877,7.40285215897909,0.00210182347656635,0.0138128818295303,0.00546487352085483,"ABCC2/CDH2",2
"C0025322","Premature Menopause","3/19","299/21671",0.0100334448160535,11.4439359267735,5.38684472322606,0.00213888417524852,0.0139727701329479,0.00552813109204268,"MTRR/MTHFR/TYMS",3
"C4551915","Gait Disturbance, CTCAE","3/19","299/21671",0.0100334448160535,11.4439359267735,5.38684472322606,0.00213888417524852,0.0139727701329479,0.00552813109204268,"MTRR/MTR/MTHFR",3
"C0030186","Paget Disease Extramammary","2/19","79/21671",0.0253164556962025,28.875416389074,7.35268093050146,0.00215529113357923,0.0139966391662911,0.00553757454127332,"CTLA4/CDH1",2
"C2936904","Opitz GBBB Syndrome, X-Linked","2/19","79/21671",0.0253164556962025,28.875416389074,7.35268093050146,0.00215529113357923,0.0139966391662911,0.00553757454127332,"ERCC1/MTHFR",2
"C0024302","Reticulosarcoma","2/19","80/21671",0.025,28.5144736842105,7.30343336928054,0.00220940163705641,0.0143057126647163,0.00565985514849102,"MTHFR/TYMS",2
"C0264408","Childhood asthma","3/19","303/21671",0.0099009900990099,11.2928608650339,5.34481559421412,0.0022212501770978,0.0143401298197931,0.00567347181456868,"CTLA4/MTHFR/CDH1",3
"C2674608","Feeding difficulties in infancy","3/19","305/21671",0.00983606557377049,11.2188093183779,5.32409565900492,0.00226316639134354,0.0145316312789667,0.0057492366887172,"ATP7A/ERCC1/MTR",3
"C0393706","Early infantile epileptic encephalopathy with suppression bursts","2/19","81/21671",0.0246913580246914,28.1624431448993,7.25508099940141,0.00226415393959299,0.0145316312789667,0.0057492366887172,"ERCC1/MTHFR",2
"C0205969","Thymic Carcinoma","2/19","82/21671",0.024390243902439,27.818998716303,7.20759656189493,0.00231954699496143,0.0147576975476532,0.00583867664635601,"ERCC1/TYMS",2
"C0279672","Cervical Adenocarcinoma","2/19","82/21671",0.024390243902439,27.818998716303,7.20759656189493,0.00231954699496143,0.0147576975476532,0.00583867664635601,"ERCC1/CDH1",2
"C0393819","Polyradiculoneuropathy, Chronic Inflammatory Demyelinating","2/19","82/21671",0.024390243902439,27.818998716303,7.20759656189493,0.00231954699496143,0.0147576975476532,0.00583867664635601,"CTLA4/CES2",2
"C0740457","Malignant neoplasm of kidney","4/19","664/21671",0.00602409638554217,6.8709575142676,4.55164315571971,0.00234522396927194,0.0148779381865662,0.00588624817356053,"ABCC2/ATP7B/CTLA4/TYMS",4
"C0853193","Bipolar I disorder","2/19","83/21671",0.0240963855421687,27.4838300570704,7.16095394862489,0.00237557975811039,0.0150270823315628,0.00594525496872765,"CTLA4/MTHFR",2
"C0575081","Gait abnormality","3/19","312/21671",0.00961538461538462,10.9671052631579,5.2530693094359,0.00241375796291407,0.0152247089902195,0.00602344319238991,"MTRR/MTR/MTHFR",3
"C1262091","Lymphocytic infiltration","2/19","84/21671",0.0238095238095238,27.15664160401,7.11512814051438,0.00243225118516367,0.0152973964224477,0.00605220095840756,"ERCC1/CTLA4",2
"C0009207","Cockayne Syndrome","2/19","85/21671",0.0235294117647059,26.8371517027864,7.07009514977846,0.00248956023341912,0.0153931963728309,0.00609010286900155,"ERCC1/DHFR",2
"C0014869","Peptic Esophagitis","2/19","85/21671",0.0235294117647059,26.8371517027864,7.07009514977846,0.00248956023341912,0.0153931963728309,0.00609010286900155,"MTHFR/CDH1",2
"C0278721","Adult Lymphoblastic Lymphoma","2/19","85/21671",0.0235294117647059,26.8371517027864,7.07009514977846,0.00248956023341912,0.0153931963728309,0.00609010286900155,"SLC19A1/MTHFR",2
"C0279525","Childhood Lymphoblastic Lymphoma","2/19","85/21671",0.0235294117647059,26.8371517027864,7.07009514977846,0.00248956023341912,0.0153931963728309,0.00609010286900155,"SLC19A1/MTHFR",2
"C0795690","Congenital omphalocele","2/19","85/21671",0.0235294117647059,26.8371517027864,7.07009514977846,0.00248956023341912,0.0153931963728309,0.00609010286900155,"SLC19A1/MTHFR",2
"C4021813","Oral cleft","2/19","85/21671",0.0235294117647059,26.8371517027864,7.07009514977846,0.00248956023341912,0.0153931963728309,0.00609010286900155,"MTHFR/CDH1",2
"C1275122","Familial multiple trichoepitheliomata","3/19","317/21671",0.00946372239747634,10.7941225303005,5.20370648062675,0.00252505905129424,0.01556883319548,0.00615959112157821,"ERCC1/MTHFR/CDH1",3
"C0584960","Factor V Leiden mutation","2/19","86/21671",0.0232558139534884,26.5250917992656,7.02583196585973,0.00254750586134752,0.0156632363183692,0.00619694039690906,"DHFR/MTHFR",2
"C1328504","Hormone refractory prostate cancer","4/19","683/21671",0.00585651537335286,6.67981813978577,4.46803433064552,0.00259830904415733,0.0158898917437733,0.00628661344616377,"CDH2/ATP7A/ERCC1/CTLA4",4
"C0005398","Cholestasis, Extrahepatic","2/19","87/21671",0.0229885057471264,26.2202056866304,6.98231650478941,0.00260608702859152,0.0158898917437733,0.00628661344616377,"ABCC2/ABCC3",2
"C0021843","Intestinal Obstruction","2/19","87/21671",0.0229885057471264,26.2202056866304,6.98231650478941,0.00260608702859152,0.0158898917437733,0.00628661344616377,"CTLA4/TYMS",2
"C0079748","Precursor cell lymphoblastic lymphoma","2/19","88/21671",0.0227272727272727,25.9222488038278,6.93952756172033,0.00266530269596451,0.0161325564433646,0.00638262034085878,"SLC19A1/MTHFR",2
"C0279565","Invasive Lobular Breast Carcinoma","2/19","88/21671",0.0227272727272727,25.9222488038278,6.93952756172033,0.00266530269596451,0.0161325564433646,0.00638262034085878,"CTLA4/CDH1",2
"C0042373","Vascular Diseases","4/19","688/21671",0.00581395348837209,6.6312729498164,4.44656099429077,0.00266793530247897,0.0161325564433646,0.00638262034085878,"MTRR/MTR/CTLA4/MTHFR",4
"C0025312","Meningomyelocele","2/19","89/21671",0.0224719101123595,25.6309875813128,6.89744476639953,0.00272515182544956,0.016433264441928,0.00650159125504885,"SLC19A1/MTHFR",2
"C1368683","Epithelioma","3/19","326/21671",0.00920245398773006,10.4961252825315,5.11757720233916,0.00273335682662112,0.016437584203927,0.0065033003084713,"UMPS/CDH1/TYMS",3
"C0349506","Photosensitivity of skin","2/19","91/21671",0.021978021978022,25.0676691729323,6.81532006269103,0.00284674632452992,0.016979913538976,0.0067178653253352,"ERCC1/CTLA4",2
"C1847540","Azoospermia, Nonobstructive","2/19","91/21671",0.021978021978022,25.0676691729323,6.81532006269103,0.00284674632452992,0.016979913538976,0.0067178653253352,"MTRR/MTHFR",2
"C4083212","Alopecia, Male Pattern","2/19","91/21671",0.021978021978022,25.0676691729323,6.81532006269103,0.00284674632452992,0.016979913538976,0.0067178653253352,"ABCC2/MTHFR",2
"C0085215","Ovarian Failure, Premature","3/19","333/21671",0.00900900900900901,10.2754860123281,5.05288231228305,0.00290253442487261,0.0172079103086957,0.00680806905870949,"MTRR/MTHFR/TYMS",3
"C0020626","Hypoparathyroidism","2/19","92/21671",0.0217391304347826,24.7951945080091,6.77524122304327,0.00290848962392989,0.0172079103086957,0.00680806905870949,"ATP7B/CTLA4",2
"C0036646","Age-related cataract","2/19","92/21671",0.0217391304347826,24.7951945080091,6.77524122304327,0.00290848962392989,0.0172079103086957,0.00680806905870949,"ERCC1/MTHFR",2
"C0677607","Hashimoto Disease","3/19","335/21671",0.00895522388059702,10.2141398271799,5.03475042935685,0.00295203594830173,0.0174185992110814,0.00689142517642593,"MTRR/TK1/CTLA4",3
"C0014548","Epilepsy, Generalized","2/19","93/21671",0.021505376344086,24.5285795132994,6.73579459697836,0.00297086224504908,0.0174359428553014,0.0068982869467084,"ABCC2/TYMS",2
"C1368898","Adult Teratoma","2/19","93/21671",0.021505376344086,24.5285795132994,6.73579459697836,0.00297086224504908,0.0174359428553014,0.0068982869467084,"ERCC1/CDH1",2
"C0015696","Fatty Liver, Alcoholic","2/19","94/21671",0.0212765957446809,24.2676371780515,6.69696340823685,0.00303386315570256,0.0177109830499126,0.0070071027532324,"ABCC2/ABCC3",2
"C0016781","Fuchs Endothelial Dystrophy","2/19","94/21671",0.0212765957446809,24.2676371780515,6.69696340823685,0.00303386315570256,0.0177109830499126,0.0070071027532324,"CDH2/CDH1",2
"C0020557","Hypertriglyceridemia","3/19","340/21671",0.00882352941176471,10.0639318885449,4.99008255913634,0.00307807450569069,0.0179214152254405,0.00709035730055792,"MTRR/MTR/MTHFR",3
"C2347762","Childhood Teratoma","2/19","95/21671",0.0210526315789474,24.012188365651,6.65873149894948,0.00309749132486854,0.0179867551801229,0.00711620813984,"ERCC1/CDH1",2
"C0555198","Malignant Glioma","4/19","724/21671",0.00552486187845304,6.30154114568188,4.29801325012218,0.00320789303332821,0.0185786944806212,0.00735040064573192,"ERCC1/TK1/MTHFR/ABCC3",4
"C0040053","Thrombosis","2/19","98/21671",0.0204081632653061,23.2771213748657,6.54747854680237,0.00329212909064783,0.0190163772472947,0.0075235637113143,"SLC19A1/MTHFR",2
"C0333516","Tumor necrosis","3/19","350/21671",0.00857142857142857,9.77639097744361,4.90346913879977,0.00334004207910203,0.0192424996420707,0.00761302587445551,"ABCC2/MTHFR/TYMS",3
"C0279584","Childhood B Acute Lymphoblastic Leukemia","2/19","99/21671",0.0202020202020202,23.0419989367358,6.51149356230681,0.0033582560068707,0.019246401919272,0.00761456975585634,"DHFR/CTLA4",2
"C0949059","Polyp of large intestine","2/19","99/21671",0.0202020202020202,23.0419989367358,6.51149356230681,0.0033582560068707,0.019246401919272,0.00761456975585634,"MTHFR/AXIN2",2
"C0220641","Lip and Oral Cavity Carcinoma","4/19","734/21671",0.00544959128065395,6.21568908647641,4.25853033318762,0.00337030538298143,0.0192651570719902,0.00762198996973596,"CTLA4/MTHFR/AXIN2/CDH1",4
"C0521158","Recurrent tumor","4/19","735/21671",0.0054421768707483,6.20723236663086,4.25462237431074,0.00338685201815924,0.0192963012858053,0.00763431174237591,"CTLA4/UMPS/CDH1/TYMS",4
"C0268318","Cholestasis of pregnancy","2/19","100/21671",0.02,22.8115789473684,6.47603538323664,0.00342500504390624,0.0192963012858053,0.00763431174237591,"ABCC2/ABCC3",2
"C4529962","Fatty Liver Disease","4/19","741/21671",0.00539811066126856,6.15697137580794,4.23132571738088,0.00348730928994628,0.0192963012858053,0.00763431174237591,"ABCC2/MTHFR/CES2/ABCC3",4
"C0206623","Adenosquamous carcinoma","2/19","101/21671",0.0198019801980198,22.5857217300677,6.44109100650882,0.00349237517768873,0.0192963012858053,0.00763431174237591,"CDH1/TYMS",2
"C0278592","Adult Angiosarcoma","2/19","101/21671",0.0198019801980198,22.5857217300677,6.44109100650882,0.00349237517768873,0.0192963012858053,0.00763431174237591,"CTLA4/TYMS",2
"C0279988","Childhood Angiosarcoma","2/19","101/21671",0.0198019801980198,22.5857217300677,6.44109100650882,0.00349237517768873,0.0192963012858053,0.00763431174237591,"CTLA4/TYMS",2
"C0852949","Arteriopathic disease","2/19","101/21671",0.0198019801980198,22.5857217300677,6.44109100650882,0.00349237517768873,0.0192963012858053,0.00763431174237591,"MTR/MTHFR",2
"C4733092","estrogen receptor-negative breast cancer","3/19","356/21671",0.00842696629213483,9.61162034299231,4.85315824519251,0.00350362904788444,0.0192963012858053,0.00763431174237591,"TK1/RRM2/CDH1",3
"C0022333","Jacksonian Seizure","2/19","102/21671",0.0196078431372549,22.3642930856553,6.40664787529913,0.00356036538530804,0.0192963012858053,0.00763431174237591,"ABCC2/ATP7A",2
"C0035439","Rheumatic Heart Disease","2/19","102/21671",0.0196078431372549,22.3642930856553,6.40664787529913,0.00356036538530804,0.0192963012858053,0.00763431174237591,"CTLA4/MTHFR",2
"C0422850","Seizures, Somatosensory","2/19","102/21671",0.0196078431372549,22.3642930856553,6.40664787529913,0.00356036538530804,0.0192963012858053,0.00763431174237591,"ABCC2/ATP7A",2
"C0422852","Seizures, Auditory","2/19","102/21671",0.0196078431372549,22.3642930856553,6.40664787529913,0.00356036538530804,0.0192963012858053,0.00763431174237591,"ABCC2/ATP7A",2
"C0422853","Olfactory seizure","2/19","102/21671",0.0196078431372549,22.3642930856553,6.40664787529913,0.00356036538530804,0.0192963012858053,0.00763431174237591,"ABCC2/ATP7A",2
"C0422854","Gustatory seizure","2/19","102/21671",0.0196078431372549,22.3642930856553,6.40664787529913,0.00356036538530804,0.0192963012858053,0.00763431174237591,"ABCC2/ATP7A",2
"C0422855","Vertiginous seizure","2/19","102/21671",0.0196078431372549,22.3642930856553,6.40664787529913,0.00356036538530804,0.0192963012858053,0.00763431174237591,"ABCC2/ATP7A",2
"C0751056","Non-epileptic convulsion","2/19","102/21671",0.0196078431372549,22.3642930856553,6.40664787529913,0.00356036538530804,0.0192963012858053,0.00763431174237591,"ABCC2/ATP7A",2
"C0751110","Single Seizure","2/19","102/21671",0.0196078431372549,22.3642930856553,6.40664787529913,0.00356036538530804,0.0192963012858053,0.00763431174237591,"ABCC2/ATP7A",2
"C0751123","Atonic Absence Seizures","2/19","102/21671",0.0196078431372549,22.3642930856553,6.40664787529913,0.00356036538530804,0.0192963012858053,0.00763431174237591,"ABCC2/ATP7A",2
"C0751496","Seizures, Sensory","2/19","102/21671",0.0196078431372549,22.3642930856553,6.40664787529913,0.00356036538530804,0.0192963012858053,0.00763431174237591,"ABCC2/ATP7A",2
"C3495874","Nonepileptic Seizures","2/19","102/21671",0.0196078431372549,22.3642930856553,6.40664787529913,0.00356036538530804,0.0192963012858053,0.00763431174237591,"ABCC2/ATP7A",2
"C4505436","Generalized Absence Seizures","2/19","102/21671",0.0196078431372549,22.3642930856553,6.40664787529913,0.00356036538530804,0.0192963012858053,0.00763431174237591,"ABCC2/ATP7A",2
"C0236734","Caffeine related disorders","3/19","360/21671",0.00833333333333333,9.50482456140351,4.82027640276594,0.00361538610619536,0.0194757930215002,0.00770532513738768,"ABCC2/CTLA4/MTHFR",3
"C0270685","Cerebral calcification","2/19","103/21671",0.0194174757281553,22.1471640265713,6.37269385952264,0.00362897464500846,0.0194757930215002,0.00770532513738768,"ATP7A/ERCC1",2
"C1837142","Poor suck","2/19","103/21671",0.0194174757281553,22.1471640265713,6.37269385952264,0.00362897464500846,0.0194757930215002,0.00770532513738768,"ATP7A/CDH1",2
"C3642346","Luminal B Breast Carcinoma","2/19","103/21671",0.0194174757281553,22.1471640265713,6.37269385952264,0.00362897464500846,0.0194757930215002,0.00770532513738768,"ERCC1/TYMS",2
"C0085077","Sweet Syndrome","2/19","104/21671",0.0192307692307692,21.9342105263158,6.33921723734815,0.00369820193618775,0.0197989103656881,0.00783316199577637,"CTLA4/MTHFR",2
"C0014868","Esophagitis","2/19","105/21671",0.019047619047619,21.725313283208,6.30620667768246,0.00376804623939597,0.0201237505972607,0.00796168049046401,"ATP7A/SLC19A1",2
"C0037268","Skin Abnormalities","2/19","106/21671",0.0188679245283019,21.5203574975174,6.27365122356487,0.00383850653633441,0.020400779291172,0.00807128301892669,"ATP7A/MTHFR",2
"C2676033","Hepatoblastoma Caused By Somatic Mutation","2/19","106/21671",0.0188679245283019,21.5203574975174,6.27365122356487,0.00383850653633441,0.020400779291172,0.00807128301892669,"CDH1/ABCC3",2
"C0033774","Pruritus","2/19","107/21671",0.0186915887850467,21.319232661092,6.24154027641653,0.00390958180985458,0.020628682866901,0.00816144988140189,"ATP7B/CTLA4",2
"C0178468","Autoimmune thyroid disease","2/19","107/21671",0.0186915887850467,21.319232661092,6.24154027641653,0.00390958180985458,0.020628682866901,0.00816144988140189,"MTRR/CTLA4",2
"C0280217","stage, non-small cell lung cancer","2/19","107/21671",0.0186915887850467,21.319232661092,6.24154027641653,0.00390958180985458,0.020628682866901,0.00816144988140189,"ABCC2/ERCC1",2
"C0086692","Benign Neoplasm","3/19","371/21671",0.00808625336927224,9.22301035607888,4.73244131563908,0.00393397714271106,0.020707625487412,0.00819268242518397,"ABCC2/ERCC1/CDH1",3
"C0270844","Tonic Seizures","2/19","108/21671",0.0185185185185185,21.1218323586745,6.20986358109312,0.00398127104395704,0.0209064352667122,0.00827133873398277,"ABCC2/ATP7A",2
"C0005823","Blood Pressure","2/19","109/21671",0.018348623853211,20.9280540801545,6.17861121169285,0.00405357322379041,0.0210204233514841,0.00831643652558416,"MTHFR/RRM2",2
"C1449563","Cardiomyopathy, Familial Idiopathic","4/19","773/21671",0.00517464424320828,5.90209028392456,4.11126941162156,0.00405792275324035,0.0210204233514841,0.00831643652558416,"CTLA4/RRM2/AXIN2/CDH1",4
"C1861172","Venous Thromboembolism","3/19","378/21671",0.00793650793650794,9.05221386800334,4.6784287640752,0.00414541270720028,0.0210204233514841,0.00831643652558416,"DHFR/MTR/MTHFR",3
"C0001403","Addison Disease","2/19","111/21671",0.018018018018018,20.5509720246562,6.11734131304769,0.00420001236697805,0.0210204233514841,0.00831643652558416,"CTLA4/MTHFR",2
"C0040558","Toxoplasmosis","2/19","112/21671",0.0178571428571429,20.3674812030075,6.08730546018504,0.00427414730636003,0.0210204233514841,0.00831643652558416,"DHFR/TYMS",2
"C0162311","Androgenetic Alopecia","2/19","112/21671",0.0178571428571429,20.3674812030075,6.08730546018504,0.00427414730636003,0.0210204233514841,0.00831643652558416,"ABCC2/MTHFR",2
"C1837770","Sparse hair","2/19","112/21671",0.0178571428571429,20.3674812030075,6.08730546018504,0.00427414730636003,0.0210204233514841,0.00831643652558416,"ATP7A/CDH1",2
"C2937421","Prostatic Hyperplasia","2/19","112/21671",0.0178571428571429,20.3674812030075,6.08730546018504,0.00427414730636003,0.0210204233514841,0.00831643652558416,"UMPS/TYMS",2
"C0677932","Progressive Neoplastic Disease","3/19","384/21671",0.0078125,8.91077302631579,4.63323739689673,0.00433209084632418,0.0210204233514841,0.00831643652558416,"ERCC1/TK1/TYMS",3
"C3539781","Progressive cGVHD","3/19","384/21671",0.0078125,8.91077302631579,4.63323739689673,0.00433209084632418,0.0210204233514841,0.00831643652558416,"ERCC1/TK1/TYMS",3
"C0240310","Hypoplasia of the maxilla","2/19","113/21671",0.0176991150442478,20.1872380065207,6.05765726223895,0.00434889114352619,0.0210204233514841,0.00831643652558416,"AXIN2/CDH1",2
"C0494463","Alzheimer Disease, Late Onset","3/19","385/21671",0.00779220779220779,8.88762816131237,4.62580170298991,0.00436369606556053,0.0210204233514841,0.00831643652558416,"MTRR/MTHFR/TYMS",3
"C0035528","Riboflavin Deficiency","1/19","5/21671",0.2,228.115789473684,15.0452776879967,0.00437646171828165,0.0210204233514841,0.00831643652558416,"MTHFR",1
"C0086664","Myelocele","1/19","5/21671",0.2,228.115789473684,15.0452776879967,0.00437646171828165,0.0210204233514841,0.00831643652558416,"MTHFR",1
"C0158629","Congenital anomaly of aortic arch","1/19","5/21671",0.2,228.115789473684,15.0452776879967,0.00437646171828165,0.0210204233514841,0.00831643652558416,"MTHFR",1
"C0265010","Ruptured thoracic aortic aneurysm","1/19","5/21671",0.2,228.115789473684,15.0452776879967,0.00437646171828165,0.0210204233514841,0.00831643652558416,"ATP7A",1
"C0265012","Ruptured abdominal aortic aneurysm","1/19","5/21671",0.2,228.115789473684,15.0452776879967,0.00437646171828165,0.0210204233514841,0.00831643652558416,"ATP7A",1
"C0271560","Lymphocytic hypopituitarism","1/19","5/21671",0.2,228.115789473684,15.0452776879967,0.00437646171828165,0.0210204233514841,0.00831643652558416,"CTLA4",1
"C0333912","Hypochromatism","1/19","5/21671",0.2,228.115789473684,15.0452776879967,0.00437646171828165,0.0210204233514841,0.00831643652558416,"UMPS",1
"C0342410","Autoimmune Hypophysitis","1/19","5/21671",0.2,228.115789473684,15.0452776879967,0.00437646171828165,0.0210204233514841,0.00831643652558416,"CTLA4",1
"C0475858","Generalized pruritus","1/19","5/21671",0.2,228.115789473684,15.0452776879967,0.00437646171828165,0.0210204233514841,0.00831643652558416,"CTLA4",1
"C0749163","Supraglottic Squamous Cell Carcinoma","1/19","5/21671",0.2,228.115789473684,15.0452776879967,0.00437646171828165,0.0210204233514841,0.00831643652558416,"CDH1",1
"C0852077","Blood Coagulation Disorders, Inherited","1/19","5/21671",0.2,228.115789473684,15.0452776879967,0.00437646171828165,0.0210204233514841,0.00831643652558416,"MTHFR",1
"C1275217","Paget's disease of vulva","1/19","5/21671",0.2,228.115789473684,15.0452776879967,0.00437646171828165,0.0210204233514841,0.00831643652558416,"CDH1",1
"C1302363","Dysplasia of colon","1/19","5/21671",0.2,228.115789473684,15.0452776879967,0.00437646171828165,0.0210204233514841,0.00831643652558416,"CTLA4",1
"C1305122","Thoracoabdominal aortic aneurysm, ruptured","1/19","5/21671",0.2,228.115789473684,15.0452776879967,0.00437646171828165,0.0210204233514841,0.00831643652558416,"ATP7A",1
"C1318500","Non-toxic nodular goiter","1/19","5/21671",0.2,228.115789473684,15.0452776879967,0.00437646171828165,0.0210204233514841,0.00831643652558416,"CTLA4",1
"C1335060","Non-Small Cell Adenocarcinoma","1/19","5/21671",0.2,228.115789473684,15.0452776879967,0.00437646171828165,0.0210204233514841,0.00831643652558416,"CDH1",1
"C1510431","Superficial Thrombophlebitis","1/19","5/21671",0.2,228.115789473684,15.0452776879967,0.00437646171828165,0.0210204233514841,0.00831643652558416,"MTHFR",1
"C1845027","Spina Bifida, X-Linked","1/19","5/21671",0.2,228.115789473684,15.0452776879967,0.00437646171828165,0.0210204233514841,0.00831643652558416,"MTHFR",1
"C1849537","Persistent open anterior fontanelle","1/19","5/21671",0.2,228.115789473684,15.0452776879967,0.00437646171828165,0.0210204233514841,0.00831643652558416,"ATP7A",1
"C1856058","HOMOCYSTINURIA DUE TO DEFICIENCY OF N(5,10)-METHYLENETETRAHYDROFOLATE REDUCTASE ACTIVITY","1/19","5/21671",0.2,228.115789473684,15.0452776879967,0.00437646171828165,0.0210204233514841,0.00831643652558416,"MTHFR",1
"C1856061","Methylenetetrahydrofolate reductase deficiency","1/19","5/21671",0.2,228.115789473684,15.0452776879967,0.00437646171828165,0.0210204233514841,0.00831643652558416,"MTHFR",1
"C1866559","Spina Bifida, Folate-Sensitive","1/19","5/21671",0.2,228.115789473684,15.0452776879967,0.00437646171828165,0.0210204233514841,0.00831643652558416,"MTHFR",1
"C2609268","Low phospholipid-associated cholelithiasis","1/19","5/21671",0.2,228.115789473684,15.0452776879967,0.00437646171828165,0.0210204233514841,0.00831643652558416,"ABCC2",1
"C2930835","Optic Disc Edema","1/19","5/21671",0.2,228.115789473684,15.0452776879967,0.00437646171828165,0.0210204233514841,0.00831643652558416,"MTRR",1
"C3536572","End stage renal disease due to hypertension","1/19","5/21671",0.2,228.115789473684,15.0452776879967,0.00437646171828165,0.0210204233514841,0.00831643652558416,"MTHFR",1
"C3550150","Recurrent thrombophlebitis","1/19","5/21671",0.2,228.115789473684,15.0452776879967,0.00437646171828165,0.0210204233514841,0.00831643652558416,"MTHFR",1
"C4022660","Autoimmune antibody positivity","1/19","5/21671",0.2,228.115789473684,15.0452776879967,0.00437646171828165,0.0210204233514841,0.00831643652558416,"CTLA4",1
"C0002171","Alopecia Areata","2/19","114/21671",0.0175438596491228,20.0101569713758,6.02838825011,0.00442424286934921,0.0211573270113758,0.00837060054400435,"CTLA4/MTHFR",2
"C0751955","Brain Infarction","2/19","114/21671",0.0175438596491228,20.0101569713758,6.02838825011,0.00442424286934921,0.0211573270113758,0.00837060054400435,"SLC19A1/MTHFR",2
"C0030809","Pemphigus Vulgaris","2/19","115/21671",0.0173913043478261,19.8361556064073,5.99949021234687,0.00450020147584336,0.0213808273581736,0.00845902533053264,"CTLA4/CDH1",2
"C0278504","Non-small cell lung cancer stage I","2/19","115/21671",0.0173913043478261,19.8361556064073,5.99949021234687,0.00450020147584336,0.0213808273581736,0.00845902533053264,"ERCC1/TYMS",2
"C1963943","Atherothrombosis","2/19","115/21671",0.0173913043478261,19.8361556064073,5.99949021234687,0.00450020147584336,0.0213808273581736,0.00845902533053264,"MTR/MTHFR",2
"C0032584","polyps","3/19","390/21671",0.00769230769230769,8.77368421052632,4.58902505597947,0.00452384350448491,0.021446731084977,0.00848509921837001,"MTHFR/AXIN2/CDH1",3
"C0151313","Sensory neuropathy","2/19","116/21671",0.0172413793103448,19.6651542649728,5.97095518514415,0.00457676595616346,0.0216508648141784,0.00856586187349105,"CTLA4/MTHFR",2
"C0026654","Moyamoya Disease","2/19","117/21671",0.0170940170940171,19.4970760233918,5.94277544281088,0.00465393530460378,0.0219214334626723,0.00867290857532893,"ATP7A/MTHFR",2
"C0751494","Convulsive Seizures","2/19","117/21671",0.0170940170940171,19.4970760233918,5.94277544281088,0.00465393530460378,0.0219214334626723,0.00867290857532893,"ABCC2/ATP7A",2
"C0080032","Pleural Effusion, Malignant","2/19","119/21671",0.0168067226890756,19.1693940734188,5.88745204646217,0.00481008458871314,0.0225601189577464,0.00892559555935299,"TK1/CDH1",2
"C1851585","MYELOPROLIFERATIVE DISORDER, CHRONIC, WITH EOSINOPHILIA","2/19","119/21671",0.0168067226890756,19.1693940734188,5.88745204646217,0.00481008458871314,0.0225601189577464,0.00892559555935299,"TK1/CTLA4",2
"C0917798","Cerebral Ischemia","2/19","120/21671",0.0166666666666667,19.009649122807,5.86029405193726,0.0048890625186585,0.0228627273385273,0.00904531833319028,"CTLA4/MTHFR",2
"C1850900","Familial primary gastric lymphoma","2/19","121/21671",0.0165289256198347,18.852544584602,5.83346264510214,0.00496864130527458,0.0228627273385273,0.00904531833319028,"MTHFR/CDH1",2
"C0017181","Gastrointestinal Hemorrhage","2/19","122/21671",0.0163934426229508,18.6980155306299,5.80695116261468,0.00504881994853702,0.0228627273385273,0.00904531833319028,"ATP7A/CTLA4",2
"C0234535","Clonic Seizures","2/19","122/21671",0.0163934426229508,18.6980155306299,5.80695116261468,0.00504881994853702,0.0228627273385273,0.00904531833319028,"ABCC2/ATP7A",2
"C0018798","Congenital Heart Defects","3/19","406/21671",0.00738916256157635,8.4279232564169,4.47563826507087,0.00506031317749755,0.0228627273385273,0.00904531833319028,"MTRR/MTR/MTHFR",3
"C0338106","Adenocarcinoma of colon","3/19","406/21671",0.00738916256157635,8.4279232564169,4.47563826507087,0.00506031317749755,0.0228627273385273,0.00904531833319028,"AXIN2/CDH1/TYMS",3
"C0020217","Hydatidiform Mole","2/19","123/21671",0.016260162601626,18.545999144202,5.78075313059895,0.00512959744955456,0.0228627273385273,0.00904531833319028,"TK1/RRM2",2
"C0585362","Squamous cell carcinoma of mouth","2/19","123/21671",0.016260162601626,18.545999144202,5.78075313059895,0.00512959744955456,0.0228627273385273,0.00904531833319028,"ERCC1/CDH1",2
"C4317123","Myoclonic Seizures","2/19","123/21671",0.016260162601626,18.545999144202,5.78075313059895,0.00512959744955456,0.0228627273385273,0.00904531833319028,"ABCC2/ATP7A",2
"C0030232","Pallor","2/19","124/21671",0.0161290322580645,18.3964346349745,5.75486225776627,0.00521097281056798,0.0228627273385273,0.00904531833319028,"ATP7A/DHFR",2
"C1367654","Marginal Zone B-Cell Lymphoma","2/19","124/21671",0.0161290322580645,18.3964346349745,5.75486225776627,0.00521097281056798,0.0228627273385273,0.00904531833319028,"CDH1/TYMS",2
"C0019054","Hemolysis (disorder)","1/19","6/21671",0.166666666666667,190.09649122807,13.7226186912741,0.00524957383991698,0.0228627273385273,0.00904531833319028,"ATP7A",1
"C0268128","Orotic aciduria","1/19","6/21671",0.166666666666667,190.09649122807,13.7226186912741,0.00524957383991698,0.0228627273385273,0.00904531833319028,"UMPS",1
"C0268615","5,10-Methylenetetrahydrofolate reductase deficiency","1/19","6/21671",0.166666666666667,190.09649122807,13.7226186912741,0.00524957383991698,0.0228627273385273,0.00904531833319028,"MTHFR",1
"C0312854","Extravascular Hemolysis","1/19","6/21671",0.166666666666667,190.09649122807,13.7226186912741,0.00524957383991698,0.0228627273385273,0.00904531833319028,"ATP7A",1
"C0338507","Non-arteritic ischemic optic neuropathy","1/19","6/21671",0.166666666666667,190.09649122807,13.7226186912741,0.00524957383991698,0.0228627273385273,0.00904531833319028,"MTHFR",1
"C0347646","Perforation of colon","1/19","6/21671",0.166666666666667,190.09649122807,13.7226186912741,0.00524957383991698,0.0228627273385273,0.00904531833319028,"CTLA4",1
"C0392707","Atopy","1/19","6/21671",0.166666666666667,190.09649122807,13.7226186912741,0.00524957383991698,0.0228627273385273,0.00904531833319028,"SLC19A1",1
"C0422837","Neurological observations","1/19","6/21671",0.166666666666667,190.09649122807,13.7226186912741,0.00524957383991698,0.0228627273385273,0.00904531833319028,"ATP7A",1
"C0584984","Heterozygous Factor V Leiden mutation","1/19","6/21671",0.166666666666667,190.09649122807,13.7226186912741,0.00524957383991698,0.0228627273385273,0.00904531833319028,"MTHFR",1
"C0746857","Focal Neurologic Deficits","1/19","6/21671",0.166666666666667,190.09649122807,13.7226186912741,0.00524957383991698,0.0228627273385273,0.00904531833319028,"ATP7A",1
"C0751377","Neurologic Dysfunction","1/19","6/21671",0.166666666666667,190.09649122807,13.7226186912741,0.00524957383991698,0.0228627273385273,0.00904531833319028,"ATP7A",1
"C1148477","Deafness, Sudden","1/19","6/21671",0.166666666666667,190.09649122807,13.7226186912741,0.00524957383991698,0.0228627273385273,0.00904531833319028,"MTHFR",1
"C1387164","allergic rhinitis with asthma","1/19","6/21671",0.166666666666667,190.09649122807,13.7226186912741,0.00524957383991698,0.0228627273385273,0.00904531833319028,"CTLA4",1
"C1720811","Tumor of Rete Testis","1/19","6/21671",0.166666666666667,190.09649122807,13.7226186912741,0.00524957383991698,0.0228627273385273,0.00904531833319028,"ERCC1",1
"C1845026","Neural tube defects X-linked","1/19","6/21671",0.166666666666667,190.09649122807,13.7226186912741,0.00524957383991698,0.0228627273385273,0.00904531833319028,"MTHFR",1
"C1848453","Poor motor coordination","1/19","6/21671",0.166666666666667,190.09649122807,13.7226186912741,0.00524957383991698,0.0228627273385273,0.00904531833319028,"ATP7B",1
"C1855755","Abnormal immunoglobulin level","1/19","6/21671",0.166666666666667,190.09649122807,13.7226186912741,0.00524957383991698,0.0228627273385273,0.00904531833319028,"CTLA4",1
"C1960883","Spina bifida aperta of cervical spine","1/19","6/21671",0.166666666666667,190.09649122807,13.7226186912741,0.00524957383991698,0.0228627273385273,0.00904531833319028,"MTHFR",1
"C2936381","Neointima Formation","1/19","6/21671",0.166666666666667,190.09649122807,13.7226186912741,0.00524957383991698,0.0228627273385273,0.00904531833319028,"ATP7A",1
"C3647902","Vasculogenic erectile dysfunction","1/19","6/21671",0.166666666666667,190.09649122807,13.7226186912741,0.00524957383991698,0.0228627273385273,0.00904531833319028,"MTHFR",1
"C3824874","Mycoplasma pneumoniae Infection","1/19","6/21671",0.166666666666667,190.09649122807,13.7226186912741,0.00524957383991698,0.0228627273385273,0.00904531833319028,"MTHFR",1
"C4015214","CTLA4 Haploinsufficiency","1/19","6/21671",0.166666666666667,190.09649122807,13.7226186912741,0.00524957383991698,0.0228627273385273,0.00904531833319028,"CTLA4",1
"C4024618","Large iliac wings","1/19","6/21671",0.166666666666667,190.09649122807,13.7226186912741,0.00524957383991698,0.0228627273385273,0.00904531833319028,"ATP7A",1
"C4324584","Periprocedural myocardial infarction","1/19","6/21671",0.166666666666667,190.09649122807,13.7226186912741,0.00524957383991698,0.0228627273385273,0.00904531833319028,"MTHFR",1
"C4725025","Recurrent Acute Leukemia","1/19","6/21671",0.166666666666667,190.09649122807,13.7226186912741,0.00524957383991698,0.0228627273385273,0.00904531833319028,"ABCC3",1
"C0019193","Hepatitis, Toxic","3/19","412/21671",0.00728155339805825,8.30518650996423,4.43471533292603,0.00527102925312948,0.0228654332225676,0.00904638887836867,"ABCC2/DHFR/MTHFR",3
"C4279912","Chemically-Induced Liver Toxicity","3/19","412/21671",0.00728155339805825,8.30518650996423,4.43471533292603,0.00527102925312948,0.0228654332225676,0.00904638887836867,"ABCC2/DHFR/MTHFR",3
"C0033626","Protein Deficiency","2/19","125/21671",0.016,18.2492631578947,5.72927242883905,0.00529294503494898,0.0229152156838521,0.0090660846129615,"MTHFR/CDH1",2
"C0023891","Liver Cirrhosis, Alcoholic","2/19","126/21671",0.0158730158730159,18.1044277360067,5.70397769826209,0.00537551312719924,0.0232268726657526,0.00918938733928589,"CTLA4/MTHFR",2
"C0162429","Malnutrition","3/19","417/21671",0.00719424460431655,8.20560393790231,4.4012427569965,0.00545064633386398,0.023505243031103,0.00929952068129001,"MTR/MTHFR/CDH1",3
"C1262760","Hepatitis, Drug-Induced","3/19","418/21671",0.00717703349282297,8.18597330647192,4.39461532957377,0.00548701047557767,0.0236156627331235,0.00934320669216011,"ABCC2/DHFR/MTHFR",3
"C1328407","Hip Dysplasia","2/19","128/21671",0.015625,17.8215460526316,5.65425056271204,0.00554243293895716,0.0238075152661663,0.00941911046377518,"ATP7A/UMPS",2
"C0008370","Cholestasis","3/19","420/21671",0.00714285714285714,8.14699248120301,4.38142651057725,0.00556018089328046,0.0238371036342786,0.00943081668782151,"ABCC2/CTLA4/ABCC3",3
"C0017612","Glaucoma, Open-Angle","2/19","130/21671",0.0153846153846154,17.5473684210526,5.60563645887456,0.00571172430441282,0.0243441453362838,0.00963142064617389,"MTHFR/CDH1",2
"C0024796","Marfan Syndrome","2/19","130/21671",0.0153846153846154,17.5473684210526,5.60563645887456,0.00571172430441282,0.0243441453362838,0.00963142064617389,"MTHFR/AXIN2",2
"C0043119","Werner Syndrome","2/19","130/21671",0.0153846153846154,17.5473684210526,5.60563645887456,0.00571172430441282,0.0243441453362838,0.00963142064617389,"ERCC1/CES2",2
"C0153452","Malignant neoplasm of gallbladder","3/19","425/21671",0.00705882352941176,8.05114551083591,4.34883369958693,0.00574569416841316,0.0244414703481916,0.00966992592603193,"MTHFR/AXIN2/CDH1",3
"C0018818","Ventricular Septal Defects","3/19","426/21671",0.00704225352112676,8.03224610822832,4.34237914432028,0.00578324172755784,0.024553608495144,0.00971429181560667,"MTRR/MTR/MTHFR",3
"C0023892","Biliary cirrhosis","2/19","132/21671",0.0151515151515152,17.2814992025518,5.5580933508261,0.00588337930014811,0.0248346491612021,0.00982548162474128,"ABCC2/CTLA4",2
"C0043144","Wheezing","2/19","132/21671",0.0151515151515152,17.2814992025518,5.5580933508261,0.00588337930014811,0.0248346491612021,0.00982548162474128,"CTLA4/MTHFR",2
"C0086981","Sicca Syndrome","2/19","132/21671",0.0151515151515152,17.2814992025518,5.5580933508261,0.00588337930014811,0.0248346491612021,0.00982548162474128,"CTLA4/MTHFR",2
"C0343641","Human papilloma virus infection","3/19","429/21671",0.00699300699300699,7.97607655502392,4.32314128154339,0.00589677728218586,0.0248434282809942,0.00982895496070984,"MTHFR/CDH1/TYMS",3
"C0423798","Increased tendency to bruise","2/19","133/21671",0.0150375939849624,17.1515631183221,5.53471088900175,0.00597009068821903,0.0249308040994249,0.00986352398130945,"ATP7B/ATP7A",2
"C0002895","Anemia, Sickle Cell","3/19","434/21671",0.00691244239631336,7.88418627213194,4.29149035800636,0.00608898955277795,0.0249308040994249,0.00986352398130945,"CTLA4/UMPS/MTHFR",3
"C0000809","Abortion, Habitual","1/19","7/21671",0.142857142857143,162.93984962406,12.6937714636535,0.00612196055106606,0.0249308040994249,0.00986352398130945,"MTHFR",1
"C0007688","Central Retinal Artery Occlusion","1/19","7/21671",0.142857142857143,162.93984962406,12.6937714636535,0.00612196055106606,0.0249308040994249,0.00986352398130945,"MTHFR",1
"C0019034","Hemoglobin SC Disease","1/19","7/21671",0.142857142857143,162.93984962406,12.6937714636535,0.00612196055106606,0.0249308040994249,0.00986352398130945,"MTHFR",1
"C0220722","Cerebrooculofacioskeletal Syndrome 1","1/19","7/21671",0.142857142857143,162.93984962406,12.6937714636535,0.00612196055106606,0.0249308040994249,0.00986352398130945,"ERCC1",1
"C0279763","endometrial adenoacanthoma","1/19","7/21671",0.142857142857143,162.93984962406,12.6937714636535,0.00612196055106606,0.0249308040994249,0.00986352398130945,"RRM2",1
"C0543982","Glaucoma, primary","1/19","7/21671",0.142857142857143,162.93984962406,12.6937714636535,0.00612196055106606,0.0249308040994249,0.00986352398130945,"MTHFR",1
"C0744669","Complex congenital heart disease","1/19","7/21671",0.142857142857143,162.93984962406,12.6937714636535,0.00612196055106606,0.0249308040994249,0.00986352398130945,"MTHFR",1
"C0750145","Occlusive vascular disease","1/19","7/21671",0.142857142857143,162.93984962406,12.6937714636535,0.00612196055106606,0.0249308040994249,0.00986352398130945,"MTHFR",1
"C0751349","Myoclonus, Eyelid","1/19","7/21671",0.142857142857143,162.93984962406,12.6937714636535,0.00612196055106606,0.0249308040994249,0.00986352398130945,"DHFR",1
"C1096116","Acquired haemophilia","1/19","7/21671",0.142857142857143,162.93984962406,12.6937714636535,0.00612196055106606,0.0249308040994249,0.00986352398130945,"CTLA4",1
"C1839816","Long neck","1/19","7/21671",0.142857142857143,162.93984962406,12.6937714636535,0.00612196055106606,0.0249308040994249,0.00986352398130945,"ATP7A",1
"C1959620","Dihydropyrimidine Dehydrogenase Deficiency","1/19","7/21671",0.142857142857143,162.93984962406,12.6937714636535,0.00612196055106606,0.0249308040994249,0.00986352398130945,"TYMS",1
"C3495928","Thyroid associated orbitopathy","1/19","7/21671",0.142857142857143,162.93984962406,12.6937714636535,0.00612196055106606,0.0249308040994249,0.00986352398130945,"CTLA4",1
"C3805919","Recurrent intrapulmonary hemorrhage","1/19","7/21671",0.142857142857143,162.93984962406,12.6937714636535,0.00612196055106606,0.0249308040994249,0.00986352398130945,"CTLA4",1
"C4024979","Ovarian papillary adenocarcinoma","1/19","7/21671",0.142857142857143,162.93984962406,12.6937714636535,0.00612196055106606,0.0249308040994249,0.00986352398130945,"CDH1",1
"C4725093","Unresectable Melanoma","1/19","7/21671",0.142857142857143,162.93984962406,12.6937714636535,0.00612196055106606,0.0249308040994249,0.00986352398130945,"CTLA4",1
"C3811653","Experimental Organism Basal Cell Carcinoma","3/19","437/21671",0.0068649885583524,7.83006142358184,4.2727419858265,0.00620611603327053,0.0252267123944978,0.00998059595993799,"ERCC1/CTLA4/MTHFR",3
"C0153392","Malignant neoplasm of nasopharynx","2/19","136/21671",0.0147058823529412,16.7732198142415,5.46606282123509,0.00623374857863751,0.0252921961739544,0.0100065037014806,"ERCC1/CDH1",2
"C0043346","Xeroderma Pigmentosum","2/19","137/21671",0.0145985401459854,16.6507875528237,5.44366476559633,0.00632280583665338,0.0255590401684239,0.0101120767960435,"ERCC1/TYMS",2
"C1963094","Dry Skin, CTCAE","2/19","137/21671",0.0145985401459854,16.6507875528237,5.44366476559633,0.00632280583665338,0.0255590401684239,0.0101120767960435,"ATP7A/CTLA4",2
"C4024896","Motor neuron atrophy","2/19","138/21671",0.0144927536231884,16.5301296720061,5.42150174510494,0.00641244710430661,0.0258737525624136,0.0102365883534306,"ATP7A/MTHFR",2
"C0026640","Mouth Neoplasms","2/19","140/21671",0.0142857142857143,16.293984962406,5.37786409796612,0.00659347774601814,0.0265067466163184,0.0104870235983516,"ATP7B/UMPS",2
"C0279986","Childhood Leiomyosarcoma","2/19","140/21671",0.0142857142857143,16.293984962406,5.37786409796612,0.00659347774601814,0.0265067466163184,0.0104870235983516,"CDH2/CDH1",2
"C0018133","Graft-vs-Host Disease","3/19","447/21671",0.00671140939597315,7.65489226421759,4.21151565220848,0.00660634629791472,0.0265099271004073,0.0104882819124019,"CTLA4/MTHFR/TYMS",3
"C0278607","Adult Leiomyosarcoma","2/19","141/21671",0.0141843971631206,16.1784247853677,5.35638137456457,0.00668486516160985,0.0265588256297952,0.0105076279317017,"CDH2/CDH1",2
"C1842981","NEUROTICISM","2/19","141/21671",0.0141843971631206,16.1784247853677,5.35638137456457,0.00668486516160985,0.0265588256297952,0.0105076279317017,"ATP7A/MTHFR",2
"C2986665","Early-Stage Breast Carcinoma","2/19","142/21671",0.0140845070422535,16.0644922164566,5.33511748623249,0.0067768326699036,0.0265588256297952,0.0105076279317017,"ERCC1/TK1",2
"C0016053","Fibromyalgia","2/19","143/21671",0.013986013986014,15.9521531100478,5.31406862907734,0.00686937929444828,0.0265588256297952,0.0105076279317017,"MTHFR/CES2",2
"C0019069","Hemophilia A","2/19","143/21671",0.013986013986014,15.9521531100478,5.31406862907734,0.00686937929444828,0.0265588256297952,0.0105076279317017,"CTLA4/MTHFR",2
"C0270846","Epileptic drop attack","2/19","143/21671",0.013986013986014,15.9521531100478,5.31406862907734,0.00686937929444828,0.0265588256297952,0.0105076279317017,"ABCC2/ATP7A",2
"C0235946","Cerebral atrophy","3/19","454/21671",0.0066079295154185,7.53686529098076,4.16977595316781,0.00689554907833272,0.0265588256297952,0.0105076279317017,"MTRR/DHFR/MTR",3
"C0002875","Cooley's anemia","2/19","144/21671",0.0138888888888889,15.8413742690058,5.29323109152107,0.00696250405990374,0.0265588256297952,0.0105076279317017,"UMPS/MTHFR",2
"C4721698","Metastatic Renal Cell Carcinoma","2/19","144/21671",0.0138888888888889,15.8413742690058,5.29323109152107,0.00696250405990374,0.0265588256297952,0.0105076279317017,"CTLA4/TYMS",2
"C0011434","Dentin, Secondary","1/19","8/21671",0.125,142.572368421053,11.8637350238754,0.00699362242096657,0.0265588256297952,0.0105076279317017,"AXIN2",1
"C0014068","Encephalomalacia","1/19","8/21671",0.125,142.572368421053,11.8637350238754,0.00699362242096657,0.0265588256297952,0.0105076279317017,"MTHFR",1
"C0031048","Pericarditis, Constrictive","1/19","8/21671",0.125,142.572368421053,11.8637350238754,0.00699362242096657,0.0265588256297952,0.0105076279317017,"ABCC2",1
"C0268140","Xeroderma pigmentosum, group F","1/19","8/21671",0.125,142.572368421053,11.8637350238754,0.00699362242096657,0.0265588256297952,0.0105076279317017,"ERCC1",1
"C0312420","Hypersexuality state","1/19","8/21671",0.125,142.572368421053,11.8637350238754,0.00699362242096657,0.0265588256297952,0.0105076279317017,"ATP7B",1
"C0334280","Carcinoma, diffuse type","1/19","8/21671",0.125,142.572368421053,11.8637350238754,0.00699362242096657,0.0265588256297952,0.0105076279317017,"CDH1",1
"C0393665","Multiple Sclerosis, Chronic Progressive","1/19","8/21671",0.125,142.572368421053,11.8637350238754,0.00699362242096657,0.0265588256297952,0.0105076279317017,"CTLA4",1
"C0521654","Neurologic Deficits","1/19","8/21671",0.125,142.572368421053,11.8637350238754,0.00699362242096657,0.0265588256297952,0.0105076279317017,"ATP7A",1
"C0586323","Alcohol Withdrawal Seizures","1/19","8/21671",0.125,142.572368421053,11.8637350238754,0.00699362242096657,0.0265588256297952,0.0105076279317017,"MTHFR",1
"C0852711","Sickle Cell Dactylitis","1/19","8/21671",0.125,142.572368421053,11.8637350238754,0.00699362242096657,0.0265588256297952,0.0105076279317017,"MTHFR",1
"C0861748","Pancreatic adenocarcinoma resectable","1/19","8/21671",0.125,142.572368421053,11.8637350238754,0.00699362242096657,0.0265588256297952,0.0105076279317017,"RRM2",1
"C0878682","Ceruloplasmin deficiency","1/19","8/21671",0.125,142.572368421053,11.8637350238754,0.00699362242096657,0.0265588256297952,0.0105076279317017,"ATP7B",1
"C0949116","Congenital hypoplastic anemia","1/19","8/21671",0.125,142.572368421053,11.8637350238754,0.00699362242096657,0.0265588256297952,0.0105076279317017,"UMPS",1
"C1299567","Neonatal stroke","1/19","8/21671",0.125,142.572368421053,11.8637350238754,0.00699362242096657,0.0265588256297952,0.0105076279317017,"MTHFR",1
"C1335483","Gastric Diffuse Large B-Cell Lymphoma","1/19","8/21671",0.125,142.572368421053,11.8637350238754,0.00699362242096657,0.0265588256297952,0.0105076279317017,"CDH1",1
"C1335965","Signet-ring cell adenocarcinoma gastric","1/19","8/21671",0.125,142.572368421053,11.8637350238754,0.00699362242096657,0.0265588256297952,0.0105076279317017,"CDH1",1
"C1857002","Capitate-hamate fusion","1/19","8/21671",0.125,142.572368421053,11.8637350238754,0.00699362242096657,0.0265588256297952,0.0105076279317017,"ATP7A",1
"C2585317","Acquired thrombophilia","1/19","8/21671",0.125,142.572368421053,11.8637350238754,0.00699362242096657,0.0265588256297952,0.0105076279317017,"MTHFR",1
"C2751584","Neurodegeneration Due To Cerebral Folate Transport Deficiency","1/19","8/21671",0.125,142.572368421053,11.8637350238754,0.00699362242096657,0.0265588256297952,0.0105076279317017,"DHFR",1
"C3826462","Depression in children","1/19","8/21671",0.125,142.572368421053,11.8637350238754,0.00699362242096657,0.0265588256297952,0.0105076279317017,"MTHFR",1
"C4721859","Hereditary Diffuse Gastric Adenocarcinoma","1/19","8/21671",0.125,142.572368421053,11.8637350238754,0.00699362242096657,0.0265588256297952,0.0105076279317017,"CDH1",1
"C4728035","CTLA4 deficiency","1/19","8/21671",0.125,142.572368421053,11.8637350238754,0.00699362242096657,0.0265588256297952,0.0105076279317017,"CTLA4",1
"C0085584","Encephalopathies","3/19","457/21671",0.00656455142231947,7.48738915121502,4.15215937454323,0.00702178800274362,0.0266197317202457,0.0105317245746086,"MTR/CTLA4/TYMS",3
"C0238301","Cancer of Nasopharynx","2/19","145/21671",0.0137931034482759,15.7321234119782,5.27260125143551,0.00705620599203984,0.026658127629135,0.0105469153789888,"ERCC1/CDH1",2
"C0278678","Metastatic Renal Cell Cancer","2/19","145/21671",0.0137931034482759,15.7321234119782,5.27260125143551,0.00705620599203984,0.026658127629135,0.0105469153789888,"CTLA4/TYMS",2
"C4277682","Chemical and Drug Induced Liver Injury","3/19","461/21671",0.00650759219088937,7.42242265098755,4.12891799966459,0.00719225831456757,0.0271254415815736,0.010731801608823,"ABCC2/DHFR/MTHFR",3
"C0022735","Klinefelter Syndrome","2/19","150/21671",0.0133333333333333,15.2077192982456,5.17244666123627,0.00753333913243884,0.0280238786371255,0.0110872556650898,"CTLA4/MTHFR",2
"C0005967","Bone neoplasms","2/19","151/21671",0.0132450331125828,15.1070059254096,5.15299161576182,0.00763048366785106,0.0280238786371255,0.0110872556650898,"CTLA4/ABCC3",2
"C0544886","Somatic mutation","2/19","151/21671",0.0132450331125828,15.1070059254096,5.15299161576182,0.00763048366785106,0.0280238786371255,0.0110872556650898,"AXIN2/CDH1",2
"C3495917","Advanced breast cancer","2/19","151/21671",0.0132450331125828,15.1070059254096,5.15299161576182,0.00763048366785106,0.0280238786371255,0.0110872556650898,"MTHFR/TYMS",2
"C0008043","Chiari-Frommel Syndrome","1/19","9/21671",0.111111111111111,126.730994152047,11.1756186927698,0.00786456001843705,0.0280238786371255,0.0110872556650898,"ABCC3",1
"C0035302","Retinal Artery Occlusion","1/19","9/21671",0.111111111111111,126.730994152047,11.1756186927698,0.00786456001843705,0.0280238786371255,0.0110872556650898,"MTHFR",1
"C0040827","Saturnine Tremor","1/19","9/21671",0.111111111111111,126.730994152047,11.1756186927698,0.00786456001843705,0.0280238786371255,0.0110872556650898,"ATP7A",1
"C0149840","Senile Tremor","1/19","9/21671",0.111111111111111,126.730994152047,11.1756186927698,0.00786456001843705,0.0280238786371255,0.0110872556650898,"ATP7A",1
"C0155305","Optic Neuropathy, Ischemic","1/19","9/21671",0.111111111111111,126.730994152047,11.1756186927698,0.00786456001843705,0.0280238786371255,0.0110872556650898,"MTHFR",1
"C0234370","Persistent Tremor","1/19","9/21671",0.111111111111111,126.730994152047,11.1756186927698,0.00786456001843705,0.0280238786371255,0.0110872556650898,"ATP7A",1
"C0234371","Continuous Tremor","1/19","9/21671",0.111111111111111,126.730994152047,11.1756186927698,0.00786456001843705,0.0280238786371255,0.0110872556650898,"ATP7A",1
"C0234372","Intermittent Tremor","1/19","9/21671",0.111111111111111,126.730994152047,11.1756186927698,0.00786456001843705,0.0280238786371255,0.0110872556650898,"ATP7A",1
"C0234373","Fine Tremor","1/19","9/21671",0.111111111111111,126.730994152047,11.1756186927698,0.00786456001843705,0.0280238786371255,0.0110872556650898,"ATP7A",1
"C0234374","Coarse Tremor","1/19","9/21671",0.111111111111111,126.730994152047,11.1756186927698,0.00786456001843705,0.0280238786371255,0.0110872556650898,"ATP7A",1
"C0234375","Massive Tremor","1/19","9/21671",0.111111111111111,126.730994152047,11.1756186927698,0.00786456001843705,0.0280238786371255,0.0110872556650898,"ATP7A",1
"C0234377","Passive Tremor","1/19","9/21671",0.111111111111111,126.730994152047,11.1756186927698,0.00786456001843705,0.0280238786371255,0.0110872556650898,"ATP7A",1
"C0234381","Darkness Tremor","1/19","9/21671",0.111111111111111,126.730994152047,11.1756186927698,0.00786456001843705,0.0280238786371255,0.0110872556650898,"ATP7A",1
"C0235078","Tremor, Perioral","1/19","9/21671",0.111111111111111,126.730994152047,11.1756186927698,0.00786456001843705,0.0280238786371255,0.0110872556650898,"ATP7A",1
"C0235082","Tremor, Muscle","1/19","9/21671",0.111111111111111,126.730994152047,11.1756186927698,0.00786456001843705,0.0280238786371255,0.0110872556650898,"ATP7A",1
"C0235083","Nerve Tremors","1/19","9/21671",0.111111111111111,126.730994152047,11.1756186927698,0.00786456001843705,0.0280238786371255,0.0110872556650898,"ATP7A",1
"C0235843","Tremor, Neonatal","1/19","9/21671",0.111111111111111,126.730994152047,11.1756186927698,0.00786456001843705,0.0280238786371255,0.0110872556650898,"ATP7A",1
"C0278801","Endometrial neoplasm malignant metastatic","1/19","9/21671",0.111111111111111,126.730994152047,11.1756186927698,0.00786456001843705,0.0280238786371255,0.0110872556650898,"CTLA4",1
"C0280299","Squamous cell carcinoma of buccal mucosa","1/19","9/21671",0.111111111111111,126.730994152047,11.1756186927698,0.00786456001843705,0.0280238786371255,0.0110872556650898,"CDH1",1
"C0334357","Papillary cystic tumor","1/19","9/21671",0.111111111111111,126.730994152047,11.1756186927698,0.00786456001843705,0.0280238786371255,0.0110872556650898,"CDH1",1
"C0398621","Hypoplasminogenemia","1/19","9/21671",0.111111111111111,126.730994152047,11.1756186927698,0.00786456001843705,0.0280238786371255,0.0110872556650898,"MTHFR",1
"C0426801","Broad clavicle","1/19","9/21671",0.111111111111111,126.730994152047,11.1756186927698,0.00786456001843705,0.0280238786371255,0.0110872556650898,"ATP7A",1
"C0751436","Hyperphenylalaninemia, Non-Phenylketonuric","1/19","9/21671",0.111111111111111,126.730994152047,11.1756186927698,0.00786456001843705,0.0280238786371255,0.0110872556650898,"DHFR",1
"C0751564","Pill Rolling Tremor","1/19","9/21671",0.111111111111111,126.730994152047,11.1756186927698,0.00786456001843705,0.0280238786371255,0.0110872556650898,"ATP7A",1
"C0751565","Tremor, Semirhythmic","1/19","9/21671",0.111111111111111,126.730994152047,11.1756186927698,0.00786456001843705,0.0280238786371255,0.0110872556650898,"ATP7A",1
"C1274323","Recurrent genital herpes simplex","1/19","9/21671",0.111111111111111,126.730994152047,11.1756186927698,0.00786456001843705,0.0280238786371255,0.0110872556650898,"RRM2",1
"C1303001","Congenital euryblepharon","1/19","9/21671",0.111111111111111,126.730994152047,11.1756186927698,0.00786456001843705,0.0280238786371255,0.0110872556650898,"CDH1",1
"C4023573","Abnormal number of permanent teeth","1/19","9/21671",0.111111111111111,126.730994152047,11.1756186927698,0.00786456001843705,0.0280238786371255,0.0110872556650898,"CDH1",1
"C4551825","Megaloblastic Anemia 1","1/19","9/21671",0.111111111111111,126.730994152047,11.1756186927698,0.00786456001843705,0.0280238786371255,0.0110872556650898,"MTR",1
"C4552318","Gastrointestinal adenocarcinoma","1/19","9/21671",0.111111111111111,126.730994152047,11.1756186927698,0.00786456001843705,0.0280238786371255,0.0110872556650898,"MTHFR",1
"C0008312","Primary biliary cirrhosis","3/19","478/21671",0.00627615062761506,7.15844527637084,4.03316567906852,0.00794440041225727,0.0282167619820465,0.0111635672630084,"ABCC2/CTLA4/ABCC3",3
"C1292769","Precursor B-cell lymphoblastic leukemia","3/19","478/21671",0.00627615062761506,7.15844527637084,4.03316567906852,0.00794440041225727,0.0282167619820465,0.0111635672630084,"DHFR/SLC19A1/MTHFR",3
"C0947622","Cholecystolithiasis","2/19","156/21671",0.0128205128205128,14.6228070175439,5.05842686457782,0.00812474272456431,0.0288106789667507,0.0113985422119982,"ABCC2/ABCC3",2
"C4722419","Extrapulmonary Small Cell Carcinoma","2/19","157/21671",0.0127388535031847,14.5296681193429,5.04003595359216,0.00822529506951686,0.0289240303714598,0.0114433881100369,"MTHFR/CDH1",2
"C1445957","Serum total cholesterol measurement","3/19","486/21671",0.00617283950617284,7.04061078622482,3.98971617262506,0.00831397235236947,0.0289240303714598,0.0114433881100369,"SLC19A1/TYMS/ABCC3",3
"C0023480","Leukemia, Myelomonocytic, Chronic","2/19","158/21671",0.0126582278481013,14.437708194537,5.02181266635933,0.00832641201669046,0.0289240303714598,0.0114433881100369,"ERCC1/CTLA4",2
"C0024535","Malaria, Falciparum","2/19","158/21671",0.0126582278481013,14.437708194537,5.02181266635933,0.00832641201669046,0.0289240303714598,0.0114433881100369,"ABCC2/DHFR",2
"C0238339","Hereditary pancreatitis","2/19","158/21671",0.0126582278481013,14.437708194537,5.02181266635933,0.00832641201669046,0.0289240303714598,0.0114433881100369,"ERCC1/CDH1",2
"C0151908","Dry skin","2/19","159/21671",0.0125786163522013,14.3469049983449,5.00375438498536,0.00842809260728522,0.0289240303714598,0.0114433881100369,"ATP7A/CTLA4",2
"C0020443","Hypercholesterolemia","3/19","489/21671",0.00613496932515337,6.99741685502099,3.97367579109245,0.0084551605256735,0.0289240303714598,0.0114433881100369,"ABCC2/MTHFR/ABCC3",3
"C0220615","Adult Acute Myeloblastic Leukemia","2/19","160/21671",0.0125,14.2572368421053,4.98585854872425,0.00853033588359574,0.0289240303714598,0.0114433881100369,"MTHFR/ABCC3",2
"C3714514","Infection","3/19","491/21671",0.00610997963340122,6.96891413870726,3.9630572560493,0.00855007630545631,0.0289240303714598,0.0114433881100369,"CTLA4/MTHFR/CDH1",3
"C0000846","Agenesis","2/19","161/21671",0.0124223602484472,14.1686825760052,4.96812265238137,0.00863314088900995,0.0289240303714598,0.0114433881100369,"AXIN2/CDH1",2
"C0027497","Nausea","2/19","161/21671",0.0124223602484472,14.1686825760052,4.96812265238137,0.00863314088900995,0.0289240303714598,0.0114433881100369,"ABCC2/MTHFR",2
"C0398623","Thrombophilia","2/19","161/21671",0.0124223602484472,14.1686825760052,4.96812265238137,0.00863314088900995,0.0289240303714598,0.0114433881100369,"MTRR/MTHFR",2
"C0015503","Factor VII Deficiency","1/19","10/21671",0.1,114.057894736842,10.5929979906739,0.00873477391187449,0.0289240303714598,0.0114433881100369,"ATP7B",1
"C0042166","Uveitis, Intermediate","1/19","10/21671",0.1,114.057894736842,10.5929979906739,0.00873477391187449,0.0289240303714598,0.0114433881100369,"CTLA4",1
"C0152014","Atrophy of pancreas","1/19","10/21671",0.1,114.057894736842,10.5929979906739,0.00873477391187449,0.0289240303714598,0.0114433881100369,"CTLA4",1
"C0234544","Todd Paralysis","1/19","10/21671",0.1,114.057894736842,10.5929979906739,0.00873477391187449,0.0289240303714598,0.0114433881100369,"ATP7A",1
"C0276434","Acute type A viral hepatitis","1/19","10/21671",0.1,114.057894736842,10.5929979906739,0.00873477391187449,0.0289240303714598,0.0114433881100369,"CTLA4",1
"C0279582","Childhood Burkitt Leukemia","1/19","10/21671",0.1,114.057894736842,10.5929979906739,0.00873477391187449,0.0289240303714598,0.0114433881100369,"CES2",1
"C0279591","Adult Burkitt Leukemia","1/19","10/21671",0.1,114.057894736842,10.5929979906739,0.00873477391187449,0.0289240303714598,0.0114433881100369,"CES2",1
"C0279705","Thymoma, type B3","1/19","10/21671",0.1,114.057894736842,10.5929979906739,0.00873477391187449,0.0289240303714598,0.0114433881100369,"TYMS",1
"C0332790","Osseous ankylosis","1/19","10/21671",0.1,114.057894736842,10.5929979906739,0.00873477391187449,0.0289240303714598,0.0114433881100369,"ATP7A",1
"C0340968","Deficiency of pyruvate kinase","1/19","10/21671",0.1,114.057894736842,10.5929979906739,0.00873477391187449,0.0289240303714598,0.0114433881100369,"MTHFR",1
"C0423848","Distichiasis","1/19","10/21671",0.1,114.057894736842,10.5929979906739,0.00873477391187449,0.0289240303714598,0.0114433881100369,"CDH1",1
"C0521618","Stenosis of ureter","1/19","10/21671",0.1,114.057894736842,10.5929979906739,0.00873477391187449,0.0289240303714598,0.0114433881100369,"CTLA4",1
"C0522153","Urine Discoloration","1/19","10/21671",0.1,114.057894736842,10.5929979906739,0.00873477391187449,0.0289240303714598,0.0114433881100369,"ABCC2",1
"C0581384","Chronic anemia","1/19","10/21671",0.1,114.057894736842,10.5929979906739,0.00873477391187449,0.0289240303714598,0.0114433881100369,"ATP7A",1
"C0585474","Ewing's sarcoma of bone","1/19","10/21671",0.1,114.057894736842,10.5929979906739,0.00873477391187449,0.0289240303714598,0.0114433881100369,"ABCC3",1
"C0948209","Intestinal adenocarcinoma","1/19","10/21671",0.1,114.057894736842,10.5929979906739,0.00873477391187449,0.0289240303714598,0.0114433881100369,"CDH1",1
"C1282975","von Willebrand Disease, Type 2N","1/19","10/21671",0.1,114.057894736842,10.5929979906739,0.00873477391187449,0.0289240303714598,0.0114433881100369,"ATP7B",1
"C1291316","Deficiency of reductase","1/19","10/21671",0.1,114.057894736842,10.5929979906739,0.00873477391187449,0.0289240303714598,0.0114433881100369,"MTRR",1
"C1406835","Flexion contracture of toe","1/19","10/21671",0.1,114.057894736842,10.5929979906739,0.00873477391187449,0.0289240303714598,0.0114433881100369,"ERCC1",1
"C1527384","Involuntary Quiver","1/19","10/21671",0.1,114.057894736842,10.5929979906739,0.00873477391187449,0.0289240303714598,0.0114433881100369,"ATP7A",1
"C1845052","AMELOGENESIS IMPERFECTA, HYPOPLASTIC/HYPOMATURATION, X-LINKED 1","1/19","10/21671",0.1,114.057894736842,10.5929979906739,0.00873477391187449,0.0289240303714598,0.0114433881100369,"CTLA4",1
"C1859363","Abnormality of dental eruption","1/19","10/21671",0.1,114.057894736842,10.5929979906739,0.00873477391187449,0.0289240303714598,0.0114433881100369,"CDH1",1
"C1959584","Cardiac Carcinoma","1/19","10/21671",0.1,114.057894736842,10.5929979906739,0.00873477391187449,0.0289240303714598,0.0114433881100369,"MTR",1
"C2032780","Palate fistula","1/19","10/21671",0.1,114.057894736842,10.5929979906739,0.00873477391187449,0.0289240303714598,0.0114433881100369,"CDH1",1
"C2987191","Pancreatic Intraductal Papillary Mucinous Neoplasm, Gastric-Type","1/19","10/21671",0.1,114.057894736842,10.5929979906739,0.00873477391187449,0.0289240303714598,0.0114433881100369,"CDH1",1
"C3489529","Tooth Agenesis, Familial","1/19","10/21671",0.1,114.057894736842,10.5929979906739,0.00873477391187449,0.0289240303714598,0.0114433881100369,"AXIN2",1
"C4021744","Abnormality of the wrist","1/19","10/21671",0.1,114.057894736842,10.5929979906739,0.00873477391187449,0.0289240303714598,0.0114433881100369,"ATP7A",1
"C4021803","Abnormal eyelid morphology","1/19","10/21671",0.1,114.057894736842,10.5929979906739,0.00873477391187449,0.0289240303714598,0.0114433881100369,"CTLA4",1
"C4021881","Agenesis of lateral incisor","1/19","10/21671",0.1,114.057894736842,10.5929979906739,0.00873477391187449,0.0289240303714598,0.0114433881100369,"CDH1",1
"C4025726","Abnormality of the pleura","1/19","10/21671",0.1,114.057894736842,10.5929979906739,0.00873477391187449,0.0289240303714598,0.0114433881100369,"CTLA4",1
"C4727985","Ewing-like sarcoma","1/19","10/21671",0.1,114.057894736842,10.5929979906739,0.00873477391187449,0.0289240303714598,0.0114433881100369,"CES2",1
"C0018923","Hemangiosarcoma","2/19","162/21671",0.0123456790123457,14.0812215724496,4.95054424477118,0.00873650666800814,0.0289240303714598,0.0114433881100369,"CTLA4/TYMS",2
"C0280099","Adult Solid Neoplasm","2/19","163/21671",0.0122699386503067,13.994833710042,4.93312092722694,0.00884043226616194,0.0292240193135926,0.0115620745396062,"MTHFR/TYMS",2
"C0027746","Nerve Degeneration","2/19","165/21671",0.0121212121212121,13.8251993620415,4.89873022166946,0.00904995910767339,0.0298716695358543,0.0118183082925691,"CDH2/CDH1",2
"C0004943","Behcet Syndrome","3/19","502/21671",0.00597609561752988,6.81620884881527,3.90570040584273,0.00908346355373568,0.0299372409916664,0.0118442507220356,"CTLA4/MTHFR/TYMS",3
"C0280324","Laryngeal Squamous Cell Carcinoma","3/19","504/21671",0.00595238095238095,6.78916040100251,3.89545725368415,0.00918251490349061,0.03017308415144,0.0119375587699019,"ERCC1/CTLA4/CDH1",3
"C1332201","Adult Diffuse Large B-Cell Lymphoma","3/19","504/21671",0.00595238095238095,6.78916040100251,3.89545725368415,0.00918251490349061,0.03017308415144,0.0119375587699019,"MTR/MTHFR/CES2",3
"C0750952","Biliary Tract Cancer","2/19","167/21671",0.0119760479041916,13.6596281121967,4.86493234320528,0.00926171379990493,0.0303878352627673,0.0120225220437756,"ERCC1/CTLA4",2
"C0151779","Cutaneous Melanoma","3/19","507/21671",0.00591715976331361,6.74898785425101,3.88019669384764,0.00933229212208518,0.0304204342698721,0.0120354193850351,"CTLA4/CDH1/TYMS",3
"C0023518","Leukocytosis","2/19","168/21671",0.0119047619047619,13.578320802005,4.84825023596394,0.00936842421553594,0.0304204342698721,0.0120354193850351,"ATP7B/ABCC3",2
"C0279068","Childhood Solid Neoplasm","2/19","169/21671",0.0118343195266272,13.497975708502,4.83170985228479,0.00947568874661285,0.0304204342698721,0.0120354193850351,"MTHFR/TYMS",2
"C0013274","Patent ductus arteriosus","3/19","510/21671",0.00588235294117647,6.70928792569659,3.8650595259063,0.00948351244344333,0.0304204342698721,0.0120354193850351,"CTLA4/UMPS/MTHFR",3
"C2938924","Oestrogen receptor positive breast cancer","3/19","510/21671",0.00588235294117647,6.70928792569659,3.8650595259063,0.00948351244344333,0.0304204342698721,0.0120354193850351,"TK1/SLC19A1/CDH1",3
"C0007193","Cardiomyopathy, Dilated","3/19","512/21671",0.005859375,6.68307976973684,3.85503575231033,0.00958512928962502,0.0304204342698721,0.0120354193850351,"CDH2/CTLA4/AXIN2",3
"C0007775","Cerebral Atherosclerosis","1/19","11/21671",0.0909090909090909,103.688995215311,10.0913267322077,0.00960426466925801,0.0304204342698721,0.0120354193850351,"MTHFR",1
"C0015702","Favism","1/19","11/21671",0.0909090909090909,103.688995215311,10.0913267322077,0.00960426466925801,0.0304204342698721,0.0120354193850351,"MTHFR",1
"C0242129","Thrombotic stroke","1/19","11/21671",0.0909090909090909,103.688995215311,10.0913267322077,0.00960426466925801,0.0304204342698721,0.0120354193850351,"MTHFR",1
"C0268263","Multiple Sulfatase Deficiency Disease","1/19","11/21671",0.0909090909090909,103.688995215311,10.0913267322077,0.00960426466925801,0.0304204342698721,0.0120354193850351,"MTR",1
"C0302361","Disease caused by Shigella sonnei","1/19","11/21671",0.0909090909090909,103.688995215311,10.0913267322077,0.00960426466925801,0.0304204342698721,0.0120354193850351,"DHFR",1
"C0342853","Sialuria","1/19","11/21671",0.0909090909090909,103.688995215311,10.0913267322077,0.00960426466925801,0.0304204342698721,0.0120354193850351,"ATP7A",1
"C0549410","Palmar-plantar erythrodysesthesia syndrome","1/19","11/21671",0.0909090909090909,103.688995215311,10.0913267322077,0.00960426466925801,0.0304204342698721,0.0120354193850351,"MTHFR",1
"C0936215","Vitamin B 6 Deficiency","1/19","11/21671",0.0909090909090909,103.688995215311,10.0913267322077,0.00960426466925801,0.0304204342698721,0.0120354193850351,"MTHFR",1
"C1272352","Deficiency of vitamin D3","1/19","11/21671",0.0909090909090909,103.688995215311,10.0913267322077,0.00960426466925801,0.0304204342698721,0.0120354193850351,"CTLA4",1
"C1706827","Apocrine Carcinoma","1/19","11/21671",0.0909090909090909,103.688995215311,10.0913267322077,0.00960426466925801,0.0304204342698721,0.0120354193850351,"CDH1",1
"C1844666","Immune dysregulation","1/19","11/21671",0.0909090909090909,103.688995215311,10.0913267322077,0.00960426466925801,0.0304204342698721,0.0120354193850351,"CTLA4",1
"C1844690","Limited knee extension","1/19","11/21671",0.0909090909090909,103.688995215311,10.0913267322077,0.00960426466925801,0.0304204342698721,0.0120354193850351,"ATP7A",1
"C3272265","Three Vessel Coronary Disease","1/19","11/21671",0.0909090909090909,103.688995215311,10.0913267322077,0.00960426466925801,0.0304204342698721,0.0120354193850351,"MTHFR",1
"C3553084","Bilateral cleft palate","1/19","11/21671",0.0909090909090909,103.688995215311,10.0913267322077,0.00960426466925801,0.0304204342698721,0.0120354193850351,"CDH1",1
"C3805092","Methylenetetrahydrofolate reductase gene mutation","1/19","11/21671",0.0909090909090909,103.688995215311,10.0913267322077,0.00960426466925801,0.0304204342698721,0.0120354193850351,"MTHFR",1
"C3891448","NEURAL TUBE DEFECTS, SUSCEPTIBILITY TO","1/19","11/21671",0.0909090909090909,103.688995215311,10.0913267322077,0.00960426466925801,0.0304204342698721,0.0120354193850351,"MTHFR",1
"C4025060","Peg-shaped maxillary lateral incisors","1/19","11/21671",0.0909090909090909,103.688995215311,10.0913267322077,0.00960426466925801,0.0304204342698721,0.0120354193850351,"CDH1",1
"C4025888","Abnormality of the menstrual cycle","1/19","11/21671",0.0909090909090909,103.688995215311,10.0913267322077,0.00960426466925801,0.0304204342698721,0.0120354193850351,"ATP7B",1
"C0553580","Ewings sarcoma","3/19","517/21671",0.00580270793036751,6.61844650310496,3.83020940624949,0.0098419897292926,0.0311284833657021,0.012315549107639,"CDH2/CTLA4/ABCC3",3
"C4048158","Convulsions","2/19","174/21671",0.0114942528735632,13.1101028433152,4.75106283477713,0.0100202900329525,0.0316468152839292,0.0125206198821444,"ABCC2/ATP7A",2
"C0040517","Gilles de la Tourette syndrome","2/19","177/21671",0.0112994350282486,12.8878977103776,4.70424917453962,0.0103536397603514,0.0320617951515023,0.0126848008632008,"CDH2/TYMS",2
"C0040822","Tremor","3/19","528/21671",0.00568181818181818,6.48056220095694,3.77673066385343,0.0104213145931151,0.0320617951515023,0.0126848008632008,"ATP7B/ATP7A/CTLA4",3
"C0012243","Digestive System Neoplasms","1/19","12/21671",0.0833333333333333,95.0482456140351,9.65337923533809,0.0104730328581445,0.0320617951515023,0.0126848008632008,"TYMS",1
"C0017416","Genital Neoplasms, Female","1/19","12/21671",0.0833333333333333,95.0482456140351,9.65337923533809,0.0104730328581445,0.0320617951515023,0.0126848008632008,"ABCC3",1
"C0023653","Lichenification","1/19","12/21671",0.0833333333333333,95.0482456140351,9.65337923533809,0.0104730328581445,0.0320617951515023,0.0126848008632008,"CTLA4",1
"C0023654","Lichenification and lichen simplex chronicus","1/19","12/21671",0.0833333333333333,95.0482456140351,9.65337923533809,0.0104730328581445,0.0320617951515023,0.0126848008632008,"CTLA4",1
"C0027562","Negativism","1/19","12/21671",0.0833333333333333,95.0482456140351,9.65337923533809,0.0104730328581445,0.0320617951515023,0.0126848008632008,"MTHFR",1
"C0027854","Neurologic Manifestations","1/19","12/21671",0.0833333333333333,95.0482456140351,9.65337923533809,0.0104730328581445,0.0320617951515023,0.0126848008632008,"ATP7A",1
"C0036416","Scleritis","1/19","12/21671",0.0833333333333333,95.0482456140351,9.65337923533809,0.0104730328581445,0.0320617951515023,0.0126848008632008,"CTLA4",1
"C0038219","Status Dysraphicus","1/19","12/21671",0.0833333333333333,95.0482456140351,9.65337923533809,0.0104730328581445,0.0320617951515023,0.0126848008632008,"MTHFR",1
"C0040560","Toxoplasmosis, Congenital","1/19","12/21671",0.0833333333333333,95.0482456140351,9.65337923533809,0.0104730328581445,0.0320617951515023,0.0126848008632008,"DHFR",1
"C0278983","Non-small cell lung cancer stage IIIA","1/19","12/21671",0.0833333333333333,95.0482456140351,9.65337923533809,0.0104730328581445,0.0320617951515023,0.0126848008632008,"ERCC1",1
"C0334245","Intraepithelial Squamous Cell Carcinoma","1/19","12/21671",0.0833333333333333,95.0482456140351,9.65337923533809,0.0104730328581445,0.0320617951515023,0.0126848008632008,"CDH1",1
"C0400979","Obstruction of biliary tree","1/19","12/21671",0.0833333333333333,95.0482456140351,9.65337923533809,0.0104730328581445,0.0320617951515023,0.0126848008632008,"ABCC2",1
"C0751007","Intracranial Atherosclerosis","1/19","12/21671",0.0833333333333333,95.0482456140351,9.65337923533809,0.0104730328581445,0.0320617951515023,0.0126848008632008,"MTHFR",1
"C1333419","Liver and Intrahepatic Bile Duct Epithelial Neoplasm","1/19","12/21671",0.0833333333333333,95.0482456140351,9.65337923533809,0.0104730328581445,0.0320617951515023,0.0126848008632008,"MTHFR",1
"C1333976","Liver and Intrahepatic Bile Duct Neoplasm","1/19","12/21671",0.0833333333333333,95.0482456140351,9.65337923533809,0.0104730328581445,0.0320617951515023,0.0126848008632008,"MTHFR",1
"C3887590","Stricture of ureter","1/19","12/21671",0.0833333333333333,95.0482456140351,9.65337923533809,0.0104730328581445,0.0320617951515023,0.0126848008632008,"CTLA4",1
"C3888552","Autoimmune colitis","1/19","12/21671",0.0833333333333333,95.0482456140351,9.65337923533809,0.0104730328581445,0.0320617951515023,0.0126848008632008,"CTLA4",1
"C4022143","Unilateral cleft palate","1/19","12/21671",0.0833333333333333,95.0482456140351,9.65337923533809,0.0104730328581445,0.0320617951515023,0.0126848008632008,"CDH1",1
"C4025362","Abnormality of the gastric mucosa","1/19","12/21671",0.0833333333333333,95.0482456140351,9.65337923533809,0.0104730328581445,0.0320617951515023,0.0126848008632008,"ABCC2",1
"C4025887","Abnormal oral cavity morphology","1/19","12/21671",0.0833333333333333,95.0482456140351,9.65337923533809,0.0104730328581445,0.0320617951515023,0.0126848008632008,"CTLA4",1
"C2717836","Steroid Sulfatase Deficiency Disease","2/19","181/21671",0.0110497237569061,12.6030822913638,4.64356681608006,0.010805740564835,0.0330342625902685,0.0130695440052615,"ERCC1/TYMS",2
"C0018799","Heart Diseases","3/19","537/21671",0.00558659217877095,6.37194942663922,3.73409578164893,0.0109099449793947,0.033235872503676,0.0131493081479596,"ABCC2/CTLA4/MTHFR",3
"C0021841","Intestinal Neoplasms","2/19","182/21671",0.010989010989011,12.5338345864662,4.62869491471672,0.0109201228295364,0.033235872503676,0.0131493081479596,"AXIN2/CDH1",2
"C0206695","Carcinoma, Neuroendocrine","2/19","182/21671",0.010989010989011,12.5338345864662,4.62869491471672,0.0109201228295364,0.033235872503676,0.0131493081479596,"CTLA4/TYMS",2
"C0002793","Anaplasia","3/19","538/21671",0.00557620817843866,6.36010565447075,3.72941882354277,0.0109650541244513,0.033235872503676,0.0131493081479596,"CTLA4/AXIN2/CDH1",3
"C0033036","Atrial Premature Complexes","2/19","183/21671",0.0109289617486339,12.4653436870866,4.61393924835271,0.0110350460524306,0.033235872503676,0.0131493081479596,"AXIN2/CDH1",2
"C0205647","Follicular adenoma","2/19","183/21671",0.0109289617486339,12.4653436870866,4.61393924835271,0.0110350460524306,0.033235872503676,0.0131493081479596,"MTRR/SLC19A1",2
"C0346153","Breast Cancer, Familial","2/19","183/21671",0.0109289617486339,12.4653436870866,4.61393924835271,0.0110350460524306,0.033235872503676,0.0131493081479596,"MTHFR/CDH1",2
"C0206663","Neuroectodermal Tumor, Primitive","2/19","184/21671",0.0108695652173913,12.3975972540046,4.59929825064084,0.0111505093017711,0.033235872503676,0.0131493081479596,"CDH2/ABCC3",2
"C0026277","Mixed Salivary Gland Tumor","2/19","185/21671",0.0108108108108108,12.3305832147937,4.58477038478302,0.0112665116468808,0.033235872503676,0.0131493081479596,"AXIN2/CDH1",2
"C0029810","Other specified iron deficiency anemias","1/19","13/21671",0.0769230769230769,87.7368421052632,9.26666268942428,0.0113410790456735,0.033235872503676,0.0131493081479596,"ATP7A",1
"C0032962","Pregnancy Complications","1/19","13/21671",0.0769230769230769,87.7368421052632,9.26666268942428,0.0113410790456735,0.033235872503676,0.0131493081479596,"MTHFR",1
"C0202252","VITAMIN B12 MEASUREMENT","1/19","13/21671",0.0769230769230769,87.7368421052632,9.26666268942428,0.0113410790456735,0.033235872503676,0.0131493081479596,"MTHFR",1
"C0221277","Atypical lymphocyte","1/19","13/21671",0.0769230769230769,87.7368421052632,9.26666268942428,0.0113410790456735,0.033235872503676,0.0131493081479596,"CTLA4",1
"C0271815","Postpartum Thyroiditis","1/19","13/21671",0.0769230769230769,87.7368421052632,9.26666268942428,0.0113410790456735,0.033235872503676,0.0131493081479596,"CTLA4",1
"C0277942","Butterfly rash","1/19","13/21671",0.0769230769230769,87.7368421052632,9.26666268942428,0.0113410790456735,0.033235872503676,0.0131493081479596,"CTLA4",1
"C0278952","Nasopharyngeal cancer recurrent","1/19","13/21671",0.0769230769230769,87.7368421052632,9.26666268942428,0.0113410790456735,0.033235872503676,0.0131493081479596,"ERCC1",1
"C0586354","Esophageal dysplasia","1/19","13/21671",0.0769230769230769,87.7368421052632,9.26666268942428,0.0113410790456735,0.033235872503676,0.0131493081479596,"MTHFR",1
"C0677660","Emotional problems","1/19","13/21671",0.0769230769230769,87.7368421052632,9.26666268942428,0.0113410790456735,0.033235872503676,0.0131493081479596,"MTHFR",1
"C0700502","Acquired hypothyroidism","1/19","13/21671",0.0769230769230769,87.7368421052632,9.26666268942428,0.0113410790456735,0.033235872503676,0.0131493081479596,"CTLA4",1
"C0741160","Aortic Aneurysm, Ruptured","1/19","13/21671",0.0769230769230769,87.7368421052632,9.26666268942428,0.0113410790456735,0.033235872503676,0.0131493081479596,"ATP7A",1
"C0751378","Neurologic Signs","1/19","13/21671",0.0769230769230769,87.7368421052632,9.26666268942428,0.0113410790456735,0.033235872503676,0.0131493081479596,"ATP7A",1
"C0751529","Stuttering, Developmental","1/19","13/21671",0.0769230769230769,87.7368421052632,9.26666268942428,0.0113410790456735,0.033235872503676,0.0131493081479596,"TYMS",1
"C0810032","Pancreatic disorders (not diabetes)","1/19","13/21671",0.0769230769230769,87.7368421052632,9.26666268942428,0.0113410790456735,0.033235872503676,0.0131493081479596,"MTHFR",1
"C1266166","Intracortical osteosarcoma","1/19","13/21671",0.0769230769230769,87.7368421052632,9.26666268942428,0.0113410790456735,0.033235872503676,0.0131493081479596,"SLC19A1",1
"C1567742","Alport Syndrome, X-Linked","1/19","13/21671",0.0769230769230769,87.7368421052632,9.26666268942428,0.0113410790456735,0.033235872503676,0.0131493081479596,"MTHFR",1
"C1857586","CONOTRUNCAL HEART MALFORMATIONS (disorder)","1/19","13/21671",0.0769230769230769,87.7368421052632,9.26666268942428,0.0113410790456735,0.033235872503676,0.0131493081479596,"TYMS",1
"C1859972","ADRENOCORTICAL CARCINOMA, HEREDITARY","1/19","13/21671",0.0769230769230769,87.7368421052632,9.26666268942428,0.0113410790456735,0.033235872503676,0.0131493081479596,"AXIN2",1
"C1866986","Social and occupational deterioration","1/19","13/21671",0.0769230769230769,87.7368421052632,9.26666268942428,0.0113410790456735,0.033235872503676,0.0131493081479596,"MTHFR",1
"C1868071","Adenomatous colonic polyposis","1/19","13/21671",0.0769230769230769,87.7368421052632,9.26666268942428,0.0113410790456735,0.033235872503676,0.0131493081479596,"AXIN2",1
"C4023113","Small vessel vasculitis","1/19","13/21671",0.0769230769230769,87.7368421052632,9.26666268942428,0.0113410790456735,0.033235872503676,0.0131493081479596,"CTLA4",1
"C4725092","Advanced Uveal Melanoma","1/19","13/21671",0.0769230769230769,87.7368421052632,9.26666268942428,0.0113410790456735,0.033235872503676,0.0131493081479596,"CTLA4",1
"C0205699","Carcinomatosis","2/19","186/21671",0.010752688172043,12.2642897566497,4.57035414281606,0.0113830521581501,0.0332700392638343,0.0131628257487895,"ATP7B/CDH1",2
"C0852036","Pregnancy associated hypertension","2/19","186/21671",0.010752688172043,12.2642897566497,4.57035414281606,0.0113830521581501,0.0332700392638343,0.0131628257487895,"MTR/MTHFR",2
"C0009782","Connective Tissue Diseases","2/19","188/21671",0.0106382978723404,12.1338185890258,4.54185063873782,0.0116177439660639,0.0337760900735234,0.0133630376744548,"ABCC2/ATP7A",2
"C0042345","Varicosity","2/19","188/21671",0.0106382978723404,12.1338185890258,4.54185063873782,0.0116177439660639,0.0337760900735234,0.0133630376744548,"MTR/MTHFR",2
"C0158252","Intervertebral disc disorder","2/19","188/21671",0.0106382978723404,12.1338185890258,4.54185063873782,0.0116177439660639,0.0337760900735234,0.0133630376744548,"ERCC1/CTLA4",2
"C0221505","Lesion of brain","2/19","188/21671",0.0106382978723404,12.1338185890258,4.54185063873782,0.0116177439660639,0.0337760900735234,0.0133630376744548,"CTLA4/MTHFR",2
"C0270612","Leukoencephalopathy","2/19","189/21671",0.0105820105820106,12.0696184906711,4.52776049873686,0.01173589340882,0.0340744524237564,0.0134810805656871,"MTR/MTHFR",2
"C4721555","Autoimmune hepatitis","2/19","190/21671",0.0105263157894737,12.0060941828255,4.51377622555965,0.0118545773099573,0.034328228489916,0.0135814835171709,"ABCC2/CTLA4",2
"C4722099","High grade glioma","2/19","190/21671",0.0105263157894737,12.0060941828255,4.51377622555965,0.0118545773099573,0.034328228489916,0.0135814835171709,"ERCC1/MTHFR",2
"C4721806","Carcinoma, Basal Cell","3/19","557/21671",0.00538599640933573,6.14315411509024,3.6427479637088,0.0120433529629005,0.0345184461468572,0.0136567404729204,"ERCC1/CTLA4/MTHFR",3
"C0010273","Craniofacial Dysostosis","1/19","14/21671",0.0714285714285714,81.4699248120301,8.92186632611265,0.0122084037985652,0.0345184461468572,0.0136567404729204,"TK1",1
"C0085860","Autoimmune Syndrome Type II, Polyglandular","1/19","14/21671",0.0714285714285714,81.4699248120301,8.92186632611265,0.0122084037985652,0.0345184461468572,0.0136567404729204,"CTLA4",1
"C0153453","Malignant tumor of extrahepatic bile duct","1/19","14/21671",0.0714285714285714,81.4699248120301,8.92186632611265,0.0122084037985652,0.0345184461468572,0.0136567404729204,"ERCC1",1
"C0221281","Poikilocytosis","1/19","14/21671",0.0714285714285714,81.4699248120301,8.92186632611265,0.0122084037985652,0.0345184461468572,0.0136567404729204,"UMPS",1
"C0266006","Pili torti-deafness syndrome","1/19","14/21671",0.0714285714285714,81.4699248120301,8.92186632611265,0.0122084037985652,0.0345184461468572,0.0136567404729204,"TYMS",1
"C0334381","Non-infiltrating lobular carcinoma","1/19","14/21671",0.0714285714285714,81.4699248120301,8.92186632611265,0.0122084037985652,0.0345184461468572,0.0136567404729204,"CDH1",1
"C0521173","Granulomatosis","1/19","14/21671",0.0714285714285714,81.4699248120301,8.92186632611265,0.0122084037985652,0.0345184461468572,0.0136567404729204,"CTLA4",1
"C0549613","Biliary tract abnormality","1/19","14/21671",0.0714285714285714,81.4699248120301,8.92186632611265,0.0122084037985652,0.0345184461468572,0.0136567404729204,"ABCC2",1
"C0795687","Cerebral arterial thrombosis","1/19","14/21671",0.0714285714285714,81.4699248120301,8.92186632611265,0.0122084037985652,0.0345184461468572,0.0136567404729204,"MTHFR",1
"C0796085","Nance-Horan syndrome","1/19","14/21671",0.0714285714285714,81.4699248120301,8.92186632611265,0.0122084037985652,0.0345184461468572,0.0136567404729204,"SLC19A1",1
"C1855514","Severe failure to thrive","1/19","14/21671",0.0714285714285714,81.4699248120301,8.92186632611265,0.0122084037985652,0.0345184461468572,0.0136567404729204,"ATP7A",1
"C1857395","De Toni-Debre-Fanconi Syndrome","1/19","14/21671",0.0714285714285714,81.4699248120301,8.92186632611265,0.0122084037985652,0.0345184461468572,0.0136567404729204,"ABCC2",1
"C2047886","(Idiopathic) normal pressure hydrocephalus","1/19","14/21671",0.0714285714285714,81.4699248120301,8.92186632611265,0.0122084037985652,0.0345184461468572,0.0136567404729204,"TYMS",1
"C2314994","Infarction of spinal cord","1/19","14/21671",0.0714285714285714,81.4699248120301,8.92186632611265,0.0122084037985652,0.0345184461468572,0.0136567404729204,"MTHFR",1
"C4021655","Abnormality of the sense of smell","1/19","14/21671",0.0714285714285714,81.4699248120301,8.92186632611265,0.0122084037985652,0.0345184461468572,0.0136567404729204,"ATP7A",1
"C4329988","Feline Mammary Carcinoma","1/19","14/21671",0.0714285714285714,81.4699248120301,8.92186632611265,0.0122084037985652,0.0345184461468572,0.0136567404729204,"CDH1",1
"C0027626","Neoplasm Invasiveness","2/19","193/21671",0.0103626943005181,11.8194709571857,4.47244499331076,0.0122138265261167,0.0345184461468572,0.0136567404729204,"CDH2/CDH1",2
"C0033975","Psychotic Disorders","3/19","560/21671",0.00535714285714286,6.11024436090226,3.62943084018869,0.0122190581576802,0.0345184461468572,0.0136567404729204,"CTLA4/MTHFR/TYMS",3
"C0740394","Hyperuricemia","2/19","196/21671",0.0102040816326531,11.6385606874329,4.43201857304273,0.0125778526571124,0.0354863580750151,0.0140396812909183,"MTHFR/TYMS",2
"C0017665","Membranous glomerulonephritis","2/19","197/21671",0.0101522842639594,11.5794816991718,4.41873825980883,0.0127002519463388,0.0356074961097407,0.0140876078602259,"CTLA4/MTHFR",2
"C0026826","Muscle Hypertonia","2/19","197/21671",0.0101522842639594,11.5794816991718,4.41873825980883,0.0127002519463388,0.0356074961097407,0.0140876078602259,"ATP7A/ERCC1",2
"C0023281","Leishmaniasis","2/19","198/21671",0.0101010101010101,11.5209994683679,4.40555349069256,0.0128231783293448,0.0356074961097407,0.0140876078602259,"DHFR/CTLA4",2
"C0034152","Henoch-Schoenlein Purpura","2/19","198/21671",0.0101010101010101,11.5209994683679,4.40555349069256,0.0128231783293448,0.0356074961097407,0.0140876078602259,"CTLA4/MTHFR",2
"C0278660","Adult Synovial Sarcoma","2/19","198/21671",0.0101010101010101,11.5209994683679,4.40555349069256,0.0128231783293448,0.0356074961097407,0.0140876078602259,"AXIN2/CDH1",2
"C0279982","Childhood Synovial Sarcoma","2/19","198/21671",0.0101010101010101,11.5209994683679,4.40555349069256,0.0128231783293448,0.0356074961097407,0.0140876078602259,"AXIN2/CDH1",2
"C0079588","Ichthyosis, X-Linked","2/19","199/21671",0.0100502512562814,11.4631049986776,4.39246307623923,0.0129466308903128,0.0356074961097407,0.0140876078602259,"ERCC1/TYMS",2
"C0009595","Obsessive-Compulsive Personality","1/19","15/21671",0.0666666666666667,76.0385964912281,8.61188967530154,0.0130750076831212,0.0356074961097407,0.0140876078602259,"TYMS",1
"C0021308","Infarction","1/19","15/21671",0.0666666666666667,76.0385964912281,8.61188967530154,0.0130750076831212,0.0356074961097407,0.0140876078602259,"MTHFR",1
"C0079102","Cerebral Thrombosis","1/19","15/21671",0.0666666666666667,76.0385964912281,8.61188967530154,0.0130750076831212,0.0356074961097407,0.0140876078602259,"MTHFR",1
"C0151281","Genital ulcers","1/19","15/21671",0.0666666666666667,76.0385964912281,8.61188967530154,0.0130750076831212,0.0356074961097407,0.0140876078602259,"MTHFR",1
"C0162529","Colitis, Ischemic","1/19","15/21671",0.0666666666666667,76.0385964912281,8.61188967530154,0.0130750076831212,0.0356074961097407,0.0140876078602259,"MTHFR",1
"C0205852","Neoplasms, Embryonal and Mixed","1/19","15/21671",0.0666666666666667,76.0385964912281,8.61188967530154,0.0130750076831212,0.0356074961097407,0.0140876078602259,"ERCC1",1
"C0266508","Rachischisis","1/19","15/21671",0.0666666666666667,76.0385964912281,8.61188967530154,0.0130750076831212,0.0356074961097407,0.0140876078602259,"MTHFR",1
"C0267809","Cirrhosis, Cryptogenic","1/19","15/21671",0.0666666666666667,76.0385964912281,8.61188967530154,0.0130750076831212,0.0356074961097407,0.0140876078602259,"CTLA4",1
"C0278584","Metastatic Carcinoma to the Uterine Cervix","1/19","15/21671",0.0666666666666667,76.0385964912281,8.61188967530154,0.0130750076831212,0.0356074961097407,0.0140876078602259,"ERCC1",1
"C0334267","Transitional cell carcinoma in situ","1/19","15/21671",0.0666666666666667,76.0385964912281,8.61188967530154,0.0130750076831212,0.0356074961097407,0.0140876078602259,"RRM2",1
"C0751365","Cancer, Embryonal and Mixed","1/19","15/21671",0.0666666666666667,76.0385964912281,8.61188967530154,0.0130750076831212,0.0356074961097407,0.0140876078602259,"ERCC1",1
"C0854776","Pancreatic carcinoma non-resectable","1/19","15/21671",0.0666666666666667,76.0385964912281,8.61188967530154,0.0130750076831212,0.0356074961097407,0.0140876078602259,"RRM2",1
"C0857305","Thrombocytopenic purpura","1/19","15/21671",0.0666666666666667,76.0385964912281,8.61188967530154,0.0130750076831212,0.0356074961097407,0.0140876078602259,"CTLA4",1
"C0920269","Microsatellite Instability","1/19","15/21671",0.0666666666666667,76.0385964912281,8.61188967530154,0.0130750076831212,0.0356074961097407,0.0140876078602259,"MTHFR",1
"C1721098","Replication Error Phenotype","1/19","15/21671",0.0666666666666667,76.0385964912281,8.61188967530154,0.0130750076831212,0.0356074961097407,0.0140876078602259,"MTHFR",1
"C1833561","UV-Sensitive Syndrome","1/19","15/21671",0.0666666666666667,76.0385964912281,8.61188967530154,0.0130750076831212,0.0356074961097407,0.0140876078602259,"DHFR",1
"C2698117","Anisocyte Measurement","1/19","15/21671",0.0666666666666667,76.0385964912281,8.61188967530154,0.0130750076831212,0.0356074961097407,0.0140876078602259,"UMPS",1
"C2931196","Craniofacial dysostosis type 1","1/19","15/21671",0.0666666666666667,76.0385964912281,8.61188967530154,0.0130750076831212,0.0356074961097407,0.0140876078602259,"TK1",1
"C4021634","Abnormality of bone marrow cell morphology","1/19","15/21671",0.0666666666666667,76.0385964912281,8.61188967530154,0.0130750076831212,0.0356074961097407,0.0140876078602259,"CTLA4",1
"C4023722","Abnormality of hair texture","1/19","15/21671",0.0666666666666667,76.0385964912281,8.61188967530154,0.0130750076831212,0.0356074961097407,0.0140876078602259,"ATP7A",1
"C4524856","Refractory Classic Hodgkin Lymphoma","1/19","15/21671",0.0666666666666667,76.0385964912281,8.61188967530154,0.0130750076831212,0.0356074961097407,0.0140876078602259,"CES2",1
"C0745103","Hyperlipoproteinemia Type IIa","2/19","201/21671",0.00995024875621891,11.3490442524221,4.3665606567733,0.0131951108881322,0.0358900475829619,0.0141993953990858,"CTLA4/MTHFR",2
"C0333983","Hyperplastic Polyp","2/19","204/21671",0.00980392156862745,11.1821465428277,4.32838611965897,0.0135717543846804,0.0366790657405952,0.014511559398629,"ERCC1/MTHFR",2
"C0025990","Micrognathism","3/19","586/21671",0.00511945392491468,5.83914136878031,3.51793298315689,0.0138046063829517,0.0366790657405952,0.014511559398629,"ATP7A/ERCC1/AXIN2",3
"C0027708","Nephroblastoma","3/19","586/21671",0.00511945392491468,5.83914136878031,3.51793298315689,0.0138046063829517,0.0366790657405952,0.014511559398629,"SLC19A1/MTHFR/CDH1",3
"C0002892","Anemia, Pernicious","1/19","16/21671",0.0625,71.2861842105263,8.33121055643509,0.0139408912652242,0.0366790657405952,0.014511559398629,"MTR",1
"C0004403","Autosome Abnormalities","1/19","16/21671",0.0625,71.2861842105263,8.33121055643509,0.0139408912652242,0.0366790657405952,0.014511559398629,"ERCC1",1
"C0008625","Chromosome Aberrations","1/19","16/21671",0.0625,71.2861842105263,8.33121055643509,0.0139408912652242,0.0366790657405952,0.014511559398629,"ERCC1",1
"C0021367","Mammary Ductal Carcinoma","1/19","16/21671",0.0625,71.2861842105263,8.33121055643509,0.0139408912652242,0.0366790657405952,0.014511559398629,"CDH1",1
"C0022073","Iridocyclitis","1/19","16/21671",0.0625,71.2861842105263,8.33121055643509,0.0139408912652242,0.0366790657405952,0.014511559398629,"CTLA4",1
"C0038449","Stricture of artery","1/19","16/21671",0.0625,71.2861842105263,8.33121055643509,0.0139408912652242,0.0366790657405952,0.014511559398629,"ATP7A",1
"C0039584","Testicular Diseases","1/19","16/21671",0.0625,71.2861842105263,8.33121055643509,0.0139408912652242,0.0366790657405952,0.014511559398629,"ERCC1",1
"C0085694","Chronic cholecystitis","1/19","16/21671",0.0625,71.2861842105263,8.33121055643509,0.0139408912652242,0.0366790657405952,0.014511559398629,"CDH1",1
"C0152066","Lobomycosis","1/19","16/21671",0.0625,71.2861842105263,8.33121055643509,0.0139408912652242,0.0366790657405952,0.014511559398629,"CTLA4",1
"C0221278","Anisocytosis","1/19","16/21671",0.0625,71.2861842105263,8.33121055643509,0.0139408912652242,0.0366790657405952,0.014511559398629,"UMPS",1
"C0235522","Disorder of vein","1/19","16/21671",0.0625,71.2861842105263,8.33121055643509,0.0139408912652242,0.0366790657405952,0.014511559398629,"MTHFR",1
"C0262586","Osteopenia/osteoporosis","1/19","16/21671",0.0625,71.2861842105263,8.33121055643509,0.0139408912652242,0.0366790657405952,0.014511559398629,"MTHFR",1
"C0278161","Ataxia, Motor","1/19","16/21671",0.0625,71.2861842105263,8.33121055643509,0.0139408912652242,0.0366790657405952,0.014511559398629,"ATP7A",1
"C0278502","recurrent gastric cancer","1/19","16/21671",0.0625,71.2861842105263,8.33121055643509,0.0139408912652242,0.0366790657405952,0.014511559398629,"CDH1",1
"C0302280","Adrenogenital Syndrome","1/19","16/21671",0.0625,71.2861842105263,8.33121055643509,0.0139408912652242,0.0366790657405952,0.014511559398629,"ATP7B",1
"C0342288","Insulin-dependent diabetes mellitus secretory diarrhea syndrome","1/19","16/21671",0.0625,71.2861842105263,8.33121055643509,0.0139408912652242,0.0366790657405952,0.014511559398629,"CTLA4",1
"C0948480","Coronary Restenosis","1/19","16/21671",0.0625,71.2861842105263,8.33121055643509,0.0139408912652242,0.0366790657405952,0.014511559398629,"MTHFR",1
"C1377919","Stage IV Nasopharyngeal Carcinoma","1/19","16/21671",0.0625,71.2861842105263,8.33121055643509,0.0139408912652242,0.0366790657405952,0.014511559398629,"ERCC1",1
"C1516490","Cholangiolocellular Carcinoma","1/19","16/21671",0.0625,71.2861842105263,8.33121055643509,0.0139408912652242,0.0366790657405952,0.014511559398629,"MTHFR",1
"C3714941","OTOFACIOCERVICAL SYNDROME 1","1/19","16/21671",0.0625,71.2861842105263,8.33121055643509,0.0139408912652242,0.0366790657405952,0.014511559398629,"CDH1",1
"C3889979","Periodic Fever Syndrome","1/19","16/21671",0.0625,71.2861842105263,8.33121055643509,0.0139408912652242,0.0366790657405952,0.014511559398629,"CES2",1
"C4048705","Hypermethioninemia","1/19","16/21671",0.0625,71.2861842105263,8.33121055643509,0.0139408912652242,0.0366790657405952,0.014511559398629,"MTRR",1
"C4073184","Thick hair","1/19","16/21671",0.0625,71.2861842105263,8.33121055643509,0.0139408912652242,0.0366790657405952,0.014511559398629,"ATP7A",1
"C4699508","Cardioembolism (high-risk/medium-risk)","1/19","16/21671",0.0625,71.2861842105263,8.33121055643509,0.0139408912652242,0.0366790657405952,0.014511559398629,"MTHFR",1
"C0150055","Chronic pain","2/19","207/21671",0.00966183574879227,11.0200864480041,4.2910004317835,0.0139530842338939,0.0366790657405952,0.014511559398629,"ATP7A/MTHFR",2
"C0270824","Visual seizure","2/19","209/21671",0.00956937799043062,10.9146310752959,4.26650101614863,0.0142098955602721,0.0372831567146523,0.0147505595442216,"ABCC2/ATP7A",2
"C0374997","Helicobacter pylori (H. pylori) infection in conditions classified elsewhere and of unspecified site","3/19","593/21671",0.00505902192242833,5.77021389899707,3.48905444937216,0.0142508284663295,0.0372831567146523,0.0147505595442216,"DHFR/MTHFR/CDH1",3
"C0427460","Red cell distribution width determination","3/19","593/21671",0.00505902192242833,5.77021389899707,3.48905444937216,0.0142508284663295,0.0372831567146523,0.0147505595442216,"TK1/MTHFR/CDH1",3
"C1304746","RDW - Red blood cell distribution width result","3/19","593/21671",0.00505902192242833,5.77021389899707,3.48905444937216,0.0142508284663295,0.0372831567146523,0.0147505595442216,"TK1/MTHFR/CDH1",3
"C0234533","Generalized seizures","2/19","210/21671",0.00952380952380952,10.862656641604,4.25437561649799,0.0143390759355608,0.0374248176915052,0.0148066057285658,"ABCC2/ATP7A",2
"C0751495","Seizures, Focal","2/19","210/21671",0.00952380952380952,10.862656641604,4.25437561649799,0.0143390759355608,0.0374248176915052,0.0148066057285658,"ABCC2/ATP7A",2
"C0239676","High forehead","2/19","211/21671",0.00947867298578199,10.8111748565727,4.24233179217401,0.0144687715809197,0.0376737290867364,0.0149050840410299,"ATP7A/CDH1",2
"C0339143","Thyroid associated opthalmopathies","2/19","211/21671",0.00947867298578199,10.8111748565727,4.24233179217401,0.0144687715809197,0.0376737290867364,0.0149050840410299,"CTLA4/MTHFR",2
"C0011269","Dementia, Vascular","2/19","212/21671",0.00943396226415094,10.7601787487587,4.230368590589,0.0145989815941545,0.0377021936974411,0.0149163456661738,"SLC19A1/MTHFR",2
"C1153706","Endometrial adenocarcinoma","2/19","212/21671",0.00943396226415094,10.7601787487587,4.230368590589,0.0145989815941545,0.0377021936974411,0.0149163456661738,"RRM2/CDH1",2
"C0023269","leiomyosarcoma","2/19","213/21671",0.00938967136150235,10.7096614776378,4.21848507475075,0.0147297050741119,0.0377021936974411,0.0149163456661738,"CDH2/CDH1",2
"C0241910","Autoimmune Chronic Hepatitis","2/19","213/21671",0.00938967136150235,10.7096614776378,4.21848507475075,0.0147297050741119,0.0377021936974411,0.0149163456661738,"ABCC2/CTLA4",2
"C0001723","Affective Disorders, Psychotic","1/19","17/21671",0.0588235294117647,67.0928792569659,8.0754607977211,0.0148060551103391,0.0377021936974411,0.0149163456661738,"MTHFR",1
"C0018809","Heart Neoplasm","1/19","17/21671",0.0588235294117647,67.0928792569659,8.0754607977211,0.0148060551103391,0.0377021936974411,0.0149163456661738,"ATP7B",1
"C0037198","Sinus Thrombosis, Intracranial","1/19","17/21671",0.0588235294117647,67.0928792569659,8.0754607977211,0.0148060551103391,0.0377021936974411,0.0149163456661738,"MTHFR",1
"C0042485","Venous Insufficiency","1/19","17/21671",0.0588235294117647,67.0928792569659,8.0754607977211,0.0148060551103391,0.0377021936974411,0.0149163456661738,"ATP7A",1
"C0236792","Asperger Syndrome","1/19","17/21671",0.0588235294117647,67.0928792569659,8.0754607977211,0.0148060551103391,0.0377021936974411,0.0149163456661738,"MTHFR",1
"C0266037","Peg-shaped teeth","1/19","17/21671",0.0588235294117647,67.0928792569659,8.0754607977211,0.0148060551103391,0.0377021936974411,0.0149163456661738,"CDH1",1
"C0280218","stage, bladder cancer","1/19","17/21671",0.0588235294117647,67.0928792569659,8.0754607977211,0.0148060551103391,0.0377021936974411,0.0149163456661738,"ERCC1",1
"C0338573","Cerebral venous sinus thrombosis","1/19","17/21671",0.0588235294117647,67.0928792569659,8.0754607977211,0.0148060551103391,0.0377021936974411,0.0149163456661738,"MTHFR",1
"C0342158","Hypothyroidism, Autoimmune","1/19","17/21671",0.0588235294117647,67.0928792569659,8.0754607977211,0.0148060551103391,0.0377021936974411,0.0149163456661738,"CTLA4",1
"C0694571","extranodal lymphoma","1/19","17/21671",0.0588235294117647,67.0928792569659,8.0754607977211,0.0148060551103391,0.0377021936974411,0.0149163456661738,"SLC19A1",1
"C0920184","Fundic gland polyp","1/19","17/21671",0.0588235294117647,67.0928792569659,8.0754607977211,0.0148060551103391,0.0377021936974411,0.0149163456661738,"AXIN2",1
"C1273976","First myocardial infarction","1/19","17/21671",0.0588235294117647,67.0928792569659,8.0754607977211,0.0148060551103391,0.0377021936974411,0.0149163456661738,"MTHFR",1
"C2584620","Thrombophilia, hereditary","1/19","17/21671",0.0588235294117647,67.0928792569659,8.0754607977211,0.0148060551103391,0.0377021936974411,0.0149163456661738,"MTHFR",1
"C2712907","obsolete Combined hyperlipidemia","1/19","17/21671",0.0588235294117647,67.0928792569659,8.0754607977211,0.0148060551103391,0.0377021936974411,0.0149163456661738,"MTR",1
"C4528408","Advanced Head and Neck Squamous Cell Carcinoma","1/19","17/21671",0.0588235294117647,67.0928792569659,8.0754607977211,0.0148060551103391,0.0377021936974411,0.0149163456661738,"ERCC1",1
"C0220621","Childhood Acute Myeloid Leukemia","2/19","215/21671",0.00930232558139535,10.6100367197062,4.19495342836703,0.0149926888347803,0.0381332004546267,0.0150868674619671,"CES2/ABCC3",2
"C0033999","Pterygium","2/19","216/21671",0.00925925925925926,10.5609161793372,4.18330349890931,0.0151249473183809,0.0384250687081552,0.0152023410546592,"CTLA4/CDH1",2
"C0028960","Oligospermia","2/19","217/21671",0.00921658986175115,10.5122483628426,4.17172965675989,0.0152577156744813,0.0385181937567872,0.0152391846777842,"MTR/MTHFR",2
"C0032580","Adenomatous Polyposis Coli","3/19","609/21671",0.00492610837438424,5.61861550427794,3.42474230188605,0.0153018057530462,0.0385181937567872,0.0152391846777842,"MTHFR/AXIN2/CDH1",3
"C0001956","Alcohol Use Disorder","2/19","218/21671",0.00917431192660551,10.4640270400773,4.16023103815617,0.0153909930071185,0.0385181937567872,0.0152391846777842,"ERCC1/MTHFR",2
"C0020608","Hypodontia","2/19","218/21671",0.00917431192660551,10.4640270400773,4.16023103815617,0.0153909930071185,0.0385181937567872,0.0152391846777842,"AXIN2/CDH1",2
"C0024668","Mammary Neoplasms, Experimental","2/19","218/21671",0.00917431192660551,10.4640270400773,4.16023103815617,0.0153909930071185,0.0385181937567872,0.0152391846777842,"CDH1/TYMS",2
"C0205697","Carcinoma, Spindle-Cell","2/19","218/21671",0.00917431192660551,10.4640270400773,4.16023103815617,0.0153909930071185,0.0385181937567872,0.0152391846777842,"ATP7B/CDH1",2
"C1861453","Pseudohyperkalemia Cardiff","2/19","218/21671",0.00917431192660551,10.4640270400773,4.16023103815617,0.0153909930071185,0.0385181937567872,0.0152391846777842,"CTLA4/MTHFR",2
"C0020676","Hypothyroidism","3/19","613/21671",0.00489396411092985,5.5819524341032,3.40901961352524,0.0155713226853271,0.0385181937567872,0.0152391846777842,"ATP7B/CTLA4/MTHFR",3
"C0019288","Hernia, Femoral","1/19","18/21671",0.0555555555555556,63.3654970760234,7.84113353013302,0.015670499783513,0.0385181937567872,0.0152391846777842,"ATP7A",1
"C0033246","Proctitis","1/19","18/21671",0.0555555555555556,63.3654970760234,7.84113353013302,0.015670499783513,0.0385181937567872,0.0152391846777842,"MTHFR",1
"C0079487","Helicobacter Infections","1/19","18/21671",0.0555555555555556,63.3654970760234,7.84113353013302,0.015670499783513,0.0385181937567872,0.0152391846777842,"CDH1",1
"C0085578","Thalassemia Minor","1/19","18/21671",0.0555555555555556,63.3654970760234,7.84113353013302,0.015670499783513,0.0385181937567872,0.0152391846777842,"UMPS",1
"C0156273","Bladder Diverticulum","1/19","18/21671",0.0555555555555556,63.3654970760234,7.84113353013302,0.015670499783513,0.0385181937567872,0.0152391846777842,"ATP7A",1
"C0268490","Tyrosinemia, Type I","1/19","18/21671",0.0555555555555556,63.3654970760234,7.84113353013302,0.015670499783513,0.0385181937567872,0.0152391846777842,"ERCC1",1
"C0333355","Inflammatory disease of mucous membrane","1/19","18/21671",0.0555555555555556,63.3654970760234,7.84113353013302,0.015670499783513,0.0385181937567872,0.0152391846777842,"MTHFR",1
"C0393484","Rasmussen Syndrome","1/19","18/21671",0.0555555555555556,63.3654970760234,7.84113353013302,0.015670499783513,0.0385181937567872,0.0152391846777842,"CTLA4",1
"C0685889","Splenic Hypoplasia","1/19","18/21671",0.0555555555555556,63.3654970760234,7.84113353013302,0.015670499783513,0.0385181937567872,0.0152391846777842,"MTHFR",1
"C0750940","Tremor, Rubral","1/19","18/21671",0.0555555555555556,63.3654970760234,7.84113353013302,0.015670499783513,0.0385181937567872,0.0152391846777842,"ATP7A",1
"C0751364","Cancer, Embryonal","1/19","18/21671",0.0555555555555556,63.3654970760234,7.84113353013302,0.015670499783513,0.0385181937567872,0.0152391846777842,"ERCC1",1
"C0751753","Carbamoyl-Phosphate Synthase I Deficiency Disease","1/19","18/21671",0.0555555555555556,63.3654970760234,7.84113353013302,0.015670499783513,0.0385181937567872,0.0152391846777842,"UMPS",1
"C0851886","Pneumocystis Infections","1/19","18/21671",0.0555555555555556,63.3654970760234,7.84113353013302,0.015670499783513,0.0385181937567872,0.0152391846777842,"DHFR",1
"C1394891","Intrinsic Factor Deficiency","1/19","18/21671",0.0555555555555556,63.3654970760234,7.84113353013302,0.015670499783513,0.0385181937567872,0.0152391846777842,"MTR",1
"C1398522","Cleft palate and bilateral cleft lip","1/19","18/21671",0.0555555555555556,63.3654970760234,7.84113353013302,0.015670499783513,0.0385181937567872,0.0152391846777842,"CDH1",1
"C1848533","Ataxia with vitamin E deficiency","1/19","18/21671",0.0555555555555556,63.3654970760234,7.84113353013302,0.015670499783513,0.0385181937567872,0.0152391846777842,"MTHFR",1
"C1848654","Broad ribs","1/19","18/21671",0.0555555555555556,63.3654970760234,7.84113353013302,0.015670499783513,0.0385181937567872,0.0152391846777842,"ATP7A",1
"C1860127","Impaired T cell function","1/19","18/21671",0.0555555555555556,63.3654970760234,7.84113353013302,0.015670499783513,0.0385181937567872,0.0152391846777842,"UMPS",1
"C4019436","Antiphospholipid antibody positivity","1/19","18/21671",0.0555555555555556,63.3654970760234,7.84113353013302,0.015670499783513,0.0385181937567872,0.0152391846777842,"CTLA4",1
"C4525405","Eyelid Sebaceous Gland Carcinoma","1/19","18/21671",0.0555555555555556,63.3654970760234,7.84113353013302,0.015670499783513,0.0385181937567872,0.0152391846777842,"CDH1",1
"C4725076","Advanced Urothelial Carcinoma","1/19","18/21671",0.0555555555555556,63.3654970760234,7.84113353013302,0.015670499783513,0.0385181937567872,0.0152391846777842,"ERCC1",1
"C0343401","MRSA - Methicillin resistant Staphylococcus aureus infection","2/19","222/21671",0.00900900900900901,10.2754860123281,4.11497199940231,0.0159291742199848,0.0391102208197612,0.0154734119056722,"DHFR/TYMS",2
"C1306837","Papillary Renal Cell Carcinoma","2/19","223/21671",0.00896860986547085,10.2294075997168,4.10383701370894,0.0160649830320565,0.0393556224948259,0.0155705016464363,"RRM2/CDH1",2
"C1857486","Low-set, posteriorly rotated ears","2/19","223/21671",0.00896860986547085,10.2294075997168,4.10383701370894,0.0160649830320565,0.0393556224948259,0.0155705016464363,"ERCC1/UMPS",2
"C0086437","Joint laxity","2/19","224/21671",0.00892857142857143,10.1837406015038,4.09277234817964,0.0162012954665905,0.039620770457837,0.015675403729872,"ATP7B/ATP7A",2
"C0007129","Merkel cell carcinoma","2/19","226/21671",0.00884955752212389,10.0936190032604,4.07085089689251,0.0164754276491229,0.039620770457837,0.015675403729872,"CTLA4/AXIN2",2
"C0023787","Lipodystrophy","2/19","226/21671",0.00884955752212389,10.0936190032604,4.07085089689251,0.0164754276491229,0.039620770457837,0.015675403729872,"MTHFR/TYMS",2
"C0231528","Myalgia","2/19","226/21671",0.00884955752212389,10.0936190032604,4.07085089689251,0.0164754276491229,0.039620770457837,0.015675403729872,"CTLA4/TYMS",2
"C0266470","Cerebellar Hypoplasia","2/19","226/21671",0.00884955752212389,10.0936190032604,4.07085089689251,0.0164754276491229,0.039620770457837,0.015675403729872,"ERCC1/DHFR",2
"C0085138","Choroid Plexus Neoplasms","1/19","19/21671",0.0526315789473684,60.0304709141274,7.62537640049575,0.0165342258493753,0.039620770457837,0.015675403729872,"CDH1",1
"C0241148","Cutaneous plaque","1/19","19/21671",0.0526315789473684,60.0304709141274,7.62537640049575,0.0165342258493753,0.039620770457837,0.015675403729872,"CTLA4",1
"C0242666","Protein S Deficiency","1/19","19/21671",0.0526315789473684,60.0304709141274,7.62537640049575,0.0165342258493753,0.039620770457837,0.015675403729872,"MTHFR",1
"C0342409","Hypophysitis","1/19","19/21671",0.0526315789473684,60.0304709141274,7.62537640049575,0.0165342258493753,0.039620770457837,0.015675403729872,"CTLA4",1
"C0343073","Wooly hair","1/19","19/21671",0.0526315789473684,60.0304709141274,7.62537640049575,0.0165342258493753,0.039620770457837,0.015675403729872,"ATP7A",1
"C0677950","Stage IV Colorectal Cancer","1/19","19/21671",0.0526315789473684,60.0304709141274,7.62537640049575,0.0165342258493753,0.039620770457837,0.015675403729872,"TYMS",1
"C1377913","Pleural Mesothelioma","1/19","19/21671",0.0526315789473684,60.0304709141274,7.62537640049575,0.0165342258493753,0.039620770457837,0.015675403729872,"CTLA4",1
"C1840382","Abnormality of the ureter","1/19","19/21671",0.0526315789473684,60.0304709141274,7.62537640049575,0.0165342258493753,0.039620770457837,0.015675403729872,"UMPS",1
"C1857665","Aplastic clavicle","1/19","19/21671",0.0526315789473684,60.0304709141274,7.62537640049575,0.0165342258493753,0.039620770457837,0.015675403729872,"ATP7A",1
"C3146251","Stage IV Colorectal Cancer AJCC v7","1/19","19/21671",0.0526315789473684,60.0304709141274,7.62537640049575,0.0165342258493753,0.039620770457837,0.015675403729872,"TYMS",1
"C3494652","Severe dementia","1/19","19/21671",0.0526315789473684,60.0304709141274,7.62537640049575,0.0165342258493753,0.039620770457837,0.015675403729872,"MTR",1
"C3495436","American cutaneous leishmaniasis","1/19","19/21671",0.0526315789473684,60.0304709141274,7.62537640049575,0.0165342258493753,0.039620770457837,0.015675403729872,"CTLA4",1
"C4316788","Abnormality of the intestine","1/19","19/21671",0.0526315789473684,60.0304709141274,7.62537640049575,0.0165342258493753,0.039620770457837,0.015675403729872,"CTLA4",1
"C4316995","Primary Hypothyroidism","1/19","19/21671",0.0526315789473684,60.0304709141274,7.62537640049575,0.0165342258493753,0.039620770457837,0.015675403729872,"CTLA4",1
"C4684880","Advanced Bile Duct Carcinoma","1/19","19/21671",0.0526315789473684,60.0304709141274,7.62537640049575,0.0165342258493753,0.039620770457837,0.015675403729872,"RRM2",1
"C0032227","Pleural effusion disorder","2/19","227/21671",0.00881057268722467,10.0491537213077,4.05999260035218,0.0166132456227298,0.0397667111689116,0.0157331431312083,"TK1/CTLA4",2
"C0040128","Thyroid Diseases","2/19","230/21671",0.00869565217391304,9.91807780320366,4.02781860313211,0.0170296964481176,0.0407191543612398,0.0161099639602076,"CTLA4/MTHFR",2
"C0205696","Anaplastic carcinoma","2/19","232/21671",0.00862068965517241,9.83257713248639,4.00669621653408,0.0173098189186769,0.0411940974642313,0.0162978685567634,"ATP7B/CDH1",2
"C0235081","Tremor, Limb","1/19","20/21671",0.05,57.0289473684211,7.42584240349546,0.0173972338721378,0.0411940974642313,0.0162978685567634,"ATP7A",1
"C0268141","Xeroderma pigmentosum, group G","1/19","20/21671",0.05,57.0289473684211,7.42584240349546,0.0173972338721378,0.0411940974642313,0.0162978685567634,"ERCC1",1
"C0278579","Cervix carcinoma recurrent","1/19","20/21671",0.05,57.0289473684211,7.42584240349546,0.0173972338721378,0.0411940974642313,0.0162978685567634,"ERCC1",1
"C0392777","Poikiloderma","1/19","20/21671",0.05,57.0289473684211,7.42584240349546,0.0173972338721378,0.0411940974642313,0.0162978685567634,"CTLA4",1
"C1827377","Slow acetylator due to N-acetyltransferase enzyme variant","1/19","20/21671",0.05,57.0289473684211,7.42584240349546,0.0173972338721378,0.0411940974642313,0.0162978685567634,"MTHFR",1
"C1861455","STOMATOCYTOSIS I","1/19","20/21671",0.05,57.0289473684211,7.42584240349546,0.0173972338721378,0.0411940974642313,0.0162978685567634,"ATP7A",1
"C1868678","THANATOPHORIC DYSPLASIA, TYPE I (disorder)","1/19","20/21671",0.05,57.0289473684211,7.42584240349546,0.0173972338721378,0.0411940974642313,0.0162978685567634,"CTLA4",1
"C2584409","Prothrombin G20210A mutation","1/19","20/21671",0.05,57.0289473684211,7.42584240349546,0.0173972338721378,0.0411940974642313,0.0162978685567634,"MTHFR",1
"C0007820","Cerebrovascular Disorders","2/19","233/21671",0.00858369098712446,9.79037723063022,3.99623102311878,0.0174506240853651,0.041275991236397,0.0163302686824254,"MTRR/MTHFR",2
"C0019348","Herpes Simplex Infections","3/19","645/21671",0.00465116279069767,5.30501835985312,3.28801493962385,0.0178255919249942,0.0421175180574406,0.0166632070003062,"CTLA4/TYMS/CES2",3
"C0262655","Recurrent urinary tract infection","2/19","237/21671",0.00843881856540084,9.62513879635798,3.95499463987427,0.0180187837846363,0.0425282047390072,0.0168256894423599,"ATP7A/DHFR",2
"C0085207","Gestational Diabetes","3/19","649/21671",0.00462249614791988,5.27232179060903,3.27345621064914,0.0181196943072196,0.0427204393172364,0.01690174436481,"ABCC2/MTR/MTHFR",3
"C0011268","Senile dementia","1/19","21/21671",0.0476190476190476,54.3132832080201,7.24058027067595,0.0182595244155968,0.0428201453976868,0.0169411916811373,"MTHFR",1
"C0037917","Spina Bifida Cystica","1/19","21/21671",0.0476190476190476,54.3132832080201,7.24058027067595,0.0182595244155968,0.0428201453976868,0.0169411916811373,"MTHFR",1
"C0236788","Bipolar II disorder","1/19","21/21671",0.0476190476190476,54.3132832080201,7.24058027067595,0.0182595244155968,0.0428201453976868,0.0169411916811373,"MTHFR",1
"C0600520","Left Ventricle Remodeling","1/19","21/21671",0.0476190476190476,54.3132832080201,7.24058027067595,0.0182595244155968,0.0428201453976868,0.0169411916811373,"AXIN2",1
"C4025218","Vasculitis of large artery","1/19","21/21671",0.0476190476190476,54.3132832080201,7.24058027067595,0.0182595244155968,0.0428201453976868,0.0169411916811373,"CTLA4",1
"C0024523","Malabsorption Syndrome","2/19","239/21671",0.00836820083682008,9.54459370182779,3.93474202494313,0.0183058147797383,0.0428371678481084,0.0169479263755854,"ATP7A/MTR",2
"C0033687","Proteinuria","2/19","239/21671",0.00836820083682008,9.54459370182779,3.93474202494313,0.0183058147797383,0.0428371678481084,0.0169479263755854,"ATP7B/CTLA4",2
"C0342257","Complications of Diabetes Mellitus","2/19","240/21671",0.00833333333333333,9.50482456140351,3.9247049130822,0.0184500650022599,0.0430828645531495,0.0170451328408336,"CTLA4/MTHFR",2
"C3888194","MIXED LINEAGE LEUKEMIA","2/19","240/21671",0.00833333333333333,9.50482456140351,3.9247049130822,0.0184500650022599,0.0430828645531495,0.0170451328408336,"DHFR/SLC19A1",2
"C0007789","Cerebral Palsy","2/19","241/21671",0.00829875518672199,9.46538545533959,3.91472645164119,0.0185948038778883,0.0433747019255737,0.0171605942158486,"CTLA4/MTHFR",2
"C0392525","Nephrolithiasis","2/19","242/21671",0.00826446280991736,9.426272292301,3.90480604161248,0.0187400305352346,0.0436670562896389,0.0172762601313761,"ATP7B/CDH1",2
"C0003496","Aortic Rupture","1/19","22/21671",0.0454545454545455,51.8444976076555,7.06795258767516,0.0191210980431302,0.0437195939631988,0.0172970459271737,"ATP7A",1
"C0029421","Osteochondritis Dissecans","1/19","22/21671",0.0454545454545455,51.8444976076555,7.06795258767516,0.0191210980431302,0.0437195939631988,0.0172970459271737,"TYMS",1
"C0085311","Diffuse cutaneous leishmaniasis","1/19","22/21671",0.0454545454545455,51.8444976076555,7.06795258767516,0.0191210980431302,0.0437195939631988,0.0172970459271737,"CTLA4",1
"C0151205","Periorbital edema","1/19","22/21671",0.0454545454545455,51.8444976076555,7.06795258767516,0.0191210980431302,0.0437195939631988,0.0172970459271737,"CTLA4",1
"C0263725","Hemophilic arthropathy","1/19","22/21671",0.0454545454545455,51.8444976076555,7.06795258767516,0.0191210980431302,0.0437195939631988,0.0172970459271737,"MTHFR",1
"C0265654","Tarsal Coalition","1/19","22/21671",0.0454545454545455,51.8444976076555,7.06795258767516,0.0191210980431302,0.0437195939631988,0.0172970459271737,"ATP7A",1
"C0268353","Cutis laxa, x-linked","1/19","22/21671",0.0454545454545455,51.8444976076555,7.06795258767516,0.0191210980431302,0.0437195939631988,0.0172970459271737,"ATP7A",1
"C0376407","Granulomatous Slack Skin","1/19","22/21671",0.0454545454545455,51.8444976076555,7.06795258767516,0.0191210980431302,0.0437195939631988,0.0172970459271737,"CTLA4",1
"C0524611","Cryptogenic Chronic Hepatitis","1/19","22/21671",0.0454545454545455,51.8444976076555,7.06795258767516,0.0191210980431302,0.0437195939631988,0.0172970459271737,"ATP7A",1
"C0577573","Mass of body region","1/19","22/21671",0.0454545454545455,51.8444976076555,7.06795258767516,0.0191210980431302,0.0437195939631988,0.0172970459271737,"DHFR",1
"C0751560","Malignant neoplasm tonsil","1/19","22/21671",0.0454545454545455,51.8444976076555,7.06795258767516,0.0191210980431302,0.0437195939631988,0.0172970459271737,"CDH1",1
"C1844592","Soft skin","1/19","22/21671",0.0454545454545455,51.8444976076555,7.06795258767516,0.0191210980431302,0.0437195939631988,0.0172970459271737,"ATP7A",1
"C1852242","Nonarteritic anterior ischemic optic neuropathy (NAION)","1/19","22/21671",0.0454545454545455,51.8444976076555,7.06795258767516,0.0191210980431302,0.0437195939631988,0.0172970459271737,"MTHFR",1
"C2242826","Myeloblastic leukemia","1/19","22/21671",0.0454545454545455,51.8444976076555,7.06795258767516,0.0191210980431302,0.0437195939631988,0.0172970459271737,"DHFR",1
"C2826321","Refractory Thrombocytopenia","1/19","22/21671",0.0454545454545455,51.8444976076555,7.06795258767516,0.0191210980431302,0.0437195939631988,0.0172970459271737,"CTLA4",1
"C3826457","Diabetes in children","1/19","22/21671",0.0454545454545455,51.8444976076555,7.06795258767516,0.0191210980431302,0.0437195939631988,0.0172970459271737,"CTLA4",1
"C4021985","Germ cell neoplasia","1/19","22/21671",0.0454545454545455,51.8444976076555,7.06795258767516,0.0191210980431302,0.0437195939631988,0.0172970459271737,"CDH1",1
"C4553313","Periorbital Edema, CTCAE","1/19","22/21671",0.0454545454545455,51.8444976076555,7.06795258767516,0.0191210980431302,0.0437195939631988,0.0172970459271737,"CTLA4",1
"C1337013","Differentiated Thyroid Gland Carcinoma","2/19","245/21671",0.00816326530612245,9.31084854994629,3.87538725781403,0.0191786284988623,0.0438055042195658,0.0173310351186389,"CTLA4/MTHFR",2
"C1378703","Renal carcinoma","3/19","665/21671",0.00451127819548872,5.14546893549664,3.21640000460822,0.0193236107929861,0.0440907751461585,0.0174438985711933,"ABCC2/CTLA4/TYMS",3
"C0003862","Arthralgia","2/19","248/21671",0.00806451612903226,9.19821731748727,3.84647017926243,0.0196215852249731,0.0447241740070779,0.0176944939723483,"ATP7B/CTLA4",2
"C4317109","Epileptic Seizures","2/19","250/21671",0.008,9.12463157894737,3.82746349425673,0.0199192997026281,0.0449389261499535,0.0177794576543396,"ABCC2/ATP7A",2
"C0001726","Affective Symptoms","1/19","23/21671",0.0434782608695652,49.5903890160183,6.90657371325604,0.0199819553177014,0.0449389261499535,0.0177794576543396,"CTLA4",1
"C0019154","Hepatic Vein Thrombosis","1/19","23/21671",0.0434782608695652,49.5903890160183,6.90657371325604,0.0199819553177014,0.0449389261499535,0.0177794576543396,"MTHFR",1
"C0029445","Bone necrosis","1/19","23/21671",0.0434782608695652,49.5903890160183,6.90657371325604,0.0199819553177014,0.0449389261499535,0.0177794576543396,"MTHFR",1
"C0558355","Tonsillar Carcinoma","1/19","23/21671",0.0434782608695652,49.5903890160183,6.90657371325604,0.0199819553177014,0.0449389261499535,0.0177794576543396,"CDH1",1
"C1260403","prothrombin gene mutation","1/19","23/21671",0.0434782608695652,49.5903890160183,6.90657371325604,0.0199819553177014,0.0449389261499535,0.0177794576543396,"MTHFR",1
"C1333991","Hereditary Non-Polyposis Colon Cancer Type 2","1/19","23/21671",0.0434782608695652,49.5903890160183,6.90657371325604,0.0199819553177014,0.0449389261499535,0.0177794576543396,"CDH1",1
"C1563715","Andersen Syndrome","1/19","23/21671",0.0434782608695652,49.5903890160183,6.90657371325604,0.0199819553177014,0.0449389261499535,0.0177794576543396,"MTHFR",1
"C1705254","Neonatal Deformity","1/19","23/21671",0.0434782608695652,49.5903890160183,6.90657371325604,0.0199819553177014,0.0449389261499535,0.0177794576543396,"MTHFR",1
"C1865313","Speech articulation difficulties","1/19","23/21671",0.0434782608695652,49.5903890160183,6.90657371325604,0.0199819553177014,0.0449389261499535,0.0177794576543396,"CDH1",1
"C2609259","Symphysis Pubis Dysfunction","1/19","23/21671",0.0434782608695652,49.5903890160183,6.90657371325604,0.0199819553177014,0.0449389261499535,0.0177794576543396,"MTHFR",1
"C2732473","Ductal Carcinoma In Situ with Microinvasion","1/19","23/21671",0.0434782608695652,49.5903890160183,6.90657371325604,0.0199819553177014,0.0449389261499535,0.0177794576543396,"CTLA4",1
"C3278401","Hypopigmentation of hair","1/19","23/21671",0.0434782608695652,49.5903890160183,6.90657371325604,0.0199819553177014,0.0449389261499535,0.0177794576543396,"ATP7A",1
"C0015230","Exanthema","2/19","251/21671",0.00796812749003984,9.08827846508702,3.8180399582108,0.0200688773495649,0.045088214720875,0.0178385215896041,"MTRR/CTLA4",2
"C0020295","Hydronephrosis","2/19","253/21671",0.00790513833992095,9.01643436654878,3.79934989978029,0.0203694691530863,0.0457167533650557,0.0180871941139772,"ATP7A/CTLA4",2
"C0263361","Psoriasis vulgaris","2/19","255/21671",0.00784313725490196,8.94571723426213,3.78086581014394,0.0206719705723991,0.045840082645362,0.0181359876189539,"CTLA4/MTHFR",2
"C0242350","Erectile dysfunction","2/19","256/21671",0.0078125,8.91077302631579,3.77169976099385,0.0208239352428263,0.045840082645362,0.0181359876189539,"MTHFR/CES2",2
"C0009443","Common Cold","1/19","24/21671",0.0416666666666667,47.5241228070175,6.7552620783049,0.0208420968018548,0.045840082645362,0.0181359876189539,"CTLA4",1
"C0018675","Head Neoplasms","1/19","24/21671",0.0416666666666667,47.5241228070175,6.7552620783049,0.0208420968018548,0.045840082645362,0.0181359876189539,"TYMS",1
"C0278802","Recurrent Endometrial Cancer","1/19","24/21671",0.0416666666666667,47.5241228070175,6.7552620783049,0.0208420968018548,0.045840082645362,0.0181359876189539,"CTLA4",1
"C0278882","Stage III Cutaneous Melanoma AJCC v6","1/19","24/21671",0.0416666666666667,47.5241228070175,6.7552620783049,0.0208420968018548,0.045840082645362,0.0181359876189539,"CTLA4",1
"C0349532","Gastric lymphoma","1/19","24/21671",0.0416666666666667,47.5241228070175,6.7552620783049,0.0208420968018548,0.045840082645362,0.0181359876189539,"CDH1",1
"C0406537","Morbilliform Drug Reaction","1/19","24/21671",0.0416666666666667,47.5241228070175,6.7552620783049,0.0208420968018548,0.045840082645362,0.0181359876189539,"MTHFR",1
"C0424790","Rigor - Temperature-associated observation","1/19","24/21671",0.0416666666666667,47.5241228070175,6.7552620783049,0.0208420968018548,0.045840082645362,0.0181359876189539,"SLC19A1",1
"C0598784","Dyslipoproteinemias","1/19","24/21671",0.0416666666666667,47.5241228070175,6.7552620783049,0.0208420968018548,0.045840082645362,0.0181359876189539,"ATP7B",1
"C0600519","Ventricular Remodeling","1/19","24/21671",0.0416666666666667,47.5241228070175,6.7552620783049,0.0208420968018548,0.045840082645362,0.0181359876189539,"AXIN2",1
"C0856053","Leukemia secondary","1/19","24/21671",0.0416666666666667,47.5241228070175,6.7552620783049,0.0208420968018548,0.045840082645362,0.0181359876189539,"MTHFR",1
"C0856761","Budd-Chiari Syndrome","1/19","24/21671",0.0416666666666667,47.5241228070175,6.7552620783049,0.0208420968018548,0.045840082645362,0.0181359876189539,"MTHFR",1
"C0887900","Upper Aerodigestive Tract Neoplasms","1/19","24/21671",0.0416666666666667,47.5241228070175,6.7552620783049,0.0208420968018548,0.045840082645362,0.0181359876189539,"TYMS",1
"C1527352","Hepatic Form of Wilson Disease","1/19","24/21671",0.0416666666666667,47.5241228070175,6.7552620783049,0.0208420968018548,0.045840082645362,0.0181359876189539,"ATP7B",1
"C1832117","Short humerus","1/19","24/21671",0.0416666666666667,47.5241228070175,6.7552620783049,0.0208420968018548,0.045840082645362,0.0181359876189539,"ATP7A",1
"C2936783","Colorectal cancer, hereditary nonpolyposis, type 1","1/19","24/21671",0.0416666666666667,47.5241228070175,6.7552620783049,0.0208420968018548,0.045840082645362,0.0181359876189539,"CDH1",1
"C3178801","Stroke, Lacunar","1/19","24/21671",0.0416666666666667,47.5241228070175,6.7552620783049,0.0208420968018548,0.045840082645362,0.0181359876189539,"MTHFR",1
"C3898222","mucosal melanoma","1/19","24/21671",0.0416666666666667,47.5241228070175,6.7552620783049,0.0208420968018548,0.045840082645362,0.0181359876189539,"CTLA4",1
"C4733093","progesterone receptor-negative breast cancer","1/19","24/21671",0.0416666666666667,47.5241228070175,6.7552620783049,0.0208420968018548,0.045840082645362,0.0181359876189539,"CDH1",1
"C0027498","Nausea and vomiting","2/19","257/21671",0.00778210116731518,8.8761007577309,3.76258372636364,0.0209763747450182,0.0460431425653148,0.0182163254364631,"ATP7A/CTLA4",2
"C0206139","Lichen Planus, Oral","2/19","257/21671",0.00778210116731518,8.8761007577309,3.76258372636364,0.0209763747450182,0.0460431425653148,0.0182163254364631,"MTHFR/CDH1",2
"C0007785","Cerebral Infarction","3/19","687/21671",0.00436681222707424,4.98069409331188,3.14087231173306,0.0210510870234298,0.0461609750413871,0.0182629442077182,"SLC19A1/MTHFR/AXIN2",3
"C2931852","Clear-cell metastatic renal cell carcinoma","2/19","260/21671",0.00769230769230769,8.77368421052632,3.7355309544063,0.021436533694016,0.04695927291254,0.0185787795961374,"ABCC2/CTLA4",2
"C1861305","TARSAL-CARPAL COALITION SYNDROME","2/19","261/21671",0.00766283524904215,8.74006856221012,3.72661025441503,0.0215908639800795,0.046977162832053,0.0185858574925998,"MTR/MTHFR",2
"C0025205","Melanoma, Experimental","1/19","25/21671",0.04,45.6231578947368,6.61300308683028,0.0217015230577229,0.046977162832053,0.0185858574925998,"CTLA4",1
"C0040038","Thromboembolism","1/19","25/21671",0.04,45.6231578947368,6.61300308683028,0.0217015230577229,0.046977162832053,0.0185858574925998,"MTHFR",1
"C0155017","Color Blindness, Blue","1/19","25/21671",0.04,45.6231578947368,6.61300308683028,0.0217015230577229,0.046977162832053,0.0185858574925998,"MTRR",1
"C0221347","Acrocyanosis","1/19","25/21671",0.04,45.6231578947368,6.61300308683028,0.0217015230577229,0.046977162832053,0.0185858574925998,"MTHFR",1
"C0339505","Venous retinal branch occlusion","1/19","25/21671",0.04,45.6231578947368,6.61300308683028,0.0217015230577229,0.046977162832053,0.0185858574925998,"MTHFR",1
"C0410005","Nodular fasciitis","1/19","25/21671",0.04,45.6231578947368,6.61300308683028,0.0217015230577229,0.046977162832053,0.0185858574925998,"AXIN2",1
"C0746787","Cancer of Neck","1/19","25/21671",0.04,45.6231578947368,6.61300308683028,0.0217015230577229,0.046977162832053,0.0185858574925998,"TYMS",1
"C1843392","Death in childhood","1/19","25/21671",0.04,45.6231578947368,6.61300308683028,0.0217015230577229,0.046977162832053,0.0185858574925998,"ATP7A",1
"C3164407","Oligoasthenozoospermia","1/19","25/21671",0.04,45.6231578947368,6.61300308683028,0.0217015230577229,0.046977162832053,0.0185858574925998,"MTRR",1
"C3549742","Breast cancer, lobular","1/19","25/21671",0.04,45.6231578947368,6.61300308683028,0.0217015230577229,0.046977162832053,0.0185858574925998,"CDH1",1
"C4329280","Advanced Head and Neck Carcinoma","1/19","25/21671",0.04,45.6231578947368,6.61300308683028,0.0217015230577229,0.046977162832053,0.0185858574925998,"ERCC1",1
"C2826323","Refractory Cytopenia of Childhood","2/19","264/21671",0.00757575757575758,8.64074960127592,3.70013247482216,0.0220566748287753,0.047698917486859,0.0188714096279384,"ABCC2/CTLA4",2
"C0334037","Intestinal metaplasia","2/19","266/21671",0.0075187969924812,8.57578155916106,3.68271315234974,0.0223695568956363,0.047845135314209,0.0189292586664536,"CDH1/TYMS",2
"C0015624","Fanconi Syndrome","1/19","26/21671",0.0384615384615385,43.8684210526316,6.47891994189228,0.0225602346470188,0.047845135314209,0.0189292586664536,"ABCC2",1
"C0024897","Mastocytoma","1/19","26/21671",0.0384615384615385,43.8684210526316,6.47891994189228,0.0225602346470188,0.047845135314209,0.0189292586664536,"CTLA4",1
"C0035450","Rheumatoid Nodule","1/19","26/21671",0.0384615384615385,43.8684210526316,6.47891994189228,0.0225602346470188,0.047845135314209,0.0189292586664536,"MTR",1
"C0040963","Tricuspid Valve Stenosis","1/19","26/21671",0.0384615384615385,43.8684210526316,6.47891994189228,0.0225602346470188,0.047845135314209,0.0189292586664536,"TYMS",1
"C0221052","Chronic berylliosis","1/19","26/21671",0.0384615384615385,43.8684210526316,6.47891994189228,0.0225602346470188,0.047845135314209,0.0189292586664536,"CTLA4",1
"C0263314","Pemphigus and fogo selvagem","1/19","26/21671",0.0384615384615385,43.8684210526316,6.47891994189228,0.0225602346470188,0.047845135314209,0.0189292586664536,"CTLA4",1
"C0346619","Malignant neoplasm of cardioesophageal junction of stomach","1/19","26/21671",0.0384615384615385,43.8684210526316,6.47891994189228,0.0225602346470188,0.047845135314209,0.0189292586664536,"TYMS",1
"C0400936","Autoimmune liver disease","1/19","26/21671",0.0384615384615385,43.8684210526316,6.47891994189228,0.0225602346470188,0.047845135314209,0.0189292586664536,"CTLA4",1
"C0426807","Short clavicle","1/19","26/21671",0.0384615384615385,43.8684210526316,6.47891994189228,0.0225602346470188,0.047845135314209,0.0189292586664536,"ATP7A",1
"C0563243","Poor coordination","1/19","26/21671",0.0384615384615385,43.8684210526316,6.47891994189228,0.0225602346470188,0.047845135314209,0.0189292586664536,"MTR",1
"C1112160","Gastrooesophageal cancer","1/19","26/21671",0.0384615384615385,43.8684210526316,6.47891994189228,0.0225602346470188,0.047845135314209,0.0189292586664536,"TYMS",1
"C1266005","Basaloid squamous cell carcinoma","1/19","26/21671",0.0384615384615385,43.8684210526316,6.47891994189228,0.0225602346470188,0.047845135314209,0.0189292586664536,"AXIN2",1
"C1865349","Ethylmalonic encephalopathy","1/19","26/21671",0.0384615384615385,43.8684210526316,6.47891994189228,0.0225602346470188,0.047845135314209,0.0189292586664536,"ABCC2",1
"C1867103","Limited elbow extension","1/19","26/21671",0.0384615384615385,43.8684210526316,6.47891994189228,0.0225602346470188,0.047845135314209,0.0189292586664536,"ATP7A",1
"C2169806","recurrent muscle twitches (symptom)","1/19","26/21671",0.0384615384615385,43.8684210526316,6.47891994189228,0.0225602346470188,0.047845135314209,0.0189292586664536,"ATP7B",1
"C2242987","Benign Mastocytoma","1/19","26/21671",0.0384615384615385,43.8684210526316,6.47891994189228,0.0225602346470188,0.047845135314209,0.0189292586664536,"CTLA4",1
"C3839753","Abnormality of nail of toe","1/19","26/21671",0.0384615384615385,43.8684210526316,6.47891994189228,0.0225602346470188,0.047845135314209,0.0189292586664536,"UMPS",1
"C4520732","Stage IV Cutaneous Melanoma AJCC v6 and v7","1/19","26/21671",0.0384615384615385,43.8684210526316,6.47891994189228,0.0225602346470188,0.047845135314209,0.0189292586664536,"CTLA4",1
"C4544822","Microsatellite instability-high colorectal cancer","1/19","26/21671",0.0384615384615385,43.8684210526316,6.47891994189228,0.0225602346470188,0.047845135314209,0.0189292586664536,"CTLA4",1
"C1262477","Weight decreased","2/19","271/21671",0.00738007380073801,8.41755680714702,3.63995392830136,0.0231599079442754,0.0490221773748164,0.0193949388966424,"ATP7B/CTLA4",2
"C4551583","Cerebral cortical atrophy","2/19","271/21671",0.00738007380073801,8.41755680714702,3.63995392830136,0.0231599079442754,0.0490221773748164,0.0193949388966424,"MTRR/ERCC1",2
"C0035309","Retinal Diseases","3/19","714/21671",0.00420168067226891,4.79234851835471,3.05246039976325,0.0232857106358113,0.0491424660876089,0.019442529443605,"MTRR/CTLA4/MTHFR",3
"C0019025","Hemoglobin F Disease","1/19","27/21671",0.037037037037037,42.2436647173489,6.35225047028141,0.0234182321310428,0.0491424660876089,0.019442529443605,"UMPS",1
"C0036329","Schistosomiasis japonica","1/19","27/21671",0.037037037037037,42.2436647173489,6.35225047028141,0.0234182321310428,0.0491424660876089,0.019442529443605,"CTLA4",1
"C0042454","Velopharyngeal Insufficiency","1/19","27/21671",0.037037037037037,42.2436647173489,6.35225047028141,0.0234182321310428,0.0491424660876089,0.019442529443605,"CDH1",1
"C0265563","Congenital dislocation of radial head","1/19","27/21671",0.037037037037037,42.2436647173489,6.35225047028141,0.0234182321310428,0.0491424660876089,0.019442529443605,"ERCC1",1
"C0272375","Antithrombin III Deficiency","1/19","27/21671",0.037037037037037,42.2436647173489,6.35225047028141,0.0234182321310428,0.0491424660876089,0.019442529443605,"MTHFR",1
"C0279546","Adult Undifferentiated Pleomorphic Sarcoma","1/19","27/21671",0.037037037037037,42.2436647173489,6.35225047028141,0.0234182321310428,0.0491424660876089,0.019442529443605,"CTLA4",1
"C3899638","Childhood Undifferentiated Pleomorphic Sarcoma","1/19","27/21671",0.037037037037037,42.2436647173489,6.35225047028141,0.0234182321310428,0.0491424660876089,0.019442529443605,"CTLA4",1
"C4727069","Advanced Renal Cell Carcinoma","1/19","27/21671",0.037037037037037,42.2436647173489,6.35225047028141,0.0234182321310428,0.0491424660876089,0.019442529443605,"CTLA4",1
"C0856169","Endothelial dysfunction","3/19","716/21671",0.00418994413407821,4.77896206997942,3.04608808849425,0.0234562717047328,0.0491752783112594,0.019455511141009,"ATP7A/DHFR/MTHFR",3
