"ID","Description","GeneRatio","BgRatio","RichFactor","FoldEnrichment","zScore","pvalue","p.adjust","qvalue","geneID","Count"
"C0042373","Vascular Diseases","55/459","688/21671",0.0799418604651163,3.77433563864822,10.878384844827,2.16733524744231e-17,1.59060733809791e-13,1.14412487009718e-13,"AOC3/COL4A1/IGFBP5/PDE5A/CLU/VWF/FLI1/ICAM1/AGTR1/CYBB/POSTN/ATXN1/JAK3/TGFBR1/DKK3/IL6ST/EDNRA/SERPINE1/ACKR3/PKD2/AXL/TNC/KCNMA1/ACTA2/MYLK/DCN/CAV1/GBP1/NEXN/VCAM1/NR3C1/SYNPO2/MYL9/ANTXR1/F2R/HTRA1/MYOCD/CCL2/FLNA/PDPN/MGP/MMP2/FBXO32/CFH/FSTL1/PDGFC/THBS1/LOXL1/EFEMP2/ELN/PRKCB/AKR1B1/CDH5/CCDC88A/THBD",55
"C0003493","Aortic Diseases","14/459","43/21671",0.325581395348837,15.3718396919491,13.876610580358,1.34404543288556e-13,3.73338039938727e-10,2.68542289612484e-10,"COL3A1/AOC3/TGFBR1/PRKG1/TNC/ACTA2/MYLK/MYH11/VCAM1/PALMD/MMP2/MCAM/ADAMTS1/ELN",14
"C0017658","Glomerulonephritis","36/459","391/21671",0.0920716112531969,4.34702371997392,9.82440700856646,1.5261127126532e-13,3.73338039938727e-10,2.68542289612484e-10,"RGS2/COL3A1/MMP11/PDE5A/CD74/FLI1/LAYN/ICAM1/AGTR1/CYBB/IL2RB/CD38/SERPINE1/CCL5/AXL/DCN/FHL1/SERPING1/MASP1/TAGLN/VCAM1/CNN1/MYL9/DES/LTBP1/CCL2/TGFB1I1/MMP2/CFH/GREM1/MSN/PDGFC/HLA-DQB1/C3/AKR1B1/THBD",36
"C0151650","Renal fibrosis","43/459","570/21671",0.0754385964912281,3.56172075067844,9.11722524781131,6.0932966391795e-13,9.95569641237638e-10,7.16113876235362e-10,"RGS2/CYGB/IL18BP/CLU/ICAM1/GLI3/AGTR1/CYBB/SMARCA1/POSTN/TGFBR1/DKK3/NREP/IL6ST/SLIT2/EDNRA/SERPINE1/GJA1/PTPRC/GLIS2/PKD2/WWTR1/EFS/TNC/FERMT2/DCN/C1R/ANGPTL2/TWIST2/ZEB2/DES/MYOCD/CCL2/PLEKHO1/GLIPR2/SERPINF1/MMP2/LGALS1/MSN/THBS1/C3/ELN/RTN1",43
"C1449563","Cardiomyopathy, Familial Idiopathic","51/459","773/21671",0.0659767141009056,3.11499209429352,8.8082802117038,6.78273362336584e-13,9.95569641237638e-10,7.16113876235362e-10,"PDLIM3/JPH2/CLU/PECAM1/AGTR1/RBMS3/CYBB/POSTN/TCF4/SGCD/FGFR1/PRKD1/SOX7/HSPB7/SYNE1/EDNRA/SERPINE1/GJA1/ACKR3/PTPRC/CTSB/PRKG1/LDB3/AXL/ACTA2/TIMP2/MYLK/CFL2/PLN/HSPB6/CNN1/CRYAB/HOPX/MEF2C/KCNJ8/CAP2/DES/MYOCD/CCL2/PDPN/SERPINF1/MMP2/FBXO32/HLA-DQB1/THBS1/EFEMP2/ELN/LUM/CTSC/CDH5/PCDH17",51
"C0162871","Aortic Aneurysm, Abdominal","43/459","586/21671",0.0733788395904437,3.46447240253705,8.8967411251449,1.53959417463204e-12,1.88318027460409e-09,1.35457276943503e-09,"COL3A1/ADAMTS5/PECAM1/VWF/ICAM1/AGTR1/CYBB/POSTN/HLA-DOA/TGFBR1/CD8A/SERPINE1/PTPRC/IGKC/CTSB/PRKG1/MFAP5/ACTA2/TIMP2/MYLK/DCN/CAV1/RECK/ANGPTL2/MYH11/TAGLN/VCAM1/GNG2/CCL2/FLNA/SERPINF1/SPARCL1/MMP2/MCAM/AEBP1/COL1A2/THBS1/ADAMTS1/C3/ELN/CTSC/CTSK/THBD",43
"C0339573","Glaucoma, Primary Open Angle","34/459","383/21671",0.0887728459530026,4.19127743931922,9.26918408759428,2.08006651266702e-12,2.1808011623519e-09,1.56865166331205e-09,"OGN/PDE5A/GAS7/CLU/EBF1/EDNRA/SERPINE1/GJA1/IGKC/CYP1B1/CACNA2D1/AXL/CAV2/DCLK1/EFEMP1/TIMP2/DCN/CAV1/MFGE8/COL8A2/ACTG2/NR3C1/CRYAB/SPARC/CCL2/MMP2/VEGFC/HLA-DQB1/THBS1/C3/LOXL1/ELN/COL8A1/CDH5",34
"C0242383","Age related macular degeneration","46/459","685/21671",0.0671532846715329,3.1705421179015,8.49168074813559,5.42814397571939e-12,4.59341083227947e-09,3.3040433335793e-09,"AOC3/FILIP1L/PDE5A/CLU/VWF/ICAM1/AGTR1/POSTN/HMCN1/SGCD/TGFBR1/FGFR1/IL6ST/IGFBP7/SERPINE1/GEM/TNC/EFEMP1/TIMP2/CAV1/FHL1/SERPING1/ANGPTL2/MASP1/MFGE8/RGS10/ZEB2/CRYAB/HTRA1/CCL2/SERPINF1/MMP2/VEGFC/CFH/LGALS1/HLA-DQB1/THBS1/C3/LOXL1/FNDC1/ELN/COL8A1/STC1/RORA/MYO5A/THBD",46
"C0013264","Muscular Dystrophy, Duchenne","33/459","375/21671",0.088,4.15478867102397,9.06529364852371,5.63301505525484e-12,4.59341083227947e-09,3.3040433335793e-09,"PDE5A/ADAMTS5/ST8SIA4/CYBB/POSTN/SSPN/SGCD/PMP22/SYNE1/CD38/SERPINE1/GJA1/CTSB/TNC/TIMP2/TUBB6/DCN/PLN/FHL1/ITPR1/ACTG2/VCAM1/NR3C1/SYNM/CCL2/THBS4/MMP2/LGALS1/THBS1/EFEMP2/CTSC/PRKCB/ITGA4",33
"C0856169","Endothelial dysfunction","47/459","716/21671",0.0656424581005587,3.09921069607235,8.40260016607762,6.94948163227375e-12,5.1002245699257e-09,3.6685947774582e-09,"AOC3/PDE5A/ADAMTS5/CLU/PECAM1/VWF/LIPA/ICAM1/AGTR1/CYBB/STON1/TGFBR1/CD8A/CD38/EDNRA/SERPINE1/CCL5/ARHGAP9/ACKR3/AKAP12/PRKG1/GEM/CAV1/SERPING1/ANGPTL2/MASP1/CLIC4/MFGE8/VCAM1/ZEB2/SYNM/CCL2/FLNA/MGP/SERPINF1/MMP2/CFH/MCAM/TFPI/MSN/THBS1/ELN/LUM/PRKCB/AKR1B1/CDH5/THBD",47
"C0026850","Muscular Dystrophy","28/459","280/21671",0.1,4.72135076252723,9.21953607847326,1.17157041437489e-11,7.81650479190663e-09,5.6224168689857e-09,"COL4A1/HSPB8/SSPN/IL2RB/SGCD/RUNX1T1/SYNE1/CD38/SERPINE1/PEG3/COL12A1/LDB3/GEM/DCN/FHL1/ITPR1/SGCE/CRYAB/COL6A2/DES/COL6A1/SDC2/MSN/DTNA/EFEMP2/BCHE/LAMB2/PRIMA1",28
"C0007787","Transient Ischemic Attack","31/459","344/21671",0.0901162790697674,4.25470562902163,8.95098936339404,1.37082890980736e-11,8.38376114089684e-09,6.03044472165255e-09,"HAVCR2/COL3A1/CD74/VWF/ICAM1/PAPPA/CYBB/ADARB1/TGFBR1/FGFR1/SERPINE1/GJA1/CTSB/PRKG1/MFAP5/ACTA2/MYLK/CAV1/ITPR1/MYH11/ANK2/HTRA1/LTBP1/CCL2/SERPINF1/MMP2/THBS1/ADAMTS1/C3/ELN/THBD",31
"C0020542","Pulmonary Hypertension","21/459","156/21671",0.134615384615385,6.35566448801743,9.87529266939509,1.73384600823277e-11,9.78822758032329e-09,7.04067832492901e-09,"COL4A1/PDE5A/CLU/PECAM1/VWF/CYBB/TGFBR1/FGFR1/EDNRA/SERPINE1/GJA1/PRKG1/PTGIS/TNC/KCNMA1/CAV1/HTR2B/VCAM1/CCL2/TACR2/GREM1",21
"C0018799","Heart Diseases","39/459","537/21671",0.0726256983240224,3.42891396161196,8.38404135346249,2.42370651765525e-11,1.27054158093371e-08,9.13901367371511e-09,"JPH2/PDE5A/APOC1/VWF/FLI1/ICAM1/AGTR1/PAPPA/TCF4/SGCD/SYNE1/GJA1/ZFPM2/PRKG1/LDB3/TNC/ACTA2/MYLK/PLN/SLC24A3/ANGPTL2/ANK2/PRICKLE1/HSPB6/CRYAB/DES/SPARC/SERPINF1/FAM20C/MMP2/COL1A2/NFATC1/THBS1/ADAMTS1/LBH/LOXL1/ELN/PRKCB/THBD",39
"C0013720","Ehlers-Danlos Syndrome","15/459","77/21671",0.194805194805195,9.19743655037773,10.5999024158989,6.54978527514071e-11,3.20459160895051e-08,2.30506478279514e-08,"COL3A1/COL4A1/VWF/TGFBR1/COL12A1/ACTA2/TIMP2/DCN/C1R/ZEB2/FLNA/AEBP1/COL1A2/ELN/ADAMTS2",15
"C2973725","Pulmonary arterial hypertension","33/459","413/21671",0.0799031476997579,3.77250787320578,8.36819133873429,7.45536701071716e-11,3.41968365572833e-08,2.45978062886491e-08,"JPH2/PDE5A/FLI1/LIPA/ICAM1/AGTR1/CYBB/POSTN/DLC1/TGFBR1/FGFR1/EDNRA/CCL5/GJA1/CYP1B1/PTGIS/TNC/ACTA2/CAV1/CLIC4/TAGLN/HTR2B/ACTG2/VCAM1/CCL2/FLNA/MGP/MCAM/LGALS1/COL1A2/THBS1/LAMB2/THBD",33
"C0019294","Hernia, Inguinal","24/459","225/21671",0.106666666666667,5.03610748002905,8.95211845669625,9.27968002284192e-11,4.00609245221393e-08,2.88158484919828e-08,"COL3A1/FLI1/GLI3/SETBP1/TGFBR1/FGFR1/AP1S2/PRKG1/C1S/MFAP5/ACTA2/EFEMP1/TIMP2/MYLK/C1R/MYH11/MEIS2/FLNA/MMP2/AEBP1/COL1A2/EFEMP2/ELN/ADAMTS2",24
"C0007766","Intracranial Aneurysm","28/459","311/21671",0.090032154340836,4.25073380549076,8.49387699068961,1.39782824828246e-10,5.6992563967472e-08,4.09947875154183e-08,"HAVCR2/COL3A1/AOC3/COL4A1/RNF144A/OLFML2A/TGFBR1/EDNRA/SERPINE1/PKD2/CTSB/ACTA2/TIMP2/MYLK/MYH11/VCAM1/CCDC80/LMOD1/MYOCD/CCL2/FLNA/MMP2/COL1A2/GREM1/LOXL1/ELN/CDH5/CTSK",28
"C0149721","Left Ventricular Hypertrophy","32/459","403/21671",0.0794044665012407,3.74896338463701,8.19413550756821,1.71049908593092e-10,6.6070277850774e-08,4.75243928861141e-08,"COL3A1/HSPB8/JPH2/PDE5A/PECAM1/AGTR1/ITGA11/CYBB/POSTN/FGFR1/IL6ST/EDNRA/SERPINE1/GJA1/ACKR3/TNC/TIMP2/CAV1/PLN/FHL1/NEXN/HTR2B/VCAM1/SYNM/MYL9/PDE1A/CCL2/MMP2/COL1A2/THBS1/DTNA/PRKCB",32
"C4707243","Familial thoracic aortic aneurysm and aortic dissection","13/459","59/21671",0.220338983050847,10.4029762564159,10.6387071686197,2.43342120050909e-10,8.92943909526811e-08,6.42295122134373e-08,"COL3A1/COL4A1/TGFBR1/PKD2/PRKG1/MFAP5/ACTA2/MYLK/MYH11/FLNA/COL1A2/EFEMP2/ELN",13
"C0025286","Meningioma","41/459","634/21671",0.0646687697160883,3.05323945210752,7.71857831719694,2.60249277957802e-10,9.09509262348718e-08,6.54210590956579e-08,"OGN/MMP11/IGFBP5/RDX/RBMS3/SMARCA1/JAK3/DLC1/MN1/DKK3/FGFR1/CD8A/IGFBP7/EDNRA/SERPINE1/GJA1/ACKR3/PTPRC/AKAP12/CYP1B1/CTSB/TNC/KCNMA1/TIMP2/CAV1/ALDH1A3/NR3C1/MEIS1/SYNM/CRYAB/SPARC/CCL2/MMP2/LGALS1/PRELP/COL1A2/TSPAN2/MSN/HLA-DQB1/THBS1/IGFBP6",41
"C0013274","Patent ductus arteriosus","36/459","510/21671",0.0705882352941176,3.33271818531334,7.84195342651863,3.2098166386609e-10,1.07076565050601e-07,7.70202413535139e-08,"CHST15/VWF/GLI3/AGTR1/SMARCA1/MAP1B/DLC1/RAB23/TGFBR1/SLIT2/GJA1/CYP1B1/PRKG1/PTGIS/AXL/TNC/MFAP5/DCLK1/ACTA2/MYLK/RECK/MASP1/MYH11/ZEB2/KCNJ8/SPARC/MYOCD/CCL2/FLNA/DACT1/MMP2/LGALS1/NFATC1/PALLD/DTNA/ELN",36
"C3203102","Idiopathic pulmonary arterial hypertension","46/459","776/21671",0.0592783505154639,2.79873885407542,7.50624573411089,3.49702054591308e-10,1.1158536428894e-07,8.02634235137487e-08,"JPH2/EPHA3/PDE5A/PECAM1/VWF/FLI1/LIPA/ICAM1/FGL2/AGTR1/POSTN/DLC1/TGFBR1/FGFR1/EDNRA/SERPINE1/CCL5/GJA1/PTPRC/CYP1B1/PTGIS/TNC/ACTA2/CAV1/PLN/FHL1/CLIC4/TAGLN/HTR2B/ACTG2/VCAM1/PDE1A/CCL2/FLNA/MGP/MMP2/FBXO32/CFH/MCAM/LGALS1/COL1A2/THBS1/ELN/LAMB2/CDH5/THBD",46
"C0153690","Secondary malignant neoplasm of bone","41/459","647/21671",0.0633693972179289,2.9918915187576,7.56667599773797,4.7762137943712e-10,1.46052637653709e-07,1.05055755170051e-07,"PDLIM3/ITGBL1/PECAM1/ICAM1/PCDH7/POSTN/DLC1/TGFBR1/PMP22/FGFR1/IL6ST/EDNRA/SERPINE1/GJA1/ACKR3/CTSB/WWTR1/AXL/TNC/MFAP5/DDR2/TIMP2/DCN/ANGPTL2/VCAM1/TWIST2/ZEB2/DPYSL3/ANTXR1/F2R/SPARC/CCL2/TACR2/MMP2/MCAM/A2M/ADAMTS1/CDH11/ELN/CTSK/ITGA4",41
"C0340643","Dissection of aorta","19/459","152/21671",0.125,5.90168845315904,8.92075156520913,5.84941290337573e-10,1.65491339291719e-07,1.19038025623449e-07,"COL3A1/IL18BP/PECAM1/TGFBR1/RUNX1T1/IL6ST/PKD2/PRKG1/ACTA2/MYLK/FHL1/MYH11/TAGLN/CCL2/THBS4/MMP2/THBS1/EFEMP2/ELN",19
"C0042345","Varicosity","21/459","188/21671",0.111702127659574,5.27384925601446,8.657562782025,5.99926133035851e-10,1.65491339291719e-07,1.19038025623449e-07,"COL3A1/ICAM1/EBF1/GJA1/CAV2/TNC/MFAP5/TIMP2/KANK2/SYNM/DES/MYOCD/CCL2/MGP/MMP2/VEGFC/LBH/ELN/PRKCB/PAPLN/THBD",21
"C0162872","Aortic Aneurysm, Thoracic","11/459","41/21671",0.268292682926829,12.6670386311706,10.9994075475074,6.08838555780952e-10,1.65491339291719e-07,1.19038025623449e-07,"SERPINE1/PRKG1/MFAP5/ACTA2/MYLK/MYH11/FLNA/MMP2/THBS1/ELN/PRKCB",11
"C1836653","Ascending aortic dissection","9/459","25/21671",0.36,16.996862745098,11.7722908942441,1.19983254319733e-09,3.14484679804472e-07,2.26209030230625e-07,"TGFBR1/SERPINE1/PRKG1/MFAP5/ACTA2/MYLK/MYH11/EFEMP2/ELN",9
"C0555198","Malignant Glioma","43/459","724/21671",0.0593922651933702,2.80411716558938,7.26303429182911,1.28877206233009e-09,3.20951113811045e-07,2.30860340324925e-07,"QKI/HAVCR2/MMP11/PECAM1/LAYN/ICAM1/TCF4/IL2RB/AKT3/DKK3/FGFR1/SOX7/SLIT2/LATS2/CCL5/GJA1/CD2/CTSB/WWTR1/EFS/CAV2/TNC/EFEMP1/TIMP2/MYLK/DCN/CAV1/RECK/ALDH1A3/ANGPTL1/DES/SPARC/LTBP1/CCL2/PDPN/SERPINF1/EMP3/MMP2/LGALS1/THBS1/CDH11/CTSK/STC1",43
"C0023267","Fibroid Tumor","31/459","413/21671",0.0750605326876513,3.54387103240543,7.67810246670927,1.31196803574484e-09,3.20951113811045e-07,2.30860340324925e-07,"COL3A1/PECAM1/VWF/TGFBR1/AKT3/FGFR1/IGFBP7/EDNRA/SERPINE1/GJA1/EGR2/CALD1/CYP1B1/TNC/FERMT2/EFEMP1/TIMP2/MYLK/CAV1/RFTN1/RECK/NR3C1/DES/LTBP1/CCL2/SMTN/TACR2/PBX3/MMP2/THBS1/AKR1B1",31
"C0003486","Aortic Aneurysm","25/459","278/21671",0.0899280575539568,4.24581903104967,8.01227494473156,1.41484331624869e-09,3.34952745095132e-07,2.40931722614165e-07,"COL3A1/AOC3/ADAMTS5/PECAM1/AGTR1/MAP1B/TGFBR1/CD38/SERPINE1/TNC/ACTA2/MYLK/ANGPTL2/MYH11/TAGLN/CCL2/FLNA/PDPN/MMP2/THBS1/LOXL1/EFEMP2/ELN/CDH5/CTSK",25
"C0042133","Uterine Fibroids","37/459","569/21671",0.0650263620386643,3.0701226399562,7.36097576895636,1.74424809538894e-09,3.88711131401148e-07,2.79600164080401e-07,"COL3A1/GJC1/IGFBP5/AGTR1/POSTN/AKT3/FGFR1/SYNE1/IGFBP7/CD38/EDNRA/SERPINE1/GJA1/EGR2/CALD1/CYP1B1/TNC/FERMT2/EFEMP1/TIMP2/MYLK/CAV1/ITPR1/RFTN1/RECK/NR3C1/DES/LTBP1/MYOCD/CCL2/SMTN/TACR2/PBX3/MMP2/THBS1/AKR1B1/EDIL3",37
"C0235833","Congenital diaphragmatic hernia","23/459","239/21671",0.096234309623431,4.54355931121868,8.10312046983858,1.75590979328065e-09,3.88711131401148e-07,2.79600164080401e-07,"CRISPLD2/GLI3/AGTR1/TCF4/SOX7/TRPS1/EDNRA/ZFPM2/ACTA2/TIMP2/CAV1/NR3C1/ZEB2/RGMA/DES/CCL2/FLNA/DACT1/MMP2/FSTL1/EFEMP2/ELN/EDIL3",23
"C4476540","Dilatation of the cerebral artery","9/459","26/21671",0.346153846153846,16.343137254902,11.5150820867779,1.80081461611106e-09,3.88711131401148e-07,2.79600164080401e-07,"COL3A1/COL4A1/TGFBR1/PRKG1/MFAP5/ACTA2/MYLK/MYH11/ELN",9
"C1658953","tumor vasculature","21/459","200/21671",0.105,4.9574183006536,8.27076743024975,1.87148914299376e-09,3.92424537726606e-07,2.82271219612443e-07,"ADAM12/PECAM1/VWF/ICAM1/PAPPA/HLA-DOA/FGFR1/SERPINE1/CCL5/ACKR3/CALD1/TNC/TIMP2/VCAM1/ANTXR1/DES/MMP2/THBS1/CDH11/CDH5/THBD",21
"C0032914","Pre-Eclampsia","19/459","166/21671",0.114457831325301,5.40395569204924,8.37861530441099,2.63353150508971e-09,5.06996673843981e-07,3.64683030002304e-07,"ADAM12/PDE5A/CLU/VWF/ICAM1/AGTR1/IL6ST/SERPINE1/CCL5/TIMP2/ACTG2/VCAM1/HTRA1/CFH/TFPI/LGALS1/C3/ITGA4/THBD",19
"C4025845","Abnormality iris morphology","9/459","27/21671",0.333333333333333,15.7378358750908,11.2717623696028,2.65085232284486e-09,5.06996673843981e-07,3.64683030002304e-07,"TGFBR1/GJA1/CYP1B1/PRKG1/MFAP5/ACTA2/MYLK/MYH11/ELN",9
"C1704272","Benign Prostatic Hyperplasia","44/459","770/21671",0.0571428571428571,2.69791472144413,7.05704185101869,2.67254388195406e-09,5.06996673843981e-07,3.64683030002304e-07,"HAVCR2/FYN/IGFBP5/ITGBL1/PDE5A/CLU/FLI1/AGTR1/MAP4K4/POSTN/DKK3/FGFR1/TRPS1/SLIT2/IGFBP7/EDNRA/CCL5/ACKR3/AKAP12/CYP1B1/CTSB/CAV2/DCLK1/KCNMA1/TIMP2/CAV1/RECK/ANGPTL2/MEIS2/F2R/CCL2/PPP1R14A/SERPINF1/MMP2/MCAM/WIPF1/A2M/THBS1/ADAMTS1/ELN/IL10RA/STC1/RORA/ITGA4",44
"C0035309","Retinal Diseases","42/459","714/21671",0.0588235294117647,2.77726515442778,7.10365341939103,2.69421859652749e-09,5.06996673843981e-07,3.64683030002304e-07,"IGFBP5/CYGB/CD74/ICAM1/AGTR1/CYBB/ATXN1/FGFR1/JAM3/EDNRA/SERPINE1/GJA1/ACKR3/PTPRC/CYP1B1/PKD2/EFEMP1/DCN/CAV1/COL8A2/MITF/VCAM1/CRYAB/MEF2C/SPARC/CCL2/SERPINF1/MPDZ/MMP2/VEGFC/CFH/LGALS1/HLA-DQB1/C3/LAMB2/PRKCB/IGFBP6/AKR1B1/COL8A1/STC1/MYO5A/EDIL3",42
"C0040420","Tonometry","21/459","206/21671",0.101941747572816,4.81302747636271,8.08878119563745,3.2006859403968e-09,5.74315609701561e-07,4.13105583386999e-07,"COL4A1/ADAM12/TFEC/PCSK5/TCF4/DLC1/CAV2/FERMT2/EFEMP1/ANGPTL2/TNS1/COL8A2/GLT8D2/ANTXR1/LTBP1/COL6A1/THBS4/FBXO32/CDH11/ADAMTS2/EMCN",21
"C0023787","Lipodystrophy","22/459","226/21671",0.0973451327433628,4.59600516706191,7.99385912728282,3.20846709330481e-09,5.74315609701561e-07,4.13105583386999e-07,"COL3A1/LAMA4/SGCD/FGFR1/SYNE1/EBF1/CD38/SERPINE1/PTPRC/LDB3/FERMT2/CAV1/PLN/FHL1/CLMP/NEXN/NR3C1/CRYAB/CAP2/DES/CCL2/FLNA",22
"C0026654","Moyamoya Disease","16/459","117/21671",0.136752136752137,6.45654805131929,8.70546482069406,3.58792478368599e-09,6.26947142558845e-07,4.50963478450758e-07,"CLU/CCL5/GJA1/ACTA2/TIMP2/MYLK/CAV1/SGCE/HTRA1/CCL2/MMP2/JAZF1/CFH/HLA-DQB1/ELN/THBD",16
"C0007193","Cardiomyopathy, Dilated","34/459","512/21671",0.06640625,3.13527199074074,7.19259494884001,4.82080496002831e-09,8.22788083759251e-07,5.91831992032852e-07,"PDLIM3/JPH2/TPM2/IL18BP/AGTR1/LAMA4/POSTN/SGCD/HSPB7/SYNE1/EDNRA/SERPINE1/GJA1/YME1L1/CTSB/LDB3/AXL/TIMP2/MYLK/PLN/MFGE8/NEXN/HSPB6/CNN1/SYNM/CRYAB/HOPX/CAP2/DES/MYOCD/CCL2/FBXO32/COX7A1/HLA-DQB1",34
"C0011853","Diabetes Mellitus, Experimental","34/459","522/21671",0.0651340996168582,3.07520930892578,7.05987853341781,7.82787409678615e-09,1.30565381809803e-06,9.39157621899103e-07,"AOC3/PDE5A/CLU/PECAM1/VWF/ICAM1/CYBB/JAK3/EDNRA/SERPINE1/GJA1/CALD1/CTSB/PRKG1/TNC/KCNMA1/TIMP2/DCN/CAV1/MFGE8/VCAM1/NR3C1/MEF2C/LTBP1/CCL2/SERPINF1/KCNMB1/MMP2/THBS1/ELN/BCHE/CTSC/PRKCB/AKR1B1",34
"C0031090","Periodontal Diseases","26/459","326/21671",0.0797546012269939,3.76549447318123,7.40079721538913,8.34523446208275e-09,1.33803808678656e-06,9.6245164696676e-07,"CLU/PECAM1/ICAM1/AGTR1/SERPINE1/SLAMF7/CTSB/GEM/TNC/RECK/ANGPTL2/MFGE8/VCAM1/F2R/HTRA1/CCL2/PDPN/MMP2/CFH/NFATC1/HLA-DQB1/ELN/BCHE/CTSC/CTSK/EDIL3",26
"C2931384","Moyamoya disease 1","14/459","92/21671",0.152173913043478,7.18466420384579,8.74458835020065,8.38666739231254e-09,1.33803808678656e-06,9.6245164696676e-07,"CLU/CCL5/GJA1/ACTA2/TIMP2/MYLK/CAV1/CCL2/MMP2/JAZF1/CFH/HLA-DQB1/ELN/THBD",14
"C4049446","Neointimal hyperplasia","20/459","198/21671",0.101010101010101,4.76904117426993,7.83722119178816,8.903233660146e-09,1.39023046450663e-06,9.99993657460968e-07,"DOCK2/S1PR3/CLU/PECAM1/VWF/AGTR1/JAK3/SERPINE1/GJA1/PRKG1/DCN/CAV1/ANGPTL2/MYH11/TAGLN/CCL2/SERPINF1/LGALS1/ELN/CTSK",20
"C0019284","Diaphragmatic Hernia","13/459","78/21671",0.166666666666667,7.86891793754539,8.93972431401471,9.19804594728424e-09,1.40634290014831e-06,1.01158334266734e-06,"IGFBP5/ICAM1/AGTR1/SOX7/EDNRA/GJA1/ZFPM2/KCNMA1/TIMP2/DCN/VCAM1/ELN/EDIL3",13
"C0034067","Pulmonary Emphysema","27/459","352/21671",0.0767045454545455,3.62149064171123,7.29425963709783,9.86391244039334e-09,1.46100535212382e-06,1.05090207914472e-06,"CHRNA3/IGFBP5/AMOTL1/PECAM1/CD74/TGFBR1/FGFR1/NREP/IL6ST/SLIT2/IGFBP7/SERPINE1/CCL5/TIMP2/CAV1/SERPING1/F2R/CCL2/FLNA/MMP2/FSTL1/A2M/HLA-DQB1/C3/LOXL1/EFEMP2/ELN",27
"C1388233","Aneurysm of descending thoracic aorta","7/459","15/21671",0.466666666666667,22.0329702251271,11.9867681270505,1.01527827985168e-08,1.46100535212382e-06,1.05090207914472e-06,"TGFBR1/PRKG1/MFAP5/ACTA2/MYLK/MYH11/ELN",7
"C4022878","Descending aortic dissection","7/459","15/21671",0.466666666666667,22.0329702251271,11.9867681270505,1.01527827985168e-08,1.46100535212382e-06,1.05090207914472e-06,"TGFBR1/PRKG1/MFAP5/ACTA2/MYLK/MYH11/ELN",7
"C0278883","Metastatic melanoma","33/459","504/21671",0.0654761904761905,3.0913606183214,6.98810671163471,1.15263344594245e-08,1.62676478072532e-06,1.17013294157923e-06,"HAVCR2/FYN/PDE5A/CLU/CD74/FLI1/ICAM1/AGTR1/POSTN/OSMR/HLA-DOA/ITGA1/PRKD1/TIAM1/IGFBP7/ACKR3/RPS6KA2/AKAP12/AXL/GPC6/MITF/ALDH1A3/F2R/DES/SPARC/CCL2/SERPINF1/MMP2/MCAM/HLA-DQB1/THBS1/PRKCB/RORA",33
"C4025690","Prenatal maternal abnormality","8/459","23/21671",0.347826086956522,16.4220896087904,10.8853711095629,1.41368796006798e-08,1.95755772432809e-06,1.40807251633384e-06,"TGFBR1/PRKG1/MFAP5/KCNMA1/ACTA2/MYLK/MYH11/ELN",8
"C0018800","Cardiomegaly","23/459","267/21671",0.0861423220973783,4.06708118120323,7.41785637125788,1.46302189441741e-08,1.98835512650545e-06,1.43022510731059e-06,"AGTR1/POSTN/TGFBR1/AKT3/LATS2/CD38/CYP1B1/PRKG1/MFAP5/ACTA2/MYLK/CAV1/MYH11/HTR2B/VCAM1/KCNJ8/MYOCD/MMP2/A2M/LOXL1/ELN/ATP1A2/PRKCB",23
"C0014072","Experimental Autoimmune Encephalomyelitis","14/459","97/21671",0.144329896907216,6.81432068818363,8.44237230997036,1.6904545045777e-08,2.24226186538442e-06,1.61286038609919e-06,"QKI/HAVCR2/JAK3/CCL5/AKAP12/VCAM1/CCL2/MMP2/A2M/HLA-DQB1/C3/CTSC/IL10RA/ITGA4",14
"C0013405","Dyspnea, Paroxysmal","7/459","16/21671",0.4375,20.6559095860566,11.5696183311002,1.77205597754866e-08,2.24226186538442e-06,1.61286038609919e-06,"TGFBR1/PRKG1/MFAP5/ACTA2/MYLK/MYH11/ELN",7
"C1851712","Dural ectasia","7/459","16/21671",0.4375,20.6559095860566,11.5696183311002,1.77205597754866e-08,2.24226186538442e-06,1.61286038609919e-06,"TGFBR1/PRKG1/MFAP5/ACTA2/MYLK/MYH11/ELN",7
"C4476554","Carotid artery dilatation","7/459","16/21671",0.4375,20.6559095860566,11.5696183311002,1.77205597754866e-08,2.24226186538442e-06,1.61286038609919e-06,"TGFBR1/PRKG1/MFAP5/ACTA2/MYLK/MYH11/ELN",7
"C4317009","Diverticular Diseases","13/459","83/21671",0.156626506024096,7.39488673648844,8.5863915220004,2.00436134502523e-08,2.49322167985426e-06,1.79337594028573e-06,"CRISPLD2/PCSK5/KIF26B/TRPS1/GJA1/CALD1/EFEMP1/TIMP2/TNS1/COL6A1/TACR2/LOXL1/ELN",13
"C0031099","Periodontitis","39/459","682/21671",0.0571847507331378,2.6998926647883,6.63533421363751,2.20192148707373e-08,2.69331696560569e-06,1.93730460660961e-06,"COL3A1/IGFBP5/EPHA3/CLU/ST8SIA4/CD74/ICAM1/AGTR1/POSTN/ZNF667-AS1/IL6ST/CD38/SERPINE1/CCL5/SLAMF7/CYP1B1/GEM/C1S/TNC/TIMP2/CAV1/C1R/RECK/ANGPTL2/MFGE8/VCAM1/F2R/CCL2/FAM20C/MMP2/VEGFC/NFATC1/PDLIM7/THBS1/C3/ELN/CTSC/CTSK/EDIL3",39
"C0423798","Increased tendency to bruise","16/459","133/21671",0.120300751879699,5.67982046619817,7.96337772055202,2.34093582841371e-08,2.816414433562e-06,2.02584869361428e-06,"COL3A1/VWF/TGFBR1/PRKG1/C1S/MFAP5/ACTA2/MYLK/C1R/MYH11/FLNA/AEBP1/COL1A2/WIPF1/ELN/ADAMTS2",16
"C0852949","Arteriopathic disease","14/459","101/21671",0.138613861386139,6.5444466015229,8.21559096629585,2.87067756260832e-08,3.39804881161007e-06,2.44421867172847e-06,"COL3A1/COL4A1/VWF/POSTN/CD84/TGFBR1/SERPINE1/ACTA2/CAV1/MYH11/HTRA1/FLNA/EFEMP2/ELN",14
"C0026848","Myopathy","37/459","634/21671",0.0583596214511041,2.75536243238971,6.59879313908479,3.05223309270632e-08,3.55560931228122e-06,2.55755204008725e-06,"AOC3/COL4A1/HSPB8/TPM2/SAMD4A/LAMA4/ADARB1/SGCD/AP1S2/SYNE1/CD38/CALD1/CTSB/COL12A1/LDB3/DCN/CAV1/CFL2/PLN/FHL1/NEXN/SYNM/CRYAB/MYL9/CAP2/COL6A2/DES/SPARC/COL6A1/FLNA/MMP2/FBXO32/THBS1/DTNA/ELN/LAMB2/AKR1B1",37
"C1306503","Congenital exomphalos","21/459","235/21671",0.0893617021276596,4.21907940481157,7.29858610015117,3.30668583262749e-08,3.7918386446333e-06,2.72747194911626e-06,"COL3A1/GLI3/PCSK5/RAB23/SETBP1/GJA1/C1S/MYLK/GPC6/MASP1/MYH11/ACTG2/TWIST2/KCNJ8/ANTXR1/LMOD1/FLNA/AEBP1/CDH11/ELN/ADAMTS2",21
"C0002726","Amyloidosis","39/459","694/21671",0.0561959654178674,2.65320864176602,6.51149486069189,3.50985561313358e-08,3.96289697612113e-06,2.8505143157676e-06,"FYN/HSPB8/LAIR1/EPHA3/PDE5A/CLU/CD74/VWF/AGTR1/CYBB/OSMR/RUNX1T1/PMP22/CD38/SERPINE1/CCL5/PTPRC/CTSB/GEM/FERMT2/EFEMP1/DCN/CAV1/MFGE8/VCAM1/ZEB2/SYNM/CRYAB/DES/HTRA1/SERPINF1/MMP2/A2M/C3/C1QC/ELN/BCHE/LILRB2/PRKCB",39
"C0595921","Intraocular pressure disorder","24/459","304/21671",0.0789473684210526,3.72738218094255,7.04459458754603,3.82197854551519e-08,4.24992432508121e-06,3.05697327045593e-06,"GAS7/PECAM1/AGTR1/RUNX1T1/DKK3/IGFBP7/CD38/EDNRA/CYP1B1/CACNA2D1/GEM/CAV2/TNC/CAV1/NR3C1/GAP43/SPARC/CCL2/TGFB1I1/MMP2/LOXL1/LUM/AKR1B1/STC1",24
"C3714636","Pneumonitis","39/459","697/21671",0.0559540889526542,2.64178880543131,6.48094053282312,3.93606883993685e-08,4.31146406213381e-06,3.10123884246399e-06,"HAVCR2/RGS2/COL3A1/AOC3/LAIR1/PDE5A/PTGER3/PECAM1/CD74/VWF/ICAM1/CYBB/POSTN/IL2RB/HLA-DOA/IL6ST/SLIT2/LATS2/EDNRA/SERPINE1/CCL5/ACKR3/CD2/MYLK/CAV1/SERPING1/TAGLN/VCAM1/NR3C1/F2R/CCL2/SDC2/MMP2/MCAM/TFPI/THBS1/ELN/AKR1B1/RORA",39
"C0947751","Vascular inflammations","24/459","305/21671",0.0786885245901639,3.71516125575913,7.02471848583632,4.06828278524285e-08,4.37783132182521e-06,3.14897685457698e-06,"PECAM1/VWF/ICAM1/AGTR1/CYBB/DKK3/IL6ST/SLIT2/EDNRA/SERPINE1/CAV1/SERPING1/ANGPTL2/MFGE8/TAGLN/VCAM1/MYOCD/CCL2/PDPN/THBS4/MMP2/ELN/PRKCB/THBD",24
"C0151744","Myocardial Ischemia","41/459","756/21671",0.0542328042328042,2.5605209161854,6.42460670367978,4.11596077402834e-08,4.37783132182521e-06,3.14897685457698e-06,"CYGB/IL18BP/PECAM1/VWF/ICAM1/AGTR1/PAPPA/ATXN1/IL6ST/IGFBP7/CD38/EDNRA/SERPINE1/GJA1/EGR2/TNC/DCN/TUBA1A/PLN/GBP2/TAGLN/VCAM1/HSPB6/CRYAB/KCNJ8/DES/SPARC/CCL2/SERPINF1/KCNMB1/JAZF1/TFPI/MSN/C3/ELN/CTSC/PRKCB/AKR1B1/RTN1/THBD/EDIL3",41
"C0025500","Mesothelioma","34/459","560/21671",0.0607142857142857,2.86653439153439,6.58295060209508,4.39133311933692e-08,4.60399910897338e-06,3.31165948774055e-06,"HAVCR2/FYN/GJC1/CD74/ICAM1/ZNF667-AS1/FGFR1/EDNRA/SERPINE1/GJA1/ACKR3/WWTR1/AXL/TNC/DCLK1/EFEMP1/GBP1/MITF/VCAM1/ZEB2/F2R/HTRA1/CCL2/PPP1R14A/PDPN/SDC2/MMP2/VEGFC/MCAM/TFPI/GREM1/PDGFC/EFEMP2/PRKCB",34
"C0016202","Flatfoot","23/459","285/21671",0.0807017543859649,3.81021289607461,7.02492772454815,4.92036612275609e-08,5.08599534857845e-06,3.65835968949174e-06,"TPM2/FLI1/GLI3/TCF4/TGFBR1/FGFR1/TRPS1/PRKG1/COL12A1/MFAP5/ACTA2/MYLK/MYH11/COL6A2/COL6A1/FLNA/PDPN/DACT1/MMP2/AEBP1/COL1A2/ELN/CTSC",23
"C1280433","Lipoatrophy","14/459","106/21671",0.132075471698113,6.23574629013031,7.94880392492964,5.37230801039684e-08,5.47602340115311e-06,3.93890711580996e-06,"COL3A1/LAMA4/SGCD/CD38/LDB3/FERMT2/CAV1/PLN/CLMP/NEXN/CRYAB/CAP2/DES/FLNA",14
"C0002793","Anaplasia","33/459","538/21671",0.0613382899628253,2.89599582088102,6.55077867015124,5.48750166925038e-08,5.51681845899021e-06,3.96825102686238e-06,"CYGB/ICAM1/AGTR1/PAPPA/SMARCA1/POSTN/TGFBR1/DKK3/FGFR1/CD38/SERPINE1/GJA1/CALD1/WWTR1/TNC/MYLK/DCN/CAV1/TAGLN/MITF/ACTG2/TWIST2/ALDH1A3/CNN1/MEF2C/DES/MYOCD/CCL2/RBPMS2/MMP2/GREM1/THBS1/AKR1B1",33
"C2363973","Chronic thromboembolic pulmonary hypertension","12/459","76/21671",0.157894736842105,7.4547643618851,8.29192897873268,6.42622629683279e-08,6.37325335033188e-06,4.58428518899238e-06,"PDE5A/PECAM1/ICAM1/TGFBR1/PTGIS/F2R/CCL2/PDPN/MGP/MMP2/CDH5/THBD",12
"C0241868","acute aortic dissection","11/459","63/21671",0.174603174603175,8.24362831552374,8.46962410449136,7.80159374528884e-08,7.63411953288997e-06,5.49122703615769e-06,"PECAM1/VWF/SERPINE1/PRKG1/TNC/ACTA2/MYLK/CCL2/MMP2/THBS1/ADAMTS1",11
"C0241074","Hyperextensible skin","10/459","50/21671",0.2,9.44270152505447,8.79171373961675,7.93154539445523e-08,7.65915942761933e-06,5.50923824836468e-06,"AKT3/TRPS1/C1S/C1R/TWIST2/ANTXR1/FLNA/AEBP1/COL1A2/ADAMTS2",10
"C0016059","Fibrosis","18/459","184/21671",0.0978260869565217,4.61871270247229,7.25137080448987,8.08874296598443e-08,7.70951748407269e-06,5.54546083040491e-06,"COL3A1/ICAM1/AGTR1/SSPN/IL6ST/SERPINE1/DCN/CAV1/ACTG2/SPARC/CCL2/MMP2/COL1A2/GREM1/PDGFC/THBS1/LUM/PRKCB",18
"C0027055","Myocardial Reperfusion Injury","20/459","226/21671",0.0884955752212389,4.17818651551083,7.06505527798815,8.25640141326711e-08,7.76842691948299e-06,5.58783442476849e-06,"PTGER3/PECAM1/ICAM1/AGTR1/CYBB/EDNRA/SERPINE1/GJA1/PRKG1/TNC/PLN/ANK2/VCAM1/KCNJ8/CCL2/MMP2/THBS1/C3/LUM/PRKCB",20
"C0022548","Keloid","17/459","165/21671",0.103030303030303,4.86442199775533,7.32979259911868,8.70945043651264e-08,8.09096920931219e-06,5.81983929901544e-06,"COL3A1/POSTN/SERPINE1/CTSB/TNC/DDR2/DCN/CAV1/TAGLN/NR3C1/HTRA1/FLNA/SERPINF1/MMP2/LGALS1/HLA-DQB1/CDH11",17
"C0023465","Acute monocytic leukemia","36/459","633/21671",0.0568720379146919,2.68512839575008,6.32961967712877,8.97852214797435e-08,8.23667175549797e-06,5.92464323316992e-06,"HAVCR2/RGS2/GAS7/DERL3/CD74/GLI3/MLLT11/RUNX1T1/FGFR1/TIAM1/IL6ST/LATS2/CD38/GLIS2/HIP1/CTSB/EFS/GEM/MYH11/MITF/VCAM1/TWIST2/MEIS1/SPARC/HOXB2/CCL2/FLNA/MMP2/VEGFC/NFATC1/ELN/LILRB2/AKR1B1/CTSK/RORA/LCP2",36
"C1298820","Aneurysm of aortic root","9/459","39/21671",0.230769230769231,10.8954248366013,9.0983659313534,9.56482901103733e-08,8.66620742123493e-06,6.23360851076702e-06,"COL3A1/TPM2/TGFBR1/PRKG1/MFAP5/ACTA2/MYLK/MYH11/ELN",9
"C0024796","Marfan Syndrome","15/459","130/21671",0.115384615384615,5.44771241830065,7.48204702993356,1.12640179510301e-07,1.00812960661719e-05,7.25148267322411e-06,"COL3A1/VWF/AGTR1/TGFBR1/ACTA2/TIMP2/DCN/TAGLN/CNN1/MMP2/COL1A2/THBS1/ADAMTS1/ELN/CDH5",15
"C0038525","Subarachnoid Hemorrhage","31/459","501/21671",0.06187624750499,2.92139468340008,6.40058998702713,1.1559208731599e-07,1.01005535766293e-05,7.26533461274603e-06,"COL3A1/CLU/VWF/ICAM1/AGTR1/CYBB/POSTN/TGFBR1/FGFR1/CD38/EDNRA/SERPINE1/GJA1/PRKG1/TNC/MFAP5/ACTA2/MYLK/MASP1/MYH11/NEXN/VCAM1/HSPB6/GAP43/F2R/CCL2/MMP2/TFPI/C3/ELN/THBD",31
"C0151846","Periosteal Disorder","12/459","80/21671",0.15,7.08202614379085,8.01681546002492,1.15607916669418e-07,1.01005535766293e-05,7.26533461274603e-06,"PDLIM3/PECAM1/POSTN/FGFR1/CCL5/EFS/TNC/TIMP2/MMP2/ELN/CTSK/EDIL3",12
"C4721806","Carcinoma, Basal Cell","33/459","557/21671",0.059245960502693,2.79720960796048,6.32100392304856,1.23300845178694e-07,1.06459400325463e-05,7.65763143741364e-06,"S1PR3/MMP11/PDE5A/ICAM1/GLI3/AGTR1/PTPN14/TGFBR1/NID1/IGFBP7/CD38/EDNRA/SERPINE1/CCL5/GJA1/ACKR3/PTPRC/AKAP12/GEM/TIMP2/DCN/NR3C1/GAP43/RGMA/CCL2/PDPN/MMP2/MCAM/AEBP1/GREM1/ELN/CTSK/THBD",33
"C0007194","Hypertrophic Cardiomyopathy","33/459","560/21671",0.0589285714285714,2.78222455648926,6.2856040962444,1.39581247417575e-07,1.18437952538227e-05,8.51924946004703e-06,"PDLIM3/COL4A1/JPH2/TPM2/VWF/ICAM1/AGTR1/SGCD/SYNE1/GJA1/FZD1/LDB3/FERMT2/ACTA2/TIMP2/MYLK/CAV1/PLN/FHL1/NEXN/HTR2B/NR3C1/CRYAB/MEF2C/KCNJ8/MYL9/DES/MYOCD/MMP2/TFPI/COL1A2/ELN/LUM",33
"C4552766","Miscarriage","28/459","426/21671",0.0657276995305164,3.10323524297565,6.44925087824916,1.40401987611742e-07,1.18437952538227e-05,8.51924946004703e-06,"HAVCR2/MMP11/LAIR1/AGTR1/LAMA4/POSTN/CD84/TGFBR1/AP1S2/CD8A/SLIT2/SERPINE1/PTPRC/CYP1B1/PTGIS/GEM/TIMP2/VCAM1/NR3C1/COL6A1/CCL2/MGP/LGALS1/COL1A2/HLA-DQB1/IGFBP6/COL13A1/THBD",28
"C3494422","Retrognathia","18/459","191/21671",0.0942408376963351,4.44944050918797,7.04357581525361,1.42845388696498e-07,1.19129807686772e-05,8.56901464489158e-06,"COL3A1/TPM2/SETBP1/TGFBR1/BNC2/PRKG1/MFAP5/ACTA2/MYLK/FHL1/MYH11/ZEB2/FAM20C/COL1A2/ELN/ADAMTS2/CCDC88A/COL13A1",18
"C0030848","Peyronie Disease","9/459","41/21671",0.219512195121951,10.3639406982305,8.82810139287196,1.5229888107299e-07,1.25586684066818e-05,9.03345817363746e-06,"PDE5A/LIPA/POSTN/TGFBR1/SERPINE1/DCN/TWIST2/CCL2/MMP2",9
"C0035078","Kidney Failure","26/459","378/21671",0.0687830687830688,3.24748994247905,6.48440629940566,1.63881371809708e-07,1.33636154190161e-05,9.61245707164544e-06,"PDLIM3/VWF/FLI1/AGTR1/SERPINE1/CCL5/BNC2/GLIS2/PKD2/FERMT2/TIMP2/DCN/CAV1/MASP1/CCL2/SDC2/KCNMB1/MMP2/FBXO32/CFH/TFPI/HLA-DQB1/C3/LAMB2/AKR1B1/THBD",26
"C0017661","IGA Glomerulonephritis","29/459","456/21671",0.0635964912280702,3.00261342353706,6.35774368837934,1.68284528142447e-07,1.3571869802609e-05,9.76225458223683e-06,"HAVCR2/LAIR1/PDE5A/CLU/VWF/ICAM1/AGTR1/POSTN/JAK3/TRAC/DKK3/IGFBP7/SERPINE1/CCL5/PTPRC/TNC/TIMP2/DCN/VCAM1/NR3C1/GNG2/CCL2/MMP2/CFH/PDGFC/HLA-DQB1/C3/HLA-DRA/MS4A6A",29
"C0205682","Waist-Hip Ratio","33/459","565/21671",0.0584070796460177,2.75760310023714,6.22711743749997,1.71248385038341e-07,1.36607814977868e-05,9.82620882113594e-06,"COL4A1/ITGBL1/PDE5A/TCEA2/ITGA11/LAMA4/PCSK5/TTC28/DLC1/MN1/SGCD/MCC/SETBP1/TSHZ2/FGFR1/NID1/MIR100HG/TIMP2/GPC6/MYH11/CYBRD1/HSD17B6/TWIST2/PHLDB2/MEIS1/MEIS2/COL6A2/VEGFC/JAZF1/PDGFC/LOXL1/COL8A1/RORA",33
"C0340427","Familial dilated cardiomyopathy","12/459","83/21671",0.144578313253012,6.8260492952201,7.82261552652672,1.75487054074346e-07,1.38483816113078e-05,9.96114970212616e-06,"LAMA4/SGCD/GJA1/CALD1/LDB3/MYLK/PLN/NEXN/CRYAB/CAP2/DES/PDLIM7",12
"C0038013","Ankylosing spondylitis","38/459","710/21671",0.0535211267605634,2.52692012642303,6.08533490015557,1.84245699256861e-07,1.43848849664479e-05,1.03470569067543e-05,"HAVCR2/PDLIM3/RDX/ST8SIA4/CD74/PAPPA/POSTN/IL2RB/OSMR/JAK3/HLA-DOA/ITGA1/TRAC/DKK3/CD38/GJA1/CYP1B1/PTGIS/GEM/TNC/ACTA2/CPQ/NR3C1/SPARC/CCL2/MMP2/VEGFC/FNBP1/JAZF1/CFH/MCAM/NFATC1/PDLIM7/HLA-DQB1/C3/IL10RA/PRKCB/EDIL3",38
"C1511789","Desmoplastic","14/459","117/21671",0.11965811965812,5.64947954490438,7.41785470081499,1.89080358302031e-07,1.44630589879612e-05,1.04032875301562e-05,"ADAM12/PECAM1/POSTN/ETV1/MFAP5/TIMP2/DCN/CAV1/GBP1/MMP2/COL1A2/GREM1/PALLD/ELN",14
"C0017601","Glaucoma","40/459","770/21671",0.051948051948052,2.45264974676739,6.03764719649173,1.89188399351993e-07,1.44630589879612e-05,1.04032875301562e-05,"COL3A1/COL4A1/OGN/CYGB/CLU/VWF/AGTR1/LAMA4/CYBB/POSTN/TGFBR1/RUNX1T1/EDNRA/GJA1/CYP1B1/CACNA2D1/WWTR1/CAV2/DCLK1/MYLK/CHRDL1/CAV1/MASP1/COL8A2/NR3C1/DOK5/CRYAB/ANTXR1/SPARC/SRPX/CCL2/MGP/SERPINF1/MMP2/THBS1/C3/LOXL1/ELN/BCHE/ITGA4",40
"C1858025","Spinal rigidity","10/459","55/21671",0.181818181818182,8.58427411368588,8.28424032341636,2.05452107121923e-07,1.55444640635855e-05,1.11811428889467e-05,"TPM2/SYNE1/COL12A1/CAV1/CFL2/FHL1/COL6A2/DES/COL6A1/COL13A1",10
"C2585653","Persistent atrial fibrillation","16/459","156/21671",0.102564102564103,4.84241103848947,7.08500945981483,2.22196711086159e-07,1.66398128842992e-05,1.19690279924499e-05,"EPHA3/VWF/SSPN/ATXN1/CAV2/CAV1/CFL2/PLN/PHLDB2/NR3C1/DES/MYOCD/CALU/FBXO32/GNB4/WIPF1",16
"C0795690","Congenital omphalocele","12/459","85/21671",0.141176470588235,6.66543637062668,7.69842232084746,2.29447151159324e-07,1.69509264533893e-05,1.21928121805993e-05,"PCSK5/RAB23/FGFR1/MYLK/MASP1/MYH11/ACTG2/TWIST2/LMOD1/FLNA/DACT1/MMP2",12
"C0220611","Childhood Rhabdomyosarcoma","31/459","517/21671",0.0599613152804642,2.83098401621556,6.19838522528024,2.30970519871771e-07,1.69509264533893e-05,1.21928121805993e-05,"EPHA3/ST8SIA4/PECAM1/ICAM1/GLI3/SMARCA1/TGFBR1/TRAC/FGFR1/IL6ST/SERPINE1/CCL5/ACKR3/RPS6KA2/PTPRC/EFS/CAV2/TNC/CAV1/SERPING1/TWIST2/MEF2C/F2R/DES/CCL2/SERPINF1/MMP2/CFH/PDGFC/SLFN11/IGFBP6",31
"C3811653","Experimental Organism Basal Cell Carcinoma","28/459","437/21671",0.0640732265446224,3.02512177004033,6.29101822784613,2.36745267784752e-07,1.72027081215078e-05,1.23739188946381e-05,"S1PR3/MMP11/PDE5A/ICAM1/GLI3/AGTR1/PTPN14/TGFBR1/NID1/IGFBP7/CD38/EDNRA/SERPINE1/CCL5/GJA1/ACKR3/PTPRC/GEM/DCN/NR3C1/GAP43/RGMA/CCL2/PDPN/MMP2/GREM1/ELN/CTSK",28
"C3468561","familial atrial fibrillation","16/459","157/21671",0.101910828025478,4.81156765607871,7.05079140213787,2.42671022511465e-07,1.74604179824671e-05,1.25592897615583e-05,"EPHA3/VWF/SSPN/ATXN1/CAV2/CAV1/CFL2/PLN/PHLDB2/NR3C1/DES/MYOCD/CALU/FBXO32/GNB4/WIPF1",16
"C4048329","Immunosuppression","35/459","632/21671",0.055379746835443,2.61467209950084,6.06003765242536,2.57017541713215e-07,1.83131236760513e-05,1.31726415093692e-05,"HAVCR2/PDE5A/VWF/ICAM1/FGL2/CYBB/POSTN/JAK3/STON1/PMP22/CD8A/IGFBP7/CD38/SERPINE1/CCL5/GEM/AXL/TNC/TIMP2/DCN/CAV1/MITF/VCAM1/NR3C1/CCL2/CFH/LGALS1/MSN/PDLIM7/HLA-DQB1/HLA-DRA/BCHE/LILRB2/PRKCB/ITGA4",35
"C0036202","Sarcoidosis","27/459","413/21671",0.0653753026634383,3.08659735080473,6.29792472265923,2.61920751401799e-07,1.84830422551712e-05,1.32948640514172e-05,"SLC11A1/HAVCR2/COL3A1/ST8SIA4/AGTR1/CYBB/POSTN/RAB23/HLA-DOA/FGFR1/CCL5/IGKC/TNC/TIMP2/RECK/NR3C1/F2R/LMOD1/CCL2/MMP2/MCAM/LGALS1/COL1A2/GREM1/HLA-DQB1/HLA-DRA/RTN1",27
"C1134719","Invasive Ductal Breast Carcinoma","27/459","414/21671",0.0652173913043478,3.0791418016482,6.2831623795302,2.74779346828295e-07,1.92057678702177e-05,1.38147210460541e-05,"HAVCR2/COL4A1/MMP11/ADAM12/PECAM1/APOC1/VWF/POSTN/DKK3/FGFR1/PRKD1/TIAM1/SLIT2/SERPINE1/ACKR3/TIMP2/MYLK/DCN/CAV1/CCL2/PDPN/SERPINF1/MMP2/MCAM/LGALS1/THBS1/PRKCB",27
"C3887461","Head and Neck Carcinoma","40/459","786/21671",0.0508905852417303,2.402723034365,5.892654132989,3.22186754889781e-07,2.21288067638928e-05,1.59172647816528e-05,"CHRNA3/HAVCR2/IGFBP5/CYGB/EPHA3/ADAM12/PDE5A/PECAM1/CYBB/POSTN/TGFBR1/FGFR1/IGFBP7/SERPINE1/ACKR3/PTPRC/CYP1B1/PKD2/CTSB/PTGIS/AXL/TNC/DCLK1/TIMP2/ZEB2/HOPX/MYL9/SPARC/CCL2/PDPN/MMP2/TFPI/LGALS1/COL1A2/NFATC1/PDLIM7/CDH11/CDH19/RASSF2/RORA",40
"C0234119","Neuromuscular inhibition","11/459","72/21671",0.152777777777778,7.21317477608327,7.76797797718297,3.22630102702893e-07,2.21288067638928e-05,1.59172647816528e-05,"RGS2/PDLIM3/PDE5A/AGTR1/PRKG1/AXL/KCNMA1/MYLK/PLN/HSPB6/BCHE",11
"C0235480","Paroxysmal atrial fibrillation","19/459","226/21671",0.084070796460177,3.96927718973528,6.60065335334081,3.86331652680378e-07,2.62526666576046e-05,1.88835598264337e-05,"EPHA3/VWF/AGTR1/SSPN/ATXN1/CAV2/CAV1/CFL2/PLN/VCAM1/PHLDB2/NR3C1/DES/MYOCD/CALU/FBXO32/GNB4/WIPF1/THBD",19
"C4025272","Peripheral arterial stenosis","14/459","124/21671",0.112903225806452,5.33055731253075,7.11387478342297,3.90893180040223e-07,2.63189453973871e-05,1.89312341661199e-05,"CHRNA3/TGFBR1/EDNRA/PRKG1/MFAP5/ACTA2/MYLK/MYH11/VCAM1/ANTXR1/F2R/CCL2/MMP2/ELN",14
"C0011884","Diabetic Retinopathy","35/459","645/21671",0.0542635658914729,2.56197328199152,5.92406912378917,4.14837327357251e-07,2.76771922315897e-05,1.9908221977958e-05,"AOC3/ST8SIA4/PECAM1/CD74/VWF/ICAM1/AGTR1/CYBB/POSTN/AKT3/NID1/SERPINE1/GJA1/TNC/SERPING1/VCAM1/PLXDC1/NR3C1/SPARC/HTRA1/CCL2/SERPINF1/FAM20C/MMP2/VEGFC/CFH/LGALS1/HLA-DQB1/THBS1/C3/PRKCB/AKR1B1/CDH5/EMCN/ITGA4",35
"C0030297","Pancreatic Neoplasm","39/459","764/21671",0.0510471204188482,2.41011360914348,5.83713735486519,4.21594380763017e-07,2.78746050488269e-05,2.00502211429733e-05,"CHST15/RDX/APOC1/SORBS2/FLI1/ICAM1/POSTN/ITGA1/TGFBR1/DKK3/TIAM1/IL6ST/SLIT2/SERPINE1/CTSB/WWTR1/GEM/AXL/DCLK1/EFEMP1/DCN/CAV1/NRP2/RECK/TAGLN/MITF/VCAM1/F2R/SPARC/CCL2/SPARCL1/MMP2/VEGFC/LGALS1/NFATC1/MSN/PALLD/THBS1/LUM",39
"C0278996","Malignant Head and Neck Neoplasm","39/459","767/21671",0.0508474576271186,2.40068682840368,5.80990481801254,4.65143920712914e-07,3.04793860188578e-05,2.19238417516472e-05,"CHRNA3/HAVCR2/IGFBP5/CYGB/EPHA3/ADAM12/PDE5A/PECAM1/CYBB/POSTN/TGFBR1/FGFR1/IGFBP7/SERPINE1/ACKR3/PTPRC/CYP1B1/PKD2/CTSB/PTGIS/AXL/TNC/DCLK1/TIMP2/ZEB2/HOPX/MYL9/SPARC/CCL2/PDPN/MMP2/LGALS1/COL1A2/NFATC1/PDLIM7/CDH11/CDH19/RASSF2/RORA",39
"C1608393","Megacystis microcolon intestinal hypoperistalsis syndrome","5/459","9/21671",0.555555555555556,26.2297264584846,11.136007380101,4.89965885637051e-07,3.18217666786754e-05,2.28894170141575e-05,"MYLK/MYH11/ACTG2/MYL9/LMOD1",5
"C0279550","Adult Rhabdomyosarcoma","30/459","509/21671",0.0589390962671906,2.78272147103766,5.98699672380468,5.2130038307276e-07,3.35598553629034e-05,2.41396253103406e-05,"EPHA3/ST8SIA4/ICAM1/GLI3/SMARCA1/TGFBR1/TRAC/FGFR1/IL6ST/SERPINE1/CCL5/ACKR3/RPS6KA2/PTPRC/EFS/CAV2/TNC/CAV1/SERPING1/TWIST2/MEF2C/F2R/DES/CCL2/SERPINF1/MMP2/CFH/PDGFC/SLFN11/IGFBP6",30
"C0000822","Abortion, Tubal","13/459","109/21671",0.119266055045872,5.63096879934441,7.12993502770306,5.37841972079875e-07,3.40277778715018e-05,2.44762022684263e-05,"MMP11/AGTR1/LAMA4/CD84/TGFBR1/CD8A/PTGIS/TIMP2/COL6A1/MGP/COL1A2/IGFBP6/COL13A1",13
"C3830362","Early Pregnancy Loss","13/459","109/21671",0.119266055045872,5.63096879934441,7.12993502770306,5.37841972079875e-07,3.40277778715018e-05,2.44762022684263e-05,"MMP11/AGTR1/LAMA4/CD84/TGFBR1/CD8A/PTGIS/TIMP2/COL6A1/MGP/COL1A2/IGFBP6/COL13A1",13
"C0003504","Aortic Valve Insufficiency","25/459","377/21671",0.0663129973474801,3.13086920591992,6.13965308857374,5.61150077066681e-07,3.51989779110459e-05,2.5318647201884e-05,"COL3A1/EPHA3/CLU/ICAM1/CYBB/MAP1B/TGFBR1/EDNRA/CCL5/GJA1/EGR2/ACKR3/PRKG1/MFAP5/ACTA2/MYLK/CAV1/MYH11/NR3C1/FLNA/PDPN/TFPI/FSTL1/COL1A2/ELN",25
"C0243038","Carcinoma, Lewis Lung","17/459","188/21671",0.0904255319148936,4.26930654058314,6.62265441134868,5.71002354357596e-07,3.55134430392407e-05,2.55448421686293e-05,"CHST15/PTGER3/PECAM1/FGL2/FGFR1/GJA1/PTGIS/DPYSL3/ANGPTL1/CCL2/SERPINF1/SDC2/MMP2/FBXO32/LGALS1/THBS1/ADAMTS1",17
"C0007820","Cerebrovascular Disorders","19/459","233/21671",0.0815450643776824,3.85002851879903,6.43398467637851,6.1666602460577e-07,3.75078909042019e-05,2.69794497865868e-05,"COL4A1/CLU/PECAM1/VWF/ICAM1/AGTR1/PAPPA/EDNRA/SERPINE1/ACTA2/DCN/MFGE8/ACTG2/VCAM1/MMP2/THBS1/LOXL1/BCHE/THBD",19
"C0018916","Hemangioma","20/459","256/21671",0.078125,3.6885552832244,6.3653883295454,6.18393264598979e-07,3.75078909042019e-05,2.69794497865868e-05,"PDE5A/CLU/PECAM1/AKT3/DKK3/FGFR1/PTPRC/TIMP2/GPC6/NRP2/ANTXR1/CCL2/PDPN/SERPINF1/MMP2/VEGFC/THBS1/PAPLN/EMCN/THBD",20
"C0003855","Arteriovenous fistula","12/459","93/21671",0.129032258064516,6.09206550003514,7.23893789189978,6.23513106732884e-07,3.75078909042019e-05,2.69794497865868e-05,"AGTR1/TGFBR1/IL6ST/CD38/SERPINE1/TIMP2/CAV1/F2R/DES/CCL2/MMP2/ELN",12
"C0242488","Acute Lung Injury","12/459","93/21671",0.129032258064516,6.09206550003514,7.23893789189978,6.23513106732884e-07,3.75078909042019e-05,2.69794497865868e-05,"PECAM1/ICAM1/SERPINE1/GJA1/AKAP12/TIMP2/MYLK/CAV1/CCL2/MMP2/C3/THBD",12
"C0581342","Redundant skin","9/459","48/21671",0.1875,8.85253267973856,8.01156547255932,6.39312764899932e-07,3.81456616390293e-05,2.74381986818413e-05,"COL3A1/TRPS1/TWIST2/ZEB2/ANTXR1/AEBP1/EFEMP2/ELN/ADAMTS2",9
"C0018798","Congenital Heart Defects","26/459","406/21671",0.0640394088669951,3.0235251188598,6.05457847130198,6.47275989605467e-07,3.83093426428591e-05,2.75559345320154e-05,"COL3A1/VWF/GLI3/PAPPA/SSPN/SETBP1/TGFBR1/PMP22/FGFR1/SOX7/JAM3/EDNRA/GJA1/ZFPM2/PKD2/ACTA2/PLN/ZEB2/MEF2C/MEIS2/COL6A2/COL6A1/PBX3/NFATC1/ELN/CDH5",26
"C0017605","Angle Closure Glaucoma","12/459","94/21671",0.127659574468085,6.02725629258796,7.18529182915888,7.01237008104391e-07,4.1171027219825e-05,2.9614346068577e-05,"PDE5A/CLU/RUNX1T1/CYP1B1/FERMT2/DCN/SPARC/CCL2/THBS1/C3/LOXL1/ELN",12
"C0019569","Hirschsprung Disease","25/459","384/21671",0.0651041666666667,3.07379606935367,6.03141786858578,7.87258844305917e-07,4.58547036377867e-05,3.29833174953565e-05,"ICAM1/GLI3/TCF4/ADARB1/MCC/SETBP1/AKT3/NID1/SLIT2/EDNRA/ACKR3/CSGALNACT2/DCLK1/TUBA1A/CAV1/FHL1/ANGPTL2/MITF/ACTG2/ZEB2/GAP43/COL6A2/COL6A1/RBPMS2/STC1",25
"C0041956","Ureteral obstruction","24/459","359/21671",0.0668523676880223,3.15633477160595,6.06033031568043,8.18932825419813e-07,4.73240000453229e-05,3.40401833359334e-05,"RGS2/COL3A1/CLU/PECAM1/AGTR1/SMARCA1/POSTN/TGFBR1/SERPINE1/CCL5/TNC/DDR2/ACTA2/VCAM1/F2R/CCL2/FLNA/SERPINF1/VEGFC/MSN/THBS1/ADAMTS1/STC1/EMCN",24
"C0546884","Hypovolemia","8/459","37/21671",0.216216216216216,10.2083259730319,8.2462808797881,8.57995005955322e-07,4.91939480367665e-05,3.53852381156738e-05,"TGFBR1/PRKG1/MFAP5/ACTA2/MYLK/MYH11/MMP2/ELN",8
"C2316810","Chronic kidney disease stage 5","35/459","666/21671",0.0525525525525526,2.48119034066747,5.71125606242441,8.71054143500986e-07,4.95555531717344e-05,3.56453409192774e-05,"COL4A1/CLU/ST8SIA4/VWF/ICAM1/AGTR1/PAPPA/CYBB/POSTN/PRKD1/EDNRA/SERPINE1/CCL5/BNC2/GLIS2/PKD2/GEM/KCNMA1/TIMP2/CAV1/NR3C1/MEIS1/APOL3/RGMA/CCL2/MGP/MMP2/CFH/TFPI/WIPF1/HLA-DQB1/C3/LAMB2/PRKCB/RTN1",35
"C0033999","Pterygium","18/459","216/21671",0.0833333333333333,3.93445896877269,6.37581411278622,8.88231545854833e-07,5.00401863297858e-05,3.59939378581444e-05,"COL3A1/COL4A1/CLU/PECAM1/POSTN/TCF4/IGFBP7/EFEMP1/TIMP2/GPC6/ZEB2/SPARC/PDPN/MMP2/VEGFC/COL1A2/LOXL1/ELN",18
"C0016057","Fibrosarcoma","26/459","413/21671",0.062953995157385,2.97227893040455,5.95288028664672,8.9320948483471e-07,5.00401863297858e-05,3.59939378581444e-05,"EPHA3/CLU/FLI1/ICAM1/IL2RB/SERPINE1/CCL5/GJA1/AKAP12/TNC/TIMP2/CAV1/RECK/NR3C1/ANGPTL1/CCL2/FLNA/ARL4C/SDC2/MMP2/VEGFC/COL1A2/THBS1/ADAMTS1/PRKCB/AKR1B1",26
"C0042781","Visceral Myopathy","5/459","10/21671",0.5,23.6067538126362,10.5182609929723,9.62852381512475e-07,5.35331335448489e-05,3.85064170118426e-05,"MYLK/CLMP/MYH11/ACTG2/LMOD1",5
"C2931117","Fetal megacystis","4/459","5/21671",0.8,37.7708061002179,12.0960555514431,9.76732490870668e-07,5.38965394774423e-05,3.87678151303237e-05,"ACTA2/MYLK/ACTG2/LMOD1",4
"C0149940","Sciatic Neuropathy","13/459","115/21671",0.11304347826087,5.33717912285687,6.85989045477821,1.00174279172133e-06,5.45724507945984e-05,3.92539985707089e-05,"ICAM1/PCSK5/PMP22/FGFR1/JAM3/SERPINE1/CCL5/AKAP12/CAV1/RGMA/KCNJ8/CCL2/C3",13
"C0024115","Lung diseases","36/459","700/21671",0.0514285714285714,2.42812324929972,5.65002186436234,1.00385350283019e-06,5.45724507945984e-05,3.92539985707089e-05,"SLC11A1/COL3A1/IGFBP5/LAIR1/PDE5A/CRISPLD2/ICAM1/PCSK5/POSTN/AP1S2/EDNRA/SERPINE1/CCL5/ACKR3/CTSB/TIMP2/MYLK/DCN/CAV1/NR3C1/RGMA/F2R/CCL2/FLNA/MMP2/MCAM/FSTL1/GREM1/A2M/EFEMP2/ELN/LUM/CTSC/CTSK/STC1/EDIL3",36
"C0037052","Sick Sinus Syndrome","9/459","51/21671",0.176470588235294,8.33179546328335,7.71103320539188,1.09629659159004e-06,5.87278882166372e-05,4.22430073517022e-05,"ICAM1/CACNA2D1/GNB5/VCAM1/MEF2C/KCNJ8/CCL2/COL1A2/THBS1",9
"C4721779","Ovarian cancer stage IV","9/459","51/21671",0.176470588235294,8.33179546328335,7.71103320539188,1.09629659159004e-06,5.87278882166372e-05,4.22430073517022e-05,"SORBS2/TIAM1/SERPINE1/CYP1B1/AXL/DDR2/VCAM1/MCAM/LGALS1",9
"C4086152","Childhood Astrocytoma","33/459","615/21671",0.0536585365853659,2.53340772623412,5.67482219027763,1.14660465761439e-06,6.07215021816292e-05,4.36770151448814e-05,"QKI/RGS2/PTGER3/FLI1/ICAM1/SMARCA1/TCF4/ADARB1/RAB23/AKT3/FGFR1/LATS2/EDNRA/SERPINE1/CCL5/GJA1/ACKR3/AKAP12/CYP1B1/GEM/AXL/TNC/TIMP2/CAV1/VCAM1/GAP43/SPARC/CCL2/MMP2/A2M/CDH11/AKR1B1/CCDC88A",33
"C0025990","Micrognathism","32/459","586/21671",0.0546075085324232,2.57821202049269,5.69734267361277,1.1500597906045e-06,6.07215021816292e-05,4.36770151448814e-05,"COL3A1/TPM2/GLI3/RAB23/SETBP1/TGFBR1/FGFR1/TRPS1/CD38/EDNRA/GJA1/COL12A1/C1S/DDR2/CFL2/C1R/GPC6/MITF/ACTG2/ANTXR1/COL6A2/COL6A1/FLNA/FAM20C/MMP2/AEBP1/COL1A2/EFEMP2/ELN/ADAMTS2/CTSK/COL13A1",32
"C0699949","airway disease","17/459","198/21671",0.0858585858585859,4.05368499812944,6.34973290919843,1.18033306856009e-06,6.17819313271551e-05,4.44397825038092e-05,"RGS2/PDE5A/ADAMTS12/ICAM1/POSTN/IL2RB/CD38/GJA1/CAV1/CCL2/LGALS1/HLA-DQB1/C3/PRKCB/AKR1B1/ITGA4/CD300LF",17
"C0005779","Blood Coagulation Disorders","20/459","267/21671",0.0749063670411985,3.53659233148107,6.13484824029963,1.19619369491263e-06,6.17819313271551e-05,4.44397825038092e-05,"HAVCR2/COL4A1/PECAM1/VWF/FLI1/STON1/SERPINE1/CCL5/PRKG1/CLDN11/SERPING1/MFGE8/ACTG2/F2R/FLNA/SERPINF1/TFPI/A2M/HLA-DQB1/THBD",20
"C0152021","Congenital heart disease","20/459","267/21671",0.0749063670411985,3.53659233148107,6.13484824029963,1.19619369491263e-06,6.17819313271551e-05,4.44397825038092e-05,"COL4A1/VWF/SMARCA1/DLC1/ADARB1/RUNX1T1/AKT3/FGFR1/NREP/IGFBP7/AKAP12/ZFPM2/TIMP2/TAGLN/ZEB2/MEF2C/SRPX/MYOCD/FLNA/NFATC1",20
"C0155094","Corneal pannus","10/459","66/21671",0.151515151515152,7.1535617614049,7.36489204797458,1.20381743831356e-06,6.17819313271551e-05,4.44397825038092e-05,"ADAMTS5/ADAMTS12/ICAM1/IGFBP7/TIMP2/CAV1/MMP2/VEGFC/CDH11/CTSK",10
"C0345967","Malignant mesothelioma","26/459","420/21671",0.0619047619047619,2.92274094823114,5.8532991994632,1.22282975209269e-06,6.23218579903349e-05,4.48281520960879e-05,"ICAM1/PDLIM4/IL2RB/OSMR/DKK3/LATS2/CCL5/GJA1/COL12A1/TNC/EFEMP1/NRP2/VCAM1/ZEB2/CSRP1/DES/LTBP1/PDPN/MMP2/VEGFC/MCAM/GREM1/PDLIM7/C3/ADAMTS2/THBD",26
"C0280324","Laryngeal Squamous Cell Carcinoma","29/459","504/21671",0.0575396825396825,2.71665024034305,5.73604330165647,1.31225354442091e-06,6.64181293965865e-05,4.77746027242893e-05,"ADAMTS5/ST8SIA4/PECAM1/MAF/POSTN/ZNF667-AS1/FGFR1/TIAM1/MIR100HG/GJA1/PTPRC/PKD2/CLDN11/TIMP2/MYLK/CAV1/ZEB2/CRYAB/CMTM3/FLNA/MMP2/TFPI/LGALS1/MSN/THBS1/RASSF2/STC1/MYO5A/PCDH17",29
"C0026691","Mucocutaneous Lymph Node Syndrome","24/459","370/21671",0.0648648648648649,3.06249779190956,5.8862587267909,1.39659779374215e-06,6.99054828050477e-05,5.02830582493404e-05,"SLC11A1/MMP11/PECAM1/VWF/ICAM1/AGTR1/POSTN/CD84/SGCD/SETBP1/HLA-DOA/IL6ST/SERPINE1/CCL5/TNC/TIMP2/VCAM1/NR3C1/CCL2/MMP2/VEGFC/NFATC1/ELN/THBD",24
"C0598608","Hyperhomocysteinemia","19/459","246/21671",0.0772357723577236,3.64657172715518,6.14095332027778,1.40020520130018e-06,6.99054828050477e-05,5.02830582493404e-05,"PDE5A/PECAM1/ICAM1/AGTR1/EDNRA/SERPINE1/CCL5/TIMP2/MYLK/VCAM1/MEF2C/DES/CCL2/MMP2/ELN/BCHE/ATP1A2/PRKCB/THBD",19
"C0202236","Triglycerides measurement","31/459","563/21671",0.0550621669626998,2.59967803975745,5.65728719880372,1.42671926207294e-06,7.07479234077928e-05,5.0889026310781e-05,"COL4A1/IL18BP/RDX/APOC1/TCEA2/VWF/ICAM1/AGTR1/IL2RB/JAK3/TGFBR1/MIR100HG/EDNRA/SERPINE1/BNC2/CTSB/TAGLN/HTR2B/VCAM1/MEIS1/MEF2C/ANGPTL1/GNG2/SPARC/PBX3/TFPI/COL1A2/C3/C1QC/HLA-DRA/ELN",31
"C0086437","Joint laxity","18/459","224/21671",0.0803571428571429,3.79394257703081,6.18305626357952,1.50336205950147e-06,7.40481486891361e-05,5.3262880454962e-05,"TPM2/MAP1B/TGFBR1/TRPS1/COL12A1/C1S/CFL2/C1R/ANTXR1/COL6A2/COL6A1/FLNA/SERPINF1/COL1A2/EFEMP2/ELN/ADAMTS2/COL13A1",18
"C0035412","Rhabdomyosarcoma","31/459","565/21671",0.0548672566371681,2.59047563961671,5.634991533663,1.5361777018364e-06,7.4641471284137e-05,5.36896577749653e-05,"EPHA3/ST8SIA4/ICAM1/GLI3/SMARCA1/TGFBR1/TRAC/FGFR1/IL6ST/SERPINE1/CCL5/ACKR3/RPS6KA2/PTPRC/EFS/CAV2/TNC/CAV1/SERPING1/TWIST2/MEF2C/F2R/DES/CCL2/SERPINF1/MMP2/CFH/PDGFC/SLFN11/IGFBP6/CCDC88A",31
"C0154830","Proliferative diabetic retinopathy","16/459","180/21671",0.0888888888888889,4.19675623335754,6.33523093103853,1.53858791449586e-06,7.4641471284137e-05,5.36896577749653e-05,"AOC3/VWF/ICAM1/POSTN/FGFR1/SLIT2/SERPINE1/TNC/VCAM1/PLXDC1/CCL2/SERPINF1/MMP2/VEGFC/LGALS1/AKR1B1",16
"C0023462","Acute Megakaryocytic Leukemias","15/459","159/21671",0.0943396226415094,4.45410449295022,6.43040946936794,1.5459195578674e-06,7.4641471284137e-05,5.36896577749653e-05,"APOC1/VWF/JAK3/DLC1/RUNX1T1/FGFR1/CD8A/MIR100HG/CD38/GLIS2/TNC/MYH11/TNS1/MYOCD/THBD",15
"C0027697","Nephritis","21/459","296/21671",0.0709459459459459,3.34960695990108,5.98732734545206,1.55892287228056e-06,7.47773526775622e-05,5.37873973476918e-05,"IL18BP/ST8SIA4/FLI1/ICAM1/AGTR1/LST1/SERPINE1/CCL5/PTPRC/AXL/CAV1/C1R/VCAM1/CCL2/CFH/LGALS1/GREM1/HLA-DQB1/C3/IL10RA/ITGA4",21
"C4021815","Abnormal palate morphology","8/459","40/21671",0.2,9.44270152505447,7.86172995705112,1.61649685023181e-06,7.70355219730603e-05,5.54116999583906e-05,"FLI1/TCF4/TRPS1/COL12A1/ANTXR1/COL6A2/DES/COL6A1",8
"C0238198","Gastrointestinal Stromal Tumors","30/459","538/21671",0.0557620817843866,2.6327234735282,5.6411570040665,1.63668805308433e-06,7.73991451513369e-05,5.56732543418298e-05,"FYN/IGFBP5/PECAM1/FLI1/GLI3/RAB23/FGFR1/SLIT2/GJA1/ETV1/PTPRC/CALD1/CYP1B1/GLIS2/AXL/TNC/BOC/KCTD12/MITF/DES/CCL2/PDPN/SPARCL1/DACT1/RBPMS2/MMP2/VEGFC/PRKCB/RTN1/ITGA4",30
"C1397307","Cardiac fibrosis","21/459","297/21671",0.0707070707070707,3.33832882198895,5.96878443002402,1.64521959989216e-06,7.73991451513369e-05,5.56732543418298e-05,"OGN/AGTR1/ITGA11/CYBB/POSTN/TGFBR1/HSPB7/SERPINE1/GJA1/ACKR3/DDR2/TIMP2/DCN/PLN/MITF/NR3C1/CCL2/FLNA/MMP2/RCN3/LUM",21
"C0856742","Post MI","17/459","203/21671",0.083743842364532,3.95384054004744,6.21991230430314,1.66676530791074e-06,7.79133158901714e-05,5.60430976813433e-05,"JPH2/VWF/POSTN/TNC/TIMP2/PLN/DES/LTBP1/CCL2/PDPN/MGP/ATP2B4/MMP2/FBXO32/FSTL1/ELN/CTSK",17
"C0011265","Presenile dementia","36/459","718/21671",0.0501392757660167,2.36725107870446,5.48065392543764,1.80397192887557e-06,8.35431966719009e-05,6.00926745088723e-05,"COL4A1/HSPB8/CLU/APOC1/VWF/ICAM1/AGTR1/SMARCA1/ATXN1/RUNX1T1/CD38/SERPINE1/ACKR3/CTSB/TIMP2/MYLK/CAV1/SERPING1/MFGE8/ACTG2/VCAM1/NR3C1/GAP43/MEF2C/SRPX/CCL2/MMP2/TFPI/A2M/THBS1/ADAMTS1/BCHE/ADAMTS2/PRKCB/AKR1B1/STC1",36
"C0152171","Idiopathic pulmonary hypertension","15/459","161/21671",0.093167701863354,4.39877400235456,6.36736886720142,1.80996978755038e-06,8.35431966719009e-05,6.00926745088723e-05,"PDE5A/ICAM1/FGL2/SERPINE1/ACTA2/DCN/CAV1/FHL1/CLIC4/HTR2B/F2R/CCL2/KCNMB1/CFH/HLA-DQB1",15
"C0018923","Hemangiosarcoma","15/459","162/21671",0.0925925925925926,4.3716210764141,6.33623311184477,1.95658870166103e-06,8.97462780093142e-05,6.4554554860724e-05,"PECAM1/VWF/FLI1/ICAM1/DLC1/SERPINE1/WWTR1/EFS/DCN/MFGE8/MITF/VEGFC/THBS1/EMCN/ADAM19",15
"C1969372","Tubulointerstitial fibrosis","22/459","328/21671",0.0670731707317073,3.16675965779266,5.81654268952248,2.22858810175548e-06,0.000101220323957845,7.28078434102726e-05,"LAYN/ICAM1/AGTR1/CYBB/TGFBR1/DKK3/NREP/SERPINE1/CCL5/FERMT2/DDR2/CAV1/ZEB2/ANTXR1/F2R/SPARC/CCL2/MMP2/VEGFC/THBS1/ADAMTS1/C3",22
"C0002895","Anemia, Sickle Cell","26/459","434/21671",0.0599078341013825,2.82845898215917,5.66015719526095,2.24028928674953e-06,0.000101220323957845,7.28078434102726e-05,"COL4A1/PDE5A/VWF/ICAM1/PAPPA/CYBB/MCC/CD38/SERPINE1/CCL5/MFGE8/VCAM1/NR3C1/HOPX/ANTXR1/CCL2/ATP2B4/CFH/TFPI/HLA-DQB1/THBS1/CTSC/PRKCB/CTSK/ITGA4/THBD",26
"C0017606","Primary angle-closure glaucoma","11/459","87/21671",0.126436781609195,5.96952395262064,6.83208777894844,2.248114566716e-06,0.000101220323957845,7.28078434102726e-05,"PDE5A/RUNX1T1/CYP1B1/FERMT2/DCN/SPARC/CCL2/THBS1/C3/LOXL1/ELN",11
"C0043094","Weight Gain","13/459","124/21671",0.104838709677419,4.94980321877855,6.48840402971855,2.36743500410663e-06,0.000105056052161742,7.5566885147286e-05,"IGFBP5/SORBS2/SETBP1/NID1/KCNMA1/CAV1/CLIC4/SPARC/KCNMB1/MMP2/CFH/FSTL1/PALLD",13
"C0852036","Pregnancy associated hypertension","16/459","186/21671",0.0860215053763441,4.06137700002343,6.16808851396581,2.36887341939903e-06,0.000105056052161742,7.5566885147286e-05,"ICAM1/AGTR1/PAPPA/EDNRA/SERPINE1/GJA1/TIMP2/ACTG2/VCAM1/HTRA1/CCL2/MMP2/VEGFC/TFPI/LGALS1/HLA-DQB1",16
"C0024232","Lymphatic Metastasis","27/459","463/21671",0.0583153347732181,2.75327150298564,5.60963754789193,2.37695675640834e-06,0.000105056052161742,7.5566885147286e-05,"HAVCR2/VWF/FLI1/LAYN/ICAM1/TIAM1/JAM3/SERPINE1/ACKR3/ETV1/CTSB/MFAP5/DCLK1/DCN/CAV1/NRP2/RECK/TWIST2/CRYAB/MEIS2/CCL2/PDPN/SPARCL1/MMP2/VEGFC/RASSF2/CTSK",27
"C0272242","Complement deficiency disease","8/459","42/21671",0.19047619047619,8.99304907148044,7.62717820054442,2.39056556901634e-06,0.000105056052161742,7.5566885147286e-05,"C1S/C1R/SERPING1/CFH/C3/C1QC/C7/THBD",8
"C1845050","PIGMENTARY DISORDER, RETICULATE, WITH SYSTEMIC MANIFESTATIONS","17/459","209/21671",0.0813397129186603,3.84033315612263,6.06949168076667,2.48502886337171e-06,0.000107951274714438,7.76494205711242e-05,"AOC3/PECAM1/VWF/ICAM1/POSTN/IL2RB/FGFR1/SERPINE1/PTPRC/TNC/TIMP2/PLXDC1/SPARC/CCL2/MMP2/LGALS1/THBS1",17
"C1504336","Polypoidal choroidal vasculopathy","9/459","56/21671",0.160714285714286,7.58788515406162,7.26118333641901,2.48586529864287e-06,0.000107951274714438,7.76494205711242e-05,"SERPING1/HTRA1/SERPINF1/CFH/COL1A2/C3/LOXL1/ELN/COL8A1",9
"C0266052","Precocious exfoliation of primary tooth","6/459","20/21671",0.3,14.1640522875817,8.66384363753724,2.632257762214e-06,0.000112572638555633,8.09735705217978e-05,"COL3A1/PRKD1/GJA1/C1S/C1R/CTSC",6
"C3888896","Wet age-related macular degeneration","6/459","20/21671",0.3,14.1640522875817,8.66384363753724,2.632257762214e-06,0.000112572638555633,8.09735705217978e-05,"TNC/MFGE8/HTRA1/SERPINF1/CFH/C3",6
"C4551472","Hypertrophic obstructive cardiomyopathy","18/459","233/21671",0.0772532188841202,3.64739543886224,5.97653727799596,2.63830138051082e-06,0.000112572638555633,8.09735705217978e-05,"COL4A1/JPH2/TPM2/VWF/AGTR1/SGCD/FZD1/FERMT2/ACTA2/PLN/FHL1/NEXN/CRYAB/MEF2C/MYL9/DES/MMP2/COL1A2",18
"C0007786","Brain Ischemia","23/459","358/21671",0.0642458100558659,3.03327004296442,5.70636138446982,2.7200574994664e-06,0.000114246399473497,8.21775078147157e-05,"CLU/ICAM1/AGTR1/IL6ST/SERPINE1/GJA1/AKAP12/CTSB/PTGIS/CAV1/SLC24A3/SERPING1/NR3C1/F2R/CCL2/SERPINF1/MMP2/LGALS1/ADAMTS1/C3/CTSC/PRKCB/STC1",23
"C0000786","Spontaneous abortion","16/459","188/21671",0.0851063829787234,4.0181708617253,6.1139273186796,2.7242294464998e-06,0.000114246399473497,8.21775078147157e-05,"MMP11/AGTR1/LAMA4/PAPPA/CD84/TGFBR1/CD8A/SERPINE1/CYP1B1/PTGIS/TIMP2/COL6A1/MGP/COL1A2/IGFBP6/COL13A1",16
"C0009782","Connective Tissue Diseases","16/459","188/21671",0.0851063829787234,4.0181708617253,6.1139273186796,2.7242294464998e-06,0.000114246399473497,8.21775078147157e-05,"COL3A1/VWF/TGFBR1/PKD2/ACTA2/EFEMP1/DCN/SERPING1/COL8A2/FLNA/AEBP1/COL1A2/CDH11/ELN/LUM/ADAMTS2",16
"C0232475","Decreased peristalsis","4/459","6/21671",0.666666666666667,31.4756717501816,10.9823316572961,2.88100407394418e-06,0.000120127461854635,8.64077597264785e-05,"MYLK/MYH11/ACTG2/LMOD1",4
"C0339467","Proliferative retinopathy","9/459","57/21671",0.157894736842105,7.4547643618851,7.17786417426467,2.89720135553487e-06,0.000120127461854635,8.64077597264785e-05,"VWF/AGTR1/HLA-DOA/JAM3/SERPINE1/CCL5/GJA1/FLNA/AKR1B1",9
"C0278595","Adult Fibrosarcoma","24/459","387/21671",0.062015503875969,2.92796946513317,5.62955411123408,3.0496193455125e-06,0.000125736833577058,9.0442584374602e-05,"EPHA3/CLU/FLI1/ICAM1/IL2RB/SERPINE1/CCL5/GJA1/AKAP12/TNC/TIMP2/NR3C1/ANGPTL1/CCL2/FLNA/ARL4C/SDC2/MMP2/VEGFC/COL1A2/THBS1/ADAMTS1/PRKCB/AKR1B1",24
"C0027796","Neuralgia","37/459","767/21671",0.0482398956975228,2.27757468335734,5.29924830996514,3.16649078684113e-06,0.000129826122260486,9.33840123258351e-05,"PDE5A/CD74/APOC1/GPR34/ICAM1/CYBB/ADARB1/MCC/AKT3/PMP22/CD38/EDNRA/CCL5/GJA1/ACKR3/CTSB/PRKG1/CACNA2D1/KCNMA1/CAV1/HTR2B/RGS10/NR3C1/ZEB2/SYNM/GAP43/RGMA/CCL2/THBS4/MMP2/LGALS1/A2M/NFATC1/HLA-DQB1/PRKCB/RORA/P2RY13",37
"C0023269","leiomyosarcoma","17/459","213/21671",0.07981220657277,3.76821422361328,5.97227595118129,3.2158117775494e-06,0.000131115792419084,9.43116728912879e-05,"PECAM1/AGTR1/SERPINE1/CALD1/AXL/FERMT2/MYLK/RFTN1/TNS1/ZEB2/LMOD1/DES/MYOCD/ARL4C/MMP2/ELN/EDIL3",17
"C0024143","Lupus Nephritis","28/459","503/21671",0.0556660039761431,2.62818730319607,5.43492345689047,3.77225869842741e-06,0.000152953627556678,0.000110019641597054,"HAVCR2/COL4A1/IL18BP/CLU/PECAM1/CD74/FLI1/ICAM1/AGTR1/POSTN/CD38/SERPINE1/CCL5/AXL/C1S/SERPING1/VCAM1/NR3C1/CCL2/SDC2/MMP2/CFH/TFPI/FSTL1/NFATC1/C3/IL10RA/PRKCB",28
"C0220650","Metastatic malignant neoplasm to brain","24/459","392/21671",0.0612244897959184,2.890622915833,5.55670489610719,3.8005746400227e-06,0.000153255040017179,0.000110236447771624,"S1PR3/CD74/PCDH7/MLLT11/AKT3/FGFR1/IL6ST/SLIT2/CD38/GJA1/ACKR3/ETV1/AXL/KCNMA1/CAV1/GBP1/VCAM1/ZEB2/GAP43/CCL2/MMP2/MSN/RASSF2/IGFBP6",24
"C0017612","Glaucoma, Open-Angle","13/459","130/21671",0.1,4.72135076252723,6.26014427226525,4.02411396400351e-06,0.000161382362742196,0.000116082436177611,"PTGER3/CD38/SERPINE1/GJA1/CYP1B1/ZFPM2/CAV2/CAV1/MMP2/FBXO32/LOXL1/ELN/AKR1B1",13
"C0751324","Multiple Sclerosis, Acute Fulminating","8/459","45/21671",0.177777777777778,8.39351246671508,7.30321281736794,4.1295607718325e-06,0.000164711122306949,0.00011847681505,"SLC11A1/ICAM1/CLDN11/VCAM1/MCAM/HLA-DQB1/HLA-DRA/BCHE",8
"C0158266","Intervertebral Disc Degeneration","22/459","342/21671",0.064327485380117,3.03712622150875,5.58586884165911,4.38660881258954e-06,0.000174017957165376,0.000125171227283849,"COL3A1/IGFBP5/ADAMTS5/PECAM1/CD74/ICAM1/POSTN/CD38/TSHZ3/CPQ/CAV1/GPC6/GAP43/SPARC/HTRA1/MGP/MMP2/MCAM/FSTL1/PDLIM7/ADAMTS1/IGFBP6",22
"C0006287","Bronchopulmonary Dysplasia","25/459","423/21671",0.0591016548463357,2.79039643175368,5.47022698620669,4.45335368037276e-06,0.000175715928280945,0.000126392578987376,"IL18BP/CLU/PECAM1/CRISPLD2/AGTR1/POSTN/IL6ST/SYNE1/EDNRA/SERPINE1/ACKR3/CYP1B1/TNC/TIMP2/BOC/ACTG2/NR3C1/CAP2/CCL2/FLNA/MMP2/LGALS1/THBS1/LOXL1/ELN",25
"C0020429","Hyperalgesia","26/459","451/21671",0.057649667405765,2.7218430116565,5.43568301493438,4.49685403325685e-06,0.000176483485294503,0.000126944683235481,"IL18BP/PTGER3/RBMS3/CYBB/IL2RB/JAK3/ITGA1/TGFBR1/IL6ST/EDNRA/CCL5/GJA1/PRKG1/CACNA2D1/ITPR1/HTR2B/RGS10/NR3C1/F2R/SPARC/CCL2/C3/IL10RA/PRKCB/AKR1B1/THBD",26
"C1855285","Protruding ear","14/459","152/21671",0.0921052631578947,4.34861254443298,6.0942552515302,4.56138002471358e-06,0.000178063659581771,0.000128081303605479,"COL3A1/COL4A1/TPM2/FRMD4A/FGFR1/TRPS1/AP1S2/EDNRA/GJA1/ANTXR1/COL6A2/COL6A1/FLNA/ELN",14
"C0002949","Aneurysm, Dissecting","7/459","33/21671",0.212121212121212,10.0149864659669,7.62357153789844,4.84474927741548e-06,0.000188124946809271,0.000135318393908319,"COL3A1/ICAM1/TGFBR1/ACTA2/MMP2/LOXL1/ELN",7
"C1844592","Soft skin","6/459","22/21671",0.272727272727273,12.8764111705288,8.19827787217718,4.88799950498217e-06,0.000188805412458232,0.000135807853282469,"TGFBR1/C1R/SPARC/COL1A2/EFEMP2/ELN",6
"C0017665","Membranous glomerulonephritis","16/459","197/21671",0.0812182741116751,3.83459960408303,5.87913387926758,4.9901249106339e-06,0.000191740977587132,0.000137919407147032,"CLU/PTGER3/PECAM1/JAK3/SERPINE1/CHRDL1/SPARC/CCL2/SDC2/CFH/A2M/PDGFC/HLA-DQB1/C3/C7/PRKCB",16
"C1704436","Peripheral Arterial Diseases","21/459","319/21671",0.0658307210031348,3.10809924805868,5.5797161181179,5.06182382834061e-06,0.000193482943105165,0.000139172404052238,"CHRNA3/COL4A1/ADAMTS5/IL18BP/PECAM1/AGTR1/CYBB/EDNRA/ANGPTL2/FEZ1/VCAM1/ZEB2/ANTXR1/F2R/CCL2/FLNA/THBS4/FAM20C/MMP2/MCAM/THBS1",21
"C2678065","Myofibrillar Myopathy","9/459","61/21671",0.147540983606557,6.96592735454838,6.86373462751495,5.18185212140102e-06,0.00019704462548685,0.00014173432445501,"HSPB8/TPM2/LDB3/CFL2/PLN/FHL1/SYNM/CRYAB/DES",9
"C0178664","Glomerulosclerosis (disorder)","17/459","221/21671",0.0769230769230769,3.6318082788671,5.78471179579699,5.28308234678962e-06,0.000199858460531387,0.000143758317792458,"RGS2/COL3A1/CLU/APOC1/ICAM1/AGTR1/TGFBR1/SERPINE1/GJA1/TNC/TAGLN/DES/CCL2/MMP2/COL1A2/C3/PRKCB",17
"C0376618","Endotoxemia","24/459","401/21671",0.0598503740648379,2.82574609228563,5.42842460525617,5.59029688397163e-06,0.000210395840161373,0.000151337861663253,"IGFBP5/PECAM1/VWF/ICAM1/IL6ST/SLIT2/EDNRA/SERPINE1/CCL5/GJA1/ACKR3/MYLK/VCAM1/NR3C1/F2R/SPARC/CCL2/MMP2/FBXO32/TFPI/GREM1/ADAMTS1/CDH5/THBD",24
"C0079588","Ichthyosis, X-Linked","16/459","199/21671",0.0804020100502513,3.79606091459476,5.82883694795551,5.67995533676452e-06,0.000212679552125076,0.00015298053713144,"PECAM1/NLGN4X/FGFR1/CD8A/SERPINE1/STOM/TIMP2/MITF/CCL2/MMP2/VEGFC/CFH/LGALS1/PRIMA1/PRKCB/THBD",16
"C0042834","Vital capacity","25/459","430/21671",0.0581395348837209,2.74497137356234,5.3762572873291,5.92707132879274e-06,0.000219411622775974,0.000157822919832978,"FILIP1L/JPH2/SAMD4A/HMCN1/DKK3/FILIP1/SYNE1/EBF1/PRKG1/EFEMP1/ITPR1/FEZ1/MSRB3/TNS1/CCDC69/ANTXR1/MEIS2/HTRA1/LTBP1/JAZF1/CFH/THBS1/ADAMTS1/LOXL1/COL8A1",25
"C0008626","Congenital chromosomal disease","36/459","757/21671",0.047556142668428,2.24529230450436,5.13033449058615,5.92793726887964e-06,0.000219411622775974,0.000157822919832978,"SORBS1/PDLIM3/LAIR1/EPHA3/ADAM12/DERL3/LSAMP/GLI3/PAPPA/CYBB/MN1/SETBP1/MLLT11/RUNX1T1/FGFR1/IL6ST/IGFBP7/CD38/ACKR3/CYP1B1/ZFPM2/EFS/TNC/MYH11/SGCE/MEIS1/F2R/JAZF1/LGALS1/COL1A2/PDLIM7/ELN/BCHE/STC1/ITGA4/EDIL3",36
"C3888088","SMITH-MCCORT DYSPLASIA 1","9/459","62/21671",0.145161290322581,6.85357368753953,6.7896062513556,5.94943629001484e-06,0.000219411622775974,0.000157822919832978,"RUNX1T1/CALD1/MYH11/TAGLN/LMOD1/MYOCD/MGP/ELN/THBD",9
"C1963943","Atherothrombosis","12/459","115/21671",0.104347826086957,4.92662688263711,6.21054134696082,6.06601462107112e-06,0.000222592406520205,0.000160110859603535,"VWF/CYBB/EDNRA/SERPINE1/ACKR3/VCAM1/F2R/SERPINF1/CALU/CFH/TFPI/THBD",12
"C0011303","Demyelinating Diseases","14/459","156/21671",0.0897435897435897,4.23710965867829,5.96889617598272,6.1767699998591e-06,0.000225528930492368,0.000162223103164668,"QKI/HAVCR2/ICAM1/SMARCA1/AKT3/PMP22/FGFR1/CCL5/ACKR3/CTSB/PRICKLE1/CRYAB/CCL2/ITGA4",14
"C0302142","Deformity","22/459","350/21671",0.0628571428571429,2.96770619358855,5.45928137759923,6.34519698580592e-06,0.00023053168652886,0.000165821588764027,"PDLIM3/COL3A1/GJC1/PECAM1/LIPA/CRISPLD2/GLI3/EML1/AKT3/FGFR1/TRPS1/AKAP12/KCNMA1/ITPR1/MASP1/MEF2C/FLNA/PDPN/GREM1/ADAMTS1/THBD/EDIL3",22
"C0742343","Acute Chest Syndrome","24/459","405/21671",0.0592592592592593,2.79783748890503,5.37254458482169,6.60871803921727e-06,0.000238923062511407,0.000171857510846122,"COL3A1/PECAM1/VWF/LIPA/ICAM1/GLI3/AGTR1/PAPPA/EDNRA/SERPINE1/CCL5/TIMP2/ANGPTL2/VCAM1/NR3C1/CCL2/MGP/SERPINF1/MMP2/TFPI/FSTL1/GREM1/THBS1/THBD",24
"C0035344","Retinopathy of Prematurity","16/459","202/21671",0.0792079207920792,3.7396837722988,5.75460081987363,6.87511871615473e-06,0.0002473357659699,0.000177908773795232,"QKI/ICAM1/AGTR1/JAM3/CCL5/FZD1/TUBA1A/NRP2/GAP43/SERPINF1/MMP2/TFPI/LGALS1/C3/STC1/EDIL3",16
"C0375381","Urethral intrinsic sphincter deficiency","5/459","14/21671",0.357142857142857,16.8619670090258,8.73306919116522,7.13042816615127e-06,0.000255103765600567,0.000183496300870883,"TIMP2/ACTG2/TWIST2/MMP2/A2M",5
"C0271084","Exudative age-related macular degeneration","14/459","158/21671",0.0886075949367089,4.18347535920135,5.90778302690144,7.16056352550984e-06,0.000255103765600567,0.000183496300870883,"VWF/SERPING1/CRYAB/HTRA1/CCL2/SERPINF1/CFH/MCAM/COL1A2/GREM1/C3/ELN/COL8A1/RORA",14
"C0034155","Purpura, Thrombotic Thrombocytopenic","10/459","80/21671",0.125,5.90168845315904,6.46099356406554,7.21407849151764e-06,0.000255768705551923,0.000183974592600869,"VWF/SERPINE1/CCL2/SERPINF1/CFH/TFPI/HLA-DQB1/THBS1/C3/THBD",10
"C0155626","Acute myocardial infarction","36/459","766/21671",0.0469973890339426,2.21891158552194,5.05250198755395,7.68713695430269e-06,0.000270310964928722,0.000194434849021097,"IL18BP/PTGER3/PECAM1/VWF/ICAM1/GLI3/AGTR1/PAPPA/CYBB/POSTN/ATXN1/HLA-DOA/TGFBR1/AKT3/SOX7/SERPINE1/CCL5/GJA1/AKAP12/TNC/TIMP2/CAV1/SERPING1/VCAM1/F2R/CSRP1/CCL2/PDPN/GBP5/SERPINF1/MMP2/TFPI/FSTL1/LGALS1/C3/THBD",36
"C2717836","Steroid Sulfatase Deficiency Disease","15/459","181/21671",0.0828729281767956,3.91272162640378,5.78848682664677,7.6979141122909e-06,0.000270310964928722,0.000194434849021097,"PECAM1/FGFR1/CD8A/SERPINE1/STOM/TIMP2/MITF/CCL2/MMP2/VEGFC/CFH/LGALS1/PRIMA1/PRKCB/THBD",15
"C4721509","Usual Interstitial Pneumonia","9/459","64/21671",0.140625,6.63939950980392,6.64615709495559,7.780265623064e-06,0.000271901759084127,0.000195579108269002,"SERPINE1/CCL5/PTPRC/TNC/DCN/CCL2/PDPN/MMP2/COL1A2",9
"C0241005","Creatine phosphokinase serum increased","17/459","228/21671",0.0745614035087719,3.52030539311241,5.62759465751003,7.99775263810657e-06,0.000278177756450541,0.000200093437166897,"COL4A1/TPM2/LAMA4/SGCD/SYNE1/COL12A1/LDB3/CFL2/PLN/FHL1/NEXN/CRYAB/CAP2/COL6A2/DES/COL6A1/ELN",17
"C0085437","Meningitis, Bacterial","10/459","81/21671",0.123456790123457,5.82882810188547,6.40476092256849,8.07652105485849e-06,0.000279592396328332,0.000201110988530861,"ICAM1/IGFBP7/GJA1/TIMP2/GBP1/CCL2/SERPINF1/FAM20C/MMP2/CFH",10
"C0021368","Inflammation","26/459","467/21671",0.0556745182012848,2.62858928962972,5.23366723516737,8.35955113322757e-06,0.000288031670266465,0.000207181363642878,"PDE5A/CLU/PECAM1/VWF/ICAM1/AGTR1/ITGA1/CD38/SERPINE1/CCL5/CTSB/SERPING1/VCAM1/NR3C1/CRYAB/F2R/CCL2/PDPN/SERPINF1/MMP2/VEGFC/A2M/THBS1/C3/STC1/THBD",26
"C0027726","Nephrotic Syndrome","23/459","384/21671",0.0598958333333333,2.82789238380537,5.31623284876398,8.64313671033061e-06,0.0002952340224169,0.000212362020126183,"COL4A1/PDE5A/CLU/AGTR1/MAF/EDNRA/SERPINE1/CD2/ZFPM2/CTSB/STOM/C1S/C1R/KANK2/NR3C1/CCL2/MGP/CFH/TFPI/A2M/HLA-DQB1/C3/LAMB2",23
"C0877015","Pelvic Organ Prolapse","12/459","119/21671",0.100840336134454,4.76102597901906,6.05175048973121,8.6490413979607e-06,0.0002952340224169,0.000212362020126183,"COL3A1/CALD1/DCN/ACTG2/DES/MMP2/LGALS1/THBS1/LOXL1/POPDC2/ELN/LUM",12
"C0085207","Gestational Diabetes","32/459","649/21671",0.049306625577812,2.32793874269448,5.05252374697232,9.60742320773517e-06,0.000326429995007261,0.000234801303054541,"AOC3/ADAMTS5/CLU/PECAM1/ICAM1/AGTR1/PAPPA/CYBB/TGFBR1/FGFR1/SERPINE1/GJA1/PTPRC/CYP1B1/CTSB/DCN/CAV1/TAGLN/HTR2B/ACTG2/VCAM1/NR3C1/UBE2E2/COL6A2/F2R/SPARC/CCL2/LGALS1/HLA-DQB1/LUM/CDH5/THBD",32
"C0278592","Adult Angiosarcoma","11/459","101/21671",0.108910891089109,5.14206518691085,6.13758518695922,9.7832956964483e-06,0.000329355995946028,0.000236905977391059,"PECAM1/VWF/DLC1/SERPINE1/WWTR1/EFS/DCN/MFGE8/MITF/EMCN/ADAM19",11
"C0279988","Childhood Angiosarcoma","11/459","101/21671",0.108910891089109,5.14206518691085,6.13758518695922,9.7832956964483e-06,0.000329355995946028,0.000236905977391059,"PECAM1/VWF/DLC1/SERPINE1/WWTR1/EFS/DCN/MFGE8/MITF/EMCN/ADAM19",11
"C0162810","Cicatrix, Hypertrophic","15/459","185/21671",0.0810810810810811,3.82812223988695,5.68265440302367,1.00252472592555e-05,0.000335960226646923,0.000241656404735238,"COL3A1/AGTR1/POSTN/TGFBR1/NREP/SERPINE1/TIMP2/DCN/ZEB2/F2R/TGFB1I1/THBS4/MMP2/ELN/LUM",15
"C0949658","Cardiomyopathy, Hypertrophic, Familial","10/459","83/21671",0.120481927710843,5.68837441268341,6.29506353557936,1.00715976269429e-05,0.000335979340836974,0.000241670153584301,"JPH2/ICAM1/ACTA2/CAV1/PLN/FHL1/HTR2B/MYL9/DES/CALU",10
"C0020534","Orbital separation excessive","30/459","590/21671",0.0508474576271186,2.40068682840368,5.074186617779,1.01689295194962e-05,0.000337691283907615,0.000242901555323999,"COL3A1/TPM2/FLI1/GLI3/MAF/SETBP1/TGFBR1/AKT3/FGFR1/IGHM/GJA1/BNC2/PRKG1/MFAP5/DDR2/ACTA2/MYLK/MASP1/MYH11/TWIST2/ZEB2/MEF2C/ANTXR1/FLNA/FAM20C/MMP2/COL1A2/CDH11/EFEMP2/ELN",30
"C0270824","Visual seizure","16/459","209/21671",0.076555023923445,3.61443120576247,5.58676309471177,1.05793614481566e-05,0.000349738439946042,0.000251567082325772,"CHRNA3/CLU/TCF4/MAP1B/FGFR1/IL6ST/CCL5/GJA1/NRP2/PRICKLE1/NR3C1/GAP43/MPDZ/ADAMTS1/BCHE/C7",16
"C0242852","Proliferative vitreoretinopathy","13/459","142/21671",0.0915492957746479,4.32236337414465,5.84284496695201,1.06396688180661e-05,0.000350154840608912,0.000251866599587452,"POSTN/MAP1B/FGFR1/IL6ST/SERPINE1/DCN/CAV1/F2R/CCL2/MMP2/LGALS1/GREM1/IGFBP6",13
"C0003706","Arachnodactyly","11/459","102/21671",0.107843137254902,5.0916527831176,6.09296722955903,1.07600522682757e-05,0.000352535819628907,0.000253579239311102,"TGFBR1/PRKG1/MFAP5/ACTA2/MYLK/MYH11/ACTG2/FLNA/EFEMP2/ELN/CTSC",11
"C0473583","Nevus elasticus","7/459","37/21671",0.189189189189189,8.93228522640287,7.10355521590801,1.08520629364146e-05,0.000353970177290431,0.000254610973689448,"VWF/ICAM1/MYH11/MGP/MMP2/CFH/ELN",7
"C1306557","Chronic venous insufficiency","6/459","25/21671",0.24,11.3312418300654,7.60288977034455,1.09929611271733e-05,0.000355406791684249,0.000255644331336768,"ICAM1/EFEMP1/TIMP2/VCAM1/MMP2/COL1A2",6
"C2316787","Chronic kidney disease stage 3","6/459","25/21671",0.24,11.3312418300654,7.60288977034455,1.09929611271733e-05,0.000355406791684249,0.000255644331336768,"CLU/ICAM1/PRKD1/PKD2/VCAM1/MGP",6
"C0007138","Carcinoma, Transitional Cell","31/459","623/21671",0.0497592295345104,2.34930776305528,5.02683481208985,1.10857551720137e-05,0.000356834900032492,0.000256671570580095,"IGFBP5/EPHA3/PECAM1/CD74/CYBB/POSTN/DLC1/FGFR1/IGFBP7/CYP1B1/GEM/TNC/DDR2/TIMP2/DCN/CAV1/RECK/NR3C1/SPARCL1/EMP3/DACT1/NDN/MMP2/TFPI/LGALS1/NFATC1/THBS1/LUM/BCHE/RORA/THBD",31
"C1519666","Tumor-Associated Vasculature","10/459","84/21671",0.119047619047619,5.62065566967528,6.24154480807238,1.12193215627393e-05,0.000359557209384033,0.000258629729428349,"PECAM1/FLI1/IL6ST/ACKR3/TNC/ANTXR1/SERPINF1/MCAM/THBS1/FNDC1",10
"C0152136","Low Tension Glaucoma","11/459","103/21671",0.106796116504854,5.04221926095141,6.04892961708617,1.18204850686029e-05,0.000377176260515116,0.000271303124114616,"GAS7/EDNRA/CYP1B1/ZFPM2/CAV2/DCLK1/CAV1/CCL2/HLA-DQB1/LOXL1/AKR1B1",11
"C0740391","Middle Cerebral Artery Occlusion","31/459","626/21671",0.0495207667731629,2.33804909965406,4.99723463009318,1.21789270277445e-05,0.000386931365613059,0.000278319977416899,"HSPB8/PECAM1/LSAMP/VWF/ICAM1/JAK3/TGFBR1/FGFR1/PRKD1/IL6ST/SLIT2/SERPINE1/GJA1/FZD1/CTSB/CAV1/NR3C1/GAP43/RGMA/DPYSL3/CRYAB/F2R/SPARC/CCL2/SERPINF1/THBS4/MMP2/CFH/ADAMTS1/C3/RTN1",31
"C2145472","Urothelial Carcinoma","25/459","449/21671",0.0556792873051225,2.62881445575013,5.130345573905,1.24387141240632e-05,0.000393481564467672,0.000283031539619678,"IGFBP5/EPHA3/PECAM1/CD74/CYBB/DLC1/FGFR1/CYP1B1/GEM/TNC/DDR2/DCN/RECK/NR3C1/SPARCL1/EMP3/NDN/MMP2/TFPI/NFATC1/THBS1/LUM/BCHE/RORA/THBD",25
"C0011269","Dementia, Vascular","16/459","212/21671",0.0754716981132075,3.56328359436018,5.51702354917098,1.26497086130894e-05,0.000398438676014862,0.000286597193108847,"FYN/CLU/VWF/ICAM1/AGTR1/FGFR1/SERPINE1/CAV1/CFL2/MASP1/PHLDB2/SYNM/GAP43/CCL2/MMP2/BCHE",16
"C0521532","Diaphragmatic paresis","4/459","8/21671",0.5,23.6067538126362,9.40738434361667,1.29974961342982e-05,0.000404189085294975,0.000290733466161932,"PMP22/COL12A1/COL6A2/COL6A1",4
"C1855311","Megacystis","4/459","8/21671",0.5,23.6067538126362,9.40738434361667,1.29974961342982e-05,0.000404189085294975,0.000290733466161932,"MYLK/MYH11/ACTG2/LMOD1",4
"C4025008","Reduced systolic function","4/459","8/21671",0.5,23.6067538126362,9.40738434361667,1.29974961342982e-05,0.000404189085294975,0.000290733466161932,"TPM2/SGCD/PLN/DES",4
"C0154841","Central retinal vein occlusion","7/459","38/21671",0.184210526315789,8.69722508886595,6.98574291777578,1.30616381097841e-05,0.000404469882226605,0.000290935443573471,"VWF/ICAM1/AGTR1/SERPINE1/SERPINF1/MMP2/LOXL1",7
"C0520679","Sleep Apnea, Obstructive","26/459","480/21671",0.0541666666666667,2.55739832970225,5.07562568836704,1.35089854452328e-05,0.000416564891523377,0.000299635391454413,"COL3A1/CLU/PTGER3/VWF/ICAM1/AGTR1/PAPPA/SGCD/EDNRA/SERPINE1/GJA1/CAV1/VCAM1/NR3C1/GAP43/F2R/COL6A1/CCL2/MGP/KCNMB1/MMP2/HLA-DQB1/C3/ELN/ADAMTS2/COL13A1",26
"C4722099","High grade glioma","15/459","190/21671",0.0789473684210526,3.72738218094255,5.55444333906404,1.38004336271545e-05,0.000423771474433836,0.000304819091126095,"PECAM1/ICAM1/TCF4/IL2RB/AKT3/FGFR1/SOX7/CCL5/WWTR1/EFS/TNC/ALDH1A3/SERPINF1/EMP3/STC1",15
"C1578482","Valgus deformities of feet","6/459","26/21671",0.230769230769231,10.8954248366013,7.42655347364506,1.40364400842388e-05,0.000429222640742618,0.00030874011851955,"TPM2/GLI3/TCF4/COL12A1/COL6A2/COL6A1",6
"C1857276","Trichohepatoenteric Syndrome","24/459","424/21671",0.0566037735849057,2.67246269577013,5.11605904618283,1.41588930731669e-05,0.000429817778591092,0.000309168201552531,"COL3A1/VWF/GLI3/AGTR1/SETBP1/TRPS1/EDNRA/SERPINE1/GJA1/GEM/TSHZ3/MYLK/TUBA1A/MYH11/SGCE/ACTG2/NR3C1/ZEB2/LMOD1/MMP2/TFPI/COL1A2/LOXL1/ELN",24
"C0153381","Malignant neoplasm of mouth","35/459","756/21671",0.0462962962962963,2.18581053820705,4.88193798240255,1.41730348029764e-05,0.000429817778591092,0.000309168201552531,"MMP11/FILIP1L/ST8SIA4/ICAM1/SMARCA1/POSTN/MCC/TGFBR1/DKK3/TIAM1/SLIT2/SERPINE1/CCL5/CYP1B1/CTSB/TNC/TIMP2/DCN/CAV1/FHL1/RECK/ANGPTL2/RGMA/CRYAB/CCL2/PDPN/MMP2/VEGFC/MCAM/LGALS1/MSN/HLA-DQB1/PRKCB/AKR1B1/THBD",35
"C0032326","Pneumothorax","9/459","69/21671",0.130434782608696,6.15828360329639,6.31288342666392,1.45815474694906e-05,0.000440386736125892,0.000316770459430346,"COL3A1/TGFBR1/SLIT2/PRKG1/MFAP5/ACTA2/MYLK/MYH11/ELN",9
"C0024312","Lymphopenia","17/459","239/21671",0.0711297071129707,3.35828296916163,5.39272785433167,1.48265968395716e-05,0.000445952435268918,0.00032077387036433,"DOCK2/PECAM1/MAP4K4/JAK3/CCL5/CD3D/PTPRC/SLAMF7/MYLK/C1R/NR3C1/WIPF1/NFATC1/MSN/HLA-DQB1/C3/BCHE",17
"C0345050","Congenital aneurysm of ascending aorta","5/459","16/21671",0.3125,14.7542211328976,8.09583948544719,1.50211329403965e-05,0.000449583384139599,0.000323385614196698,"COL3A1/ACTA2/MYLK/MYH11/EFEMP2",5
"C2363741","HIV-1 infection","33/459","695/21671",0.0474820143884892,2.24179244839423,4.89468861799472,1.50698341052379e-05,0.000449583384139599,0.000323385614196698,"HAVCR2/EPHA3/CD74/VWF/ICAM1/CYBB/IL2RB/DKK3/TIAM1/IL6ST/SLIT2/CD300A/CLEC4A/IGFBP7/CD38/CCL5/PTPRC/SLAMF7/CTSB/GEM/PLN/SERPING1/ZEB2/CCL2/LGALS1/GREM1/MSN/PDLIM7/SLFN11/HLA-DQB1/THBS1/LILRB2/PRKCB",33
"C0018818","Ventricular Septal Defects","24/459","426/21671",0.0563380281690141,2.65991592255055,5.08987963047978,1.52947105896154e-05,0.000454444862417763,0.000326882478614623,"FLI1/GLI3/PCSK5/SSPN/RAB23/AKT3/FGFR1/GJA1/ZFPM2/PLN/GPC6/MASP1/ZEB2/MEF2C/MEIS2/MGP/MMP2/VEGFC/NFATC1/THBS1/DTNA/ELN/PRKCB/CDH5",24
"C0206708","Cervical Intraepithelial Neoplasia","23/459","398/21671",0.0577889447236181,2.72841878236498,5.11942437896846,1.5363346853828e-05,0.000454643558710661,0.000327025400984497,"HAVCR2/IGFBP5/PDE5A/PTGER3/LIPA/TGFBR1/TIAM1/SLIT2/ACKR3/PEG3/GEM/TNC/KCNMA1/EFEMP1/ANGPTL2/TWIST2/PDPN/MMP2/VEGFC/TFPI/HLA-DQB1/EFEMP2/LAMB2",23
"C0265004","Dilatation of aorta","7/459","39/21671",0.179487179487179,8.47421931735657,6.87218421880884,1.56306854656629e-05,0.000459467967169746,0.000330495601057978,"COL3A1/AOC3/ADAMTS5/CTSB/ADAMTS1/ELN/THBD",7
"C0342257","Complications of Diabetes Mellitus","17/459","240/21671",0.0708333333333333,3.34429012345679,5.37205870323201,1.56515862913798e-05,0.000459467967169746,0.000330495601057978,"RGS2/AOC3/RDX/AGTR1/SERPINE1/PLN/F2R/SPARC/CCL2/SERPINF1/MMP2/LGALS1/MSN/HLA-DQB1/THBS1/PRKCB/AKR1B1",17
"C0007124","Noninfiltrating Intraductal Carcinoma","26/459","486/21671",0.0534979423868313,2.52582551081704,5.004420119198,1.67438059505716e-05,0.000489461422736436,0.000352069912726275,"MMP11/CLU/PECAM1/VWF/ICAM1/AGTR1/POSTN/FGFR1/PRKD1/TRPS1/TIAM1/SLIT2/IGFBP7/SERPINE1/CTSB/TNC/DDR2/TIMP2/MYLK/CAV1/SPARC/MMP2/LGALS1/THBS1/CDH11/ITGA4",26
"C0040021","Thromboangiitis Obliterans","12/459","127/21671",0.094488188976378,4.46111883073439,5.75440188665538,1.68303546222019e-05,0.000489461422736436,0.000352069912726275,"HAVCR2/ICAM1/HLA-DOA/SLIT2/SERPINE1/CCL5/PTPRC/ACTA2/VCAM1/NR3C1/HOXB2/PRKCB",12
"C0019243","Angioedemas, Hereditary","8/459","54/21671",0.148148148148148,6.99459372226257,6.48789649003597,1.68733805630629e-05,0.000489461422736436,0.000352069912726275,"C1S/CPQ/SERPING1/VCAM1/NR3C1/SERPINF1/TFPI/A2M",8
"C0206682","Follicular thyroid carcinoma","19/459","293/21671",0.0648464163822526,3.06162677433507,5.22643205438693,1.7529661762508e-05,0.00050649680187026,0.000364323471773632,"OGN/ST8SIA4/ICAM1/POSTN/RAB23/IGFBP7/SERPINE1/FZD1/CAV2/TNC/CAV1/HTRA1/PDPN/MMP2/VEGFC/THBS1/PRKCB/IGFBP6/STC1",19
"C0017921","Glycogen storage disease type II","15/459","194/21671",0.077319587628866,3.65052894009838,5.45496032319778,1.76774929835115e-05,0.000508159681799769,0.000365519582364705,"VWF/HMCN1/EFEMP1/FHL1/SERPING1/MFGE8/DES/HTRA1/CCL2/SERPINF1/CFH/C3/ELN/COL8A1/STC1",15
"C0270726","Alexander Disease","6/459","27/21671",0.222222222222222,10.4918905833939,7.25956890828976,1.77256954000192e-05,0.000508159681799769,0.000365519582364705,"COL4A1/HSPB8/CD38/SYNM/CRYAB/DES",6
"C0036220","Kaposi Sarcoma","26/459","488/21671",0.0532786885245902,2.51547376692025,4.9809202718865,1.79691158330406e-05,0.000513133622952081,0.000369097341399544,"S1PR3/PECAM1/ICAM1/MAP4K4/RBMS3/FGFR1/IL6ST/EDNRA/CCL5/ACKR3/PTPRC/CTSB/GEM/AXL/DCN/GBP1/VCAM1/NR3C1/MRGPRF/PDPN/MMP2/VEGFC/LGALS1/PDLIM7/THBS1/ADAMTS1",26
"C0751587","CADASIL Syndrome","7/459","40/21671",0.175,8.26236383442266,6.76261539587199,1.86033921416635e-05,0.00052480290479437,0.000377491063251664,"COL4A1/CLU/DCN/ACTG2/HTRA1/ELN/THBD",7
"C2936380","Neointima","7/459","40/21671",0.175,8.26236383442266,6.76261539587199,1.86033921416635e-05,0.00052480290479437,0.000377491063251664,"CYBB/FGFR1/SERPINE1/PTPRC/AXL/MMP2/TFPI",7
"C0220641","Lip and Oral Cavity Carcinoma","34/459","734/21671",0.0463215258855586,2.18700171561207,4.81268169926496,1.86217135593186e-05,0.00052480290479437,0.000377491063251664,"MMP11/FILIP1L/SAMD4A/ST8SIA4/ICAM1/SMARCA1/POSTN/MCC/TGFBR1/DKK3/SLIT2/SERPINE1/CCL5/CTSB/TNC/TIMP2/DCN/CAV1/FHL1/RECK/ANGPTL2/ZEB2/RGMA/CRYAB/CCL2/PDPN/MMP2/VEGFC/MCAM/LGALS1/MSN/HLA-DQB1/AKR1B1/THBD",34
"C0013080","Down Syndrome","35/459","766/21671",0.0456919060052219,2.15727515259077,4.79701323546608,1.86637904552842e-05,0.00052480290479437,0.000377491063251664,"CHRNA3/FYN/ADAM12/CLU/ICAM1/AGTR1/PAPPA/JAK3/RUNX1T1/FGFR1/TIAM1/IGFBP7/CD38/EDNRA/GJA1/EGR2/ACKR3/GLIS2/EFS/ANGPTL2/ZEB2/SYNM/GAP43/DPYSL3/COL6A2/RCAN2/COL6A1/CCL2/FLNA/CFH/A2M/NFATC1/THBS1/ADAMTS1/BCHE",35
"C1135196","Heart Failure, Diastolic","8/459","55/21671",0.145454545454545,6.8674192909487,6.40893390136788,1.93836078448339e-05,0.000542962969363497,0.000390553609248061,"COL4A1/AGTR1/FIBIN/FHL1/KANK2/COL6A1/MS4A6A/COL8A1",8
"C1762616","Meningioma, benign, no ICD-O subtype","23/459","404/21671",0.0569306930693069,2.68789771133976,5.03765800065941,1.94759281006784e-05,0.000543474662855053,0.00039092167070203,"OGN/RBMS3/DLC1/FGFR1/IGFBP7/ACKR3/AKAP12/CYP1B1/CTSB/TNC/TIMP2/ALDH1A3/NR3C1/MEIS1/SYNM/SPARC/CCL2/MMP2/LGALS1/PRELP/TSPAN2/HLA-DQB1/THBS1",23
"C0278877","Adult Meningioma","23/459","405/21671",0.0567901234567901,2.68126092686732,5.02417451191021,2.02506554080438e-05,0.000562952878938005,0.000404932363920812,"OGN/RBMS3/DLC1/FGFR1/IGFBP7/ACKR3/AKAP12/CYP1B1/CTSB/TNC/TIMP2/ALDH1A3/NR3C1/MEIS1/SYNM/SPARC/CCL2/MMP2/LGALS1/PRELP/TSPAN2/HLA-DQB1/THBS1",23
"C3642347","Basal-Like Breast Carcinoma","17/459","245/21671",0.0693877551020408,3.27603930461073,5.2703230753999,2.04226863617662e-05,0.000565592812109443,0.000406831269530318,"CD74/VWF/MAP4K4/POSTN/DKK3/WWTR1/TNC/MFAP5/DCLK1/CAV1/TWIST2/CRYAB/CCL2/PDPN/VEGFC/PRKCB/AKR1B1",17
"C0005967","Bone neoplasms","13/459","151/21671",0.0860927152317881,4.06473906707643,5.55911724687531,2.06188508675867e-05,0.0005683729334873,0.000408831012605878,"PDLIM3/FLI1/ICAM1/HLA-DOA/ACKR3/CTSB/CAV1/SPARC/PDPN/SERPINF1/SDC2/MMP2/CTSK",13
"C0521620","Dilatation of ureter","9/459","72/21671",0.125,5.90168845315904,6.12830144449186,2.070603990515e-05,0.0005683729334873,0.000408831012605878,"GLI3/AGTR1/RAB23/SETBP1/MYLK/MYH11/ACTG2/LMOD1/FLNA",9
"C0020517","Hypersensitivity","10/459","90/21671",0.111111111111111,5.24594529169693,5.93751685676464,2.07631177719618e-05,0.0005683729334873,0.000408831012605878,"HAVCR2/IL2RB/IL6ST/CLEC4A/CSF2RA/MYLK/HTR2B/CCL2/HLA-DQB1/AKR1B1",10
"C0410179","Ullrich congenital muscular dystrophy 1","5/459","17/21671",0.294117647058824,13.8863257721389,7.81860890813312,2.09103000465419e-05,0.0005683729334873,0.000408831012605878,"VWF/COL12A1/TNC/COL6A2/COL6A1",5
"C4021343","Broad hallux phalanx","5/459","17/21671",0.294117647058824,13.8863257721389,7.81860890813312,2.09103000465419e-05,0.0005683729334873,0.000408831012605878,"FLI1/GLI3/FGFR1/KCNJ8/DACT1",5
"C0338106","Adenocarcinoma of colon","23/459","406/21671",0.0566502463054187,2.67465683591444,5.01073158472057,2.10530880257001e-05,0.000570142483470898,0.000410103851034711,"MMP11/LAYN/TGFBR1/FGFR1/IGFBP7/EDNRA/SERPINE1/ACKR3/CTSB/WWTR1/MFAP5/DCLK1/CAV1/F2R/FLNA/SDC2/MMP2/VEGFC/AEBP1/GREM1/LUM/AKR1B1/COL8A1",23
"C0039103","Synovitis","15/459","197/21671",0.0761421319796954,3.59493712882784,5.38205916866918,2.11888121726264e-05,0.00057170842843715,0.000411230236245051,"DOCK2/CLU/ICAM1/GLI3/PAPPA/SERPINE1/CCL5/TNC/DDR2/VCAM1/F2R/CCL2/VEGFC/THBS1/CDH11",15
"C1858127","Limb-girdle muscle weakness","7/459","41/21671",0.170731707317073,8.0608427652904,6.65679523823653,2.20276147138985e-05,0.000592163605806965,0.000425943658338928,"TPM2/LDB3/CFL2/CRYAB/COL6A2/COL6A1/COL13A1",7
"C1836156","Progressive proximal muscle weakness","6/459","28/21671",0.214285714285714,10.1171802054155,7.10110303322133,2.21586544684804e-05,0.000593512281548093,0.00042691376165743,"COL12A1/LDB3/CAV1/CRYAB/COL6A2/COL6A1",6
"C0275518","Acute infectious disease","15/459","198/21671",0.0757575757575758,3.57678088070245,5.3580740541386,2.2489120410876e-05,0.000600173289801523,0.000431705029131265,"SORBS1/CD74/ICAM1/CYBB/ITGA1/CLEC4A/CD38/CCL5/CCL2/CFH/PDLIM7/HLA-DQB1/THBS1/EFEMP2/BCHE",15
"C0035312","Retinal Drusen","4/459","9/21671",0.444444444444444,20.9837811667877,8.82052902641882,2.30035203332271e-05,0.000611676941034615,0.000439979612780831,"EFEMP1/HTRA1/CCL2/CFH",4
"C0026267","Mitral Valve Prolapse Syndrome","11/459","111/21671",0.0990990990990991,4.67881607097293,5.71597308809299,2.41038866902507e-05,0.000638622470829423,0.000459361549502593,"COL3A1/TPM2/VWF/AGTR1/TGFBR1/TRPS1/FLNA/MMP2/AEBP1/COL1A2/ELN",11
"C1257931","Mammary Neoplasms, Human","27/459","527/21671",0.0512333965844402,2.41890836030807,4.85077431563527,2.47457722088781e-05,0.000653270583600563,0.000469897946336705,"RGS2/IGFBP5/CD74/ZNF667-AS1/PPP1R12B/SETBP1/FGFR1/SYNE1/IGFBP7/GJA1/AKAP12/CYP1B1/ACTA2/EFEMP1/CAV1/MFGE8/ZEB2/MEIS1/DES/EVL/FLNA/MMP2/VEGFC/THBS1/ADAMTS1/BCHE/CDH5",27
"C0432072","Dysmorphic features","24/459","439/21671",0.0546697038724374,2.5811484806527,4.92327904412102,2.49211322024643e-05,0.000655541896895646,0.000471531703434666,"COL4A1/TPM2/FLI1/TCF4/MAP1B/MN1/SETBP1/AKT3/PMP22/FGFR1/TRPS1/CD38/GJA1/TUBA1A/TWIST2/ZEB2/MEF2C/MEIS2/COL6A2/NDN/COL1A2/ELN/CTSK/EDIL3",24
"C0333463","Senile Plaques","17/459","249/21671",0.0682730923694779,3.22341216718727,5.19080403061847,2.51297960541306e-05,0.000658669904433088,0.000473781681246109,"HSPB8/CLU/ICAM1/AGTR1/RUNX1T1/DCN/C1R/ACTG2/HSPB6/GAP43/SRPX/CCL2/AEBP1/A2M/BCHE/RTN1/CTSK",17
"C0149630","Bicuspid aortic valve","13/459","154/21671",0.0844155844155844,3.98555583849702,5.46940001944184,2.54140236908668e-05,0.000663749181022319,0.000477435208127729,"ADAMTS5/TGFBR1/EGR2/PRKG1/TNC/MFAP5/ACTA2/MYLK/MYH11/ZEB2/FLNA/MMP2/ELN",13
"C0427515","Neutrophil abnormality","9/459","74/21671",0.121621621621622,5.74218335983042,6.01094116601587,2.59026336989124e-05,0.000673088074629539,0.000484152680239978,"LAMA4/CYBB/SGCD/LDB3/PLN/NEXN/CRYAB/CAP2/DES",9
"C1560249","Adverse Event Associated with Cardiac Arrhythmia","7/459","42/21671",0.166666666666667,7.86891793754539,6.55450262922897,2.5955024542875e-05,0.000673088074629539,0.000484152680239978,"AGTR1/HSPB7/GJA1/ANK2/FAM20C/POPDC2/KCNE4",7
"C0206733","Strawberry nevus of skin","11/459","112/21671",0.0982142857142857,4.6370409274821,5.67659463566672,2.62280090343033e-05,0.000676624971440307,0.000486696772365823,"PECAM1/AGTR1/AKT3/FGFR1/PTPRC/ANTXR1/CCL2/SERPINF1/VEGFC/THBS1/PAPLN",11
"C0003811","Cardiac Arrhythmia","28/459","559/21671",0.0500894454382826,2.36489841414602,4.8093516582565,2.62758028151638e-05,0.000676624971440307,0.000486696772365823,"SORBS1/COL4A1/GJC1/EPHA3/PDE5A/VWF/AGTR1/CYBB/IL2RB/HSPB7/CD38/GJA1/ETV1/CACNA2D1/GNG11/PLN/FHL1/ITPR1/ANK2/ACTG2/HOPX/KCNJ8/FAM20C/POPDC2/EFEMP2/ELN/BCHE/KCNE4",28
"C1854301","Motor delay","22/459","384/21671",0.0572916666666667,2.70494054103123,4.95864033885308,2.67605203087315e-05,0.000686697407502729,0.000493941882032714,"TPM2/TCF4/TUSC3/SETBP1/PMP22/SYNE1/EGR2/COL12A1/TUBA1A/ITPR1/ZEB2/MEF2C/COL6A2/DES/SPARC/COL6A1/FLNA/NDN/MPDZ/ADAMTS2/RORA/COL13A1",22
"C0575158","Kyphoscoliosis deformity of spine","13/459","155/21671",0.0838709677419355,3.95984257502284,5.43999729017298,2.72159519834278e-05,0.000695950772147653,0.000500597833107978,"TPM2/POSTN/RAB23/SETBP1/TGFBR1/PMP22/EGR2/COL12A1/FLNA/MMP2/AEBP1/ELN/COL13A1",13
"C0024198","Lyme Disease","14/459","178/21671",0.0786516853932584,3.71342194805513,5.34716769681674,2.77185605462857e-05,0.000706342068920802,0.000508072299486926,"SORBS1/AOC3/RBMS3/CD300A/CD38/DCN/FHL1/VCAM1/CCL2/PPP1R14A/FAM20C/CFH/TFPI/PDLIM7",14
"C0008479","Chondrosarcoma","22/459","385/21671",0.0571428571428571,2.69791472144413,4.94474840292866,2.78360022803051e-05,0.000706880348564565,0.00050845948437709,"CLU/ICAM1/POSTN/TUSC3/FGFR1/SERPINE1/CCL5/TNC/FERMT2/TIMP2/DCN/VCAM1/PDPN/SDC2/MMP2/VEGFC/TFPI/COL1A2/LBH/ADAMTS2/CTSK/EDIL3",22
"C0022876","Premature Obstetric Labor","5/459","18/21671",0.277777777777778,13.1148632292423,7.56381188694613,2.84500540271702e-05,0.000717508407235057,0.000516104253739404,"PECAM1/ICAM1/VCAM1/F2R/CCL2",5
"C1844573","Large earlobe","5/459","18/21671",0.277777777777778,13.1148632292423,7.56381188694613,2.84500540271702e-05,0.000717508407235057,0.000516104253739404,"SETBP1/GJA1/ZEB2/CDH11/ELN",5
"C0010051","Coronary Aneurysm","9/459","75/21671",0.12,5.66562091503268,5.95385715258295,2.88905924835598e-05,0.000726123487112483,0.000522301086175387,"VWF/SETBP1/HLA-DOA/PRKD1/SERPINE1/GJA1/CCL2/MMP2/THBD",9
"C0007785","Cerebral Infarction","32/459","687/21671",0.0465793304221252,2.19917357206509,4.69852203252162,2.95197628051274e-05,0.000739404570740033,0.000531854178076931,"COL3A1/AOC3/VWF/ICAM1/AGTR1/CYBB/POSTN/IL2RB/JAK3/FGFR1/SERPINE1/CCL5/GJA1/ACKR3/PTGIS/CAV2/TNC/CAV1/MFGE8/NR3C1/ANGPTL1/F2R/HTRA1/CCL2/SERPINF1/SMTN/MMP2/VEGFC/PRKCB/STC1/THBD/EDIL3",32
"C0221013","Mastocytosis, Systemic","10/459","94/21671",0.106382978723404,5.02271357715663,5.74953201403434,3.04371355537415e-05,0.000759789584452071,0.000546517131407138,"CLU/RUNX1T1/FGFR1/CD38/CD2/PTPRC/NRP2/MYH11/MITF/CCL2",10
"C0017525","Giant Cell Tumors","9/459","76/21671",0.118421052631579,5.59107327141383,5.89779136284433,3.21656276852908e-05,0.000800215395194404,0.000575595442789414,"ADAM12/FGFR1/GJA1/TNC/F2R/CCL2/PDPN/MMP2/CDH11",9
"C4021726","EMG: myopathic abnormalities","11/459","115/21671",0.0956521739130435,4.51607464241735,5.56119223914342,3.35990797084024e-05,0.000830084502040528,0.000597080310343909,"TPM2/FGFR1/SYNE1/COL12A1/LDB3/FHL1/CRYAB/COL6A2/DES/COL6A1/COL13A1",11
"C3495549","Patent ductus arteriosus - persisting type","6/459","30/21671",0.2,9.44270152505447,6.8068846326991,3.36931690295787e-05,0.000830084502040528,0.000597080310343909,"VWF/AGTR1/PTGIS/ACTA2/MYH11/NFATC1",6
"C0149516","Chronic sinusitis","15/459","205/21671",0.0731707317073171,3.45464689941017,5.19439994153467,3.37400612194848e-05,0.000830084502040528,0.000597080310343909,"HAVCR2/ICAM1/POSTN/CD8A/CCL5/EGR2/ACKR3/CAV1/NR3C1/SPARC/PDPN/MGP/MMP2/TFPI/C3",15
"C0032584","polyps","22/459","390/21671",0.0564102564102564,2.66332607116921,4.87594357890509,3.38186764014332e-05,0.000830084502040528,0.000597080310343909,"PDE5A/PTGER3/AGTR1/POSTN/TGFBR1/IGFBP7/EDNRA/SERPINE1/ACKR3/CALD1/PTGIS/MFAP5/DCLK1/VCAM1/NR3C1/PDPN/MMP2/VEGFC/LGALS1/GREM1/C3/HLA-DRA",22
"C0004936","Mental disorders","35/459","789/21671",0.0443599493029151,2.09438880466988,4.60647890587499,3.43357456919862e-05,0.000838050313501335,0.00060281012359481,"QKI/S1PR3/EPHA3/LSAMP/ICAM1/TMTC1/AGTR1/TCF4/ATXN1/NLGN4X/ADARB1/SYNE1/NEGR1/EDNRA/FIBIN/GJA1/ACKR3/CLDN11/DCLK1/KCNMA1/FEZ1/SGCE/ACTG2/NR3C1/RGMA/MEF2C/SRPX/FLNA/SDC2/NDN/A2M/PDLIM7/BCHE/IL10RA/ADAM19",35
"C0151779","Cutaneous Melanoma","26/459","507/21671",0.0512820512820513,2.42120551924473,4.76328950298167,3.43715961798476e-05,0.000838050313501335,0.00060281012359481,"FLI1/ICAM1/JAK3/SYNE1/RASSF8/ACKR3/CYP1B1/GEM/FERMT2/GBP1/NRP2/RECK/MITF/VCAM1/TTC7B/DES/SERPINF1/ATP2B4/SDC2/MMP2/VEGFC/MCAM/HLA-DQB1/THBS1/CTSK/RORA",26
"C0010417","Cryptorchidism","33/459","725/21671",0.0455172413793103,2.14902862294343,4.62907577787278,3.49482419950796e-05,0.000849288569542679,0.00061089380831413,"COL3A1/COL4A1/MMP11/TPM2/FLI1/GLI3/TCF4/RAB23/FGFR1/AP1S2/SYNE1/EDNRA/ACKR3/ZFPM2/GPR161/AXL/ACTA2/MYLK/TUBA1A/GPC6/MYH11/ACTG2/F2R/LMOD1/COL6A1/FLNA/DACT1/NDN/MMP2/AEBP1/HLA-DQB1/CDH11/ELN",33
"C0024437","Macular degeneration","7/459","44/21671",0.159090909090909,7.51123984947514,6.35970367792079,3.55460088484018e-05,0.000860219506680489,0.00061875643835065,"EFEMP1/TUBB6/CRYAB/HTRA1/SERPINF1/MMP2/CFH",7
"C0221210","Congenital malrotation of intestine","9/459","77/21671",0.116883116883117,5.51846193022664,5.84271134470073,3.57496865427918e-05,0.000860219506680489,0.00061875643835065,"FLI1/ZFPM2/ACTA2/MYLK/CLMP/MYH11/ACTG2/LMOD1/FLNA",9
"C0423757","Thin skin","9/459","77/21671",0.116883116883117,5.51846193022664,5.84271134470073,3.57496865427918e-05,0.000860219506680489,0.00061875643835065,"COL3A1/MAP1B/TGFBR1/PRKD1/C1R/TWIST2/FLNA/COL1A2/ADAMTS2",9
"C0751674","Lymphangioleiomyomatosis","10/459","96/21671",0.104166666666667,4.91807371096587,5.65949663031554,3.65723634901679e-05,0.000877139136125302,0.000630926738573072,"SERPINE1/GJA1/DDR2/DES/CCL2/PDPN/MMP2/VEGFC/PDGFC/CTSK",10
"C0812413","Malignant Pleural Mesothelioma","23/459","421/21671",0.0546318289786223,2.57936027406476,4.81379708785777,3.70663278134688e-05,0.000886090488022957,0.000637365451687112,"HAVCR2/CD74/ICAM1/PAPPA/FGFR1/CD38/PTPRC/TNC/DCLK1/KCNMA1/EFEMP1/CAV1/CLIC4/ACTG2/ALDH1A3/F2R/CCL2/PDPN/MMP2/MCAM/COL1A2/THBS1/THBD",23
"C0740457","Malignant neoplasm of kidney","31/459","664/21671",0.0466867469879518,2.20424508491482,4.63619712807234,3.76606427306828e-05,0.000894057880618137,0.000643096402248974,"QKI/HAVCR2/EPHA3/CLU/DERL3/CD74/ICAM1/AGTR1/SMARCA1/POSTN/TCF4/DKK3/IGFBP7/ACKR3/CYP1B1/CTSB/AXL/CAV2/DCLK1/TIMP2/CHRDL1/CAV1/FEZ1/MITF/TWIST2/ZEB2/CCL2/MMP2/MCAM/CTSK/RORA",31
"C3888570","Degenerative mitral valve disease","4/459","10/21671",0.4,18.8854030501089,8.32155464710709,3.76972989677034e-05,0.000894057880618137,0.000643096402248974,"PECAM1/ACTA2/DCN/DES",4
"C0026010","Microphthalmos","20/459","337/21671",0.0593471810089021,2.80198858310222,4.90428645885872,3.77650828439328e-05,0.000894057880618137,0.000643096402248974,"COL4A1/TFEC/GLI3/FGFR1/CD38/GJA1/FZD1/CYP1B1/YME1L1/TUBA1A/MITF/ALDH1A3/ZEB2/MEIS1/DES/SERPINF1/DACT1/MAB21L2/MMP2/CTSK",20
"C4049938","Physical Activity Measurement","13/459","160/21671",0.08125,3.83609749455338,5.29658366259979,3.80042148216125e-05,0.00089682614976146,0.000645087620004693,"SSPN/NEGR1/HIP1/EFEMP1/MEIS1/MEF2C/LMOD1/LTBP1/CALU/JAZF1/HLA-DQB1/LOXL1/HLA-DRA",13
"C1378703","Renal carcinoma","31/459","665/21671",0.0466165413533835,2.20093043065179,4.62702643742887,3.87384085141871e-05,0.000911221731043652,0.000655442370778166,"QKI/HAVCR2/EPHA3/DERL3/CD74/ICAM1/AGTR1/SMARCA1/POSTN/TCF4/DKK3/JAM3/IGFBP7/ACKR3/CTSB/CAV2/DCLK1/CHRDL1/CAV1/FEZ1/MITF/TWIST2/ZEB2/SPARC/HOXB2/CCL2/MMP2/MCAM/CDH11/CTSK/RORA",31
"C0085109","Corneal Neovascularization","11/459","117/21671",0.094017094017094,4.43887678528201,5.4864395209964,3.94502356816221e-05,0.00092500089350615,0.000665353731102522,"PECAM1/ICAM1/GLI3/CYP1B1/DCN/MXRA7/ANGPTL1/CCL2/SERPINF1/MMP2/VEGFC",11
"C0037199","Sinusitis","10/459","97/21671",0.103092783505155,4.86737192013117,5.61540984095116,4.00168996069909e-05,0.000935299446546835,0.000672761486855713,"CLU/ST8SIA4/CYBB/POSTN/IGHM/SERPINE1/CCL5/PDPN/MGP/WIPF1",10
"C0398623","Thrombophilia","13/459","161/21671",0.0807453416149068,3.81227080204062,5.26859554022944,4.05609208733782e-05,0.000944316558210489,0.000679247501011267,"VWF/SERPINE1/SERPING1/MFGE8/F2R/PDPN/MGP/SERPINF1/CFH/TFPI/A2M/C3/THBD",13
"C0278488","Carcinoma breast stage IV","28/459","573/21671",0.0488656195462478,2.30711730106043,4.66461945435674,4.06600398411929e-05,0.000944316558210489,0.000679247501011267,"SORBS1/MMP11/ST8SIA4/ICAM1/PCDH7/FGFR1/GJA1/PTPRC/CTSB/TNC/KCNMA1/DCN/CAV1/HSD17B6/ACTG2/VCAM1/ALDH1A3/NR3C1/ANTXR1/SPARC/CCL2/MMP2/ADAMTS1/CDH11/BCHE/PRKCB/CDH5/CTSK",28
"C0600518","Choroidal Neovascularization","6/459","31/21671",0.193548387096774,9.13809825005271,6.66991250021762,4.10371429103404e-05,0.000947080477418202,0.000681235589855535,"AOC3/ICAM1/HTRA1/SERPINF1/MMP2/CFH",6
"C0751336","Distal Muscular Dystrophies","6/459","31/21671",0.193548387096774,9.13809825005271,6.66991250021762,4.10371429103404e-05,0.000947080477418202,0.000681235589855535,"HSPB8/LDB3/FHL1/SYNM/CRYAB/DES",6
"C0033300","Progeria","11/459","118/21671",0.0932203389830508,4.40125918540674,5.44969072096939,4.2691001162914e-05,0.000982160681926726,0.000706468803273432,"PECAM1/GJA1/HIP1/KCNMA1/TWIST2/DES/PRELP/A2M/ELN/CDH5/EDIL3",11
"C0018824","Heart valve disease","9/459","79/21671",0.113924050632911,5.37875403325887,5.73538596757695,4.39388233343396e-05,0.00100145038649291,0.00072034390003829,"VWF/POSTN/FGFR1/TNC/HTR2B/GAP43/CCL2/FLNA/COL1A2",9
"C0042025","Urinary Stress Incontinence","9/459","79/21671",0.113924050632911,5.37875403325887,5.73538596757695,4.39388233343396e-05,0.00100145038649291,0.00072034390003829,"TIMP2/DCN/ACTG2/TWIST2/LTBP1/MMP2/A2M/LOXL1/ELN",9
"C0241240","Tall stature","9/459","79/21671",0.113924050632911,5.37875403325887,5.73538596757695,4.39388233343396e-05,0.00100145038649291,0.00072034390003829,"GLI3/TCF4/TGFBR1/PRKG1/MFAP5/ACTA2/MYLK/MYH11/ELN",9
"C4704874","Mammary Carcinoma, Human","27/459","545/21671",0.0495412844036697,2.33901780895845,4.65715782430793,4.41337552720777e-05,0.00100277904006743,0.000721299601399608,"RGS2/IGFBP5/CD74/ZNF667-AS1/PPP1R12B/SETBP1/FGFR1/SYNE1/IGFBP7/GJA1/AKAP12/CYP1B1/ACTA2/EFEMP1/CAV1/MFGE8/ZEB2/MEIS1/DES/EVL/FLNA/MMP2/VEGFC/THBS1/ADAMTS1/BCHE/CDH5",27
"C0149782","Squamous cell carcinoma of lung","31/459","670/21671",0.0462686567164179,2.1845055766917,4.58141372790396,4.45590784499657e-05,0.00100931813809969,0.000726003178773808,"CHRNA3/FYN/EPHA3/GAS7/CLU/LIPA/AGTR1/RBMS3/DLC1/FGFR1/EDNRA/LMO3/SERPINE1/ACKR3/CTSB/CLDN11/DCLK1/DDR2/CAV1/SERPING1/MASP1/ZEB2/HOPX/F2R/SPARC/CCL2/PDPN/ARL4C/FSTL1/LGALS1/BCHE",31
"C0003857","Congenital arteriovenous malformation","13/459","163/21671",0.0797546012269939,3.76549447318123,5.21328625776642,4.61274307921791e-05,0.001039126709373,0.000747444503052269,"PECAM1/VWF/ICAM1/PTPN14/TGFBR1/EDNRA/VCAM1/CRYAB/MGP/MMP2/THBS1/ELN/CDH5",13
"C0280141","Acute Undifferentiated Leukemia","11/459","119/21671",0.092436974789916,4.3642738141008,5.41334886162754,4.61582378056407e-05,0.001039126709373,0.000747444503052269,"SETBP1/FGFR1/IGFBP7/CD38/MYH11/NR3C1/MEIS1/MEF2C/F2R/PBX3/PCDH17",11
"C0553580","Ewings sarcoma","26/459","517/21671",0.0502901353965184,2.3743736910195,4.6526335047079,4.76082213465293e-05,0.001068491548814,0.000768566650741492,"MMP11/EPHA3/FLI1/PAPPA/TCF4/HLA-DOA/FGFR1/CD38/EDNRA/LMO3/GJA1/EGR2/ACKR3/ETV1/PTPRC/AXL/TNC/CAV1/NR3C1/MEIS1/MCAM/SLFN11/CDH11/RASSF2/PRIMA1/PRKCB",26
"C1860493","Abnormality of the sternum","7/459","46/21671",0.152173913043478,7.18466420384579,6.1767777008527,4.7871267746415e-05,0.00107111961582604,0.000770457021014992,"TGFBR1/PRKG1/MFAP5/ACTA2/MYLK/MYH11/ELN",7
"C0011644","Scleroderma","19/459","316/21671",0.060126582278481,2.83878685088663,4.84362076178725,4.93296714177105e-05,0.00110039653050024,0.000791515924363521,"COL3A1/PDE5A/FLI1/ICAM1/POSTN/TGFBR1/SERPINE1/CCL5/EGR2/GEM/TNC/DDR2/CAV1/SPARC/CCL2/COL1A2/HLA-DQB1/THBS1/PRKCB",19
"C1857482","Slender finger","5/459","20/21671",0.25,11.8033769063181,7.1101790109127,4.97102731204176e-05,0.00110552634675983,0.000795205804462183,"COL3A1/TRPS1/COL12A1/COL6A2/COL6A1",5
"C0340629","Aortic aneurysm without mention of rupture NOS","10/459","100/21671",0.1,4.72135076252723,5.48669042764059,5.20608800344236e-05,0.00115430452740977,0.000830291980832038,"PECAM1/AGTR1/SERPINE1/TNC/ACTA2/TAGLN/CCL2/MMP2/THBS1/ELN",10
"C0027092","Myopia","25/459","490/21671",0.0510204081632653,2.40885242986083,4.64018509219254,5.26977752535558e-05,0.00116490654393327,0.000837918018061453,"COL4A1/MMP11/MAF/TCF4/TGFBR1/GJA1/YME1L1/KCNMA1/TIMP2/DCN/MYH11/TWIST2/ZEB2/ANTXR1/HTRA1/COL6A1/SERPINF1/MMP2/CFH/ELN/LUM/LAMB2/ADAMTS2/COL8A1/MYO5A",25
"C0004245","Atrioventricular Block","8/459","63/21671",0.126984126984127,5.99536604765363,5.84083981742868,5.31848655515851e-05,0.00117214332817743,0.000843123441571675,"GJC1/SYNE1/PKD2/CACNA2D1/CAV1/FHL1/DES/MMP2",8
"C0238288","Muscular Dystrophy, Facioscapulohumeral","12/459","143/21671",0.0839160839160839,3.96197266785502,5.22747798170151,5.4848350407814e-05,0.00120518575941002,0.000866890883375944,"PDLIM3/COL3A1/PMP22/CAV2/DCN/FHL1/FLNA/SDC2/TACR2/ELN/LUM/RTN1",12
"C0010034","Corneal Diseases","7/459","47/21671",0.148936170212766,7.03179900801928,6.08937560921261,5.52328346666997e-05,0.00120641004053247,0.000867771509566099,"ICAM1/TCF4/GJA1/MXRA7/DES/COL6A1/MMP2",7
"C0016052","Fibromuscular Dysplasia","7/459","47/21671",0.148936170212766,7.03179900801928,6.08937560921261,5.52328346666997e-05,0.00120641004053247,0.000867771509566099,"CAV2/ACTA2/MYLK/FLNA/TACR2/EFEMP2/RTN1",7
"C0266200","Microcolon","4/459","11/21671",0.363636363636364,17.1685482273718,7.89011134550892,5.82474826238272e-05,0.00126472862419014,0.000909720103888176,"MYLK/MYH11/ACTG2/LMOD1",4
"C0428975","Supraventricular Arrhythmia by ECG Finding","4/459","11/21671",0.363636363636364,17.1685482273718,7.89011134550892,5.82474826238272e-05,0.00126472862419014,0.000909720103888176,"COL4A1/SYNE1/FHL1/DES",4
"C0035222","Respiratory Distress Syndrome, Adult","23/459","434/21671",0.0529953917050691,2.50209833037158,4.649878808111,5.9028721693148e-05,0.00127701543430127,0.000918558014216892,"S1PR3/VWF/ICAM1/AGTR1/AKT3/EBF1/SERPINE1/CYP1B1/TNC/MYLK/DCN/CAV1/SERPING1/ANGPTL2/NR3C1/CCL2/PDPN/MMP2/TFPI/IGFBP6/AKR1B1/CDH5/THBD",23
"C4317089","Infantile hemangioma","9/459","82/21671",0.109756097560976,5.18197034911526,5.5810588436126,5.91613636275287e-05,0.00127701543430127,0.000918558014216892,"PECAM1/AGTR1/PTPRC/ANTXR1/CCL2/SERPINF1/VEGFC/THBS1/PAPLN",9
"C2350236","Idiopathic Interstitial Pneumonias","8/459","64/21671",0.125,5.90168845315904,5.77674829271983,5.96712369699454e-05,0.00128424401208924,0.000923757534817954,"RBMS3/POSTN/SERPINE1/PTPRC/DCN/RECK/CCL2/THBD",8
"C0042384","Vasculitis","18/459","294/21671",0.0612244897959184,2.890622915833,4.80120437723084,6.14424991772717e-05,0.00131849854228654,0.00094839684017857,"LSAMP/VWF/ICAM1/PMP22/CCL5/TNC/CAV1/SERPING1/VCAM1/ZEB2/CCL2/MMP2/CFH/WIPF1/PALLD/HLA-DQB1/PRKCB/AKR1B1",18
"C0339543","Epiretinal Membrane","10/459","102/21671",0.0980392156862745,4.62877525737964,5.40368645596615,6.17009767009225e-05,0.0013201850379244,0.000949609937563684,"POSTN/MAP1B/IL2RB/PTPRC/KCNMA1/PLXDC1/SPARC/MGP/LGALS1/THBS1",10
"C0265110","Cerebral Vasospasm","7/459","48/21671",0.145833333333333,6.88530319535222,6.00449482968553,6.34953089018589e-05,0.00135462811636844,0.00097438486579811,"AGTR1/EDNRA/GJA1/PKD2/TNC/CCL2/EFEMP2",7
"C0026265","Diseases of mitral valve","5/459","21/21671",0.238095238095238,11.2413113393506,6.90686957705692,6.41136593893522e-05,0.00136385549640132,0.000981022126125405,"VWF/GJA1/SLC24A3/MMP2/FSTL1",5
"C0149521","Pancreatitis, Chronic","21/459","379/21671",0.0554089709762533,2.61605187369583,4.66886871991245,6.56350456583254e-05,0.00139218381527876,0.00100139870391391,"CYGB/CLU/ST8SIA4/CRISPLD2/ICAM1/IL2RB/TNC/DCN/CAV1/DPYSL3/SPARC/CCL2/TGFB1I1/SPARCL1/SDC2/TACR2/FSTL1/LGALS1/GREM1/A2M/NFATC1",21
"C0428474","Serum LDL cholesterol measurement","17/459","269/21671",0.0631970260223048,2.98375326999862,4.81594595956995,6.62847815877402e-05,0.00140191357945944,0.00100839732947829,"COL4A1/LAIR1/APOC1/ICAM1/AGTR1/TGFBR1/AKT3/GPC6/TAGLN/HTR2B/F2R/LMOD1/MYOCD/PBX3/TFPI/HLA-DRA/ATP1A2",17
"C1867441","Pterygium Of Conjunctiva And Cornea","13/459","169/21671",0.0769230769230769,3.6318082788671,5.05246322927409,6.70067880988081e-05,0.00140624613842232,0.00101151374189628,"COL3A1/COL4A1/CLU/PECAM1/TCF4/EFEMP1/ZEB2/SPARC/PDPN/MMP2/VEGFC/LOXL1/ELN",13
"C4520843","Pterygium of eye","13/459","169/21671",0.0769230769230769,3.6318082788671,5.05246322927409,6.70067880988081e-05,0.00140624613842232,0.00101151374189628,"COL3A1/COL4A1/CLU/PECAM1/TCF4/EFEMP1/ZEB2/SPARC/PDPN/MMP2/VEGFC/LOXL1/ELN",13
"C0000731","Abdomen distended","10/459","103/21671",0.0970873786407767,4.58383569177401,5.36298712644299,6.7064470424828e-05,0.00140624613842232,0.00101151374189628,"FLI1/LIPA/MYLK/C1R/MYH11/ACTG2/ZEB2/LMOD1/FLNA/HLA-DQB1",10
"C0240479","Neck muscle weakness","7/459","49/21671",0.142857142857143,6.74478680361033,5.92200832826952,7.27407468697666e-05,0.00152092404922284,0.00109400163608301,"TPM2/SYNE1/CFL2/CRYAB/DES/LAMB2/COL13A1",7
"C0027868","Neuromuscular Diseases","13/459","171/21671",0.0760233918128655,3.58933098905579,5.00047641713247,7.55870856066269e-05,0.00157594778769044,0.00113358024616398,"COL4A1/HSPB8/ATXN1/SGCD/PMP22/SYNE1/LDB3/CAV2/TIMP2/MEF2C/DES/SYNC/MMP2",13
"C0016529","Forced expiratory volume function","17/459","272/21671",0.0625,2.95084422657952,4.76272268057061,7.59800090782691e-05,0.00157965237004367,0.00113624495460719,"CHRNA3/RDX/MN1/ITGA1/SYNE1/EBF1/LDB3/TSHZ3/EFEMP1/MSRB3/TNS1/NEXN/JAZF1/HLA-DQB1/BCHE/COL8A1/ADAM19",17
"C0677932","Progressive Neoplastic Disease","21/459","384/21671",0.0546875,2.58198869825708,4.60104782894218,7.90294352148694e-05,0.00163379443673782,0.00117518937762067,"HAVCR2/PECAM1/CD74/VWF/ATXN1/PMP22/CD38/SERPINE1/CCL5/PTPRC/GEM/TIMP2/MEF2C/CCL2/PDPN/MMP2/CFH/PDLIM7/HLA-DQB1/ELN/ITGA4",21
"C3539781","Progressive cGVHD","21/459","384/21671",0.0546875,2.58198869825708,4.60104782894218,7.90294352148694e-05,0.00163379443673782,0.00117518937762067,"HAVCR2/PECAM1/CD74/VWF/ATXN1/PMP22/CD38/SERPINE1/CCL5/PTPRC/GEM/TIMP2/MEF2C/CCL2/PDPN/MMP2/CFH/PDLIM7/HLA-DQB1/ELN/ITGA4",21
"C0747845","early pregnancy","17/459","273/21671",0.0622710622710623,2.94003527336861,4.74514346442992,7.94783934403308e-05,0.00163846047600727,0.0011785456626353,"HAVCR2/PECAM1/AGTR1/PCSK5/FGFR1/SLIT2/SERPINE1/CCL5/GJA1/ACKR3/PTGIS/DCN/CCL2/SPARCL1/MMP2/PALLD/THBS1",17
"C0494463","Alzheimer Disease, Late Onset","21/459","385/21671",0.0545454545454545,2.57528223410576,4.58761221213233,8.19829024995559e-05,0.00168205207484856,0.00120990112741095,"ADAM12/CLU/APOC1/FRMD4A/ATXN1/HECTD2/CCL5/PRKG1/FERMT2/CAV1/MSRB3/ACTG2/SYNM/MEF2C/CCL2/CFH/A2M/ADAMTS1/HLA-DRA/BCHE/MS4A6A",21
"C0020492","Hyperostosis","7/459","50/21671",0.14,6.60989106753813,5.84179793989697,8.3056005195427e-05,0.00168205207484856,0.00120990112741095,"GLI3/PAPPA/DLC1/CCL2/FLNA/WIPF1/ADAMTS1",7
"C1691228","Cystic Kidney Diseases","7/459","50/21671",0.14,6.60989106753813,5.84179793989697,8.3056005195427e-05,0.00168205207484856,0.00120990112741095,"COL4A1/PRKD1/GLIS2/PKD2/CPQ/TNS1/CYS1",7
"C1843700","Increased variability in muscle fiber diameter","7/459","50/21671",0.14,6.60989106753813,5.84179793989697,8.3056005195427e-05,0.00168205207484856,0.00120990112741095,"TPM2/COL12A1/CFL2/FHL1/CRYAB/COL6A2/COL6A1",7
"C0019079","Hemoptysis","8/459","67/21671",0.119402985074627,5.63743374630117,5.59233300453505,8.31972888908607e-05,0.00168205207484856,0.00120990112741095,"COL3A1/TGFBR1/PRKG1/MFAP5/ACTA2/MYLK/MYH11/ELN",8
"C0027668","Neoplasms, Vascular Tissue","8/459","67/21671",0.119402985074627,5.63743374630117,5.59233300453505,8.31972888908607e-05,0.00168205207484856,0.00120990112741095,"FLI1/WWTR1/DCN/F2R/SPARC/PDPN/VEGFC/CDH5",8
"C0426891","Broad thumbs","8/459","67/21671",0.119402985074627,5.63743374630117,5.59233300453505,8.31972888908607e-05,0.00168205207484856,0.00120990112741095,"GLI3/RAB23/FGFR1/PRKD1/TRPS1/MEIS2/FLNA/DACT1",8
"C0019214","Hepatosplenomegaly","11/459","127/21671",0.0866141732283465,4.08935892817319,5.1363197030318,8.37234960894274e-05,0.00168804048846238,0.00121420859713267,"HAVCR2/VWF/LIPA/TCF4/JAK3/CD3D/STOM/TIMP2/CAV1/MMP2/PALLD",11
"C1720164","Central corneal thickness","6/459","35/21671",0.171428571428571,8.0937441643324,6.17825809104295,8.42129498385197e-05,0.00169325709278054,0.00121796090393706,"COL12A1/COL8A2/GLT8D2/COL6A2/LTBP1/ADAMTS2",6
"C0011875","Diabetic Angiopathies","10/459","106/21671",0.0943396226415094,4.45410449295022,5.2439514501373,8.55943798904903e-05,0.00171633102190248,0.00123455799583207,"AOC3/ICAM1/IGFBP7/SERPINE1/SPARC/CCL2/SERPINF1/THBS1/PRKCB/AKR1B1",10
"C0266050","Failure of exfoliation of primary tooth","4/459","12/21671",0.333333333333333,15.7378358750908,7.51190569905017,8.59104159612528e-05,0.00171797423089819,0.00123573995710794,"RAB23/COL6A1/FLNA/CTSK",4
"C0264716","Chronic heart failure","15/459","223/21671",0.0672645739910314,3.17579647703626,4.80421339153525,8.81350057484921e-05,0.00175767067170702,0.00126429363223309,"CLU/VWF/AGTR1/RBMS3/DKK3/IL6ST/EDNRA/GJA1/ACKR3/CCL2/PLEKHO1/MMP2/FSTL1/PRIMA1/CTSK",15
"C0265010","Ruptured thoracic aortic aneurysm","3/459","5/21671",0.6,28.3281045751634,8.98980213150304,9.14546888919028e-05,0.00178982923140713,0.0012874253046818,"AOC3/SERPINE1/EFEMP2",3
"C0265012","Ruptured abdominal aortic aneurysm","3/459","5/21671",0.6,28.3281045751634,8.98980213150304,9.14546888919028e-05,0.00178982923140713,0.0012874253046818,"AOC3/SERPINE1/EFEMP2",3
"C0334460","Elastofibroma","3/459","5/21671",0.6,28.3281045751634,8.98980213150304,9.14546888919028e-05,0.00178982923140713,0.0012874253046818,"POSTN/TNC/ELN",3
"C1305122","Thoracoabdominal aortic aneurysm, ruptured","3/459","5/21671",0.6,28.3281045751634,8.98980213150304,9.14546888919028e-05,0.00178982923140713,0.0012874253046818,"AOC3/SERPINE1/EFEMP2",3
"C1850853","Hyperextensibility at wrists","3/459","5/21671",0.6,28.3281045751634,8.98980213150304,9.14546888919028e-05,0.00178982923140713,0.0012874253046818,"COL12A1/COL6A2/COL6A1",3
"C1850854","Increased laxity of ankles","3/459","5/21671",0.6,28.3281045751634,8.98980213150304,9.14546888919028e-05,0.00178982923140713,0.0012874253046818,"GLI3/COL6A2/COL6A1",3
"C1956258","Familial Thrombotic Thrombocytopenic Purpura","3/459","5/21671",0.6,28.3281045751634,8.98980213150304,9.14546888919028e-05,0.00178982923140713,0.0012874253046818,"CFH/TFPI/THBD",3
"C0266464","Polymicrogyria","14/459","199/21671",0.0703517587939698,3.32155330027042,4.83964980255999,9.35122815569479e-05,0.00182523041049585,0.00131288939531941,"COL3A1/COL4A1/MAP1B/EML1/TUSC3/MN1/AKT3/PMP22/CTSB/TUBA1A/PRICKLE1/FLNA/ATP1A2/CCDC88A",14
"C0029925","Ovarian Carcinoma","26/459","539/21671",0.0482374768089054,2.27746047914115,4.41790674144701,9.41032985693028e-05,0.00183054482302981,0.00131671205563564,"ADAM12/CLU/CHST15/AGTR1/PAPPA/DLC1/KIF26B/IGFBP7/SERPINE1/BNC2/AXL/EFEMP1/TIMP2/CAV1/ZEB2/F2R/SPARC/HTRA1/CCL2/MMP2/MCAM/LGALS1/PALLD/EFEMP2/CTSK/PCDH17",26
"C0007286","Carpal Tunnel Syndrome","9/459","87/21671",0.103448275862069,4.88415596123507,5.33992686770124,9.43403475974489e-05,0.00183054482302981,0.00131671205563564,"ADAMTS5/TGFBR1/PMP22/SERPINE1/TNC/EFEMP1/LTBP1/CCL2/AEBP1",9
"C0036420","Localized scleroderma","7/459","51/21671",0.137254901960784,6.4802853603315,5.76375358534821,9.45328366164733e-05,0.00183054482302981,0.00131671205563564,"FLI1/POSTN/CCL5/BNC2/DCN/SPARC/COL1A2",7
"C0276138","Viral myocarditis","11/459","129/21671",0.0852713178294574,4.02595801455811,5.07060442900783,9.64231067242887e-05,0.00186223468486725,0.0013395065934136,"OGN/GJA1/PTPRC/CTSB/CAV1/GBP1/VCAM1/F2R/SPARC/CCL2/ADAMTS1",11
"C1268935","Congenital Thrombotic Thrombocytopenic Purpura","6/459","36/21671",0.166666666666667,7.86891793754539,6.06744876517826,9.92632811406337e-05,0.0019070503148982,0.00137174250460258,"VWF/CCL2/CFH/TFPI/THBS1/THBD",6
"C1858556","OVERLAP CONNECTIVE TISSUE DISEASE","6/459","36/21671",0.166666666666667,7.86891793754539,6.06744876517826,9.92632811406337e-05,0.0019070503148982,0.00137174250460258,"S1PR3/FGFR1/NEGR1/CYP1B1/FERMT2/F2R",6
"C0162154","Atrophic scar","5/459","23/21671",0.217391304347826,10.263806005494,6.53867075181061,0.00010237676392266,0.00194648463841554,0.00140010763859323,"COL3A1/C1S/C1R/AEBP1/COL1A2",5
"C1865992","Short hallux","5/459","23/21671",0.217391304347826,10.263806005494,6.53867075181061,0.00010237676392266,0.00194648463841554,0.00140010763859323,"FGFR1/GJA1/KCNJ8/FLNA/MGP",5
"C2717759","Degenerative Intervertebral Discs","5/459","23/21671",0.217391304347826,10.263806005494,6.53867075181061,0.00010237676392266,0.00194648463841554,0.00140010763859323,"ICAM1/POSTN/CCL5/SPARC/MCAM",5
"C3163798","Recurrent lower respiratory tract infection","5/459","23/21671",0.217391304347826,10.263806005494,6.53867075181061,0.00010237676392266,0.00194648463841554,0.00140010763859323,"CPQ/COL6A2/COL6A1/LAMB2/COL13A1",5
"C0242698","Ventricular Dysfunction, Left","9/459","88/21671",0.102272727272727,4.82865418894831,5.29391009787476,0.000103150057798386,0.00195517425924979,0.00140635808838687,"TGFBR1/PRKG1/LDB3/MFAP5/ACTA2/MYLK/PLN/MYH11/ELN",9
"C0476403","Electromyogram abnormal","11/459","130/21671",0.0846153846153846,3.99498910675381,5.03824151459694,0.000103366618420618,0.00195517425924979,0.00140635808838687,"LAMA4/SGCD/COL12A1/LDB3/PLN/NEXN/CRYAB/CAP2/COL6A2/DES/COL6A1",11
"C0085413","Polycystic Kidney, Autosomal Dominant","17/459","280/21671",0.0607142857142857,2.86653439153439,4.6242835633091,0.000108195520997874,0.00204125174448174,0.00146827367826908,"AGTR1/POSTN/DKK3/PRKD1/EDNRA/SERPINE1/CALD1/GLIS2/PKD2/WWTR1/TNC/DCN/PDE1A/SPARC/CCL2/CFH/PRKCB",17
"C0520947","Clumsiness - motor delay","21/459","393/21671",0.0534351145038168,2.52285918608325,4.48162598406461,0.000109371070785165,0.00205813920126238,0.00148042083667369,"TPM2/TCF4/TUSC3/SETBP1/PMP22/SYNE1/EGR2/COL12A1/TUBA1A/ITPR1/ZEB2/MEF2C/COL6A2/SPARC/COL6A1/FLNA/NDN/MPDZ/ADAMTS2/RORA/COL13A1",21
"C0202117","Low density lipoprotein cholesterol measurement","24/459","483/21671",0.0496894409937888,2.34601280125577,4.40071012712197,0.000111183961991556,0.00208690306152437,0.00150111069965716,"COL4A1/LAIR1/RDX/APOC1/TCEA2/ICAM1/AGTR1/PCSK5/ITGA1/TGFBR1/AKT3/TRPS1/GPC6/TAGLN/HTR2B/MITF/F2R/LMOD1/MYOCD/PBX3/TFPI/HLA-DRA/ATP1A2/RORA",24
"C0008031","Chest Pain","12/459","154/21671",0.0779220779220779,3.67897462015109,4.90775742680962,0.000112152482462752,0.00209971191018913,0.00151032411264958,"PAPPA/TGFBR1/CD38/PRKG1/MFAP5/ACTA2/MYLK/PLN/C1R/MYH11/WIPF1/ELN",12
"C0010495","Cutis Laxa","8/459","70/21671",0.114285714285714,5.39582944288827,5.41873502115486,0.000113940264479501,0.00212235431729711,0.00152661081048544,"EPHA3/POSTN/OSMR/DCN/MMP2/LOXL1/EFEMP2/ELN",8
"C1866141","Foot dorsiflexor weakness","8/459","70/21671",0.114285714285714,5.39582944288827,5.41873502115486,0.000113940264479501,0.00212235431729711,0.00152661081048544,"TPM2/PMP22/EGR2/LDB3/CFL2/FHL1/CRYAB/DES",8
"C0004604","Back Pain","10/459","110/21671",0.0909090909090909,4.29213705684294,5.09195772411941,0.000116910801987811,0.00216668781764785,0.00155849992548877,"OGN/CD74/FLI1/SYNE1/CD38/FHL1/SPARC/CCL2/CFH/PALLD",10
"C0019061","Hemolytic-Uremic Syndrome","10/459","110/21671",0.0909090909090909,4.29213705684294,5.09195772411941,0.000116910801987811,0.00216668781764785,0.00155849992548877,"CLU/VWF/PCSK5/ACKR3/FHL1/SPARC/CCL2/CFH/C3/THBD",10
"C4282128","PATENT DUCTUS ARTERIOSUS 1","15/459","229/21671",0.0655021834061135,3.09258783571653,4.68288810799504,0.00011850351428263,0.00218585824433752,0.00157228922560117,"CHST15/AGTR1/SMARCA1/DLC1/SLIT2/GJA1/CYP1B1/AXL/TNC/DCLK1/RECK/SPARC/CCL2/LGALS1/PALLD",15
"C0024790","Paroxysmal nocturnal hemoglobinuria","11/459","132/21671",0.0833333333333333,3.93445896877269,4.97447471858801,0.000118540888574238,0.00218585824433752,0.00157228922560117,"SORBS1/CD38/PTPRC/EFS/GEM/CCL2/FLNA/CFH/TFPI/C3/THBD",11
"C3250443","MYOTONIC DYSTROPHY 1","13/459","179/21671",0.0726256983240224,3.42891396161196,4.80004401774311,0.000120139341183587,0.00220978101490312,0.00158949688968656,"PDLIM3/IGFBP5/ASB2/SYNE1/LDB3/GEM/TIMP2/CAV1/CCL2/MMP2/HLA-DQB1/LILRB2/PRKCB",13
"C0741160","Aortic Aneurysm, Ruptured","4/459","13/21671",0.307692307692308,14.5272331154684,7.17656239332644,0.000122019490771526,0.00223316968272376,0.00160632037332774,"AOC3/SERPINE1/MMP2/EFEMP2",4
"C1619692","Nephrogenic Fibrosing Dermopathy","4/459","13/21671",0.307692307692308,14.5272331154684,7.17656239332644,0.000122019490771526,0.00223316968272376,0.00160632037332774,"ACTA2/DCN/CAV1/CCL2",4
"C0029434","Osteogenesis Imperfecta","9/459","90/21671",0.1,4.72135076252723,5.20392547818456,0.000122847087811878,0.00224272332699347,0.00161319231572812,"COL3A1/CD38/WWTR1/TNC/DCN/SPARC/SERPINF1/COL1A2/EFEMP2",9
"C1836542","Depressed nasal bridge","22/459","426/21671",0.0516431924882629,2.43825626233801,4.41019400659508,0.000123481188919398,0.00224870582004829,0.00161749552678799,"GLI3/MAF/RAB23/SETBP1/AKT3/FGFR1/PRKD1/GJA1/KCNMA1/DDR2/GPC6/TWIST2/ZEB2/MEF2C/ANTXR1/FLNA/MGP/FAM20C/COL1A2/CDH11/ELN/ADAMTS2",22
"C0009917","Contracture","10/459","111/21671",0.0900900900900901,4.25346915542994,5.0550888591883,0.00012609960548262,0.00229070545702214,0.00164770589237972,"COL3A1/TPM2/SGCD/SERPINE1/DCN/FHL1/COL6A2/COL6A1/ELN/LUM",10
"C0409959","Osteoarthritis, Knee","20/459","368/21671",0.0543478260869565,2.5659515013735,4.45683773339921,0.000126469632055113,0.00229175464111721,0.0016484605711667,"AOC3/ADAM12/ADAMTS5/AGTR1/CYBB/POSTN/TGFBR1/SERPINE1/DDR2/EFEMP1/TIMP2/LTBP1/CCL2/MGP/THBS4/MMP2/GREM1/LUM/CTSK/STC1",20
"C0019348","Herpes Simplex Infections","29/459","645/21671",0.0449612403100775,2.12277786222155,4.25834023100581,0.000128508464498626,0.00232296458363402,0.00167090990267204,"HAVCR2/EPHA3/PECAM1/VWF/ICAM1/TCF4/STON1/AKT3/PRKD1/CD38/CCL5/GJA1/PTPRC/CTSB/CLDN11/TIMP2/ITPR1/HSPB6/NR3C1/SPARC/CCL2/SERPINF1/LGALS1/PDLIM7/HLA-DQB1/THBS1/C3/AKR1B1/THBD",29
"C0010278","Craniosynostosis","24/459","488/21671",0.0491803278688525,2.32197578484946,4.34494884004565,0.000129952178399321,0.00234329001786884,0.00168553000044638,"VWF/GLI3/AGTR1/POSTN/RAB23/MN1/TGFBR1/FGFR1/TRPS1/IL6ST/CD8A/CCL5/GJA1/EGR2/KCNMA1/CAV1/GPC6/MASP1/VCAM1/SPARC/FLNA/HLA-DQB1/CDH11/IGHD",24
"C0020443","Hypercholesterolemia","24/459","489/21671",0.049079754601227,2.31722736811153,4.33387800778192,0.000134027514377526,0.00241085276474672,0.00173412792725308,"CHRNA3/COL3A1/CLU/ST8SIA4/VWF/LIPA/ICAM1/AGTR1/CYBB/EDNRA/SERPINE1/CCL5/GJA1/ACKR3/PTPRC/MYLK/CAV1/VCAM1/NR3C1/CCL2/FLNA/THBS1/C3/BCHE",24
"C0423113","Telecanthus","11/459","134/21671",0.082089552238806,3.87573570058206,4.91194791855361,0.00013557320083058,0.00243269369412134,0.0017498381216455,"COL3A1/GLI3/RAB23/AKT3/FGFR1/GJA1/MASP1/MITF/TWIST2/FLNA/CDH11",11
"C1565489","Renal Insufficiency","28/459","615/21671",0.0455284552845528,2.14955807074411,4.25427467024211,0.000136094239443114,0.00243608688603173,0.00175227884674509,"COL4A1/CLU/PECAM1/VWF/ICAM1/AGTR1/TCF4/DKK3/EDNRA/SERPINE1/CSF2RA/ACKR3/CAV1/C1R/MASP1/CCL2/PLEKHO1/SERPINF1/DACT1/SDC2/MMP2/CFH/C3/ELN/LAMB2/PRKCB/AKR1B1/THBD",28
"C1270972","Mild cognitive disorder","22/459","430/21671",0.0511627906976744,2.41557480873486,4.36138637947025,0.000141072793771127,0.00251905896225378,0.00181196071395109,"RGS2/IL18BP/CLU/APOC1/SMARCA1/RUNX1T1/SYNE1/SERPINE1/CTSB/FERMT2/CFL2/MFGE8/ACTG2/VCAM1/SYNM/GAP43/SRPX/CCL2/C3/BCHE/ADAMTS2/MS4A6A",22
"C0002170","Alopecia","24/459","491/21671",0.0488798370672098,2.30778856009478,4.31181671174605,0.000142520859831837,0.00253873929685887,0.00182611679115142,"COL3A1/APOC1/ICAM1/TCF4/SSPN/SETBP1/FGFR1/PRKD1/TRPS1/EBF1/EDNRA/GJA1/CTSB/DCN/C1R/TWIST2/ANTXR1/HTRA1/CCL2/MGP/MSN/HLA-DQB1/HLA-DRA/RORA",24
"C0018213","Graves Disease","27/459","585/21671",0.0461538461538462,2.17908496732026,4.25276048067279,0.000143360333726301,0.00254634277421353,0.00183158597724928,"HAVCR2/LAIR1/ICAM1/CYBB/HLA-DOA/LST1/SLIT2/EDNRA/SERPINE1/CCL5/GJA1/ACKR3/PTPRC/EFS/GEM/TIMP2/VCAM1/PRICKLE1/PHLDB2/LMOD1/FLNA/NDN/MMP2/CFH/PDLIM7/HLA-DQB1/CCDC88A",27
"C0037274","Dermatologic disorders","28/459","617/21671",0.0453808752025932,2.14259029741917,4.23555956606759,0.00014364162808617,0.00254634277421353,0.00183158597724928,"FYN/LAIR1/PECAM1/FLI1/AGTR1/POSTN/OSMR/JAK3/ITGA1/CCL5/GJA1/GEM/TNC/DCN/CAV1/MITF/VCAM1/NR3C1/HOPX/F2R/DES/CCL2/SERPINF1/VEGFC/MCAM/ELN/RORA/EMCN",28
"C0003507","Aortic Valve Stenosis","15/459","234/21671",0.0641025641025641,3.02650689905592,4.58478527401141,0.000150401424956264,0.00265974953675667,0.00191315953368589,"OGN/PDE5A/VWF/FLI1/FGFR1/EDNRA/SERPINE1/PTPRC/AKAP12/TNC/PALMD/CCL2/PDPN/MMP2/ELN",15
"C0086565","Liver Dysfunction","8/459","73/21671",0.10958904109589,5.1740830274271,5.25485496950021,0.000153518215515707,0.00269538321452099,0.00193879086076875,"COL3A1/RNASE6/CRISPLD2/HLA-DOA/SERPINE1/CD3D/ACTA2/CCL2",8
"C0240953","Winged scapula","8/459","73/21671",0.10958904109589,5.1740830274271,5.25485496950021,0.000153518215515707,0.00269538321452099,0.00193879086076875,"TPM2/SGCD/TRPS1/SYNE1/COL12A1/FHL1/FLNA/LAMB2",8
"C0409338","Flexion contracture - elbow","8/459","73/21671",0.10958904109589,5.1740830274271,5.25485496950021,0.000153518215515707,0.00269538321452099,0.00193879086076875,"TPM2/SYNE1/COL12A1/DDR2/FHL1/COL6A2/COL6A1/FLNA",8
"C0158113","Contracture of joint of hand","7/459","55/21671",0.127272727272727,6.00899187958011,5.47128069034364,0.000154067089732174,0.00269856413256426,0.00194107889714069,"TPM2/RAB23/TGFBR1/SYNE1/DDR2/CAV1/FHL1",7
"C0034072","Cor pulmonale","5/459","25/21671",0.2,9.44270152505447,6.21308939571138,0.000156101211137393,0.00271475542307424,0.00195272530270399,"CHRNA3/AGTR1/CAV2/CAV1/FLNA",5
"C0232513","Premature tooth loss","5/459","25/21671",0.2,9.44270152505447,6.21308939571138,0.000156101211137393,0.00271475542307424,0.00195272530270399,"COL3A1/GJA1/C1R/CDH11/CTSC",5
"C0339505","Venous retinal branch occlusion","5/459","25/21671",0.2,9.44270152505447,6.21308939571138,0.000156101211137393,0.00271475542307424,0.00195272530270399,"AGTR1/CAV1/CCL2/MMP2/LOXL1",5
"C1332309","Anti-Basement Membrane Glomerulonephritis","6/459","39/21671",0.153846153846154,7.2636165577342,5.75909336253655,0.00015758563207768,0.00273409208940447,0.00196663417909559,"CLU/AGTR1/SLIT2/CCL5/CCL2/ITGA4",6
"C0024003","Lordosis","12/459","160/21671",0.075,3.54101307189543,4.74549564988536,0.00016104068882504,0.00278744720586549,0.0020050125483058,"TPM2/TRPS1/SYNE1/CAV1/CFL2/FHL1/MASP1/DES/COL1A2/ADAMTS1/ELN/CTSK",12
"C1840375","Elevated diastolic blood pressure","4/459","14/21671",0.285714285714286,13.4895736072207,6.87634203361691,0.000167975115813675,0.00288704771652591,0.00207665525898085,"AGTR1/PKD2/PTGIS/KCNMB1",4
"C1843643","Nocturnal hypoventilation","4/459","14/21671",0.285714285714286,13.4895736072207,6.87634203361691,0.000167975115813675,0.00288704771652591,0.00207665525898085,"TPM2/CFL2/COL6A2/COL6A1",4
"C1845202","Nephrogenic Syndrome of Inappropriate Antidiuresis","4/459","14/21671",0.285714285714286,13.4895736072207,6.87634203361691,0.000167975115813675,0.00288704771652591,0.00207665525898085,"VWF/EDNRA/ACKR3/MSN",4
"C1518922","peak expiratory flow (procedure)","8/459","74/21671",0.108108108108108,5.10416298651593,5.20222023818358,0.00016898677088744,0.00289764932603486,0.00208428100344444,"MN1/ITGA1/MSRB3/NEXN/JAZF1/HLA-DQB1/BCHE/ADAM19",8
"C2931788","Atypical Hemolytic Uremic Syndrome","7/459","56/21671",0.125,5.90168845315904,5.40265315561131,0.000172905259941171,0.00295792937694231,0.00212764048240699,"VWF/FHL1/MASP1/CFH/THBS1/C3/THBD",7
"C0239676","High forehead","14/459","211/21671",0.0663507109004739,3.13264979504177,4.57921361496274,0.000173417243719832,0.00295978872479035,0.00212897791249684,"FLI1/GLI3/MAF/SETBP1/AKT3/FGFR1/TRPS1/AP1S2/GJA1/MEF2C/ANTXR1/CDH11/ELN/CTSK",14
"C0042580","Vesico-Ureteral Reflux","13/459","187/21671",0.0695187165775401,3.28222245523284,4.6106928812906,0.000185728819057543,0.00316256102798911,0.00227483215917347,"COL4A1/AGTR1/TRPS1/SLIT2/CCL5/GJA1/BNC2/ACTG2/CCL2/FLNA/DACT1/EFEMP2/ELN",13
"C0280099","Adult Solid Neoplasm","12/459","163/21671",0.0736196319018405,3.47584105216729,4.66725508181185,0.000191655694840234,0.00325070350979347,0.00233823310240378,"HAVCR2/EPHA3/AGTR1/MLLT11/DKK3/PTPRC/TNC/NR3C1/MYL9/SERPINF1/MMP2/MCAM",12
"C0271650","Impaired glucose tolerance","27/459","596/21671",0.0453020134228188,2.13886695617844,4.14722234352299,0.000193533526249142,0.00325070350979347,0.00233823310240378,"OGN/IGFBP5/CLU/APOC1/ICAM1/GLI3/AGTR1/MAP4K4/EDNRA/SERPINE1/CCL5/CYP1B1/MYLK/DCN/CAV1/VCAM1/NR3C1/CCL2/SERPINF1/HLA-DQB1/THBS1/CDH11/C3/ELN/LUM/PRKCB/CD300LF",27
"C0017662","Glomerulonephritis, Membranoproliferative","7/459","57/21671",0.12280701754386,5.79815005924397,5.33566641353502,0.000193562806074363,0.00325070350979347,0.00233823310240378,"VWF/TAGLN/SPARC/CCL2/CFH/HLA-DQB1/C3",7
"C0033847","Pseudoxanthoma Elasticum","7/459","57/21671",0.12280701754386,5.79815005924397,5.33566641353502,0.000193562806074363,0.00325070350979347,0.00233823310240378,"VWF/ICAM1/MYH11/MGP/MMP2/CFH/ELN",7
"C0429087","Electrocardiogram: P-R interval","7/459","57/21671",0.12280701754386,5.79815005924397,5.33566641353502,0.000193562806074363,0.00325070350979347,0.00233823310240378,"HSPB8/ZFPM2/FERMT2/CAV1/PHLDB2/MEIS1/MYOCD",7
"C1260959","Drusen","7/459","57/21671",0.12280701754386,5.79815005924397,5.33566641353502,0.000193562806074363,0.00325070350979347,0.00233823310240378,"CLU/EFEMP1/FHL1/CRYAB/HTRA1/CFH/COL8A1",7
"C0004943","Behcet Syndrome","24/459","502/21671",0.047808764940239,2.25721948806083,4.19235239348576,0.000198361265901408,0.00332368340285488,0.00239072758590618,"SLC11A1/HAVCR2/VWF/ICAM1/GLI3/PAPPA/IL2RB/ADARB1/TGFBR1/IL6ST/SERPINE1/CCL5/GEM/TIMP2/CPQ/PDGFRL/VCAM1/ZEB2/CCL2/FLNA/MMP2/MCAM/HLA-DQB1/THBD",24
"C0279986","Childhood Leiomyosarcoma","11/459","140/21671",0.0785714285714286,3.70963274198568,4.73137464341603,0.0001996897392535,0.00333832117626751,0.00240125654563314,"SERPINE1/CALD1/AXL/MYLK/TNS1/ZEB2/LMOD1/DES/MYOCD/ARL4C/ELN",11
"C0872084","Sarcopenia","12/459","164/21671",0.0731707317073171,3.45464689941017,4.64158195894731,0.000202905991311742,0.0033843797050838,0.00243438647470905,"SORBS1/CLU/DKK3/CD38/FZD1/CAV1/ANGPTL2/MFGE8/NR3C1/FAM20C/FBXO32/BCHE",12
"C0867389","Chronic graft-versus-host disease","15/459","241/21671",0.0622406639004149,2.93860005966425,4.4517487634489,0.000207455687448475,0.00345242015914821,0.00248332801659888,"HAVCR2/CLU/PECAM1/ICAM1/AGTR1/TGFBR1/CD38/CCL5/GEM/CAV1/F2R/MCAM/A2M/HLA-DQB1/THBD",15
"C0686353","Muscular Dystrophies, Limb-Girdle","10/459","118/21671",0.0847457627118644,4.00114471400613,4.80860458102656,0.000209126082144404,0.00346379199064058,0.0024915077822251,"SORBS1/RBMS3/SSPN/SGCD/SYNE1/CALD1/FHL1/COL6A2/DES/COL6A1",10
"C0031029","Periapical Granuloma","6/459","41/21671",0.146341463414634,6.90929379882034,5.57114216091881,0.00020955493171337,0.00346379199064058,0.0024915077822251,"ICAM1/CD8A/PDPN/MMP2/LGALS1/ITGA4",6
"C1842060","Prominent supraorbital ridges","6/459","41/21671",0.146341463414634,6.90929379882034,5.57114216091881,0.00020955493171337,0.00346379199064058,0.0024915077822251,"TCF4/FGFR1/CAV1/FHL1/KCNJ8/FLNA",6
"C0853879","Invasive carcinoma of breast","23/459","473/21671",0.0486257928118393,2.29579423970669,4.1914487537375,0.000210409801765396,0.00347010682057583,0.00249605004341446,"SORBS1/CD74/AGTR1/PAPPA/PTPN14/POSTN/TGFBR1/FGFR1/PRKD1/SLIT2/SERPINE1/FZD1/CYP1B1/TNC/FERMT2/RECK/F2R/ATP2B4/PDGFC/THBS1/LUM/AKR1B1/CDH5",23
"C0278607","Adult Leiomyosarcoma","11/459","141/21671",0.0780141843971631,3.68332328991486,4.70224800377565,0.000212543572253203,0.00349743784028308,0.00251570926327546,"SERPINE1/CALD1/AXL/MYLK/TNS1/ZEB2/LMOD1/DES/MYOCD/ARL4C/ELN",11
"C4551675","Keratoderma, Palmoplantar","12/459","165/21671",0.0727272727272727,3.43370964547435,4.61610739152279,0.000214714496268829,0.00352525657296853,0.00253571929539192,"LAMA4/SGCD/GJA1/LDB3/PLN/NEXN/KANK2/CRYAB/CAP2/DES/FLNA/CTSC",12
"C1858085","Malar flattening","13/459","190/21671",0.068421052631579,3.23039789015021,4.5423112283171,0.000217240536348692,0.00355251252946396,0.00255532452223689,"MAF/RAB23/SETBP1/TGFBR1/FGFR1/TRPS1/DDR2/GPC6/FLNA/MGP/FAM20C/CDH11/CTSK",13
"C0014556","Epilepsy, Temporal Lobe","19/459","354/21671",0.0536723163841808,2.53405831887055,4.280805024555,0.000217342706871415,0.00355251252946396,0.00255532452223689,"FYN/PDE5A/ICAM1/CYBB/SOX7/SLIT2/SERPINE1/GJA1/EGR2/CTSB/SERPING1/PRICKLE1/NR3C1/RGMA/F2R/VEGFC/CFH/C3/ATP1A2",19
"C4551686","Malignant neoplasm of soft tissue","30/459","699/21671",0.0429184549356223,2.02633079936791,4.0574297991726,0.000220662051204264,0.00359875287508465,0.00258858523225587,"MMP11/CLU/PECAM1/FLI1/SMARCA1/ADARB1/FGFR1/SLIT2/IGFBP7/CD38/EDNRA/SERPINE1/CSF2RA/ACKR3/CD3D/CALD1/DCN/CAV1/MYL9/F2R/DES/CCL2/MMP2/VEGFC/JAZF1/MCAM/TFPI/LGALS1/NFATC1/LRRC15",30
"C0032226","Pleural Diseases","4/459","15/21671",0.266666666666667,12.5902687000726,6.60533733233782,0.000225235276374868,0.00366519222464558,0.00263637509865787,"SERPINE1/TNC/TIMP2/CCL2",4
"C0702166","Acne","12/459","167/21671",0.0718562874251497,3.39258737427107,4.56574240886947,0.000240095923627643,0.00389072170043811,0.00279859859405729,"IL18BP/ST8SIA4/SETBP1/IGFBP7/SERPINE1/CCL5/PTPRC/TIMP2/CAV1/NR3C1/MEIS2/MMP2",12
"C4021792","Abnormality of the clavicle","6/459","42/21671",0.142857142857143,6.74478680361033,5.48182705791351,0.000240154916241786,0.00389072170043811,0.00279859859405729,"GLI3/SETBP1/FGFR1/GJA1/ANTXR1/CTSK",6
"C0020545","Hypertension, Renovascular","8/459","78/21671",0.102564102564103,4.84241103848947,5.00080153781803,0.000244243244334533,0.00394824046293202,0.0028399718765075,"COL3A1/COL4A1/PTGER3/AGTR1/GJA1/CCL2/MMP2/ELN",8
"C0035126","Reperfusion Injury","17/459","300/21671",0.0566666666666667,2.67543209876543,4.2985306328899,0.000246003331266752,0.0039679526333334,0.00285415085321634,"AOC3/PDE5A/PECAM1/ICAM1/CYBB/IL6ST/CCL5/CTSB/CAV1/VCAM1/KCNJ8/CCL2/VEGFC/CFH/THBS1/C3/STC1",17
"C0151936","Disorder of tendon","8/459","79/21671",0.10126582278481,4.78111469623011,4.95258514313427,0.000266812756559907,0.00429416407980956,0.00308879495417344,"PTGIS/TNC/TIMP2/DCN/THBS4/MMP2/ELN/CTSK",8
"C0279068","Childhood Solid Neoplasm","12/459","169/21671",0.0710059171597633,3.35243841126194,4.51613769417476,0.000267986088679358,0.00430361029500615,0.00309558962277319,"HAVCR2/EPHA3/AGTR1/MLLT11/DKK3/PTPRC/TNC/NR3C1/MYL9/SERPINF1/MMP2/MCAM",12
"C0042164","Uveitis","15/459","247/21671",0.0607287449392713,2.8672170622635,4.34148188466362,0.000270405025909763,0.00433297485840994,0.00311671157190867,"AOC3/ICAM1/TCF4/IL6ST/CCL5/EGR2/GEM/NR3C1/ZEB2/CCL2/SERPINF1/CFH/HLA-DQB1/AKR1B1/THBD",15
"C0001486","Adenovirus Infections","11/459","145/21671",0.0758620689655172,3.58171437157238,4.58833918302751,0.000271193824289631,0.00433614700754162,0.00311899330079693,"ADAMTS5/ICAM1/TRPS1/CD38/SERPINE1/GJA1/CALD1/PLEKHO1/C1QC/MYO5A/THBD",11
"C1843697","Axial muscle weakness","5/459","28/21671",0.178571428571429,8.43098350451292,5.78777410502105,0.000274041749134193,0.00436821018534073,0.00314205636498358,"TPM2/CFL2/CRYAB/DES/LAMB2",5
"C0010701","Phyllodes Tumor","9/459","100/21671",0.09,4.24921568627451,4.79058324271348,0.000274764121000105,0.00436821018534073,0.00314205636498358,"POSTN/FGFR1/DCN/NR3C1/ZEB2/SPARC/RCAN2/FLNA/MMP2",9
"C0021053","Immune System Diseases","22/459","451/21671",0.0487804878048781,2.30309793294011,4.11374745138017,0.000274984753457885,0.00436821018534073,0.00314205636498358,"HAVCR2/PECAM1/CD74/FLI1/CYBB/IL2RB/JAK3/PMP22/CCL5/GJA1/PTPRC/GEM/TIMP2/NR3C1/CFH/FSTL1/LGALS1/MSN/THBS1/CTSC/LILRB2/IGSF6",22
"C0010709","Cyst","14/459","221/21671",0.0633484162895928,2.99090093553761,4.37599813730552,0.000279617023139756,0.00442264942418679,0.00318121454411497,"PECAM1/ICAM1/POSTN/PRKD1/CCL5/PKD2/CAV1/ITPR1/TNS1/VCAM1/ALDH1A3/MMP2/VEGFC/BCHE",14
"C0268731","Renal glomerular disease","14/459","221/21671",0.0633484162895928,2.99090093553761,4.37599813730552,0.000279617023139756,0.00442264942418679,0.00318121454411497,"MMP11/HMCN1/TNC/FERMT2/DCN/CAV1/MITF/NR3C1/CCL2/CFH/WIPF1/PDGFC/C3/AKR1B1",14
"C0677898","invasive cancer","11/459","146/21671",0.0753424657534247,3.55718208135613,4.56048980951331,0.000287820514919494,0.0045426123849337,0.00326750397809002,"MMP11/PECAM1/ICAM1/POSTN/FGFR1/SERPINE1/MFAP5/MASP1/CCL2/MMP2/BCHE",11
"C0263401","Cutis marmorata","8/459","80/21671",0.1,4.72135076252723,4.90517166810616,0.00029105927699094,0.00454485964646066,0.00326912043473587,"TGFBR1/AKT3/PRKG1/MFAP5/ACTA2/MYLK/MYH11/ELN",8
"C0403416","Idiopathic crescentic glomerulonephritis","8/459","80/21671",0.1,4.72135076252723,4.90517166810616,0.00029105927699094,0.00454485964646066,0.00326912043473587,"HAVCR2/JAK3/SERPINE1/DCN/TAGLN/F2R/CCL2/MMP2",8
"C0750927","Apraxia, Developmental Verbal","8/459","80/21671",0.1,4.72135076252723,4.90517166810616,0.00029105927699094,0.00454485964646066,0.00326912043473587,"PECAM1/MYLK/CAV1/MYL9/CCL2/MMP2/LGALS1/CTSC",8
"C1568272","Tendinopathy","8/459","80/21671",0.1,4.72135076252723,4.90517166810616,0.00029105927699094,0.00454485964646066,0.00326912043473587,"PTGIS/TNC/TIMP2/DCN/THBS4/MMP2/ELN/CTSK",8
"C1821417","RESTING HEART RATE","8/459","80/21671",0.1,4.72135076252723,4.90517166810616,0.00029105927699094,0.00454485964646066,0.00326912043473587,"APOC1/MN1/GJA1/ZFPM2/MYH11/TNS1/MEIS1/CDH11",8
"C0442874","Neuropathy","23/459","484/21671",0.0475206611570248,2.24361709789517,4.07023628002902,0.000292009992979289,0.00455002407319533,0.00327283521017126,"AOC3/HSPB8/IL18BP/ADAMTS12/ATXN1/HLA-DOA/IGLV1-44/PMP22/IGHM/CCL5/GJA1/EGR2/LDB3/PTGIS/SERPING1/TNS1/ACTG2/GAP43/CCL2/MMP2/C3/BCHE/AKR1B1",23
"C1840264","IMMUNE SUPPRESSION","14/459","222/21671",0.0630630630630631,2.97742840880096,4.35630943746122,0.000292797086110055,0.00455262248932563,0.00327470425254667,"HAVCR2/ICAM1/FGL2/CD84/CD38/EGR2/AXL/TNC/NRP2/ACTG2/PDPN/TFPI/LGALS1/THBD",14
"C0341439","Chronic liver disease","13/459","196/21671",0.0663265306122449,3.13150815881908,4.40954153751634,0.000294190989868621,0.00456264328323583,0.00328191221598062,"VWF/ICAM1/POSTN/IL6ST/SERPINE1/CCL5/GEM/TIMP2/VCAM1/CCL2/THBS1/ADAMTS1/ELN",13
"C0235522","Disorder of vein","4/459","16/21671",0.25,11.8033769063181,6.35895006262071,0.000295306657519692,0.00456264328323583,0.00328191221598062,"ICAM1/GJA1/EFEMP1/VCAM1",4
"C2584778","Thrombotic thrombocytopenic purpura, acquired","4/459","16/21671",0.25,11.8033769063181,6.35895006262071,0.000295306657519692,0.00456264328323583,0.00328191221598062,"VWF/SERPINE1/HLA-DQB1/THBS1",4
"C0206657","Alveolar Soft Part Sarcoma","7/459","61/21671",0.114754098360656,5.41794349798207,5.08279601265771,0.000297029915404381,0.00456519075944705,0.00328374461723983,"CD38/CALD1/TIMP2/ANGPTL2/DES/PDPN/CTSK",7
"C0037286","Skin Neoplasms","19/459","363/21671",0.0523415977961433,2.47123042666715,4.15822184548564,0.000297987743970654,0.00456519075944705,0.00328374461723983,"MMP11/ADAM12/CLU/RAB23/TGFBR1/TIAM1/SLIT2/GJA1/ACKR3/AXL/TNC/TIMP2/CLIC4/VCAM1/PDPN/MMP2/VEGFC/GREM1/THBS1",19
"C0022821","Kyphosis deformity of spine","17/459","305/21671",0.0557377049180328,2.63157255616272,4.22123653685349,0.000298227359424959,0.00456519075944705,0.00328374461723983,"TPM2/GLI3/SYNE1/IGFBP7/CD38/COL12A1/CFL2/FHL1/MEIS2/COL6A2/COL6A1/NDN/LGALS1/COL1A2/THBS1/ELN/CTSK",17
"C0029458","Osteoporosis, Postmenopausal","12/459","171/21671",0.0701754385964912,3.31322860528227,4.46727171498776,0.00029858176380087,0.00456519075944705,0.00328374461723983,"IL18BP/RDX/ICAM1/CD38/SERPINE1/CPQ/CCL2/FLNA/COL1A2/C3/FNDC1/CTSK",12
"C2945695","Limb ischemia","12/459","171/21671",0.0701754385964912,3.31322860528227,4.46727171498776,0.00029858176380087,0.00456519075944705,0.00328374461723983,"QKI/OGN/VWF/IL2RB/ATXN1/FGFR1/ACKR3/ACTA2/TIMP2/ACTG2/VEGFC/EDIL3",12
"C0035435","Rheumatism","13/459","197/21671",0.065989847715736,3.11561217831746,4.38790974747238,0.000309045911089493,0.00470200150984973,0.00338215267703135,"CYBB/EDNRA/VCAM1/NR3C1/DES/MGP/CFH/FSTL1/PDLIM7/HLA-DQB1/CDH11/C3/LUM",13
"C1838577","Cerebral Autosomal Recessive Arteriopathy with Subcortical Infarcts and Leukoencephalopathy","3/459","7/21671",0.428571428571429,20.234360410831,7.48690694405631,0.000310092482731608,0.00470200150984973,0.00338215267703135,"COL4A1/HTRA1/LTBP1",3
"C1852020","Malattia Leventinese","3/459","7/21671",0.428571428571429,20.234360410831,7.48690694405631,0.000310092482731608,0.00470200150984973,0.00338215267703135,"EFEMP1/CFH/EFEMP2",3
"C4551860","Ullrich congenital muscular dystrophy","3/459","7/21671",0.428571428571429,20.234360410831,7.48690694405631,0.000310092482731608,0.00470200150984973,0.00338215267703135,"VWF/COL6A2/COL6A1",3
"C1536999","cancer angiogenesis","6/459","44/21671",0.136363636363636,6.43820558526441,5.31164215440218,0.000311838832007675,0.0047090230207908,0.00338720325431772,"RBMS3/TIAM1/CYP1B1/CCL2/MMP2/MSN",6
"C1854387","Type 1 muscle fiber predominance","6/459","44/21671",0.136363636363636,6.43820558526441,5.31164215440218,0.000311838832007675,0.0047090230207908,0.00338720325431772,"TPM2/CFL2/COL6A2/COL6A1/LAMB2/COL13A1",6
"C0028259","Nodule","16/459","278/21671",0.0575539568345324,2.71732417987179,4.23919921805334,0.000312612650733589,0.00471101487419673,0.00338863599573965,"PDLIM3/DKK3/FGFR1/CALD1/CTSB/AXL/TNC/FERMT2/ANGPTL2/MITF/ANGPTL1/DES/HTRA1/MMP2/CDH11/LOXL1",16
"C0231807","Dyspnea on exertion","9/459","102/21671",0.0882352941176471,4.16589773164168,4.71440568237326,0.000318779190325177,0.00479409933974687,0.00344839870466083,"TGFBR1/PRKG1/MFAP5/ACTA2/MYLK/MYH11/ELN/LAMB2/COL13A1",9
"C0000772","Multiple congenital anomalies","15/459","251/21671",0.0597609561752988,2.82152436007604,4.26979574731501,0.000320980741356177,0.0048173367296789,0.00346511337402051,"VWF/RAB23/MN1/SETBP1/TRPS1/GJA1/PKD2/TUBA1A/ITPR1/NRP2/ACTG2/TWIST2/ZEB2/MEF2C/COL1A2",15
"C0269102","Endometrioma","16/459","279/21671",0.0573476702508961,2.70758466668228,4.22283042825314,0.00032532801148675,0.00484428521314111,0.00348449743531711,"PECAM1/ICAM1/PAPPA/TNC/ACTA2/C1R/TAGLN/NR3C1/LMOD1/CCL2/SPARCL1/MMP2/VEGFC/PRELP/IGFBP6/AKR1B1",16
"C0334538","Epithelioid hemangioendothelioma, malignant","5/459","29/21671",0.172413793103448,8.14025993539178,5.65990724516225,0.00032541662489148,0.00484428521314111,0.00348449743531711,"PECAM1/FLI1/WWTR1/EFS/CAV1",5
"C0860564","Retinoic acid syndrome","5/459","29/21671",0.172413793103448,8.14025993539178,5.65990724516225,0.00032541662489148,0.00484428521314111,0.00348449743531711,"PECAM1/ICAM1/CCL5/MMP2/THBD",5
"C1850794","Proximal amyotrophy","5/459","29/21671",0.172413793103448,8.14025993539178,5.65990724516225,0.00032541662489148,0.00484428521314111,0.00348449743531711,"SGCD/SYNE1/COL12A1/COL6A2/COL6A1",5
"C0018784","Sensorineural Hearing Loss (disorder)","32/459","783/21671",0.0408684546615581,1.92954309579657,3.89714863914645,0.000326233910082779,0.00484662078157392,0.00348617741117651,"PDE5A/RDX/VWF/GLI3/LAMA4/MAF/RAB23/SGCD/PMP22/FGFR1/AP1S2/EDNRA/GJA1/ACKR3/NPL/YME1L1/LDB3/CHRDL1/PLN/CCDC50/NEXN/MITF/CRYAB/CAP2/DES/FLNA/LGALS1/HLA-DQB1/ELN/ATP1A2/PRKCB/COL13A1",32
"C0042974","von Willebrand Disease","7/459","62/21671",0.112903225806452,5.33055731253075,5.0230475553083,0.000328814194180743,0.00485546754746976,0.00349254089551292,"EPHA3/VWF/CRISPLD2/SERPINE1/ANTXR1/FAM20C/THBS1",7
"C0267941","Pancreatitis, Acute Necrotizing","7/459","62/21671",0.112903225806452,5.33055731253075,5.0230475553083,0.000328814194180743,0.00485546754746976,0.00349254089551292,"VWF/ICAM1/SERPINE1/CTSB/SERPING1/CCL2/MMP2",7
"C4321477","Sickle Cell-SS Disease","7/459","62/21671",0.112903225806452,5.33055731253075,5.0230475553083,0.000328814194180743,0.00485546754746976,0.00349254089551292,"PDE5A/ICAM1/SERPINE1/MFGE8/VCAM1/ANTXR1/THBS1",7
"C0015300","Exophthalmos","14/459","225/21671",0.0622222222222222,2.93772936335028,4.29789912274721,0.000335582923517699,0.00494546802348673,0.00355727829516225,"COL3A1/FLI1/ICAM1/TGFBR1/RUNX1T1/FGFR1/ZFPM2/DDR2/FLNA/FAM20C/MMP2/CDH11/EFEMP2/CTSK",14
"C0011615","Dermatitis, Atopic","31/459","751/21671",0.0412782956058589,1.94889312434546,3.89315251274754,0.000340708977158868,0.00501094826326439,0.00360437827328704,"SLC11A1/HAVCR2/APOC1/CRISPLD2/ICAM1/POSTN/IL2RB/JAK3/MCC/SETBP1/HLA-DOA/IL6ST/CCL5/EGR2/NPL/GEM/TNC/VCAM1/CCDC80/NR3C1/COL6A2/CCL2/VEGFC/LGALS1/PDLIM7/HLA-DQB1/C3/ADAMTS2/IL10RA/RORA/EMCN",31
"C0270685","Cerebral calcification","9/459","103/21671",0.087378640776699,4.12545212259661,4.67704463579981,0.00034287953584755,0.0050136965321727,0.003606355104861,"FGFR1/AP1S2/GJA1/MGP/FAM20C/HLA-DQB1/ATP1A2/CTSC/MYO5A",9
"C0152459","Linear atrophy","11/459","149/21671",0.0738255033557047,3.48556096562413,4.47838297202381,0.000342945313959763,0.0050136965321727,0.003606355104861,"TGFBR1/CLDN11/DCLK1/CCDC50/ITPR1/ANK2/MITF/VCAM1/NR3C1/MMP2/ELN",11
"C0600033","Acquired Kyphoscoliosis","11/459","149/21671",0.0738255033557047,3.48556096562413,4.47838297202381,0.000342945313959763,0.0050136965321727,0.003606355104861,"TPM2/POSTN/RAB23/SETBP1/PMP22/EGR2/COL12A1/FLNA/MMP2/ELN/COL13A1",11
"C0040433","Tooth Crowding","8/459","82/21671",0.0975609756097561,4.60619586588023,4.81265758695014,0.00034495840994142,0.00503310093550712,0.0036203127045228,"COL3A1/SETBP1/TGFBR1/FGFR1/TRPS1/EDNRA/GJA1/MASP1",8
"C4703473","Atherosclerotic lesion","15/459","253/21671",0.0592885375494071,2.79921981968018,4.23447934882768,0.00034918447538374,0.00508465250960569,0.00365739378456445,"PECAM1/ICAM1/AGTR1/PAPPA/TGFBR1/CCL5/MYLK/VCAM1/F2R/CCL2/MMP2/CFH/ELN/CTSC/PRKCB",15
"C0343641","Human papilloma virus infection","21/459","429/21671",0.048951048951049,2.31115072291543,4.03486075673336,0.000359289769072026,0.00521112176920869,0.00374836320344541,"MMP11/PECAM1/FGFR1/TIAM1/CCL5/PEG3/CYP1B1/CTSB/GEM/TNC/CAV1/MFGE8/HSPB6/SPARC/HOXB2/CCL2/MGP/MMP2/PDLIM7/HLA-DQB1/THBS1",21
"C0542476","Forgetful","21/459","429/21671",0.048951048951049,2.31115072291543,4.03486075673336,0.000359289769072026,0.00521112176920869,0.00374836320344541,"FYN/PDE5A/CLU/AGTR1/CYBB/ATXN1/TIAM1/IGFBP7/EDNRA/GJA1/ACKR3/CTSB/PRKG1/ITPR1/NR3C1/SYNM/LGALS1/HLA-DQB1/BCHE/PRKCB/IGSF6",21
"C0034735","Raynaud Phenomenon","7/459","63/21671",0.111111111111111,5.24594529169693,4.96457838840779,0.000363267860259387,0.00524905035610596,0.00377564526012742,"COL4A1/PDE5A/VWF/C1R/SPARC/CDH11/CDH5",7
"C0392514","Hereditary hemochromatosis","15/459","254/21671",0.0590551181102362,2.788199269209,4.21694990854254,0.000364067581749553,0.00524905035610596,0.00377564526012742,"ICAM1/GLI3/TCF4/TUSC3/RAB23/EDNRA/ACKR3/CYBRD1/VCAM1/TWIST2/MEF2C/CCL2/VEGFC/IGFBP6/AKR1B1",15
"C0220597","Adult Hodgkin Lymphoma","20/459","399/21671",0.050125313283208,2.36659186091591,4.05290202044916,0.000364765728520785,0.00524905035610596,0.00377564526012742,"HAVCR2/EPHA3/PDE5A/ICAM1/HLA-DOA/PMP22/EBF1/CD38/SERPINE1/CCL5/PTPRC/GLIS2/GEM/CHRDL1/SERPING1/VEGFC/LGALS1/PDLIM7/HLA-DQB1/IL10RA",20
"C0220644","Childhood Hodgkin Lymphoma","20/459","399/21671",0.050125313283208,2.36659186091591,4.05290202044916,0.000364765728520785,0.00524905035610596,0.00377564526012742,"HAVCR2/EPHA3/PDE5A/ICAM1/HLA-DOA/PMP22/EBF1/CD38/SERPINE1/CCL5/PTPRC/GLIS2/GEM/CHRDL1/SERPING1/VEGFC/LGALS1/PDLIM7/HLA-DQB1/IL10RA",20
"C0032227","Pleural effusion disorder","14/459","227/21671",0.0616740088105727,2.91184628525909,4.25949379643294,0.000366989441120485,0.00527071528059342,0.00379122885409256,"SORBS1/TCF4/IL2RB/EFEMP1/C1R/NR3C1/CCL2/SDC2/MMP2/CFH/MCAM/FSTL1/LGALS1/LUM",14
"C0424574","Duration of sleep","9/459","104/21671",0.0865384615384615,4.08578431372549,4.64015359727768,0.000368464204637752,0.00528156015202434,0.00379902957701137,"COL4A1/RGS16/TCF4/EGR2/MEIS1/LMOD1/PBX3/PRIMA1/RTN1",9
"C0524910","Hepatitis C, Chronic","21/459","430/21671",0.0488372093023256,2.30577595379237,4.02309607685063,0.000370494063647377,0.00530030396317368,0.00381251201229424,"SLC11A1/HAVCR2/AOC3/IL18BP/AGTR1/CD38/SERPINE1/CCL5/YME1L1/GEM/TNC/RECK/BOC/CYBRD1/F2R/CCL2/MMP2/HLA-DQB1/C3/LAMB2/ADAMTS2",21
"C0020557","Hypertriglyceridemia","18/459","340/21671",0.0529411764705882,2.49953863898501,4.09955295505789,0.000372486466581941,0.00531844003549585,0.00382555730065213,"HAVCR2/PDE5A/APOC1/VWF/LIPA/ICAM1/AGTR1/POSTN/IL6ST/SYNE1/SERPINE1/CAV1/FHL1/VCAM1/NR3C1/C3/BCHE/AKR1B1",18
"C0033770","Prune Belly Syndrome","8/459","83/21671",0.0963855421686747,4.55069953014673,4.767511544632,0.000374806588007327,0.00533410122164737,0.00383682240181318,"PECAM1/ICAM1/SERPINE1/ACTA2/SERPING1/CCL2/A2M/EDIL3",8
"C0220756","Niemann-Pick Disease, Type C","13/459","201/21671",0.0646766169154229,3.05360994591314,4.30273852163404,0.000375036957401559,0.00533410122164737,0.00383682240181318,"HAVCR2/S1PR3/LIPA/POSTN/TGFBR1/DKK3/NEGR1/CCL5/CAV1/CCL2/PDLIM7/THBS1/IGFBP6",13
"C0018809","Heart Neoplasm","4/459","17/21671",0.235294117647059,11.1090606177111,6.1335397533858,0.000379736305972969,0.00535939374910695,0.00385501533290372,"MYLK/MYH11/ACTG2/LMOD1",4
"C0752156","Dural Arteriovenous Fistula","4/459","17/21671",0.235294117647059,11.1090606177111,6.1335397533858,0.000379736305972969,0.00535939374910695,0.00385501533290372,"CD38/SERPINE1/MMP2/TSPAN2",4
"C1720816","Endometrial Diseases","4/459","17/21671",0.235294117647059,11.1090606177111,6.1335397533858,0.000379736305972969,0.00535939374910695,0.00385501533290372,"CLU/ACKR3/CALD1/MMP2",4
"C1834674","BETHLEM MYOPATHY 1","4/459","17/21671",0.235294117647059,11.1090606177111,6.1335397533858,0.000379736305972969,0.00535939374910695,0.00385501533290372,"VWF/COL12A1/COL6A2/COL6A1",4
"C0345392","Congenital kyphoscoliosis","11/459","151/21671",0.0728476821192053,3.43939459521851,4.42480755112047,0.000384421517837041,0.00541510464377359,0.00389508821487576,"TPM2/POSTN/RAB23/SETBP1/PMP22/EGR2/COL12A1/FLNA/MMP2/ELN/COL13A1",11
"C1708349","Hereditary Diffuse Gastric Cancer","17/459","312/21671",0.0544871794871795,2.57253086419753,4.1155796059077,0.000387363779946208,0.00543407450199038,0.00390873324595804,"RGS2/FYN/GLI3/ZNF667-AS1/DLC1/FILIP1/IGFBP7/SERPINE1/CAV1/ALDH1A3/F2R/DES/GREM1/CTSC/PRKCB/RORA/THBD",17
"C0019158","Hepatitis","28/459","656/21671",0.0426829268292683,2.0152106913226,3.88408203910493,0.000387989513427301,0.00543407450199038,0.00390873324595804,"IL18BP/CLU/RDX/PECAM1/LSAMP/ICAM1/FGL2/POSTN/TCF4/STON1/SETBP1/JAM3/IGFBP7/IGHM/GJA1/CD3D/CYP1B1/C1S/DCLK1/TIMP2/ACTG2/VCAM1/NR3C1/F2R/SPARC/CCL2/LGALS1/BCHE",28
"C0410702","Adolescent idiopathic scoliosis","28/459","656/21671",0.0426829268292683,2.0152106913226,3.88408203910493,0.000387989513427301,0.00543407450199038,0.00390873324595804,"DOCK2/ADAMTS12/FRMD4A/AGTR1/PCDH7/DIP2C/TSHZ2/NREP/LATS2/IGFBP7/EDNRA/BNC2/CACNA2D1/TIMP2/MYLK/BOC/ANK2/DOK5/DPYSL3/MEIS2/JAZF1/COL1A2/A2M/PDGFC/PALLD/PRICKLE2/RORA/COL13A1",28
"C0085110","Severe Combined Immunodeficiency","16/459","284/21671",0.0563380281690141,2.65991592255055,4.14204979294273,0.000395826504596323,0.00553327755663318,0.00398009006626679,"DOCK2/EPHA3/PECAM1/PAPPA/CYBB/IL2RB/JAK3/TGFBR1/CD38/CD3D/PTPRC/ANGPTL2/SPARC/PDPN/LGALS1/PDLIM7",16
"C0024636","Malocclusion","10/459","128/21671",0.078125,3.6885552832244,4.4876177213694,0.000403732689544308,0.00563306883757734,0.00405186999812829,"GLI3/IL2RB/TRPS1/GJA1/CPQ/NR3C1/FLNA/COL1A2/CDH11/ELN",10
"C0040034","Thrombocytopenia","26/459","592/21671",0.0439189189189189,2.0735662132721,3.89591681922169,0.000406202755971419,0.00565677803809155,0.00406892404113985,"PECAM1/VWF/FLI1/MCC/FGFR1/JAM3/SERPINE1/CCL5/PTPRC/PRKG1/GEM/C1R/MYL9/F2R/SPARC/CCL2/FLNA/PDPN/SERPINF1/CFH/WIPF1/THBS1/C3/ELN/BCHE/THBD",26
"C0206139","Lichen Planus, Oral","15/459","257/21671",0.0583657587548638,2.75565219602757,4.16486698530369,0.000412031238852747,0.00572707814761422,0.00411949095463821,"ICAM1/ITGA11/POSTN/SYNE1/CCL5/GEM/TNC/CAV1/VCAM1/CCL2/PDPN/MMP2/MCAM/LUM/ITGA4",15
"C0037268","Skin Abnormalities","9/459","106/21671",0.0849056603773585,4.0086940436552,4.56773833143921,0.000424366264437027,0.00588737998998741,0.00423479617182706,"APOC1/TGFBR1/SERPINE1/AKAP12/ANGPTL2/ANTXR1/MMP2/CTSC/CTSK",9
"C0278876","Adult Medulloblastoma","31/459","762/21671",0.0406824146981627,1.9207594965662,3.80629154595861,0.000435457380997915,0.00602985230027112,0.00433727659524239,"EPHA3/PECAM1/FLI1/GLI3/MAP4K4/TCF4/IL2RB/DKK3/IL6ST/MIR100HG/SLIT2/EDNRA/SERPINE1/GJA1/ACKR3/AKAP12/CYP1B1/GPR161/CTSB/CLDN11/EFS/NRP2/MEIS1/F2R/SPARC/CCL2/MMP2/COL1A2/THBS1/C3/CDH5",31
"C0595936","Aqueous Humor Disorders","8/459","85/21671",0.0941176470588235,4.44362424708445,4.67933483567375,0.000440813360042798,0.00605854745175525,0.00435791703595823,"CLU/ICAM1/GJA1/NR3C1/CCL2/TGFB1I1/MMP2/LOXL1",8
"C1536085","Geographic Atrophy","8/459","85/21671",0.0941176470588235,4.44362424708445,4.67933483567375,0.000440813360042798,0.00605854745175525,0.00435791703595823,"HMCN1/EFEMP1/CRYAB/HTRA1/MMP2/CFH/C3/COL8A1",8
"C0085220","Cerebral Amyloid Angiopathy","7/459","65/21671",0.107692307692308,5.08453159041394,4.85128446322459,0.000440831767166821,0.00605854745175525,0.00435791703595823,"AOC3/HSPB8/CLU/PTPRC/HSPB6/A2M/BCHE",7
"C3544347","Intestinal fibrosis","7/459","65/21671",0.107692307692308,5.08453159041394,4.85128446322459,0.000440831767166821,0.00605854745175525,0.00435791703595823,"COL3A1/PMP22/CCL2/TGFB1I1/MMP2/COL1A2/CDH11",7
"C0037284","Skin lesion","25/459","563/21671",0.044404973357016,2.09651454819149,3.87784139221311,0.00044496886812781,0.00610004943105913,0.00438776943607139,"CLU/CD74/ICAM1/SMARCA1/POSTN/TCF4/IL2RB/SETBP1/SLIT2/CCL5/ACKR3/PTPRC/GLIS2/TNC/DCN/VCAM1/CCL2/FLNA/MCAM/PDLIM7/THBS1/ELN/CTSK/ITGA4/EDIL3",25
"C0476273","Respiratory distress","15/459","259/21671",0.0579150579150579,2.73437302849068,4.13055838282274,0.000446933749950578,0.00610004943105913,0.00438776943607139,"PDLIM3/SETBP1/PMP22/FGFR1/CSF2RA/EGR2/CD3D/ZFPM2/SERPING1/ALDH1A3/FAM20C/VEGFC/EFEMP2/LAMB2/COL13A1",15
"C0019080","Hemorrhage","6/459","47/21671",0.127659574468085,6.02725629258796,5.07524402067209,0.000449642863057616,0.00610004943105913,0.00438776943607139,"VWF/SERPINE1/TIMP2/CAV1/CRYAB/MMP2",6
"C4551858","Vesicoureteral Reflux 1","6/459","47/21671",0.127659574468085,6.02725629258796,5.07524402067209,0.000449642863057616,0.00610004943105913,0.00438776943607139,"COL4A1/AGTR1/SLIT2/GJA1/CCL2/GREM1",6
"C0221021","Microangiopathic hemolytic anemia","5/459","31/21671",0.161290322580645,7.61508187504392,5.4216619083006,0.000449669810901075,0.00610004943105913,0.00438776943607139,"COL4A1/C1R/CFH/C3/THBD",5
"C0311245","Congenital cystic kidney disease","5/459","31/21671",0.161290322580645,7.61508187504392,5.4216619083006,0.000449669810901075,0.00610004943105913,0.00438776943607139,"PRKD1/GLIS2/PKD2/CPQ/CYS1",5
"C1300127","Perivascular Epithelioid Cell Neoplasms","5/459","31/21671",0.161290322580645,7.61508187504392,5.4216619083006,0.000449669810901075,0.00610004943105913,0.00438776943607139,"IGFBP7/CALD1/MITF/DES/CTSK",5
"C0349639","Juvenile Myelomonocytic Leukemia","12/459","179/21671",0.0670391061452514,3.16515134918027,4.27879371002666,0.000452344763538708,0.00612501516533317,0.00440572730461569,"CYBB/JAK3/SETBP1/FGFR1/IGFBP7/CD38/CSF2RA/AKAP12/HIP1/NRP2/IL10RA/THBD",12
"C0001342","Acute periodontitis","10/459","130/21671",0.0769230769230769,3.6318082788671,4.42729013576279,0.000456739558052937,0.00616178605983548,0.00443217663242159,"CLU/SLAMF7/TIMP2/HTRA1/CCL2/MMP2/HLA-DQB1/POPDC2/ELN/CTSC",10
"C4551993","Amyotrophic Lateral Sclerosis, Familial","10/459","130/21671",0.0769230769230769,3.6318082788671,4.42729013576279,0.000456739558052937,0.00616178605983548,0.00443217663242159,"CLU/RBMS3/CYBB/ATXN1/JAK3/AKT3/TIAM1/CRYAB/FAM20C/LGALS1",10
"C0220633","Uveal melanoma","19/459","376/21671",0.050531914893617,2.3857889491494,3.98746774685493,0.000460126488512753,0.00619608862237632,0.00445685048747746,"ICAM1/AKT3/EDNRA/ACKR3/AHNAK2/CACNA2D1/EFS/CAV1/KCTD12/HTR2B/DES/SPARC/CCL2/SERPINF1/MMP2/MCAM/TFPI/LBH/PRKCB",19
"C0521525","Short neck","16/459","288/21671",0.0555555555555556,2.62297264584846,4.07866574302213,0.000461341665018946,0.006201074138414,0.00446043657233471,"TPM2/FLI1/TCF4/RAB23/SETBP1/FGFR1/COL12A1/CFL2/FHL1/GPC6/KCNJ8/COL6A2/COL6A1/FAM20C/AEBP1/CDH11",16
"C0878659","Disproportionate short stature","8/459","86/21671",0.0930232558139535,4.39195419769975,4.63626410478805,0.000477186997779302,0.00637157655717122,0.0045830790706053,"GLI3/FGFR1/TRPS1/DDR2/GPC6/FLNA/FAM20C/CTSK",8
"C0003460","Anuria","4/459","18/21671",0.222222222222222,10.4918905833939,5.9261812094561,0.000480103806528912,0.00637157655717122,0.0045830790706053,"AGTR1/CFH/C3/THBD",4
"C0012736","Dissecting aortic aneurysm","4/459","18/21671",0.222222222222222,10.4918905833939,5.9261812094561,0.000480103806528912,0.00637157655717122,0.0045830790706053,"TNC/ACTA2/MYH11/ELN",4
"C0030569","Secondary Parkinson Disease","4/459","18/21671",0.222222222222222,10.4918905833939,5.9261812094561,0.000480103806528912,0.00637157655717122,0.0045830790706053,"RGS2/FYN/SYNM/BCHE",4
"C1842878","Short 5th finger","4/459","18/21671",0.222222222222222,10.4918905833939,5.9261812094561,0.000480103806528912,0.00637157655717122,0.0045830790706053,"TRPS1/GJA1/MASP1/MEIS2",4
"C3152182","Anterior chamber anomalies","4/459","18/21671",0.222222222222222,10.4918905833939,5.9261812094561,0.000480103806528912,0.00637157655717122,0.0045830790706053,"FGFR1/CYP1B1/MASP1/MITF",4
"C4280669","Velopharyngeal dysfunction","4/459","18/21671",0.222222222222222,10.4918905833939,5.9261812094561,0.000480103806528912,0.00637157655717122,0.0045830790706053,"CHRNA3/TTC28/CLEC4A/BNC2",4
"C0005944","Metabolic Bone Disorder","7/459","66/21671",0.106060606060606,5.00749323298343,4.79636935295392,0.000484279801466229,0.00640383687019938,0.00460628393428761,"SAMD4A/POSTN/SLIT2/KCNMA1/SERPINF1/MMP2/GREM1",7
"C0221271","Elastosis perforans serpiginosa","7/459","66/21671",0.106060606060606,5.00749323298343,4.79636935295392,0.000484279801466229,0.00640383687019938,0.00460628393428761,"RGS2/POSTN/SERPINE1/CD2/ITPR1/PDPN/ELN",7
"C4021770","Clinodactyly of toe","3/459","8/21671",0.375,17.7050653594771,6.95150536093324,0.000488349474689993,0.00643446462253116,0.00462831449602252,"FLI1/FLNA/DACT1",3
"C4022585","Fatigable weakness of distal limb muscles","3/459","8/21671",0.375,17.7050653594771,6.95150536093324,0.000488349474689993,0.00643446462253116,0.00462831449602252,"TPM2/LDB3/CFL2",3
"C0376634","Craniofacial Abnormalities","14/459","234/21671",0.0598290598290598,2.82473977245219,4.12830572722905,0.000497490322753887,0.00654315677184727,0.0047064968281659,"FLI1/GLI3/PAPPA/TCF4/MN1/SETBP1/FGFR1/TRPS1/EDNRA/BNC2/PKD2/GPC6/MASP1/MMP2",14
"C0007682","CNS disorder","17/459","319/21671",0.0532915360501567,2.51608034366655,4.01276075484018,0.000498657695762258,0.00654677786976603,0.00470910148620228,"ICAM1/AGTR1/TCF4/PMP22/IGHM/CD38/EDNRA/GJA1/ACKR3/CAV1/SERPING1/PNMA1/MEF2C/F2R/CCL2/MMP2/CDH11",17
"C1719672","Severe Sepsis","12/459","181/21671",0.0662983425414365,3.13017730112303,4.23332704855718,0.000499813256543378,0.00654690466098465,0.00470919268720649,"S1PR3/VWF/SERPINE1/MYLK/F2R/CCL2/TFPI/HLA-DRA/LILRB2/RTN1/CDH5/THBD",12
"C0948089","Acute Coronary Syndrome","21/459","440/21671",0.0477272727272727,2.25337195484254,3.9072038939557,0.000500451494047199,0.00654690466098465,0.00470919268720649,"CLU/PECAM1/VWF/ICAM1/AGTR1/PAPPA/SERPINE1/CTSB/GEM/TIMP2/ANGPTL2/VCAM1/NR3C1/F2R/CCL2/SERPINF1/MMP2/TFPI/FSTL1/GREM1/THBD",21
"C0005398","Cholestasis, Extrahepatic","8/459","87/21671",0.0919540229885057,4.34147196554228,4.59384641207765,0.000515956278810376,0.00671383533721516,0.00482926602880559,"PDLIM3/COL3A1/CYGB/ACTA2/TIMP2/MMP2/LGALS1/PALLD",8
"C0154723","Migraine with Aura","8/459","87/21671",0.0919540229885057,4.34147196554228,4.59384641207765,0.000515956278810376,0.00671383533721516,0.00482926602880559,"VWF/AGTR1/EDNRA/HTR2B/MMP2/TSPAN2/HLA-DQB1/ATP1A2",8
"C0238190","Inclusion Body Myositis (disorder)","8/459","87/21671",0.0919540229885057,4.34147196554228,4.59384641207765,0.000515956278810376,0.00671383533721516,0.00482926602880559,"AOC3/PMP22/CD38/PTPRC/NR3C1/SYNM/DES/THBS1",8
"C0240340","Microdontia (disorder)","9/459","109/21671",0.0825688073394495,3.89836301493074,4.4623794455448,0.000521155226377853,0.00676948355112754,0.00486929382447123,"COL3A1/FGFR1/PRKD1/TRPS1/GJA1/C1S/C1R/TWIST2/ELN",9
"C0333516","Tumor necrosis","18/459","350/21671",0.0514285714285714,2.42812324929972,3.96224125594674,0.000524616990070162,0.00680241005322424,0.0048929778783743,"HSPB8/CHST15/PECAM1/ICAM1/DKK3/FGFR1/SERPINE1/CCL5/PTPRC/CTSB/TIMP2/ANTXR1/SPARC/CALU/MMP2/VEGFC/THBS1/CTSK",18
"C0278510","Childhood Medulloblastoma","31/459","771/21671",0.0402075226977951,1.89833817948566,3.73627550611392,0.000529622358362423,0.00685520015524131,0.00493094983233556,"EPHA3/PECAM1/FLI1/GLI3/MAP4K4/TCF4/IL2RB/DKK3/IL6ST/MIR100HG/SLIT2/EDNRA/SERPINE1/GJA1/ACKR3/AKAP12/CYP1B1/GPR161/CTSB/CLDN11/EFS/NRP2/MEIS1/F2R/SPARC/CCL2/MMP2/COL1A2/THBS1/C3/CDH5",31
"C0042798","Low Vision","11/459","157/21671",0.0700636942675159,3.30795276355411,4.26934399966784,0.000534929621564105,0.00690201680157659,0.00496462507582513,"COL4A1/ATXN1/MEIS1/CRYAB/F2R/HTRA1/SERPINF1/CFH/TFPI/LAMB2/PRKCB",11
"C0221354","Frontal bossing","17/459","321/21671",0.0529595015576324,2.5004038306219,3.98388441775186,0.000535120256178918,0.00690201680157659,0.00496462507582513,"FLI1/GLI3/SETBP1/FGFR1/TRPS1/NID1/GJA1/DDR2/GPC6/MITF/ANTXR1/FLNA/MPDZ/MMP2/COL1A2/DENND5A/CTSK",17
"C0085298","Sudden Cardiac Death","10/459","133/21671",0.075187969924812,3.54988779137386,4.33899543249579,0.000546992705560794,0.0070427709931766,0.00506586965537836,"SYNE1/ZFPM2/CACNA2D1/PLN/FHL1/ANK2/DES/WIPF1/DTNA/ELN",10
"C0041948","Uremia","9/459","110/21671",0.0818181818181818,3.86292335115865,4.4280916680528,0.000557177006769045,0.00712467180451228,0.00512478096107014,"PDLIM3/AOC3/ICAM1/TGFBR1/VCAM1/SPARC/MYOCD/MGP/MMP2",9
"C1842937","AURAL ATRESIA, CONGENITAL","9/459","110/21671",0.0818181818181818,3.86292335115865,4.4280916680528,0.000557177006769045,0.00712467180451228,0.00512478096107014,"AOC3/HSPB8/CLU/PECAM1/PTPRC/COL6A2/SRPX/A2M/BCHE",9
"C0024031","Low Back Pain","8/459","88/21671",0.0909090909090909,4.29213705684294,4.55206366224365,0.000557236900911575,0.00712467180451228,0.00512478096107014,"HSPB8/ADAMTS5/IL6ST/NR3C1/SPARC/HTRA1/CCL2/RTN1",8
"C4020969","Inflammatory abnormality of the eye","8/459","88/21671",0.0909090909090909,4.29213705684294,4.55206366224365,0.000557236900911575,0.00712467180451228,0.00512478096107014,"AOC3/CYBB/PTPRC/NR3C1/F2R/CFH/LGALS1/AKR1B1",8
"C0026846","Muscular Atrophy","6/459","49/21671",0.122448979591837,5.781245831666,4.9287429808249,0.000565095085760345,0.00721257884242638,0.00518801254936042,"SERPINE1/WWTR1/FHL1/NR3C1/FBXO32/COL1A2",6
"C0031106","Aggressive Periodontitis","12/459","184/21671",0.0652173913043478,3.0791418016482,4.16629597275459,0.000578839348194476,0.00735379145788653,0.00528958687348785,"CLU/POSTN/SLAMF7/TIMP2/VCAM1/HTRA1/CCL2/MMP2/HLA-DQB1/POPDC2/ELN/CTSC",12
"C0271183","Severe myopia","12/459","184/21671",0.0652173913043478,3.0791418016482,4.16629597275459,0.000578839348194476,0.00735379145788653,0.00528958687348785,"CYP1B1/KCNMA1/TIMP2/DCN/HSD17B6/ZEB2/CRYAB/SERPINF1/MMP2/PRELP/LUM/COL8A1",12
"C0085580","Essential Hypertension","21/459","445/21671",0.0471910112359551,2.22805316883308,3.85041982562755,0.000579164935639517,0.00735379145788653,0.00528958687348785,"RGS2/OGN/PDE5A/CLU/PECAM1/AGTR1/SYNE1/EDNRA/SERPINE1/GJA1/ACKR3/PTGIS/KCNMA1/MYLK/NR3C1/CCL2/SMTN/KCNMB1/VEGFC/HLA-DQB1/AKR1B1",21
"C4529962","Fatty Liver Disease","30/459","741/21671",0.0404858299595142,1.911478041509,3.71377586504576,0.000580781088880022,0.00736157583987994,0.00529518618440744,"HAVCR2/PDLIM3/CLU/RDX/LIPA/ICAM1/CYBB/IL2RB/LATS2/CD38/CCL5/ACKR3/WWTR1/DCN/HSD17B6/VCAM1/ALDH1A3/NR3C1/CCL2/SERPINF1/MMP2/CFH/AEBP1/A2M/C3/LUM/PRKCB/AKR1B1/RORA/THBD",30
"C0009241","Cognition Disorders","26/459","607/21671",0.042833607907743,2.02232487357015,3.75800920181736,0.000589707998877645,0.00746183966166041,0.00536730601519308,"FYN/TPM2/PDE5A/CLU/PTGER3/GLI3/AGTR1/CYBB/TCF4/IL2RB/ATXN1/RUNX1T1/FGFR1/EDNRA/SERPINE1/ACKR3/CHRDL1/ITPR1/VCAM1/HSPB6/NR3C1/SYNM/CCL2/MMP2/BCHE/LAMB2",26
"C0018817","Atrial Septal Defects","19/459","384/21671",0.0494791666666667,2.33608501270879,3.88586280912038,0.00059406079219839,0.00748946139512955,0.00538717434564794,"COL4A1/GLI3/RAB23/SETBP1/FGFR1/GJA1/CYP1B1/ZFPM2/ACTA2/GPC6/MASP1/NEXN/ZEB2/DPYSL3/MEIS2/DACT1/MMP2/CDH11/ELN",19
"C0339143","Thyroid associated opthalmopathies","13/459","211/21671",0.0616113744075829,2.90888909539593,4.09875590235843,0.000594389887340531,0.00748946139512955,0.00538717434564794,"HAVCR2/IGFBP5/ICAM1/HLA-DOA/FGFR1/SERPINE1/CCL5/EFS/TIMP2/VCAM1/NR3C1/CCL2/MMP2",13
"C0151514","Atrophic condition of skin","9/459","111/21671",0.0810810810810811,3.82812223988695,4.39420463028361,0.000595213248059023,0.00748946139512955,0.00538717434564794,"APOC1/ATXN1/DCN/TWIST2/NR3C1/MGP/FBXO32/AEBP1/ELN",9
"C0162869","Aneurysm, Ruptured","4/459","19/21671",0.210526315789474,9.93968581584681,5.73449312374157,0.000598013949795056,0.00748946139512955,0.00538717434564794,"ICAM1/TIMP2/MMP2/WIPF1",4
"C0403601","Transplant glomerulopathy","4/459","19/21671",0.210526315789474,9.93968581584681,5.73449312374157,0.000598013949795056,0.00748946139512955,0.00538717434564794,"PECAM1/AGTR1/PTPRC/PDGFC",4
"C0428974","Supraventricular arrhythmia","4/459","19/21671",0.210526315789474,9.93968581584681,5.73449312374157,0.000598013949795056,0.00748946139512955,0.00538717434564794,"COL4A1/SYNE1/FHL1/DES",4
"C0022679","Cystic kidney","8/459","89/21671",0.0898876404494382,4.24391079777729,4.51089846492694,0.000601147835242804,0.00751588409343601,0.00540618020934755,"PRKD1/SLIT2/GLIS2/PKD2/CPQ/TNS1/PDE1A/CYS1",8
"C0008312","Primary biliary cirrhosis","22/459","478/21671",0.0460251046025105,2.17300662710458,3.81472454904797,0.000603293783148908,0.00751710199410838,0.00540705624607591,"PDLIM3/CYGB/PDE5A/RDX/CD74/ICAM1/GLI3/HLA-DOA/ITGA1/SLIT2/JAM3/CCL5/CD3D/DDR2/VCAM1/PRICKLE1/NR3C1/MMP2/HLA-DQB1/HLA-DRA/PRKCB/CDH5",22
"C1292769","Precursor B-cell lymphoblastic leukemia","22/459","478/21671",0.0460251046025105,2.17300662710458,3.81472454904797,0.000603293783148908,0.00751710199410838,0.00540705624607591,"LAIR1/GAS7/ICAM1/JAK3/FGFR1/IGFBP7/IGHM/EBF1/CD38/SERPINE1/CSF2RA/PTPRC/CSRP2/AXL/NR3C1/F2R/HOXB2/PBX3/HLA-DQB1/C3/ELN/LCP2",22
"C0018133","Graft-vs-Host Disease","21/459","447/21671",0.0469798657718121,2.21808425085172,3.82791654033024,0.000613538991146946,0.00763180111191091,0.00548955939447268,"HAVCR2/AOC3/PECAM1/ICAM1/JAK3/HLA-DOA/IL6ST/CCL5/PTPRC/GEM/MYLK/CAV1/VCAM1/NR3C1/F2R/CCL2/MCAM/HLA-DQB1/C3/BCHE/THBD",21
"C0010606","Adenoid Cystic Carcinoma","17/459","325/21671",0.0523076923076923,2.46962962962963,3.92677770436435,0.000614972526002067,0.00763668928651298,0.00549307546157336,"PECAM1/SMARCA1/MLLT11/AKT3/PRKD1/GJA1/ACKR3/CTSB/SLC24A3/NRP2/RECK/ZEB2/SERPINF1/MMP2/VEGFC/MCAM/CDH5",17
"C0008073","Developmental Disabilities","18/459","355/21671",0.0507042253521127,2.3939243302955,3.8953412376321,0.000618997671920236,0.00767368904429495,0.00551968941088191,"GLI3/TCF4/RAB23/SETBP1/AKT3/PMP22/EDNRA/GJA1/ACKR3/FZD1/KCNMA1/ITPR1/MASP1/ZEB2/MEIS1/CPXM2/NDN/ELN",18
"C0205699","Carcinomatosis","12/459","186/21671",0.0645161290322581,3.04603275001757,4.12236425127799,0.000637150817074986,0.00788541289462617,0.00567198251110509,"FILIP1L/CD74/TRPS1/IL6ST/BASP1/CCL5/ACKR3/EFEMP1/DES/SPARC/MGP/NDN",12
"C0022578","Keratoconus","15/459","269/21671",0.0557620817843866,2.6327234735282,3.96375302027282,0.000661946256359269,0.00817849086771157,0.00588279368357564,"COL3A1/COL4A1/CYBB/KIF26B/CTSB/TIMP2/COL8A2/ANTXR1/COL6A1/EMP3/MPDZ/MMP2/LGALS1/A2M/COL8A1",15
"C3495559","Juvenile arthritis","21/459","450/21671",0.0466666666666667,2.20329702251271,3.79438299652194,0.000668416844075219,0.00824455667003031,0.00593031485720871,"SLC11A1/CLU/ICAM1/POSTN/IL2RB/IL6ST/CCL5/PTPRC/CALD1/GEM/GNG11/TIMP2/VCAM1/CCL2/PGM5/MMP2/FNBP1/TFPI/MSN/HLA-DQB1/THBS1",21
"C0206638","Giant Cell Tumor of Bone","9/459","113/21671",0.079646017699115,3.76036786395974,4.32759828372603,0.000677668294495442,0.00834464364647995,0.0060023074830354,"GJA1/DCN/NR3C1/F2R/CCL2/MMP2/THBS1/LUM/CTSK",9
"C0004368","Autoimmune state","7/459","70/21671",0.1,4.72135076252723,4.58730575535212,0.000693371319068728,0.00850732357153722,0.00611932325661164,"TCF4/TRAC/CAV1/C1R/SERPING1/WIPF1/HLA-DQB1",7
"C0023508","White Blood Cell Count procedure","28/459","681/21671",0.0411160058737151,1.94123085683939,3.67120369925645,0.000694426592501193,0.00850732357153722,0.00611932325661164,"COL4A1/TPM2/ST8SIA4/LSAMP/LIPA/MAP4K4/TTC28/SSPN/CD84/ATXN1/DLC1/AKT3/NREP/KLHL5/BNC2/PTPRC/ZFPM2/DDR2/MITF/CCDC69/PLXDC1/APOL3/TPST1/ATP2B4/ATP1A2/KCNE4/ITGA4/CD300LF",28
"C0018989","Hemiparesis","8/459","91/21671",0.0879120879120879,4.15063803299097,4.43035448260398,0.000697352867474556,0.00850732357153722,0.00611932325661164,"COL3A1/COL4A1/FGFR1/NID1/CFH/HLA-DQB1/BCHE/ATP1A2",8
"C4721507","Alveolitis, Fibrosing","8/459","91/21671",0.0879120879120879,4.15063803299097,4.43035448260398,0.000697352867474556,0.00850732357153722,0.00611932325661164,"FYN/COL3A1/CCL5/ACTA2/CCL2/MMP2/GREM1/ELN",8
"C0856747","Aneurysm of ascending aorta","5/459","34/21671",0.147058823529412,6.94316288606946,5.10156657404929,0.00069899388385842,0.00850732357153722,0.00611932325661164,"COL3A1/TGFBR1/ACTA2/MMP2/EFEMP2",5
"C0877009","Muscle fibrosis","5/459","34/21671",0.147058823529412,6.94316288606946,5.10156657404929,0.00069899388385842,0.00850732357153722,0.00611932325661164,"SERPINE1/DCN/CAV1/FHL1/VCAM1",5
"C4025252","Abnormal nasal morphology","5/459","34/21671",0.147058823529412,6.94316288606946,5.10156657404929,0.00069899388385842,0.00850732357153722,0.00611932325661164,"AKT3/BNC2/ZFPM2/MASP1/TWIST2",5
"C0221505","Lesion of brain","12/459","188/21671",0.0638297872340425,3.01362814629398,4.07901894800328,0.000700310484272266,0.00850923616568569,0.00612069898679926,"CLU/PECAM1/ICAM1/SERPINE1/GJA1/TNC/TUBA1A/CAV1/MFGE8/GAP43/CCL2/C3",12
"C1262048","Glial scar","6/459","51/21671",0.117647058823529,5.55453030885557,4.79011377532638,0.000702333667794105,0.00851971369907593,0.00612823548323173,"CCL5/CTSB/GAP43/RGMA/CCL2/MMP2",6
"C0240182","Leukonychia","3/459","9/21671",0.333333333333333,15.7378358750908,6.50505067273668,0.000721022451868375,0.00866124409786944,0.00623003838911299,"TRPS1/GJA1/KANK2",3
"C1857484","Brachyturricephaly","3/459","9/21671",0.333333333333333,15.7378358750908,6.50505067273668,0.000721022451868375,0.00866124409786944,0.00623003838911299,"FGFR1/FHL1/FAM20C",3
"C1866013","Proximal upper limb amyotrophy","3/459","9/21671",0.333333333333333,15.7378358750908,6.50505067273668,0.000721022451868375,0.00866124409786944,0.00623003838911299,"SGCD/SYNE1/FHL1",3
"C4021774","Camptodactyly of toe","3/459","9/21671",0.333333333333333,15.7378358750908,6.50505067273668,0.000721022451868375,0.00866124409786944,0.00623003838911299,"FHL1/FLNA/MMP2",3
"C0001175","Acquired Immunodeficiency Syndrome","14/459","243/21671",0.0576131687242798,2.72011978087989,3.96657798621812,0.000721624096890023,0.00866124409786944,0.00623003838911299,"LSAMP/ICAM1/JAM3/CD38/CCL5/ANGPTL2/NR3C1/CCL2/MMP2/LGALS1/PDLIM7/THBS1/C3/BCHE",14
"C0266617","Congenital anomaly of face","9/459","114/21671",0.0789473684210526,3.72738218094255,4.29486238444335,0.000722262077653099,0.00866124409786944,0.00623003838911299,"VWF/TCF4/FGFR1/TRPS1/AP1S2/GLIS2/ZEB2/FLNA/FAM20C",9
"C1510502","Oxyphilic Adenoma","9/459","114/21671",0.0789473684210526,3.72738218094255,4.29486238444335,0.000722262077653099,0.00866124409786944,0.00623003838911299,"IGFBP5/FGFR1/LMO3/CAV1/MITF/VCAM1/NR3C1/DES/PRKCB",9
"C0278701","Gastric Adenocarcinoma","21/459","453/21671",0.0463576158940397,2.18870565150269,3.76111138464059,0.000727498769601801,0.00870980990229628,0.00626497180313047,"COL4A1/MMP11/LAYN/GLI3/JAK3/MCC/AKT3/FGFR1/LATS2/SERPINE1/AXL/STOM/DCLK1/TIMP2/ZEB2/ANTXR1/SPARC/MMP2/LGALS1/HLA-DQB1/IGFBP6",21
"C0235989","Renal interstitial fibrosis","10/459","138/21671",0.072463768115942,3.421268668498,4.19735057671697,0.000729991616877661,0.00871538699244706,0.00626898340762358,"LAYN/SERPINE1/CCL5/DDR2/F2R/MMP2/VEGFC/THBS1/ADAMTS1/C3",10
"C0162298","Joint stiffness","11/459","163/21671",0.0674846625766871,3.18618763115335,4.12122390585728,0.000731770374548192,0.00871538699244706,0.00626898340762358,"TPM2/SYNE1/COL12A1/FHL1/ACTG2/COL6A2/COL6A1/FLNA/COL1A2/ELN/ADAMTS2",11
"C0410158","Muscle damage","11/459","163/21671",0.0674846625766871,3.18618763115335,4.12122390585728,0.000731770374548192,0.00871538699244706,0.00626898340762358,"PDLIM3/PDE5A/MYLK/FHL1/TAGLN/CRYAB/DES/CCL2/SPARCL1/FBXO32/DTNA",11
"C1260965","Lipoblastoma","4/459","20/21671",0.2,9.44270152505447,5.55651438428815,0.000735089868963719,0.00871538699244706,0.00626898340762358,"COL3A1/BOC/DES/COL1A2",4
"C1832370","MYOPATHY, MYOFIBRILLAR, DESMIN-RELATED","4/459","20/21671",0.2,9.44270152505447,5.55651438428815,0.000735089868963719,0.00871538699244706,0.00626898340762358,"AOC3/LDB3/CRYAB/DES",4
"C2697932","Loeys-Dietz Syndrome","4/459","20/21671",0.2,9.44270152505447,5.55651438428815,0.000735089868963719,0.00871538699244706,0.00626898340762358,"COL3A1/TGFBR1/GREM1/ELN",4
"C0035235","Respiratory Syncytial Virus Infections","14/459","244/21671",0.0573770491803279,2.70897174899104,3.94906335344856,0.000751114954859955,0.0088910204092213,0.0063953166360317,"EPHA3/PECAM1/LSAMP/ICAM1/CD8A/SERPINE1/CCL5/PTPRC/PTGIS/GEM/NR3C1/CCL2/THBS1/PRKCB",14
"C1866134","Wide anterior fontanel","7/459","71/21671",0.0985915492957746,4.65485286446347,4.53750572492755,0.000755420465820146,0.00892758582714018,0.00642161816440043,"GLI3/SETBP1/MASP1/ANTXR1/FLNA/COL1A2/ADAMTS2",7
"C0024530","Malaria","28/459","685/21671",0.0408759124087591,1.92989520220091,3.63797280006132,0.000759396397878698,0.00896014495825042,0.00644503796811926,"SLC11A1/HAVCR2/S1PR3/LAIR1/CLU/PECAM1/LSAMP/VWF/ICAM1/MAF/CYBB/DLC1/HLA-DOA/EDNRA/CCL5/ACKR3/PTPRC/PRKG1/GEM/CPQ/ACTG2/CCL2/ATP2B4/CFH/C3/CTSC/IL10RA/THBD",28
"C0079774","Peripheral T-Cell Lymphoma","12/459","190/21671",0.0631578947368421,2.98190574475404,4.03624517294363,0.000768629787220764,0.00903926059282727,0.00650194589439674,"HAVCR2/FYN/IL2RB/JAK3/GLIS2/GEM/CAV1/TFPI/LGALS1/PDLIM7/LBH/PRKCB",12
"C0030354","Papilloma","15/459","273/21671",0.0549450549450549,2.59414877061936,3.89913767242942,0.000769796684904898,0.00903926059282727,0.00650194589439674,"CLU/ST8SIA4/ICAM1/ATXN1/PMP22/PEG3/GEM/TNC/DCN/CAV1/CLIC4/CCL2/PDLIM7/THBS1/EDIL3",15
"C1176475","Ductal Carcinoma","15/459","273/21671",0.0549450549450549,2.59414877061936,3.89913767242942,0.000769796684904898,0.00903926059282727,0.00650194589439674,"AOC3/COL4A1/MMP11/PECAM1/AGTR1/RAB23/SERPINE1/TNC/MFAP5/TIMP2/CAV1/MFGE8/SPARC/MMP2/STC1",15
"C0239174","Late tooth eruption","10/459","139/21671",0.0719424460431655,3.39665522483974,4.16980519497772,0.000772045198705571,0.00905118165063927,0.00651052071886403,"SETBP1/TRPS1/GJA1/TWIST2/ZEB2/ANTXR1/FLNA/MMP2/CDH11/CTSK",10
"C0001969","Alcoholic Intoxication","6/459","52/21671",0.115384615384615,5.44771241830065,4.72351782936846,0.000779950931560767,0.00912928211598799,0.00656669843326995,"FYN/SERPINE1/KCNMA1/MFGE8/NR3C1/BCHE",6
"C0039685","Tetralogy of Fallot","15/459","274/21671",0.0547445255474453,2.58468107437622,3.88316369386336,0.00079897713143879,0.00933634231655919,0.00671563696725416,"PECAM1/LSAMP/RAB23/FGFR1/NID1/EDNRA/GJA1/ACKR3/ZFPM2/PLN/MEIS2/DACT1/PBX3/MMP2/ELN",15
"C0338503","Septo-Optic Dysplasia","5/459","35/21671",0.142857142857143,6.74478680361033,5.0033909778113,0.000801457372861737,0.00933634231655919,0.00671563696725416,"FGFR1/GPR161/TUBA1A/FLNA/IGHD",5
"C0339901","Acute respiratory infections","5/459","35/21671",0.142857142857143,6.74478680361033,5.0033909778113,0.000801457372861737,0.00933634231655919,0.00671563696725416,"SORBS1/LRRFIP1/CCL5/CCL2/THBS1",5
"C0026640","Mouth Neoplasms","10/459","140/21671",0.0714285714285714,3.37239340180517,4.1425104633489,0.000816072541740346,0.00949153151162029,0.00682726465397921,"ICAM1/POSTN/TIAM1/CYP1B1/TNC/DCN/CAV1/RECK/CRYAB/CCL2",10
"C4275242","Sudden sensorineural hearing loss","7/459","72/21671",0.0972222222222222,4.59020213023481,4.48862491180074,0.000821778934652362,0.00954277785033811,0.00686412617801731,"PDE5A/ICAM1/CAV1/VCAM1/VEGFC/CFH/C3",7
"C0027794","Neural Tube Defects","16/459","304/21671",0.0526315789473684,2.4849214539617,3.83542493993068,0.000824999169907396,0.0095650377692739,0.00688013775186762,"GLI3/DLC1/RAB23/SETBP1/LST1/GJA1/CYP1B1/GPR161/MYLK/PRICKLE1/ZEB2/CCL2/DACT1/LGALS1/BCHE/PRKCB",16
"C0577631","Carotid Atherosclerosis","13/459","219/21671",0.0593607305936073,2.80262830652301,3.94402209223616,0.00084021192152606,0.00971073274343268,0.00698493623945825,"RGS2/CLU/ICAM1/AGTR1/PAPPA/DKK3/SERPINE1/AXL/CCL2/MMP2/LUM/AKR1B1/THBD",13
"C0858252","Breast adenocarcinoma","13/459","219/21671",0.0593607305936073,2.80262830652301,3.94402209223616,0.00084021192152606,0.00971073274343268,0.00698493623945825,"EPHA3/PDLIM4/FGFR1/SERPINE1/GJA1/CYP1B1/CTSB/CAV1/MFGE8/CSRP1/LGALS1/PDLIM7/AKR1B1",13
"C2747816","Complicated malaria","11/459","166/21671",0.0662650602409639,3.12860592697588,4.04971608343343,0.000850769024125802,0.00981728595606802,0.00706158003308656,"RGS2/LAIR1/PECAM1/ICAM1/CYBB/CCL5/CD2/GEM/VCAM1/ATP2B4/IL10RA",11
"C0026266","Mitral Valve Insufficiency","8/459","94/21671",0.0851063829787234,4.0181708617253,4.31377219890979,0.000864549586966332,0.00996064272958541,0.00716469665146849,"AKT3/FHL1/MYH11/CRYAB/FLNA/COL1A2/DTNA/ELN",8
"C0019100","Severe Dengue","9/459","117/21671",0.0769230769230769,3.6318082788671,4.19882940111733,0.000870603662000028,0.010014671278085,0.00720355942077238,"ICAM1/PMP22/CCL5/GEM/VCAM1/CCL2/CFH/HLA-DQB1/THBD",9
"C0040028","Thrombocythemia, Essential","13/459","220/21671",0.0590909090909091,2.78988908694791,3.92517187474298,0.00087621391200901,0.0100634333336997,0.00723863399839418,"HAVCR2/CYGB/FLI1/RUNX1T1/DKK3/IL6ST/SERPINE1/MFGE8/NR3C1/MMP2/MCAM/TFPI/THBS1",13
"C0027809","Neurilemmoma","12/459","193/21671",0.0621761658031088,2.93555487825527,3.97312486437479,0.000881496828929891,0.0101082894179945,0.00727089900836086,"RDX/IL2RB/PMP22/LATS2/SERPINE1/ACKR3/WWTR1/AXL/TNC/GAP43/DES/MSN",12
"C0409974","Lupus Erythematosus","24/459","558/21671",0.043010752688172,2.03068850001171,3.62839487815002,0.000895689065486565,0.0102550110009452,0.00737643593630861,"MMP11/VWF/FLI1/ICAM1/CYBB/RUNX1T1/CD38/EGR2/CD2/PTPRC/GEM/C1R/MASP1/MFGE8/VCAM1/CCL2/SDC2/MMP2/CFH/C3/LBH/C1QC/BCHE/PRKCB",24
"C0020544","Renal hypertension","5/459","36/21671",0.138888888888889,6.55743161462116,4.90898739718318,0.000914714484429656,0.0104565258586125,0.00752138570161457,"ICAM1/AGTR1/CYBB/PKD2/MMP2",5
"C1851710","LATERAL MENINGOCELE SYNDROME","9/459","118/21671",0.076271186440678,3.60103024260552,4.16751844108373,0.000925221076850491,0.0105601827107399,0.00759594614128708,"CALD1/AXL/MYLK/CFL2/ACTG2/DES/MYOCD/SMTN/ELN",9
"C0149939","Obstructive nephropathy","8/459","95/21671",0.0842105263157895,3.97587432633872,4.27598242747621,0.000926923226066992,0.0105631825405367,0.00759810392076817,"SERPINE1/CCL5/GJA1/EFS/CAV1/F2R/CCL2/TFPI",8
"C0349566","Squamous cell carcinoma of tongue","21/459","462/21671",0.0454545454545455,2.14606852842147,3.66282751303484,0.000932657232625425,0.0106120487290512,0.00763325340125093,"EPHA3/RDX/FRMD4A/RBMS3/IL2RB/JAK3/FGFR1/SOX7/GJA1/TNC/MFAP5/CAV1/NRP2/TWIST2/ZEB2/ARL4C/MMP2/VEGFC/FBXO32/CTSC/CTSK",21
"C0008074","Child Development Disorders, Pervasive","11/459","168/21671",0.0654761904761905,3.0913606183214,4.0029395188725,0.000938678054083547,0.0106640220416705,0.00767063783807884,"CHRNA3/TCF4/FGFR1/SYNE1/NEGR1/HLA-DRB6/EGR2/ZFPM2/PRKG1/FEZ1/HLA-DQB1",11
"C0008497","Choriocarcinoma","20/459","431/21671",0.0464037122969838,2.19088202437459,3.67345824719503,0.000953871064549897,0.0107983208389235,0.00776723904837187,"PDLIM3/FGFR1/EDNRA/ACKR3/PEG3/CYP1B1/FERMT2/TIMP2/CAV1/ZEB2/HOPX/ANGPTL1/F2R/HTRA1/CCL2/PDPN/MMP2/LGALS1/CDH11/RORA",20
"C0234182","Gowers sign","6/459","54/21671",0.111111111111111,5.24594529169693,4.59534954847414,0.00095491350653513,0.0107983208389235,0.00776723904837187,"HSPB8/TPM2/SGCD/SYNE1/CFL2/COL6A1",6
"C0699743","Congenital muscular dystrophy (disorder)","6/459","54/21671",0.111111111111111,5.24594529169693,4.59534954847414,0.00095491350653513,0.0107983208389235,0.00776723904837187,"SGCD/SYNE1/COL12A1/COL6A2/COL6A1/DTNA",6
"C0086743","Osteoarthrosis Deformans","8/459","96/21671",0.0833333333333333,3.93445896877269,4.2387055146735,0.000992850907165804,0.011210050473369,0.00806339643633442,"CLU/CLIC4/COL6A2/RCN3/COL1A2/MSN/CTSK/EDIL3",8
"C1527349","Ductal Breast Carcinoma","12/459","196/21671",0.0612244897959184,2.890622915833,3.91121199543739,0.00100785862570363,0.0112911026037824,0.00812169728529895,"AOC3/DLC1/RAB23/DKK3/SERPINE1/CAV2/TNC/MFAP5/MFGE8/PDPN/THBS1/ELN",12
"C4721698","Metastatic Renal Cell Carcinoma","10/459","144/21671",0.0694444444444444,3.27871580731058,4.03575361877937,0.0010133385019225,0.0112911026037824,0.00812169728529895,"ICAM1/DLC1/HLA-DOA/SERPINE1/PEG3/AXL/TIMP2/NRP2/VCAM1/MMP2",10
"C0333101","Microaneurysm","3/459","10/21671",0.3,14.1640522875817,6.12484830124189,0.0010138760888258,0.0112911026037824,0.00812169728529895,"SERPINE1/ANGPTL2/PDGFC",3
"C0409495","Protrusio acetabuli","3/459","10/21671",0.3,14.1640522875817,6.12484830124189,0.0010138760888258,0.0112911026037824,0.00812169728529895,"SERPINF1/MMP2/COL1A2",3
"C0521618","Stenosis of ureter","3/459","10/21671",0.3,14.1640522875817,6.12484830124189,0.0010138760888258,0.0112911026037824,0.00812169728529895,"SETBP1/FLNA/CDH11",3
"C1320453","Cervical Squamous Cell Carcinoma In Situ","3/459","10/21671",0.3,14.1640522875817,6.12484830124189,0.0010138760888258,0.0112911026037824,0.00812169728529895,"ST8SIA4/MMP2/VEGFC",3
"C2609282","Reticular pseudodrusen","3/459","10/21671",0.3,14.1640522875817,6.12484830124189,0.0010138760888258,0.0112911026037824,0.00812169728529895,"HTRA1/CFH/C3",3
"C4022161","Increased endomysial connective tissue","3/459","10/21671",0.3,14.1640522875817,6.12484830124189,0.0010138760888258,0.0112911026037824,0.00812169728529895,"COL12A1/COL6A2/COL6A1",3
"C4025750","Abnormality of the nasopharynx","3/459","10/21671",0.3,14.1640522875817,6.12484830124189,0.0010138760888258,0.0112911026037824,0.00812169728529895,"SETBP1/FGFR1/GJA1",3
"C3241937","Nonalcoholic Steatohepatitis","20/459","434/21671",0.0460829493087558,2.17573767858398,3.63960042096104,0.00103743347708088,0.0115359458913584,0.00829781321780002,"HAVCR2/ADAMTS5/CLU/RDX/LIPA/AGTR1/CYBB/SMARCA1/IL6ST/CD38/CTSB/WWTR1/TNC/CCL2/SERPINF1/AEBP1/ELN/LUM/AKR1B1/RORA",20
"C1378511","Undifferentiated leukemia","9/459","120/21671",0.075,3.54101307189543,4.10590406686321,0.00104280408962024,0.0115606332533579,0.00831557085299011,"FGFR1/CD38/MYH11/NR3C1/MEIS1/MEF2C/F2R/PBX3/PCDH17",9
"C1863753","LIMB-MAMMARY SYNDROME","9/459","120/21671",0.075,3.54101307189543,4.10590406686321,0.00104280408962024,0.0115606332533579,0.00831557085299011,"CALD1/AXL/MYLK/CFL2/ACTG2/DES/MYOCD/SMTN/ELN",9
"C0919747","Cytokine storm","8/459","97/21671",0.0824742268041237,3.89389753610493,4.20192860644155,0.00106247737777968,0.0117564778858252,0.00845644202170283,"HAVCR2/IL6ST/IGFBP7/CD38/CCL5/SERPING1/F2R/LGALS1",8
"C0020295","Hydronephrosis","14/459","253/21671",0.0553359683794466,2.61260516503483,3.79528015113054,0.00106551340154772,0.0117564778858252,0.00845644202170283,"VWF/FLI1/GLI3/RAB23/SETBP1/FGFR1/BNC2/KCNMA1/CLMP/MASP1/ACTG2/ZEB2/CCL2/FLNA",14
"C0278678","Metastatic Renal Cell Cancer","10/459","145/21671",0.0689655172413793,3.25610397415671,4.00964970393012,0.00106831218174716,0.0117564778858252,0.00845644202170283,"ICAM1/DLC1/HLA-DOA/SERPINE1/PEG3/AXL/TIMP2/NRP2/VCAM1/MMP2",10
"C0263009","Sclerosis of the skin","4/459","22/21671",0.181818181818182,8.58427411368588,5.23541882728438,0.00107328521372161,0.0117564778858252,0.00845644202170283,"FLI1/POSTN/CCL2/COL1A2",4
"C0344529","Cornea plana","4/459","22/21671",0.181818181818182,8.58427411368588,5.23541882728438,0.00107328521372161,0.0117564778858252,0.00845644202170283,"DCN/ELN/LUM/ADAMTS2",4
"C1306068","After-cataract","4/459","22/21671",0.181818181818182,8.58427411368588,5.23541882728438,0.00107328521372161,0.0117564778858252,0.00845644202170283,"TPM2/TNC/MMP2/CFH",4
"C1701938","Associated Pulmonary Arterial Hypertension","4/459","22/21671",0.181818181818182,8.58427411368588,5.23541882728438,0.00107328521372161,0.0117564778858252,0.00845644202170283,"AGTR1/EDNRA/SERPINE1/CAV1",4
"C3495488","Axenfeld-Rieger syndrome","4/459","22/21671",0.181818181818182,8.58427411368588,5.23541882728438,0.00107328521372161,0.0117564778858252,0.00845644202170283,"COL4A1/GJA1/NFATC1/PRKCB",4
"C0087031","Juvenile-Onset Still Disease","11/459","171/21671",0.064327485380117,3.03712622150875,3.93406701284306,0.0010845260093405,0.0118619022094634,0.00853227380475743,"SLC11A1/CLU/IL2RB/CALD1/GNG11/PGM5/JAZF1/TFPI/MSN/THBS1/PRICKLE2",11
"C0279628","Adenocarcinoma Of Esophagus","21/459","468/21671",0.0448717948717949,2.11855482933914,3.5985416718962,0.00109559443173635,0.0119651302596921,0.00860652580695145,"DOCK2/MMP11/CYGB/ICAM1/AGTR1/DKK3/IGFBP7/CCL5/ETV1/AKAP12/CTSB/AXL/TNC/DCLK1/CAV1/F2R/SPARC/SERPINF1/SMTN/MMP2/C3",21
"C0035242","Respiratory Tract Diseases","12/459","198/21671",0.0606060606060606,2.86142470456196,3.87058577154886,0.00110019677039687,0.0119975395214601,0.00862983780955708,"POSTN/TGFBR1/CCL5/GJA1/PTPRC/CYP1B1/TIMP2/NR3C1/FLNA/JAZF1/THBS1/RORA",12
"C0037116","Silicosis","9/459","121/21671",0.0743801652892562,3.51174850105331,4.07558719313046,0.00110597480415991,0.0120426544328333,0.00866228899400589,"SLC11A1/AGTR1/CCL2/SDC2/MMP2/FSTL1/HLA-DQB1/ELN/PRKCB",9
"C0334533","Arteriovenous hemangioma","7/459","76/21671",0.0921052631578947,4.34861254443298,4.30169961891876,0.00113454719641762,0.0123142404183689,0.00885764096616061,"ICAM1/TGFBR1/VCAM1/CRYAB/MGP/MMP2/ELN",7
"C1868938","End stage cardiac failure","7/459","76/21671",0.0921052631578947,4.34861254443298,4.30169961891876,0.00113454719641762,0.0123142404183689,0.00885764096616061,"AGTR1/POSTN/MCC/IL6ST/EDNRA/ZFPM2/PLN",7
"C0040053","Thrombosis","8/459","98/21671",0.0816326530612245,3.85416388777733,4.1656393028076,0.00113595050595936,0.0123142404183689,0.00885764096616061,"PTGER3/PECAM1/VWF/SERPINE1/CD2/DCN/TFPI/THBD",8
"C0345905","Intrahepatic Cholangiocarcinoma","21/459","470/21671",0.0446808510638298,2.10953970240579,3.57732660346926,0.00115508170429054,0.0125031631678294,0.00899353322002341,"COL3A1/LRRFIP1/PECAM1/PTPN14/POSTN/AKT3/FGFR1/IL6ST/SLIT2/LATS2/PEG3/WWTR1/MFAP5/ZEB2/SPARC/CCL2/SDC2/MMP2/VEGFC/PDLIM7/HLA-DQB1",21
"C0234233","Sore to touch","6/459","56/21671",0.107142857142857,5.05859010270775,4.47338806520745,0.00115858486185938,0.0125041975017441,0.00899427721706627,"CD38/FHL1/HSPB6/DES/CCL2/MMP2",6
"C1719495","Aggressive periodontitis, generalized","6/459","56/21671",0.107142857142857,5.05859010270775,4.47338806520745,0.00115858486185938,0.0125041975017441,0.00899427721706627,"AGTR1/SERPINE1/TIMP2/MMP2/BCHE/CTSC",6
"C0151786","Muscle Weakness","23/459","536/21671",0.042910447761194,2.02595275257698,3.53796570644778,0.0011735118081881,0.0126467006759067,0.00909677984088931,"COL4A1/TPM2/ATXN1/SGCD/PMP22/FGFR1/SYNE1/GJA1/COL12A1/TUBB6/CAV1/CFL2/FHL1/C1R/CRYAB/COL6A2/DES/SPARC/COL6A1/CCL2/COL1A2/HLA-DQB1/COL13A1",23
"C0008728","Eosinophilic granulomatosis with polyangiitis","5/459","38/21671",0.131578947368421,6.21230363490425,4.73051168212543,0.0011763805538994,0.0126590276907151,0.00910564667048233,"POSTN/VCAM1/MMP2/BCHE/THBD",5
"C0748355","Acute respiratory distress","10/459","147/21671",0.0680272108843537,3.21180323981444,3.95811724765372,0.00118558470664603,0.0127393940879578,0.00916345427114097,"S1PR3/VWF/ICAM1/AGTR1/SERPINE1/MYLK/DCN/SERPING1/NR3C1/THBD",10
"C0242350","Erectile dysfunction","14/459","256/21671",0.0546875,2.58198869825708,3.74549575386873,0.00119223257492177,0.0127920977592849,0.00920136405545193,"PDE5A/VWF/DKK3/FGFR1/EDNRA/GJA1/PRKG1/KCNMA1/TWIST2/MYOCD/FLNA/SERPINF1/MCAM/CDH5",14
"C0243050","Cardiovascular Abnormalities","8/459","99/21671",0.0808080808080808,3.81523293941595,4.12982563734957,0.00121342124676342,0.0129832830386487,0.00933888374851347,"FLI1/TIAM1/PKD2/COL6A2/LTBP1/COL6A1/EFEMP2/ELN",8
"C1853242","Midface retrusion","13/459","228/21671",0.0570175438596491,2.69199824179184,3.77806605979018,0.00121358933976196,0.0129832830386487,0.00933888374851347,"MAF/RAB23/SETBP1/FGFR1/YME1L1/DDR2/ANTXR1/FLNA/MGP/FAM20C/CDH11/ELN/CTSK",13
"C0020473","Hyperlipidemia","21/459","472/21671",0.0444915254237288,2.10060097485322,3.55621651304713,0.00121732060045747,0.0130042443766483,0.00935396125227031,"PDLIM3/OGN/APOC1/LIPA/CYBB/FGFR1/CD38/SERPINE1/CCL5/AKAP12/MYLK/VCAM1/CCL2/FAM20C/SDC2/MMP2/CFH/C3/BCHE/AKR1B1/MYO5A",21
"C0585362","Squamous cell carcinoma of mouth","9/459","123/21671",0.0731707317073171,3.45464689941017,4.01590184335158,0.00124160339080016,0.0132443710538987,0.00952668452396386,"PECAM1/FGFR1/NID1/CALD1/GBP1/CCL2/PDPN/MMP2/CFH",9
"C0037315","Sleep Apnea Syndromes","10/459","148/21671",0.0675675675675676,3.19010186657245,3.9326813568458,0.00124804291596767,0.0132759125150809,0.00954937231705604,"COL3A1/COL4A1/VWF/TCF4/PMP22/DES/NDN/BCHE/LAMB2/ADAMTS2",10
"C0002448","Ameloblastoma","11/459","174/21671",0.0632183908045977,2.98476197631032,3.86668787288784,0.00124857258024065,0.0132759125150809,0.00954937231705604,"FLI1/POSTN/FGFR1/TNC/DDR2/TIMP2/RECK/SPARC/PDPN/SDC2/MMP2",11
"C0234146","Absent reflex","12/459","201/21671",0.0597014925373134,2.81871687315059,3.81058884411044,0.00125179608399455,0.0132759125150809,0.00954937231705604,"COL4A1/HSPB8/TPM2/ATXN1/PMP22/EGR2/COL12A1/CFL2/FHL1/COL6A1/LAMB2/COL13A1",12
"C0745103","Hyperlipoproteinemia Type IIa","12/459","201/21671",0.0597014925373134,2.81871687315059,3.81058884411044,0.00125179608399455,0.0132759125150809,0.00954937231705604,"PDE5A/LIPA/ICAM1/IL2RB/SERPINE1/PLN/MITF/NR3C1/MYL9/SDC2/MMP2/THBD",12
"C0729233","Dissecting aneurysm of the thoracic aorta","6/459","57/21671",0.105263157894737,4.9698429079234,4.4145675331702,0.00127211686842233,0.0134351031431246,0.00966387823707088,"ICAM1/CD38/EFEMP1/MMP2/ELN/CTSK",6
"C1302790","Congenital malformation syndrome","6/459","57/21671",0.105263157894737,4.9698429079234,4.4145675331702,0.00127211686842233,0.0134351031431246,0.00966387823707088,"FGFR1/KCNMA1/ZEB2/FLNA/DACT1/EDIL3",6
"C0266929","Chronic Periodontitis","15/459","287/21671",0.0522648083623693,2.46760492815012,3.68171889292288,0.00127229822652563,0.0134351031431246,0.00966387823707088,"CLU/ICAM1/AGTR1/ITGA11/IL6ST/CD38/SERPINE1/TIMP2/TAGLN/VCAM1/F2R/CCL2/MMP2/POPDC2/EDIL3",15
"C0005940","Bone Diseases","16/459","317/21671",0.0504731861198738,2.38301615774245,3.64890246720985,0.00127839843325361,0.0134801237092647,0.00969626155893354,"S1PR3/FYN/PDLIM3/POSTN/TRPS1/IGFBP7/CCL5/WWTR1/CLDN11/RGS10/SPARC/CCL2/SERPINF1/MMP2/CTSK/RORA",16
"C0268800","Simple renal cyst","8/459","100/21671",0.08,3.77708061002179,4.09447605778638,0.00129504360552544,0.0136165114913342,0.00979436537733389,"COL4A1/GLI3/POSTN/SETBP1/PRKD1/PKD2/TIMP2/SPARC",8
"C0432283","Osteoglophonic dwarfism","8/459","100/21671",0.08,3.77708061002179,4.09447605778638,0.00129504360552544,0.0136165114913342,0.00979436537733389,"VWF/FGFR1/SERPINE1/CCL2/SERPINF1/MMP2/VEGFC/THBS1",8
"C0276447","Rhinovirus infection","12/459","202/21671",0.0594059405940594,2.8047628292241,3.79083519117832,0.00130601746644261,0.0137091082445072,0.00986097028079315,"ICAM1/CYBB/EDNRA/CCL5/ACKR3/CAV2/MYLK/NR3C1/CCL2/MMP2/MCAM/MYO5A",12
"C0029882","Otitis Media","11/459","175/21671",0.0628571428571429,2.96770619358855,3.84454934485917,0.00130758628848005,0.0137091082445072,0.00986097028079315,"SLC11A1/CYBB/FGFR1/SERPINE1/CD3D/PTPRC/CTSB/CCL2/MMP2/C7/CTSK",11
"C0023448","Lymphoid leukemia","15/459","288/21671",0.0520833333333333,2.45903685548293,3.6666814166507,0.00131685627935567,0.0137866023312286,0.00991671182666668,"EPHA3/RUNX1T1/FGFR1/IGFBP7/CD38/SERPINE1/PTPRC/GLIS2/AXL/ITPR1/NR3C1/ZEB2/PDLIM7/C3/ITGA4",15
"C3806482","Recurrent respiratory infections","16/459","318/21671",0.050314465408805,2.37552239624012,3.63493597029834,0.001320631816581,0.0138064343331738,0.00993097699828119,"TPM2/FLI1/CYBB/IL2RB/TRPS1/CD8A/IGHM/CD3D/FLNA/NDN/WIPF1/MSN/ELN/CTSC/MYO5A/COL13A1",16
"C0333997","Lymphoid hyperplasia","5/459","39/21671",0.128205128205128,6.05301379811184,4.64600250626427,0.00132620333652024,0.0138449591560769,0.0099586879279015,"JAK3/IL6ST/CCL5/PTPRC/PDLIM7",5
"C0020445","Hypercholesterolemia, Familial","12/459","203/21671",0.0591133004926108,2.7909462635629,3.77120177953198,0.00136216760137922,0.0141794094486442,0.0101992582360928,"PDE5A/LIPA/ICAM1/IL2RB/SERPINE1/PTPRC/KANK2/NR3C1/SDC2/MMP2/CFH/THBD",12
"C0206062","Lung Diseases, Interstitial","16/459","319/21671",0.0501567398119122,2.36807561756852,3.62102191402076,0.00136403639061763,0.0141794094486442,0.0101992582360928,"LRRFIP1/VWF/FLI1/ICAM1/POSTN/TGFBR1/CSF2RA/CCL5/PTPRC/CAV1/VCAM1/CCL2/FLNA/LGALS1/MSN/ELN",16
"C1145670","Respiratory Failure","16/459","319/21671",0.0501567398119122,2.36807561756852,3.62102191402076,0.00136403639061763,0.0141794094486442,0.0101992582360928,"TPM2/ATXN1/COL12A1/CRYAB/COL6A2/DES/COL6A1/FLNA/PDPN/FAM20C/FSTL1/GREM1/ELN/BCHE/COL13A1/THBD",16
"C0162375","Granuloma, Giant Cell Reparative","3/459","11/21671",0.272727272727273,12.8764111705288,5.79558567675748,0.00137223681615155,0.014224358748215,0.0102315902958668,"PECAM1/MMP2/CTSK",3
"C2317473","Chronic kidney disease stage 4","3/459","11/21671",0.272727272727273,12.8764111705288,5.79558567675748,0.00137223681615155,0.014224358748215,0.0102315902958668,"PRKD1/PKD2/TFPI",3
"C0085096","Peripheral Vascular Diseases","10/459","150/21671",0.0666666666666667,3.14756717501816,3.88245251083122,0.00138101296573433,0.0142951398526435,0.0102825031893069,"VWF/ICAM1/AGTR1/SERPING1/VCAM1/CCL2/THBS4/MMP2/HLA-DQB1/THBS1",10
"C0014170","Endometrial Neoplasms","14/459","261/21671",0.053639846743295,2.532525313233,3.66407678184281,0.00143143846428235,0.0147962350554481,0.0106429412874366,"CLU/LSAMP/TMTC1/ACKR3/CYP1B1/DCN/CAV1/HTRA1/CCL2/SERPINF1/MMP2/JAZF1/FSTL1/AKR1B1",14
"C1837461","SCOLIOSIS, ISOLATED, SUSCEPTIBILITY TO, 3","24/459","578/21671",0.041522491349481,1.96042246194902,3.44272268069733,0.00144011754386159,0.0148650107656825,0.0106924116995572,"DOCK2/ADAMTS12/FRMD4A/AGTR1/PCDH7/DIP2C/TSHZ2/NREP/LATS2/EDNRA/BNC2/CACNA2D1/MYLK/BOC/ANK2/DOK5/DPYSL3/MEIS2/JAZF1/A2M/PDGFC/PALLD/PRICKLE2/COL13A1",24
"C0149931","Migraine Disorders","22/459","512/21671",0.04296875,2.02870540577342,3.4651610368586,0.00146423175155016,0.0150926921694194,0.0108561830780959,"COL3A1/COL4A1/VWF/ICAM1/AGTR1/ADARB1/SYNE1/EDNRA/PTPRC/PRKG1/GEM/CAV2/TIMP2/SLC24A3/MEIS1/CCL2/FLNA/MMP2/TSPAN2/HLA-DQB1/C3/ATP1A2",22
"C0686377","CNS metastases","8/459","102/21671",0.0784313725490196,3.70302020590371,4.02512490878038,0.00147137420711471,0.0151450425049297,0.0108938387077291,"CD74/SMARCA1/DDR2/TIMP2/CCL2/FLNA/MMP2/C3",8
"C0008060","child abuse behavior","5/459","40/21671",0.125,5.90168845315904,4.56438627351372,0.00148964496892121,0.0152688609314424,0.010982901380682,"ADARB1/CD38/CPQ/NR3C1/COL1A2",5
"C0027439","Nasopharyngeal Neoplasms","5/459","40/21671",0.125,5.90168845315904,4.56438627351372,0.00148964496892121,0.0152688609314424,0.010982901380682,"EDNRA/GJA1/MMP2/VEGFC/RASSF2",5
"C0428908","Sinus Node Dysfunction (disorder)","5/459","40/21671",0.125,5.90168845315904,4.56438627351372,0.00148964496892121,0.0152688609314424,0.010982901380682,"GJC1/GJA1/CACNA2D1/ANK2/KCNJ8",5
"C0015414","Eye Neoplasms","4/459","24/21671",0.166666666666667,7.86891793754539,4.95267784388994,0.0015078084789249,0.015411986666894,0.0110858518132362,"FLI1/EFS/SERPINF1/TFPI",4
"C0042167","Uveitis, Posterior","4/459","24/21671",0.166666666666667,7.86891793754539,4.95267784388994,0.0015078084789249,0.015411986666894,0.0110858518132362,"ICAM1/CCL5/CFH/HLA-DRA",4
"C0017667","Nodular glomerulosclerosis","6/459","59/21671",0.101694915254237,4.80137365680736,4.30094685665976,0.00152449713943521,0.0155392840365486,0.011177416892204,"AOC3/COL4A1/SERPINE1/AXL/ANGPTL2/CCL2",6
"C4082974","Dupuytren's Disease","6/459","59/21671",0.101694915254237,4.80137365680736,4.30094685665976,0.00152449713943521,0.0155392840365486,0.011177416892204,"AGTR1/POSTN/TNC/ACTA2/TIMP2/MMP2",6
"C0220620","Gastrointestinal Carcinoid Tumor","16/459","323/21671",0.0495356037151703,2.33874960372866,3.56588233602717,0.00154988240974441,0.0157433971633173,0.0113242355941275,"PDLIM3/FLI1/PAPPA/MCC/DKK3/SLAMF7/TNC/ACTG2/F2R/DES/SPARC/CCL2/PDPN/MMP2/GREM1/CTSK",16
"C0023470","Myeloid Leukemia","18/459","385/21671",0.0467532467532468,2.20738477209065,3.51620363974333,0.00155033460321204,0.0157433971633173,0.0113242355941275,"ICAM1/CYBB/IL2RB/JAK3/MN1/SETBP1/RUNX1T1/CD38/BASP1/AXL/NRP2/MYH11/CLIC4/MEIS1/MEF2C/THBS1/PRKCB/AKR1B1",18
"C1691215","Penile hypospadias","9/459","127/21671",0.0708661417322835,3.3458391230508,3.90015533578465,0.00155310254070606,0.0157433971633173,0.0113242355941275,"MMP11/SETBP1/TGFBR1/BNC2/CYP1B1/MYH11/ZEB2/ELN/EDIL3",9
"C2919945","Cavernous Hemangioma of Brain","9/459","127/21671",0.0708661417322835,3.3458391230508,3.90015533578465,0.00155310254070606,0.0157433971633173,0.0113242355941275,"PECAM1/ICAM1/GLI3/FGFR1/GJA1/HEG1/THBS1/ELN/PRKCB",9
"C0022116","Ischemia","8/459","103/21671",0.0776699029126214,3.66706855341921,3.99110214515663,0.00156640533732669,0.0158345024388988,0.0113897676768063,"GJA1/ACTA2/MFGE8/CCL2/MMP2/THBS1/AKR1B1/THBD",8
"C0028840","Ocular Hypertension","8/459","103/21671",0.0776699029126214,3.66706855341921,3.99110214515663,0.00156640533732669,0.0158345024388988,0.0113897676768063,"CYP1B1/CAV1/NR3C1/MMP2/THBS1/C3/LOXL1/AKR1B1",8
"C0004623","Bacterial Infections","25/459","616/21671",0.0405844155844156,1.91613261466203,3.39325163379823,0.0015797907560947,0.0159478464360096,0.0114712960860275,"DOCK2/COL4A1/CLU/ICAM1/RBMS3/CYBB/JAK3/TGFBR1/RUNX1T1/SERPINE1/CCL5/PTPRC/GBP2/MASP1/ACTG2/CSRP1/CCL2/CFH/MCAM/TFPI/MSN/C3/POPDC2/BCHE/LILRB2",25
"C1536220","ST segment elevation myocardial infarction","14/459","264/21671",0.053030303030303,2.50374661649171,3.61612730461917,0.00159330276414612,0.0160621552006434,0.0115535184531417,"AGTR1/PAPPA/IL6ST/SERPINE1/CCL5/GJA1/ACKR3/AXL/F2R/CCL2/MMP2/TFPI/THBS1/THBD",14
"C1854114","Short nose","14/459","265/21671",0.0528301886792453,2.49429851605212,3.60029038633698,0.00165053364824305,0.0166162777015854,0.0119520991205529,"FLI1/GLI3/MAF/TCF4/SETBP1/FGFR1/GJA1/DDR2/GPC6/MEF2C/FLNA/FAM20C/ELN/CCDC88A",14
"C0027430","Nasal Polyps","21/459","484/21671",0.0433884297520661,2.04851995894777,3.43170255898449,0.00165446857680903,0.0166330751852075,0.0119641815612073,"HAVCR2/ICAM1/POSTN/SERPINE1/CCL5/ACKR3/PTPRC/TNC/DCN/CAV1/ACTG2/VCAM1/NR3C1/CCL2/MMP2/TFPI/LGALS1/A2M/HLA-DRA/LUM/THBD",21
"C0024591","Malignant hyperpyrexia due to anesthesia","6/459","60/21671",0.1,4.72135076252723,4.24603715236068,0.00166413462859676,0.0166493977053743,0.0119759223603462,"COL4A1/EPHA3/CACNA2D1/SLC24A3/FLNA/BCHE",6
"C0521607","Peritoneal Fibrosis","8/459","104/21671",0.0769230769230769,3.6318082788671,3.95750104704717,0.00166623376505076,0.0166493977053743,0.0119759223603462,"AGTR1/POSTN/SERPINE1/TIMP2/CCL2/MMP2/VEGFC/THBS1",8
"C1562113","Fleck corneal dystrophy","8/459","104/21671",0.0769230769230769,3.6318082788671,3.95750104704717,0.00166623376505076,0.0166493977053743,0.0119759223603462,"CLU/TCF4/JAK3/GJA1/COL8A2/CRYAB/CCL2/ITGA4",8
"C0600433","Activated Protein C Resistance","5/459","41/21671",0.121951219512195,5.75774483235028,4.48548908360109,0.00166743525186675,0.0166493977053743,0.0119759223603462,"VWF/SERPINE1/SERPING1/TFPI/THBD",5
"C1292779","Myelodysplastic Syndrome with Isolated del(5q)","5/459","41/21671",0.121951219512195,5.75774483235028,4.48548908360109,0.00166743525186675,0.0166493977053743,0.0119759223603462,"CD74/FLI1/ATXN1/F2R/SPARC",5
"C0235527","Heart Failure, Right-Sided","10/459","154/21671",0.0649350649350649,3.06581218345924,3.7844722415452,0.00168155655536478,0.016767586358454,0.0120609355336876,"APOC1/VWF/AGTR1/CYBB/POSTN/EDNRA/SERPINE1/HTR2B/CCL2/MMP2",10
"C3553764","Joint hyperflexibility","11/459","181/21671",0.0607734806629834,2.86932919269611,3.71494045586065,0.00171171537180293,0.0170451548353618,0.0122605907156919,"COL3A1/TGFBR1/TRPS1/C1S/C1R/ANTXR1/FLNA/COL1A2/EFEMP2/ELN/ADAMTS2",11
"C0024138","Lupus Erythematosus, Discoid","23/459","552/21671",0.0416666666666667,1.96722948438635,3.38615925616799,0.00171731845018279,0.0170777779212621,0.0122840565221319,"MMP11/PECAM1/VWF/FLI1/CYBB/RUNX1T1/CD38/EGR2/CD2/PTPRC/GEM/C1R/MASP1/MFGE8/VCAM1/CCL2/SDC2/MMP2/CFH/C3/LBH/C1QC/PRKCB",23
"C0027708","Nephroblastoma","24/459","586/21671",0.0409556313993174,1.93365901536952,3.37050743613486,0.00172679767925663,0.0171212812747,0.0123153485119327,"COL4A1/PECAM1/LSAMP/FLI1/SETBP1/RUNX1T1/CD38/SERPINE1/BASP1/EGR2/PTPRC/FZD1/ZFPM2/EFS/RECK/MYH11/MEIS1/DES/SERPINF1/SMTN/THBS1/CDH11/LAMB2/THBD",24
"C0265660","Syndactyly of the toes","9/459","129/21671",0.0697674418604651,3.29396564827481,3.84400322812567,0.00173081512091189,0.0171212812747,0.0123153485119327,"FLI1/GLI3/RAB23/FGFR1/GJA1/TWIST2/MEF2C/FLNA/DACT1",9
"C1837404","High, narrow palate","9/459","129/21671",0.0697674418604651,3.29396564827481,3.84400322812567,0.00173081512091189,0.0171212812747,0.0123153485119327,"COL3A1/TGFBR1/PRKG1/MFAP5/ACTA2/MYLK/MYH11/ANTXR1/ELN",9
"C1445957","Serum total cholesterol measurement","21/459","486/21671",0.0432098765432099,2.04008983565992,3.41129864617525,0.00173899187909117,0.0171212812747,0.0123153485119327,"COL4A1/LAIR1/ADAM12/RDX/APOC1/ICAM1/AGTR1/PCSK5/SGCD/ITGA1/TGFBR1/AKT3/TRPS1/TAGLN/KANK2/TFPI/HLA-DRA/ELN/ATP1A2/PRKCB/RORA",21
"C0086132","Depressive Symptoms","19/459","421/21671",0.0451306413301663,2.13077587857524,3.44653827292739,0.00174142203494023,0.0171212812747,0.0123153485119327,"IGFBP5/IL18BP/ST8SIA4/LIPA/IL2RB/MCC/IL6ST/CD38/EDNRA/SERPINE1/GJA1/ACKR3/CYP1B1/ACTG2/NR3C1/CCL2/BCHE/ADAMTS2/RORA",19
"C0027126","Myotonic Dystrophy","10/459","155/21671",0.0645161290322581,3.04603275001757,3.76047452983707,0.00176441652961815,0.0171212812747,0.0123153485119327,"PDLIM3/ASB2/ST8SIA4/APOC1/RBMS3/TCF4/ATXN1/LDB3/MEF2C/PRKCB",10
"C0040580","Tracheal Diseases","10/459","155/21671",0.0645161290322581,3.04603275001757,3.76047452983707,0.00176441652961815,0.0171212812747,0.0123153485119327,"SOX7/CD300A/CAV1/VCAM1/NR3C1/CCL2/SERPINF1/VEGFC/FSTL1/COX7A1",10
"C0153349","Malignant neoplasm of tongue","10/459","155/21671",0.0645161290322581,3.04603275001757,3.76047452983707,0.00176441652961815,0.0171212812747,0.0123153485119327,"FRMD4A/IGFBP7/TNC/MFAP5/CAV1/NRP2/CRYAB/PDPN/ARL4C/CTSK",10
"C0019212","Hepatorenal Syndrome","4/459","25/21671",0.16,7.55416122004357,4.82328902107821,0.00176527652993205,0.0171212812747,0.0123153485119327,"IGFBP7/TIMP2/ITPR1/VCAM1",4
"C0038505","Sturge-Weber Syndrome","4/459","25/21671",0.16,7.55416122004357,4.82328902107821,0.00176527652993205,0.0171212812747,0.0123153485119327,"POSTN/PTPRC/CYP1B1/MEF2C",4
"C0264545","Thickening of pleura","4/459","25/21671",0.16,7.55416122004357,4.82328902107821,0.00176527652993205,0.0171212812747,0.0123153485119327,"CRISPLD2/SERPINE1/TIMP2/F2R",4
"C0282548","Leukostasis","4/459","25/21671",0.16,7.55416122004357,4.82328902107821,0.00176527652993205,0.0171212812747,0.0123153485119327,"ICAM1/PTPRC/VCAM1/SERPINF1",4
"C0431406","Asymmetric crying face association","4/459","25/21671",0.16,7.55416122004357,4.82328902107821,0.00176527652993205,0.0171212812747,0.0123153485119327,"KCNMA1/CRYAB/DES/MMP2",4
"C1833340","Synostotic Posterior Plagiocephaly","4/459","25/21671",0.16,7.55416122004357,4.82328902107821,0.00176527652993205,0.0171212812747,0.0123153485119327,"GLI3/RAB23/FGFR1/MASP1",4
"C0005941","Bone Diseases, Developmental","7/459","82/21671",0.0853658536585366,4.0304213826452,4.04425633028767,0.00177060512734155,0.0171212812747,0.0123153485119327,"PCSK5/TRPS1/GPC6/NR3C1/FLNA/FAM20C/CTSK",7
"C0020651","Hypotension, Orthostatic","7/459","82/21671",0.0853658536585366,4.0304213826452,4.04425633028767,0.00177060512734155,0.0171212812747,0.0123153485119327,"AGTR1/EBF1/CAV1/F2R/CCL2/PPP1R14A/PRKCB",7
"C0349788","Arrhythmogenic Right Ventricular Dysplasia","7/459","82/21671",0.0853658536585366,4.0304213826452,4.04425633028767,0.00177060512734155,0.0171212812747,0.0123153485119327,"GJC1/GJA1/PRKG1/LDB3/PLN/MEF2C/DES",7
"C0023479","Acute myelomonocytic leukemia","8/459","105/21671",0.0761904761904762,3.59721962859218,3.92431187638481,0.00177102808679826,0.0171212812747,0.0123153485119327,"CYBB/SETBP1/MLLT11/RUNX1T1/FGFR1/CD38/MYH11/FLNA",8
"C0015469","Facial paralysis","11/459","182/21671",0.0604395604395604,2.85356364768129,3.6938570430902,0.00178804879150915,0.0171212812747,0.0123153485119327,"COL4A1/TPM2/SGCD/GJA1/COL12A1/TUBB6/COL6A2/DES/COL6A1/LAMB2/COL13A1",11
"C0021841","Intestinal Neoplasms","11/459","182/21671",0.0604395604395604,2.85356364768129,3.6938570430902,0.00178804879150915,0.0171212812747,0.0123153485119327,"CLU/TCF4/MCC/PMP22/TIAM1/SLIT2/DCLK1/DCN/F2R/GREM1/PRKCB",11
"C0023653","Lichenification","3/459","12/21671",0.25,11.8033769063181,5.50650375261137,0.00180101228288165,0.0171212812747,0.0123153485119327,"OSMR/VEGFC/HLA-DRA",3
"C0023654","Lichenification and lichen simplex chronicus","3/459","12/21671",0.25,11.8033769063181,5.50650375261137,0.00180101228288165,0.0171212812747,0.0123153485119327,"OSMR/VEGFC/HLA-DRA",3
"C0042140","Uterine Prolapse","3/459","12/21671",0.25,11.8033769063181,5.50650375261137,0.00180101228288165,0.0171212812747,0.0123153485119327,"COL3A1/EFEMP1/ELN",3
"C0151539","Blood urea increased","3/459","12/21671",0.25,11.8033769063181,5.50650375261137,0.00180101228288165,0.0171212812747,0.0123153485119327,"CFH/C3/THBD",3
"C0155826","Chronic nasopharyngitis","3/459","12/21671",0.25,11.8033769063181,5.50650375261137,0.00180101228288165,0.0171212812747,0.0123153485119327,"TCF4/DLC1/RECK",3
"C0268363","Osteogenesis imperfecta type IV (disorder)","3/459","12/21671",0.25,11.8033769063181,5.50650375261137,0.00180101228288165,0.0171212812747,0.0123153485119327,"SPARC/SERPINF1/COL1A2",3
"C0581377","Decompensated cardiac failure","3/459","12/21671",0.25,11.8033769063181,5.50650375261137,0.00180101228288165,0.0171212812747,0.0123153485119327,"IGFBP7/TIMP2/MCAM",3
"C0812437","Oculo-dento-digital syndrome","3/459","12/21671",0.25,11.8033769063181,5.50650375261137,0.00180101228288165,0.0171212812747,0.0123153485119327,"GJA1/CYP1B1/TWIST2",3
"C1290511","Anodontia of Permanent Dentition","3/459","12/21671",0.25,11.8033769063181,5.50650375261137,0.00180101228288165,0.0171212812747,0.0123153485119327,"RAB23/C1S/C1R",3
"C1837512","Decreased serum complement C3","3/459","12/21671",0.25,11.8033769063181,5.50650375261137,0.00180101228288165,0.0171212812747,0.0123153485119327,"C1R/CFH/C3",3
"C1842229","Broad metacarpals","3/459","12/21671",0.25,11.8033769063181,5.50650375261137,0.00180101228288165,0.0171212812747,0.0123153485119327,"FGFR1/DDR2/MMP2",3
"C3542021","Duchenne and Becker Muscular Dystrophy","3/459","12/21671",0.25,11.8033769063181,5.50650375261137,0.00180101228288165,0.0171212812747,0.0123153485119327,"POSTN/SGCD/CCL2",3
"C3887590","Stricture of ureter","3/459","12/21671",0.25,11.8033769063181,5.50650375261137,0.00180101228288165,0.0171212812747,0.0123153485119327,"SETBP1/FLNA/CDH11",3
"C3888044","Nephrogenic Systemic Fibrosis","3/459","12/21671",0.25,11.8033769063181,5.50650375261137,0.00180101228288165,0.0171212812747,0.0123153485119327,"DCN/CAV1/CCL2",3
"C0030524","Paratuberculosis","6/459","61/21671",0.0983606557377049,4.64395156969892,4.19232670522909,0.00181327332458138,0.0171932983580139,0.0123671504457713,"SLC11A1/AOC3/LSAMP/C1R/C3/IL10RA",6
"C0155765","Disease of capillaries","6/459","61/21671",0.0983606557377049,4.64395156969892,4.19232670522909,0.00181327332458138,0.0171932983580139,0.0123671504457713,"COL4A1/VWF/AGTR1/SLIT2/MFGE8/CFH",6
"C1290884","Inflammatory disorder","18/459","391/21671",0.0460358056265985,2.17351185998696,3.4445701932407,0.00183658992775672,0.0173919141674924,0.0125100149238709,"VWF/FLI1/ICAM1/CYBB/POSTN/IL6ST/GEM/MYLK/ANGPTL2/VCAM1/NR3C1/GAP43/F2R/CCL2/PRELP/THBS1/ELN/RORA",18
"C0033687","Proteinuria","13/459","239/21671",0.0543933054393305,2.5680987411236,3.58579944399373,0.00184847184949538,0.0174818748755755,0.0125747237184201,"CLU/ICAM1/AGTR1/CYBB/CTSB/C1R/KANK2/CFH/TFPI/C3/ELN/LAMB2/THBD",13
"C0234860","Weak cry","5/459","42/21671",0.119047619047619,5.62065566967528,4.40915148659806,0.00186031097289715,0.0174926859928893,0.012582500161981,"TPM2/KCNMA1/CRYAB/LAMB2/COL13A1",5
"C1802398","Chromosome 5, trisomy 5q","5/459","42/21671",0.119047619047619,5.62065566967528,4.40915148659806,0.00186031097289715,0.0174926859928893,0.012582500161981,"CD74/FLI1/ATXN1/F2R/SPARC",5
"C1961121","Congenital vascular anomaly","5/459","42/21671",0.119047619047619,5.62065566967528,4.40915148659806,0.00186031097289715,0.0174926859928893,0.012582500161981,"PECAM1/VWF/NRP2/CCL2/FLNA",5
"C3489396","Hypogonadism, Isolated Hypogonadotropic","5/459","42/21671",0.119047619047619,5.62065566967528,4.40915148659806,0.00186031097289715,0.0174926859928893,0.012582500161981,"FGFR1/EDNRA/ACKR3/SRPX/NDN",5
"C0233794","Memory impairment","29/459","763/21671",0.0380078636959371,1.79448456242844,3.28652148203975,0.00186153260123267,0.0174926859928893,0.012582500161981,"FYN/PDE5A/CLU/CD74/AGTR1/CYBB/ATXN1/AKT3/TIAM1/IGFBP7/EDNRA/GJA1/ACKR3/PTPRC/CYP1B1/CTSB/PRKG1/CAV1/ITPR1/SERPING1/NR3C1/SYNM/CCL2/LGALS1/HLA-DQB1/BCHE/PRKCB/CTSK/IGSF6",29
"C0239234","Low set ears","21/459","489/21671",0.0429447852760736,2.02757394709759,3.38087428071023,0.00187265695578944,0.0175747179009446,0.0126415057656266,"COL4A1/TPM2/FRMD4A/MAF/RAB23/SETBP1/FGFR1/EDNRA/GJA1/FHL1/GPC6/MASP1/TWIST2/MEF2C/ANTXR1/MEIS2/FLNA/FAM20C/CDH11/EFEMP2/COL13A1",21
"C0023646","Lichen Planus","8/459","106/21671",0.0754716981132075,3.56328359436018,3.89152521274113,0.00188095966413387,0.0176076058355593,0.0126651620779154,"HAVCR2/PECAM1/ICAM1/YME1L1/NRP2/VCAM1/HOPX/MMP2",8
"C1839758","Narrow forehead","8/459","106/21671",0.0754716981132075,3.56328359436018,3.89152521274113,0.00188095966413387,0.0176076058355593,0.0126651620779154,"FRMD4A/TCF4/SETBP1/MEIS2/NDN/CDH11/ELN/CCDC88A",8
"C0730328","Central Serous Chorioretinopathy","12/459","211/21671",0.0568720379146919,2.68512839575008,3.61829818975412,0.00188723159846427,0.0176438123581265,0.0126912054526293,"MMP11/ADAM12/PECAM1/OSMR/SERPINE1/ACKR3/DCLK1/CAV1/CFH/LGALS1/WIPF1/CDH5",12
"C0694550","Recurrent pneumonia","6/459","62/21671",0.0967741935483871,4.56904912502635,4.13976820728466,0.00197232251712431,0.0183458491168254,0.013196180939735,"CYBB/JAK3/SETBP1/IGHM/CD3D/DDR2",6
"C0741916","Cardiac defects","6/459","62/21671",0.0967741935483871,4.56904912502635,4.13976820728466,0.00197232251712431,0.0183458491168254,0.013196180939735,"PDLIM3/SOX7/MEIS2/FLNA/MMP2/NFATC1",6
"C2717961","Thrombotic Microangiopathies","6/459","62/21671",0.0967741935483871,4.56904912502635,4.13976820728466,0.00197232251712431,0.0183458491168254,0.013196180939735,"VWF/SERPINE1/CFH/PDGFC/C3/THBD",6
"C2733158","Cerebral Small Vessel Diseases","6/459","62/21671",0.0967741935483871,4.56904912502635,4.13976820728466,0.00197232251712431,0.0183458491168254,0.013196180939735,"COL4A1/MYLK/DCN/HTRA1/TFPI/ATP1A2",6
"C0013537","Eclampsia","13/459","241/21671",0.0539419087136929,2.54678671837569,3.55199919989723,0.00198913444868231,0.0184788072390879,0.0132918178016546,"IGFBP5/ADAM12/AGTR1/PAPPA/SERPINE1/ACKR3/GEM/F2R/CCL2/MMP2/CFH/PRKCB/THBD",13
"C0220668","Congenital contractural arachnodactyly","23/459","559/21671",0.0411449016100179,1.94259512590566,3.32132515127525,0.00201581156877197,0.0187029596753698,0.013453050791658,"PDLIM3/FILIP1L/PECAM1/ICAM1/POSTN/FGFR1/IGFBP7/EBF1/SERPINE1/ACKR3/PEG3/PKD2/CTSB/WWTR1/MFAP5/RECK/ACTG2/ALDH1A3/F2R/LGALS1/COL1A2/LUM/PRIMA1",23
"C0023892","Biliary cirrhosis","9/459","132/21671",0.0681818181818182,3.2191027926322,3.76180783489156,0.00202755298841449,0.0187644531929053,0.0134972831179381,"CYGB/PDE5A/ICAM1/CCL5/CD3D/CAV2/CAV1/MMP2/CDH5",9
"C1853926","NONAKA MYOPATHY","9/459","132/21671",0.0681818181818182,3.2191027926322,3.76180783489156,0.00202755298841449,0.0187644531929053,0.0134972831179381,"TPM2/ICAM1/SERPINE1/DCN/CRYAB/DES/MMP2/PRKCB/CDH5",9
"C0242966","Systemic Inflammatory Response Syndrome","11/459","185/21671",0.0594594594594595,2.80728964258376,3.63145634234616,0.00203386764129802,0.0187845362231207,0.0135117288543471,"PDLIM3/ICAM1/CYBB/STON1/SERPINE1/NR3C1/CCL2/CFH/RTN1/THBD/EDIL3",11
"C1262091","Lymphocytic infiltration","7/459","84/21671",0.0833333333333333,3.93445896877269,3.96384375950087,0.00203484211709783,0.0187845362231207,0.0135117288543471,"AOC3/CD8A/CCL5/GEM/GBP1/THBS1/RORA",7
"C0241910","Autoimmune Chronic Hepatitis","12/459","213/21671",0.0563380281690141,2.65991592255055,3.58118091463736,0.00204162907384335,0.0187983204817009,0.0135216438803121,"HAVCR2/CD74/FGL2/HLA-DOA/JAM3/CCL5/PTPRC/GEM/C1S/NR3C1/CCL2/HLA-DQB1",12
"C0018915","Hemangioendothelioma","4/459","26/21671",0.153846153846154,7.2636165577342,4.70086773155649,0.0020517038705331,0.0187983204817009,0.0135216438803121,"SERPINE1/WWTR1/CCL2/PDPN",4
"C0241181","Fragile skin","4/459","26/21671",0.153846153846154,7.2636165577342,4.70086773155649,0.0020517038705331,0.0187983204817009,0.0135216438803121,"COL3A1/C1S/COL1A2/ADAMTS2",4
"C0578575","Dissection of proximal aorta","4/459","26/21671",0.153846153846154,7.2636165577342,4.70086773155649,0.0020517038705331,0.0187983204817009,0.0135216438803121,"COL3A1/VWF/MMP2/ELN",4
"C3899665","Childhood Epithelioid Hemangioendothelioma","4/459","26/21671",0.153846153846154,7.2636165577342,4.70086773155649,0.0020517038705331,0.0187983204817009,0.0135216438803121,"PECAM1/FLI1/WWTR1/CAV1",4
"C3900104","Adult Epithelioid Hemangioendothelioma","4/459","26/21671",0.153846153846154,7.2636165577342,4.70086773155649,0.0020517038705331,0.0187983204817009,0.0135216438803121,"PECAM1/FLI1/WWTR1/CAV1",4
"C0024305","Lymphoma, Non-Hodgkin","28/459","733/21671",0.0381991814461119,1.80351734448516,3.25555198458181,0.00206335857140566,0.0188815318647707,0.0135814978810859,"HAVCR2/PDLIM3/LAIR1/ADAM12/GPR34/ICAM1/DLC1/TGFBR1/FGFR1/CD38/CCL5/PTPRC/CYP1B1/TNC/TIMP2/SERPING1/VCAM1/PLEKHO1/MMP2/LGALS1/PDLIM7/HLA-DQB1/DIXDC1/BCHE/IL10RA/PRKCB/RORA/EDIL3",28
"C1510475","Diverticulosis","5/459","43/21671",0.116279069767442,5.48994274712469,4.33522696922749,0.00206901471433881,0.0189097123144864,0.0136017680964923,"COL3A1/GJA1/TIMP2/GAP43/TACR2",5
"C0016842","Congenital pectus excavatum","14/459","272/21671",0.0514705882352941,2.43010701012431,3.49141310206217,0.00210099335517251,0.0191780973054863,0.0137948175912413,"COL3A1/TPM2/TGFBR1/SYNE1/MFAP5/DDR2/CFL2/FHL1/ZEB2/FLNA/COL1A2/CDH11/EFEMP2/ELN",14
"C1849089","Broad forehead","9/459","133/21671",0.0676691729323308,3.19489901223647,3.73493171781975,0.00213501300894418,0.0194048296532679,0.0139579063132276,"SETBP1/TRPS1/ZFPM2/ACTG2/MEF2C/ANTXR1/FLNA/CDH11/ELN",9
"C0009326","Collagen Diseases","6/459","63/21671",0.0952380952380952,4.49652453574022,4.0883169593869,0.00214169669153113,0.0194048296532679,0.0139579063132276,"CCL5/DES/MGP/COL1A2/PDLIM7/ADAMTS2",6
"C0034543","Radicular Cyst","6/459","63/21671",0.0952380952380952,4.49652453574022,4.0883169593869,0.00214169669153113,0.0194048296532679,0.0139579063132276,"ICAM1/CD8A/TIMP2/PDPN/MMP2/LGALS1",6
"C0270960","Congenital myopathy (disorder)","6/459","63/21671",0.0952380952380952,4.49652453574022,4.0883169593869,0.00214169669153113,0.0194048296532679,0.0139579063132276,"TPM2/COL12A1/CFL2/FHL1/DES/DTNA",6
"C0549493","Alveolitis","6/459","63/21671",0.0952380952380952,4.49652453574022,4.0883169593869,0.00214169669153113,0.0194048296532679,0.0139579063132276,"ICAM1/IL2RB/ITGA1/CCL5/CCL2/THBS1",6
"C0973461","Dysphasia","6/459","63/21671",0.0952380952380952,4.49652453574022,4.0883169593869,0.00214169669153113,0.0194048296532679,0.0139579063132276,"TCF4/FGFR1/CFH/COL1A2/ADAMTS2/ATP1A2",6
"C0521158","Recurrent tumor","28/459","735/21671",0.0380952380952381,1.79860981429609,3.24023453851988,0.00214509660176502,0.0194116694948872,0.0139628262156552,"SLC11A1/MMP11/CLU/PECAM1/AGTR1/POSTN/OSMR/PMP22/PRKD1/SLIT2/EDNRA/CCL5/ACKR3/CYP1B1/CTSB/TNC/FERMT2/CAV1/HSPB6/F2R/CCL2/PDPN/MMP2/VEGFC/TFPI/THBS1/AKR1B1/STC1",28
"C0264408","Childhood asthma","15/459","303/21671",0.0495049504950495,2.33730235768675,3.44837093731161,0.00215922549453734,0.0195154629364649,0.0140374849042063,"HAVCR2/CLU/ICAM1/POSTN/SERPINE1/CCL5/KLHL5/AXL/BOC/ANTXR1/JAZF1/FSTL1/AKR1B1/RORA/ITGA4",15
"C0014335","Enteritis","7/459","85/21671",0.0823529411764706,3.8881712161989,3.92456296438032,0.00217789597991047,0.0196358459417235,0.0141240764764658,"COL3A1/ICAM1/SERPINE1/TNC/SPARC/CFH/NFATC1",7
"C3806467","Respiratory insufficiency due to muscle weakness","7/459","85/21671",0.0823529411764706,3.8881712161989,3.92456296438032,0.00217789597991047,0.0196358459417235,0.0141240764764658,"TPM2/SYNE1/FHL1/CRYAB/COL6A2/DES/COL6A1",7
"C0848558","Hypospadias","17/459","366/21671",0.046448087431694,2.1929771301356,3.38592146628453,0.0022162626222819,0.0199572409631005,0.0143552561197853,"COL3A1/MMP11/GLI3/SETBP1/TGFBR1/FGFR1/BNC2/CYP1B1/ZFPM2/KCNMA1/MYH11/ZEB2/FLNA/DACT1/GREM1/ELN/EDIL3",17
"C0240635","Byzanthine arch palate","21/459","497/21671",0.0422535211267606,1.99493694191292,3.3007853696822,0.00227250352015132,0.0204386070274394,0.0147015030360667,"TPM2/PTPN14/RAB23/SETBP1/TGFBR1/FGFR1/TRPS1/AP1S2/IGHM/COL12A1/DDR2/CFL2/COL6A2/COL6A1/FLNA/FAM20C/AEBP1/CDH11/EFEMP2/LAMB2/COL13A1",21
"C0030552","Paresis","12/459","216/21671",0.0555555555555556,2.62297264584846,3.52629633270847,0.00229249533366734,0.0205021425144936,0.0147472041523204,"TPM2/SGCD/PMP22/SYNE1/FHL1/CRYAB/COL6A2/DES/CCL2/COL1A2/BCHE/COL13A1",12
"C4721413","Juvenile angiofibroma","5/459","44/21671",0.113636363636364,5.36517132105367,4.26358063088356,0.00229429367361203,0.0205021425144936,0.0147472041523204,"COL3A1/TIMP2/DCN/CCL2/COL1A2",5
"C0013743","Eisenmenger Complex","3/459","13/21671",0.230769230769231,10.8954248366013,5.24979004517454,0.00230471012051468,0.0205021425144936,0.0147472041523204,"TGFBR1/EDNRA/THBD",3
"C0019326","Ventral Hernia","3/459","13/21671",0.230769230769231,10.8954248366013,5.24979004517454,0.00230471012051468,0.0205021425144936,0.0147472041523204,"COL3A1/TWIST2/AEBP1",3
"C0030343","Panuveitis","3/459","13/21671",0.230769230769231,10.8954248366013,5.24979004517454,0.00230471012051468,0.0205021425144936,0.0147472041523204,"GEM/CCL2/CFH",3
"C0040962","Tricuspid Valve Prolapse","3/459","13/21671",0.230769230769231,10.8954248366013,5.24979004517454,0.00230471012051468,0.0205021425144936,0.0147472041523204,"TGFBR1/FGFR1/FLNA",3
"C0234362","Synkinesis","3/459","13/21671",0.230769230769231,10.8954248366013,5.24979004517454,0.00230471012051468,0.0205021425144936,0.0147472041523204,"FGFR1/ACKR3/PTPRC",3
"C0271148","Secondary Open Angle Glaucoma","3/459","13/21671",0.230769230769231,10.8954248366013,5.24979004517454,0.00230471012051468,0.0205021425144936,0.0147472041523204,"CAV2/CAV1/CRYAB",3
"C0543822","Atherosclerotic occlusive disease","3/459","13/21671",0.230769230769231,10.8954248366013,5.24979004517454,0.00230471012051468,0.0205021425144936,0.0147472041523204,"SERPINE1/TIMP2/MMP2",3
"C0003537","Aphasia","7/459","86/21671",0.0813953488372093,3.84295992298728,3.88587589161299,0.00232859171250436,0.0206395345145767,0.0148460303053768,"TCF4/FGFR1/MEF2C/COL1A2/HLA-DQB1/ADAMTS2/ATP1A2",7
"C0013221","Drug toxicity","7/459","86/21671",0.0813953488372093,3.84295992298728,3.88587589161299,0.00232859171250436,0.0206395345145767,0.0148460303053768,"CLU/HTR2B/HSPB6/NR3C1/C3/BCHE/THBD",7
"C0162809","Kallmann Syndrome","7/459","86/21671",0.0813953488372093,3.84295992298728,3.88587589161299,0.00232859171250436,0.0206395345145767,0.0148460303053768,"GLI3/FGFR1/EDNRA/ACKR3/AXL/NRP2/NDN",7
"C4521042","Complete Trisomy 21 Syndrome","26/459","669/21671",0.038863976083707,1.8349046311765,3.22674459374901,0.00233259929944906,0.0206501161141817,0.0148536416567037,"FYN/CLU/ICAM1/PAPPA/JAK3/TIAM1/IGFBP7/CD38/EDNRA/GJA1/EGR2/ACKR3/GLIS2/EFS/ANGPTL2/SYNM/GAP43/COL6A2/COL6A1/CCL2/FLNA/CFH/A2M/NFATC1/THBS1/BCHE",26
"C0007282","Carotid Stenosis","9/459","135/21671",0.0666666666666667,3.14756717501816,3.68193493340261,0.00236353040614679,0.0208188968828795,0.0149750457709914,"IL18BP/CLU/ST8SIA4/CD74/VWF/SERPINE1/VCAM1/MMP2/THBD",9
"C0019322","Umbilical hernia","4/459","27/21671",0.148148148148148,6.99459372226257,4.58477326741437,0.00236868495669769,0.0208188968828795,0.0149750457709914,"GLI3/TRPS1/KCNMA1/AEBP1",4
"C0036329","Schistosomiasis japonica","4/459","27/21671",0.148148148148148,6.99459372226257,4.58477326741437,0.00236868495669769,0.0208188968828795,0.0149750457709914,"HAVCR2/COL3A1/CD38/THBS1",4
"C0178879","Urinary tract obstruction","4/459","27/21671",0.148148148148148,6.99459372226257,4.58477326741437,0.00236868495669769,0.0208188968828795,0.0149750457709914,"ICAM1/BNC2/TSHZ3/ADAMTS1",4
"C0700225","Serum creatinine raised","4/459","27/21671",0.148148148148148,6.99459372226257,4.58477326741437,0.00236868495669769,0.0208188968828795,0.0149750457709914,"PKD2/CFH/C3/THBD",4
"C1836672","Total Hypotrichosis, Mari type","4/459","27/21671",0.148148148148148,6.99459372226257,4.58477326741437,0.00236868495669769,0.0208188968828795,0.0149750457709914,"EDNRA/ACKR3/CCL2/MMP2",4
"C0860603","Anxiety symptoms","8/459","110/21671",0.0727272727272727,3.43370964547435,3.76422561198619,0.0023755792206343,0.0208545166270755,0.0150006670756497,"ST8SIA4/EDNRA/SERPINE1/ACKR3/SGCE/CCL2/MMP2/BCHE",8
"C0598935","Tumor Initiation","22/459","533/21671",0.0412757973733583,1.94877517402625,3.26242066375106,0.00240621662421096,0.0210982363262655,0.0151759748103099,"EPHA3/CD74/FLI1/POSTN/TCF4/TRPS1/TIAM1/EDNRA/ACKR3/PTPRC/CYP1B1/CTSB/WWTR1/PTGIS/KCNMA1/DCN/CAV1/NRP2/SPARC/FBXO32/PRKCB/ITGA4",22
"C0375023","Respiratory syncytial virus (RSV) infection in conditions classified elsewhere and of unspecified site","20/459","467/21671",0.0428265524625268,2.02199176125363,3.28429324050156,0.00245516165016793,0.0215017080555876,0.0154661922818643,"LAIR1/EPHA3/PECAM1/LSAMP/ICAM1/SMARCA1/POSTN/CD8A/CD38/SERPINE1/CCL5/PTPRC/CAV1/VCAM1/NR3C1/F2R/CCL2/MMP2/THBS1/PRKCB",20
"C0039263","Takayasu Arteritis","9/459","136/21671",0.0661764705882353,3.12442329873126,3.65580532468365,0.00248485298072151,0.0217045672767646,0.015612109048698,"FRMD4A/PCSK5/HLA-DOA/SERPINE1/CCL5/VCAM1/CCL2/MMP2/SGTB",9
"C0023798","Lipoma","7/459","87/21671",0.0804597701149425,3.7987879698495,3.84776595645405,0.00248719731295259,0.0217045672767646,0.015612109048698,"HSPB8/SETBP1/FGFR1/DCN/MSRB3/CCL2/PDPN",7
"C0041755","Adverse reaction to drug","7/459","87/21671",0.0804597701149425,3.7987879698495,3.84776595645405,0.00248719731295259,0.0217045672767646,0.015612109048698,"CLU/HTR2B/HSPB6/NR3C1/C3/BCHE/THBD",7
"C0023343","Leprosy","11/459","190/21671",0.0578947368421053,2.73341359935787,3.53017911757016,0.00250415275751852,0.0218265761133354,0.0156998700824545,"SLC11A1/TGFBR1/FILIP1/GEM/ACTG2/F2R/FLNA/CFH/HLA-DQB1/BCHE/IL10RA",11
"C0878773","Overactive Bladder","6/459","65/21671",0.0923076923076923,4.35816993464052,3.98856937892809,0.00251310158852008,0.021833395354812,0.0157047751671864,"ICAM1/GJA1/KCNMA1/MYLK/ITPR1/MYO5A",6
"C0917996","Cerebral Aneurysm","6/459","65/21671",0.0923076923076923,4.35816993464052,3.98856937892809,0.00251310158852008,0.021833395354812,0.0157047751671864,"COL4A1/ADAMTS12/CCL2/MMP2/COL1A2/ADAMTS2",6
"C0242231","Coronary Stenosis","8/459","111/21671",0.0720720720720721,3.40277532434395,3.73332040137893,0.00251386007287316,0.021833395354812,0.0157047751671864,"PECAM1/VWF/ICAM1/AGTR1/SERPINE1/ANGPTL2/WIPF1/ELN",8
"C0032051","Placental Insufficiency","5/459","45/21671",0.111111111111111,5.24594529169693,4.19408802186565,0.00253689849837558,0.021955540188182,0.0157926340235272,"VWF/AGTR1/PAPPA/SERPINE1/THBD",5
"C0220766","Congenital hypoplasia of adrenal gland","5/459","45/21671",0.111111111111111,5.24594529169693,4.19408802186565,0.00253689849837558,0.021955540188182,0.0157926340235272,"ICAM1/PMP22/CTSB/ATP1A2/AKR1B1",5
"C0740302","5q-syndrome","5/459","45/21671",0.111111111111111,5.24594529169693,4.19408802186565,0.00253689849837558,0.021955540188182,0.0157926340235272,"CD74/FLI1/ATXN1/F2R/SPARC",5
"C0086692","Benign Neoplasm","17/459","371/21671",0.045822102425876,2.16342218229011,3.32490684679274,0.00254969259368807,0.0220143458177374,0.0158349329502733,"ADAM12/ICAM1/DLC1/EDNRA/SERPINE1/PTPRC/CTSB/TNC/TIMP2/DCN/CLIC4/CCL2/SERPINF1/MCAM/PDLIM7/AKR1B1/THBD",17
"C0155877","Allergic asthma","17/459","371/21671",0.045822102425876,2.16342218229011,3.32490684679274,0.00254969259368807,0.0220143458177374,0.0158349329502733,"HAVCR2/FYN/PAPPA/POSTN/MCC/SERPINE1/CSF2RA/CCL5/NR3C1/CCL2/LGALS1/HLA-DQB1/THBS1/C3/ELN/RORA/EDIL3",17
"C0018378","Guillain-Barre Syndrome","10/459","163/21671",0.0613496932515337,2.89653421013941,3.57519272990271,0.00255314491348214,0.0220182497297832,0.0158377410366911,"ICAM1/HLA-DOA/PMP22/PRKD1/SERPING1/NR3C1/F2R/CCL2/MMP2/HLA-DQB1",10
"C0030305","Pancreatitis","21/459","502/21671",0.0418326693227092,1.97506705205322,3.25148053168474,0.00255737710604312,0.0220288621845663,0.0158453745821673,"CLU/ST8SIA4/FLI1/CRISPLD2/ICAM1/FGL2/TCF4/PRKD1/CD38/EDNRA/CCL5/CTSB/CAV1/DPYSL3/HTRA1/CCL2/PDPN/A2M/HLA-DQB1/C3/PRKCB",21
"C0085669","Acute leukemia","25/459","639/21671",0.0391236306729265,1.84716383510455,3.19758825068395,0.00257459236368954,0.0221511528219432,0.015933338315423,"SORBS1/VWF/SMARCA1/IL2RB/STON1/MLLT11/RUNX1T1/DKK3/FGFR1/IL6ST/IGFBP7/EBF1/CD38/PTPRC/AKAP12/TIMP2/MYH11/MEIS1/ANGPTL1/MMP2/LGALS1/WIPF1/CDH5/STC1/ITGA4",25
"C0002893","Refractory anemias","16/459","340/21671",0.0470588235294118,2.22181212354223,3.34028305198155,0.0025945678859819,0.0222968778866758,0.0160381584471826,"PDLIM3/IGFBP5/CYBB/SERPINE1/GJA1/ACTA2/FHL1/HSD17B6/TAGLN/ALDH1A3/F2R/HOXB2/CCL2/GREM1/C3/BCHE",16
"C0860207","Drug-Induced Liver Disease","22/459","537/21671",0.0409683426443203,1.93425915783239,3.22484350533333,0.00263426055679597,0.0226115066974569,0.0162644711509164,"COL3A1/CLU/VWF/STON1/TGFBR1/NREP/CCL5/GEM/CPQ/TUBA1A/ITPR1/SERPING1/CCDC80/NR3C1/CCL2/MMP2/CFH/A2M/HLA-DQB1/C3/CDH5/ALDH1L2",22
"C0003492","Aortic coarctation","7/459","88/21671",0.0795454545454545,3.75561992473757,3.81021722661255,0.00265398401522774,0.022712120225231,0.0163368425254457,"FLI1/GLI3/AGTR1/FGFR1/MEIS2/MMP2/PRKCB",7
"C0002152","Alloxan Diabetes","8/459","112/21671",0.0714285714285714,3.37239340180517,3.70276714694588,0.00265836098562113,0.022712120225231,0.0163368425254457,"AOC3/ICAM1/CYBB/SERPINE1/TIMP2/CAV1/MFGE8/MMP2",8
"C0038433","Streptozotocin Diabetes","8/459","112/21671",0.0714285714285714,3.37239340180517,3.70276714694588,0.00265836098562113,0.022712120225231,0.0163368425254457,"AOC3/ICAM1/CYBB/SERPINE1/TIMP2/CAV1/MFGE8/MMP2",8
"C0085129","Bronchial Hyperreactivity","8/459","112/21671",0.0714285714285714,3.37239340180517,3.70276714694588,0.00265836098562113,0.022712120225231,0.0163368425254457,"CHRNA3/ADAMTS12/ICAM1/HLA-DOA/SERPINE1/CCL5/CAV1/CCL2",8
"C0242422","Parkinsonian Disorders","17/459","373/21671",0.0455764075067024,2.15182206335021,3.30077093926639,0.00269429581216331,0.0229791205613545,0.0165288960370613,"RGS2/FYN/AGTR1/RBMS3/ATXN1/RUNX1T1/CCL5/GJA1/ZFPM2/SGCE/SYNM/KCNJ8/CCL2/LGALS1/A2M/BCHE/CTSC",17
"C0242339","Dyslipidemias","20/459","471/21671",0.0424628450106157,2.00481985669946,3.24321485878297,0.00270557427483838,0.0229791205613545,0.0165288960370613,"PDLIM3/COL4A1/PECAM1/LIPA/AGTR1/PAPPA/CYBB/TRPS1/SERPINE1/MYLK/CAV1/VCAM1/NR3C1/SPARC/CCL2/FLNA/LGALS1/THBS1/C3/RORA",20
"C0206692","Carcinoma, Lobular","6/459","66/21671",0.0909090909090909,4.29213705684294,3.94019512128037,0.00271598376722546,0.0229791205613545,0.0165288960370613,"MMP11/VWF/AGTR1/PPP1R12B/PMP22/FGFR1",6
"C0311370","Lupus anticoagulant disorder","6/459","66/21671",0.0909090909090909,4.29213705684294,3.94019512128037,0.00271598376722546,0.0229791205613545,0.0165288960370613,"VWF/SERPINE1/C1R/CFH/TFPI/HLA-DQB1",6
"C0151814","Coronary Occlusion","4/459","28/21671",0.142857142857143,6.74478680361033,4.47444517682077,0.00271779215795827,0.0229791205613545,0.0165288960370613,"GLI3/SERPINE1/VCAM1/CCL2",4
"C0157946","Osteoarthrosis, localized, not specified whether primary or secondary","4/459","28/21671",0.142857142857143,6.74478680361033,4.47444517682077,0.00271779215795827,0.0229791205613545,0.0165288960370613,"ADAMTS5/PECAM1/TGFBR1/CAV1",4
"C1568363","Tendinosis","4/459","28/21671",0.142857142857143,6.74478680361033,4.47444517682077,0.00271779215795827,0.0229791205613545,0.0165288960370613,"ADAMTS5/IL2RB/DCN/MMP2",4
"C4021727","EMG: neuropathic changes","4/459","28/21671",0.142857142857143,6.74478680361033,4.47444517682077,0.00271779215795827,0.0229791205613545,0.0165288960370613,"HSPB8/PMP22/SYNE1/LDB3",4
"C4281559","FRONTOMETAPHYSEAL DYSPLASIA 1","4/459","28/21671",0.142857142857143,6.74478680361033,4.47444517682077,0.00271779215795827,0.0229791205613545,0.0165288960370613,"CAV2/FLNA/TACR2/RTN1",4
"C0087086","Thrombus","5/459","46/21671",0.108695652173913,5.13190300274699,4.12663412082806,0.00279758213882781,0.0235722793534527,0.0169555555335325,"PTGER3/VWF/SERPINE1/CD2/THBD",5
"C0344530","Congenital keratoglobus","5/459","46/21671",0.108695652173913,5.13190300274699,4.12663412082806,0.00279758213882781,0.0235722793534527,0.0169555555335325,"CHRDL1/COL8A2/CDH11/ELN/COL8A1",5
"C4049711","Lepidic Predominant Adenocarcinoma","5/459","46/21671",0.108695652173913,5.13190300274699,4.12663412082806,0.00279758213882781,0.0235722793534527,0.0169555555335325,"ICAM1/GJA1/CCL2/PDPN/VEGFC",5
"C0010038","Corneal Opacity","8/459","113/21671",0.0707964601769911,3.34254921240866,3.67255831497078,0.00280927090494499,0.023589518502736,0.016967955664578,"COL4A1/MAF/FGFR1/GJA1/CYP1B1/COL8A2/TWIST2/ELN",8
"C1961112","Heart Decompensation","8/459","113/21671",0.0707964601769911,3.34254921240866,3.67255831497078,0.00280927090494499,0.023589518502736,0.016967955664578,"APOC1/VWF/AGTR1/CYBB/EDNRA/SERPINE1/HTR2B/CCL2",8
"C3160909","Autoimmune arthritis","8/459","113/21671",0.0707964601769911,3.34254921240866,3.67255831497078,0.00280927090494499,0.023589518502736,0.016967955664578,"S1PR3/LAIR1/PECAM1/CYBB/HLA-DOA/IL6ST/CD38/VCAM1",8
"C0017668","Focal glomerulosclerosis","14/459","281/21671",0.0498220640569395,2.35227440125912,3.3562753534064,0.00282524964900387,0.0236393362470301,0.0170037895997384,"COL4A1/AGTR1/SERPINE1/PTPRC/PKD2/ACTA2/NRP2/TAGLN/COL8A2/CCL2/MMP2/CFH/LAMB2/COL8A1",14
"C0027626","Neoplasm Invasiveness","11/459","193/21671",0.0569948186528497,2.69092530506734,3.47097230300153,0.00282613448531259,0.0236393362470301,0.0170037895997384,"PPP1R12B/CCL5/CTSB/AXL/MYLK/RECK/ZEB2/CCL2/CALU/MMP2/ADAMTS1",11
"C0025312","Meningomyelocele","7/459","89/21671",0.0786516853932584,3.71342194805513,3.77321438942393,0.00282922612815328,0.0236393362470301,0.0170037895997384,"GLI3/DLC1/PRICKLE1/CCL2/FLNA/DACT1/PRICKLE2",7
"C1839326","Abnormal form of the vertebral bodies","7/459","89/21671",0.0786516853932584,3.71342194805513,3.77321438942393,0.00282922612815328,0.0236393362470301,0.0170037895997384,"FLI1/FGFR1/GJA1/ANTXR1/FLNA/MMP2/ELN",7
"C0026948","Mycosis Fungoides","13/459","251/21671",0.051792828685259,2.4453211120659,3.38794587273374,0.00283130897412991,0.0236393362470301,0.0170037895997384,"HAVCR2/NKG7/JAK3/FGFR1/CCL5/PTPRC/CTSB/MEF2C/PDPN/MMP2/VEGFC/LGALS1/HLA-DQB1",13
"C0343401","MRSA - Methicillin resistant Staphylococcus aureus infection","12/459","222/21671",0.0540540540540541,2.55208149325796,3.4192627286509,0.00286984724359453,0.023917652156529,0.0172039824104809,"SORBS1/EPHA3/ST8SIA4/VWF/TGFBR1/EDNRA/RECK/TWIST2/CCL2/MMP2/TFPI/CTSC",12
"C0025297","Viral meningitis","3/459","14/21671",0.214285714285714,10.1171802054155,5.0196148760686,0.00288745603088768,0.023917652156529,0.0172039824104809,"ICAM1/TIMP2/MMP2",3
"C0334361","Serous surface papillary carcinoma","3/459","14/21671",0.214285714285714,10.1171802054155,5.0196148760686,0.00288745603088768,0.023917652156529,0.0172039824104809,"DES/MCAM/THBD",3
"C0524988","Schnitzler Syndrome","3/459","14/21671",0.214285714285714,10.1171802054155,5.0196148760686,0.00288745603088768,0.023917652156529,0.0172039824104809,"GLI3/PAPPA/CCL2",3
"C0584837","Choanal stenosis","3/459","14/21671",0.214285714285714,10.1171802054155,5.0196148760686,0.00288745603088768,0.023917652156529,0.0172039824104809,"SETBP1/FGFR1/FAM20C",3
"C1167912","Coagulation factor measurement","3/459","14/21671",0.214285714285714,10.1171802054155,5.0196148760686,0.00288745603088768,0.023917652156529,0.0172039824104809,"VWF/CFH/LBH",3
"C1840374","Elevated systolic blood pressure","3/459","14/21671",0.214285714285714,10.1171802054155,5.0196148760686,0.00288745603088768,0.023917652156529,0.0172039824104809,"AGTR1/PKD2/PTGIS",3
"C0005694","Bladder neck obstruction","6/459","67/21671",0.0895522388059701,4.22807530972588,3.89277196900192,0.0029308930465001,0.0242227748516489,0.0174234573591726,"COL3A1/WWTR1/DCN/NRP2/PPP1R14A/ELN",6
"C0279612","Childhood Embryonal Rhabdomyosarcoma","6/459","67/21671",0.0895522388059701,4.22807530972588,3.89277196900192,0.0029308930465001,0.0242227748516489,0.0174234573591726,"ICAM1/WWTR1/CAV1/MEF2C/DES/EDIL3",6
"C0007114","Malignant neoplasm of skin","21/459","508/21671",0.0413385826771654,1.9517394884463,3.19305440459987,0.00293844980849838,0.0242579112987285,0.0174487310279076,"HAVCR2/ADAM12/PDE5A/ICAM1/TGFBR1/PMP22/EDNRA/GJA1/ACKR3/ETV1/PTPRC/AKAP12/WWTR1/GEM/CAV1/SPARC/PDPN/MMP2/VEGFC/GREM1/THBS1",21
"C0751955","Brain Infarction","8/459","114/21671",0.0701754385964912,3.31322860528227,3.64268659994389,0.00296678100511796,0.0244642761759109,0.017597169415336,"SORBS1/PECAM1/AGTR1/CYBB/FZD1/CTSB/VCAM1/THBD",8
"C0014772","Red Blood Cell Count measurement","27/459","717/21671",0.0376569037656904,1.77791451308557,3.11603962115177,0.00299480711700258,0.0246676649064892,0.0177434670586188,"SORBS1/QKI/FRMD4A/PTPN14/OSMR/DLC1/ITGA1/TRPS1/NREP/EDNRA/SERPINE1/PTPRC/ZFPM2/AXL/TNS1/HSD17B6/MITF/ZEB2/UBE2E2/MEF2C/CYS1/CMTM3/RERG/ATP2B4/PBX3/PDGFC/RORA",27
"C0428472","Serum HDL cholesterol measurement","14/459","283/21671",0.049469964664311,2.3356505539004,3.32694765461622,0.00301127071280267,0.0247635847599195,0.0178124622702069,"COL4A1/APOC1/ICAM1/IL2RB/SGCD/TGFBR1/TRPS1/IL6ST/NR3C1/MYOCD/ATP1A2/IL10RA/RORA/THBD",14
"C0029118","Opportunistic Infections","7/459","90/21671",0.0777777777777778,3.67216170418785,3.73674272102439,0.00301320087077369,0.0247635847599195,0.0178124622702069,"CYBB/GEM/CCL2/MMP2/COL1A2/PDLIM7/HLA-DQB1",7
"C4721208","Metastatic castration-resistant prostate cancer","9/459","140/21671",0.0642857142857143,3.03515406162465,3.55364628328177,0.00302041219263563,0.0247950839840637,0.0178351196821708,"HAVCR2/PDLIM3/CLU/POSTN/PTPRC/FERMT2/NR3C1/LGALS1/ITGA4",9
"C0023896","Alcoholic Liver Diseases","11/459","195/21671",0.0564102564102564,2.66332607116921,3.43212417237398,0.00305874278837744,0.025081690864695,0.0180412761937229,"ST8SIA4/AGTR1/HLA-DOA/AKT3/IL6ST/CCL5/YME1L1/CAV1/ZEB2/CCL2/AKR1B1",11
"C0019099","Hemorrhagic Fever, Crimean","5/459","47/21671",0.106382978723404,5.02271357715663,4.06111243213157,0.00307709871927665,0.0251199416026377,0.0180687899738568,"LSAMP/ICAM1/SMARCA1/ANK2/PDPN",5
"C0026884","Mutism","5/459","47/21671",0.106382978723404,5.02271357715663,4.06111243213157,0.00307709871927665,0.0251199416026377,0.0180687899738568,"TCF4/FGFR1/MEF2C/COL1A2/ADAMTS2",5
"C0158570","Vascular anomaly","5/459","47/21671",0.106382978723404,5.02271357715663,4.06111243213157,0.00307709871927665,0.0251199416026377,0.0180687899738568,"VWF/NRP2/CCL2/VEGFC/ELN",5
"C4551564","Narrow nasal bridge","5/459","47/21671",0.106382978723404,5.02271357715663,4.06111243213157,0.00307709871927665,0.0251199416026377,0.0180687899738568,"COL3A1/FGFR1/GJA1/NDN/MMP2",5
"C0025945","Microangiopathy, Diabetic","4/459","29/21671",0.137931034482759,6.51220794831342,4.36939074848796,0.00310057224324895,0.0251994459503921,0.0181259775017701,"AGTR1/SERPINF1/THBS1/AKR1B1",4
"C0149504","Encephalopathy, Toxic","4/459","29/21671",0.137931034482759,6.51220794831342,4.36939074848796,0.00310057224324895,0.0251994459503921,0.0181259775017701,"RNASE6/CRISPLD2/CD3D/BCHE",4
"C0154659","Toxic Encephalitis","4/459","29/21671",0.137931034482759,6.51220794831342,4.36939074848796,0.00310057224324895,0.0251994459503921,0.0181259775017701,"RNASE6/CRISPLD2/CD3D/BCHE",4
"C0600452","Hepatopulmonary Syndrome","4/459","29/21671",0.137931034482759,6.51220794831342,4.36939074848796,0.00310057224324895,0.0251994459503921,0.0181259775017701,"SERPINE1/CAV1/CCL2/MMP2",4
"C0027720","Nephrosis","6/459","68/21671",0.0882352941176471,4.16589773164168,3.84626581007399,0.00315826401806288,0.0256116017995177,0.0184224414662231,"ICAM1/EDNRA/DES/PDPN/CFH/LAMB2",6
"C0239137","Coxa valga","6/459","68/21671",0.0882352941176471,4.16589773164168,3.84626581007399,0.00315826401806288,0.0256116017995177,0.0184224414662231,"GLI3/RAB23/KCNJ8/FLNA/COL1A2/ADAMTS2",6
"C0409348","Flexion contracture of proximal interphalangeal joint","10/459","168/21671",0.0595238095238095,2.81032783483764,3.46503265324125,0.00317488203272735,0.0257179461790133,0.0184989350460412,"TPM2/TGFBR1/TRPS1/GJA1/COL12A1/ACTG2/TWIST2/COL6A2/COL6A1/FLNA",10
"C0008924","Cleft upper lip","13/459","255/21671",0.0509803921568627,2.40696313383741,3.32451746068962,0.00324093074762753,0.0262240250902298,0.0188629579288018,"FILIP1L/EPHA3/CRISPLD2/GLI3/FGFR1/JAM3/GJA1/MASP1/MEIS2/CCL2/GREM1/PDGFC/COL8A1",13
"C0151332","Active tuberculosis","8/459","116/21671",0.0689655172413793,3.25610397415671,3.58392638692302,0.00330237711521649,0.0266917903618654,0.0191994217862401,"SLC11A1/IL18BP/CD38/CCL5/GEM/CCL2/THBS4/IL10RA",8
"C2267233","Neonatal Hypotonia","10/459","169/21671",0.0591715976331361,2.79369867605162,3.4434866239761,0.00331258707890452,0.0267448587151598,0.0192375938865221,"TPM2/FGFR1/EGR2/COL12A1/CFL2/COL6A2/COL6A1/FLNA/NDN/CCDC88A",10
"C0266470","Cerebellar Hypoplasia","12/459","226/21671",0.0530973451327434,2.5069119093065,3.34983988080947,0.00331649679847001,0.0267470000043642,0.0192391341172089,"COL3A1/COL4A1/FRMD4A/GLI3/FGFR1/YME1L1/TUBA1A/ITPR1/GAP43/FLNA/MYO5A/IGHD",12
"C0032131","Plasmacytoma","9/459","142/21671",0.0633802816901408,2.99240541286937,3.50392615970516,0.00332031228153988,0.0267483774250507,0.0192401248967849,"LAIR1/PECAM1/ICAM1/SETBP1/IL6ST/IGHM/EBF1/CD38/PTPRC",9
"C1867131","Broad hallux","5/459","48/21671",0.104166666666667,4.91807371096587,3.99742418681174,0.00337620243089421,0.0271688044301892,0.0195425383090194,"GLI3/FGFR1/TRPS1/MEIS2/FLNA",5
"C0221170","Muscular stiffness","7/459","92/21671",0.0760869565217391,3.59233210192289,3.66533676706813,0.00340847066144309,0.0273984295556745,0.0197077078078482,"TPM2/CYBB/FGFR1/WWTR1/CAV1/CRYAB/MYO5A",7
"C0003130","Anoxia","14/459","287/21671",0.0487804878048781,2.30309793294011,3.26902709783189,0.00341348789330659,0.0274087392220756,0.0197151235574485,"CYGB/ICAM1/TGFBR1/IGFBP7/TNC/KCNMA1/VCAM1/CCL2/SERPINF1/KCNMB1/TFPI/THBS1/STC1/RORA",14
"C3875321","Inflammatory dermatosis","17/459","382/21671",0.0445026178010471,2.10112468489432,3.19400460821168,0.00343228021606294,0.0275295131209682,0.0198019962997477,"PECAM1/CD74/ICAM1/POSTN/FGFR1/LST1/CCL5/TIMP2/VCAM1/NR3C1/CCL2/FLNA/MMP2/VEGFC/THBS1/THBD/CD300LF",17
"C4049796","Abnormality of cardiovascular system morphology","11/459","198/21671",0.0555555555555556,2.62297264584846,3.37475634401895,0.00343629012242326,0.0275315864721226,0.0198034876625519,"GLI3/FGFR1/TRPS1/GJA1/ZFPM2/ITPR1/GPC6/ACTG2/FLNA/EFEMP2/ELN",11
"C1868683","B-CELL MALIGNANCY, LOW-GRADE","16/459","350/21671",0.0457142857142857,2.15833177715531,3.21372119512049,0.00344500570296299,0.0275713160894715,0.0198320652015834,"LAIR1/DERL3/CD74/ICAM1/IL2RB/TGFBR1/CD8A/CD38/CD2/GEM/DCN/NR3C1/F2R/CFH/PDLIM7/NCKAP1L",16
"C0026269","Mitral Valve Stenosis","10/459","170/21671",0.0588235294117647,2.77726515442778,3.42209724291578,0.00345500075931255,0.027591132287916,0.0198463190057299,"HAVCR2/IL6ST/SERPINE1/GJA1/CLDN11/CCL2/SPARCL1/MMP2/C3/ITGA4",10
"C4087504","Peritoneal dissemination","10/459","170/21671",0.0588235294117647,2.77726515442778,3.42209724291578,0.00345500075931255,0.027591132287916,0.0198463190057299,"AGTR1/DKK3/FGFR1/SERPINE1/ACKR3/FERMT2/DDR2/ZEB2/HTRA1/ARL4C",10
"C0027498","Nausea and vomiting","13/459","257/21671",0.0505836575875486,2.38823190322389,3.29324978760868,0.00346312837090593,0.0275959816656663,0.0198498071662303,"FLI1/LIPA/IGFBP7/CD38/MYLK/CHRDL1/CAV1/MYH11/ACTG2/NR3C1/LMOD1/PALLD/ELN",13
"C0342649","Vascular calcification","13/459","257/21671",0.0505836575875486,2.38823190322389,3.29324978760868,0.00346312837090593,0.0275959816656663,0.0198498071662303,"PDLIM3/PECAM1/FGFR1/EDNRA/SERPINE1/EFEMP1/TAGLN/MGP/CALU/MMP2/PDLIM7/ELN/THBD",13
"C1879321","Acute Myeloid Leukemia (AML-M2)","9/459","143/21671",0.0629370629370629,2.97147950089127,3.47939256635619,0.00347879351355873,0.0276471877227034,0.0198866397156299,"RGS2/TCEA2/MN1/RUNX1T1/SVIL/MYH11/FXYD6/SPARC/LCP2",9
"C0012739","Disseminated Intravascular Coagulation","8/459","117/21671",0.0683760683760684,3.22827402565965,3.5550243411778,0.00348085590077367,0.0276471877227034,0.0198866397156299,"VWF/HLA-DOA/SERPINE1/MASP1/F2R/CFH/TFPI/THBD",8
"C0427065","Distal muscle weakness","8/459","117/21671",0.0683760683760684,3.22827402565965,3.5550243411778,0.00348085590077367,0.0276471877227034,0.0198866397156299,"HSPB8/PMP22/EGR2/CRYAB/COL6A2/DES/COL6A1/LAMB2",8
"C1861403","Variable expressivity","15/459","319/21671",0.0470219435736677,2.22007089147049,3.22928307320133,0.00350891585134916,0.0277066397161502,0.0199294035723343,"HAVCR2/COL4A1/TPM2/VWF/GLI3/PMP22/EGR2/KCNMA1/TUBB6/CAV1/MITF/COL6A2/COL6A1/MPDZ/VEGFC",15
"C0029191","Orchitis","4/459","30/21671",0.133333333333333,6.29513435003631,4.26917480481543,0.00351854315512359,0.0277066397161502,0.0199294035723343,"PECAM1/CCL5/CCL2/LGALS1",4
"C0276501","Human immunodeficiency virus II infection","4/459","30/21671",0.133333333333333,6.29513435003631,4.26917480481543,0.00351854315512359,0.0277066397161502,0.0199294035723343,"CCL5/GEM/PDPN/PRKCB",4
"C0547065","Mixed oligoastrocytoma","4/459","30/21671",0.133333333333333,6.29513435003631,4.26917480481543,0.00351854315512359,0.0277066397161502,0.0199294035723343,"ADAM12/FGFR1/LATS2/CAV1",4
"C0854094","HIV-2 infection","4/459","30/21671",0.133333333333333,6.29513435003631,4.26917480481543,0.00351854315512359,0.0277066397161502,0.0199294035723343,"CCL5/GEM/PDPN/PRKCB",4
"C1527311","Brain Edema","4/459","30/21671",0.133333333333333,6.29513435003631,4.26917480481543,0.00351854315512359,0.0277066397161502,0.0199294035723343,"ICAM1/MYLK/MYL9/F2R",4
"C1843637","Neck flexor weakness","4/459","30/21671",0.133333333333333,6.29513435003631,4.26917480481543,0.00351854315512359,0.0277066397161502,0.0199294035723343,"TPM2/CFL2/DES/COL13A1",4
"C2931687","Dysferlinopathy","4/459","30/21671",0.133333333333333,6.29513435003631,4.26917480481543,0.00351854315512359,0.0277066397161502,0.0199294035723343,"DCN/DES/MSN/THBS1",4
"C0031028","Periapical Diseases","3/459","15/21671",0.2,9.44270152505447,4.81152706743359,0.00355301121951589,0.0277842503623249,0.0199852289594968,"PECAM1/MMP2/CTSK",3
"C0333297","Chronic ulcer","3/459","15/21671",0.2,9.44270152505447,4.81152706743359,0.00355301121951589,0.0277842503623249,0.0199852289594968,"ADAM12/TIMP2/MMP2",3
"C0409345","Flexion contracture - wrist","3/459","15/21671",0.2,9.44270152505447,4.81152706743359,0.00355301121951589,0.0277842503623249,0.0199852289594968,"COL6A1/FLNA/MMP2",3
"C1836767","Proximal lower limb amyotrophy","3/459","15/21671",0.2,9.44270152505447,4.81152706743359,0.00355301121951589,0.0277842503623249,0.0199852289594968,"SGCD/SYNE1/FHL1",3
"C3843756","Ulcerative colitis or Crohn's","3/459","15/21671",0.2,9.44270152505447,4.81152706743359,0.00355301121951589,0.0277842503623249,0.0199852289594968,"ICAM1/CCL2/MMP2",3
"C4727070","Advanced Carcinoma","3/459","15/21671",0.2,9.44270152505447,4.81152706743359,0.00355301121951589,0.0277842503623249,0.0199852289594968,"DLC1/SDC2/MMP2",3
"C4551683","Adrenal Gland Pheochromocytoma","18/459","416/21671",0.0432692307692308,2.04289215686275,3.15937008175333,0.00355489999866782,0.0277842503623249,0.0199852289594968,"EPHA3/PDE5A/NLGN4X/TGFBR1/FGFR1/EDNRA/CSF2RA/CCL5/ACKR3/PKD2/ACTA2/TIMP2/MITF/NR3C1/GAP43/TGFB1I1/EMP3/LGALS1",18
"C4551687","Sarcoma of soft tissue","13/459","258/21671",0.0503875968992248,2.3789751904207,3.27772517206751,0.00357877982226573,0.0279411331017108,0.0200980748137319,"PECAM1/FGFR1/LATS2/SERPINE1/PTPRC/STOM/CAV1/MITF/CCL2/PDPN/VEGFC/PRIMA1/THBD",13
"C0149678","Epstein-Barr Virus Infections","17/459","384/21671",0.0442708333333333,2.09018132716049,3.17067778929858,0.00361715526412965,0.028175636422856,0.0202667532018019,"CD74/ICAM1/SMARCA1/CD38/CCL5/GEM/CHRDL1/DCN/GBP1/VCAM1/CCL2/GBP5/LGALS1/PDLIM7/HLA-DQB1/HLA-DRA/ITGA4",17
"C0006272","Bronchiolitis Obliterans","7/459","93/21671",0.0752688172043011,3.5537048750205,3.63037572560438,0.00362033317165189,0.028175636422856,0.0202667532018019,"ICAM1/SERPINE1/CCL5/NR3C1/CCL2/MCAM/ELN",7
"C4721773","Postoperative cognitive dysfunction","7/459","93/21671",0.0752688172043011,3.5537048750205,3.63037572560438,0.00362033317165189,0.028175636422856,0.0202667532018019,"PTGER3/AGTR1/PDLIM4/GJA1/NR3C1/CCL2/CFH",7
"C0340288","Stable angina","9/459","144/21671",0.0625,2.95084422657952,3.45507176534896,0.00364315718100115,0.0282759743201622,0.0203389263151603,"COL3A1/PECAM1/VWF/ICAM1/PAPPA/SERPINE1/CCL5/CCL2/MMP2",9
"C0424678","Lean body mass","9/459","144/21671",0.0625,2.95084422657952,3.45507176534896,0.00364315718100115,0.0282759743201622,0.0203389263151603,"GLI3/PAPPA/TRPS1/MOXD1/EFEMP1/HSD17B6/LTBP1/JAZF1/KCNE4",9
"C0678230","Congenital Epicanthus","18/459","417/21671",0.0431654676258993,2.03799313490384,3.14838010772522,0.00364478426309762,0.0282759743201622,0.0203389263151603,"COL3A1/FLI1/TCF4/RAB23/FGFR1/IGHM/GJA1/KCNMA1/GPC6/TWIST2/KCNJ8/FLNA/MAB21L2/VEGFC/COL1A2/ELN/ADAMTS2/CCDC88A",18
"C0542514","Blue sclera","6/459","70/21671",0.0857142857142857,4.0468720821662,3.75587648954938,0.00365214310489078,0.0283031449279762,0.0203584701506444,"COL3A1/TGFBR1/C1R/COL1A2/ADAMTS2/CTSK",6
"C0006271","Bronchiolitis","8/459","118/21671",0.0677966101694915,3.2009157712049,3.52643230114091,0.00366672025160444,0.028386139163001,0.0204181679566914,"LAIR1/ICAM1/POSTN/CD38/SERPINE1/CCL5/NR3C1/CCL2",8
"C2216702","malignant neoplasm of breast staging","5/459","49/21671",0.102040816326531,4.81770485972167,3.93547763338029,0.0036956464473867,0.028549841344601,0.0205359190400491,"PECAM1/TRPS1/CCL5/PTPRC/VCAM1",5
"C4049993","Aristolochic Acid Nephropathy","5/459","49/21671",0.102040816326531,4.81770485972167,3.93547763338029,0.0036956464473867,0.028549841344601,0.0205359190400491,"LIPA/SLIT2/SYNM/TFPI/THBS1",5
"C0023827","liposarcoma","11/459","200/21671",0.055,2.59674291938998,3.3370971499251,0.00370810033750793,0.0286159288927136,0.0205834558554455,"IGFBP5/CRISPLD2/FGFR1/CD38/WWTR1/CAV2/DDR2/MYOCD/MMP2/A2M/STC1",11
"C0149871","Deep Vein Thrombosis","12/459","230/21671",0.0521739130434783,2.46331344131856,3.28188796004869,0.00381773547301956,0.0294136732102867,0.02115727385053,"PECAM1/VWF/SERPINE1/PTPRC/ACTG2/VCAM1/CCL2/SERPINF1/MMP2/TFPI/A2M/THBD",12
"C0039483","Giant Cell Arteritis","13/459","260/21671",0.05,2.36067538126362,3.24689103928086,0.0038194891087891,0.0294136732102867,0.02115727385053,"ICAM1/TGFBR1/DKK3/CCL5/WWTR1/CAV1/MFGE8/VCAM1/CCL2/MMP2/HLA-DQB1/ELN/AKR1B1",13
"C0206368","Exfoliation Syndrome","7/459","94/21671",0.074468085106383,3.51589950400964,3.59589229134752,0.00384206288536223,0.0295255492310716,0.0212377463434462,"CLU/RBMS3/TNC/CCL2/MMP2/LOXL1/ELN",7
"C0850703","Frequent falls","7/459","94/21671",0.074468085106383,3.51589950400964,3.59589229134752,0.00384206288536223,0.0295255492310716,0.0212377463434462,"HSPB8/TPM2/COL12A1/FHL1/COL6A2/COL6A1/LAMB2",7
"C1959583","Myocardial Failure","8/459","119/21671",0.0672268907563025,3.17401731934604,3.49814397731653,0.00386017126872221,0.0296336788087367,0.0213155240174432,"APOC1/VWF/AGTR1/CYBB/EDNRA/SERPINE1/HTR2B/CCL2",8
"C1844505","Pointed chin","6/459","71/21671",0.0845070422535211,3.98987388382583,3.71193324814258,0.00391953288695884,0.0300265677008256,0.0215981292474438,"SETBP1/ZEB2/MEIS2/FLNA/CDH11/ELN",6
"C3888391","Nonnuclear polymorphic congenital cataract","6/459","71/21671",0.0845070422535211,3.98987388382583,3.71193324814258,0.00391953288695884,0.0300265677008256,0.0215981292474438,"TGFBR1/CCL5/ACKR3/ACTA2/TGFB1I1/LGALS1",6
"C0008370","Cholestasis","18/459","420/21671",0.0428571428571429,2.0234360410831,3.11559254276273,0.00392581027896747,0.0300432968064048,0.0216101625037285,"PDLIM3/CYGB/CLU/RDX/LIPA/ICAM1/MAF/SERPINE1/NPL/PTPRC/DCN/ACTG2/VCAM1/NR3C1/F2R/COL6A1/MMP2/PRKCB",18
"C0751690","Malignant Peripheral Nerve Sheath Tumor","13/459","261/21671",0.0498084291187739,2.35163064800207,3.23158021091595,0.00394466918289629,0.0301561740971624,0.0216913552107729,"HAVCR2/PMP22/CD38/TNC/DCN/RECK/PDGFRL/TAGLN/MEIS1/HTRA1/SERPINF1/LGALS1/IGFBP6",13
"C0041466","Typhoid Fever","4/459","31/21671",0.129032258064516,6.09206550003514,4.17341131638357,0.00397319105797137,0.030342611003592,0.0218254593961623,"SLC11A1/CD38/FLNA/HLA-DQB1",4
"C1858430","Death in infancy","9/459","146/21671",0.0616438356164384,2.91042170292775,3.40705449627374,0.00399012542692709,0.0304086505796655,0.0218729617052406,"FLI1/LIPA/GLI3/GPR161/MYLK/MYH11/ANK2/ACTG2/LMOD1",9
"C2827407","Infectious Otitis Media","9/459","146/21671",0.0616438356164384,2.91042170292775,3.40705449627374,0.00399012542692709,0.0304086505796655,0.0218729617052406,"SLC11A1/JAK3/SERPINE1/CCL5/CCL2/MMP2/WIPF1/THBS1/C7",9
"C0334579","Anaplastic astrocytoma","11/459","202/21671",0.0544554455445545,2.57103259345542,3.29989378400449,0.00399683721410846,0.030428203645583,0.0218870262379929,"IGFBP5/ADAM12/CD74/FGFR1/LATS2/SERPINE1/CAV1/CRYAB/PDPN/MMP2/THBS1",11
"C0427144","Toe-walking gait","5/459","50/21671",0.1,4.72135076252723,3.87518740675046,0.00403618186513459,0.0306958950344277,0.0220795768242705,"TPM2/SYNE1/FHL1/COL6A1/COL13A1",5
"C0342443","Adrenal Cushing's syndrome","8/459","120/21671",0.0666666666666667,3.14756717501816,3.47015326103442,0.00406141178151521,0.0308557982034577,0.02219459527547,"PECAM1/VWF/AGTR1/EDNRA/ACKR3/NR3C1/FBXO32/AKR1B1",8
"C4048158","Convulsions","10/459","174/21671",0.0574712643678161,2.71341997846393,3.33806286646351,0.00407400172505686,0.0309194401863415,0.0222403729942417,"CHRNA3/CLU/TCF4/PRKD1/CD38/NRP2/F2R/MPDZ/BCHE/PRKCB",10
"C0014457","Eosinophilia","15/459","325/21671",0.0461538461538462,2.17908496732026,3.15045673268795,0.00416674876166355,0.0312491077198374,0.0224775030607905,"HAVCR2/ICAM1/POSTN/FGFR1/IL6ST/CCL5/CD3D/CD2/TNC/MYH11/VCAM1/NR3C1/PDPN/SDC2/CD300LF",15
"C4551649","Congenital Dysplasia Of The Hip","9/459","147/21671",0.0612244897959184,2.890622915833,3.38335121192596,0.00417303025651064,0.0312491077198374,0.0224775030607905,"COL3A1/IGFBP5/TPM2/TIMP2/FHL1/FLNA/ATP2B4/MMP2/COL13A1",9
"C0595989","Carcinoma of larynx","19/459","456/21671",0.0416666666666667,1.96722948438635,3.0706860731566,0.00418575138742328,0.0312491077198374,0.0224775030607905,"MMP11/ADAMTS5/MAP4K4/TCF4/IL2RB/PMP22/FGFR1/PRKD1/ACKR3/CYP1B1/CTSB/TIMP2/DCN/CAV1/ZEB2/CRYAB/MMP2/LGALS1/PDLIM7",19
"C0035579","Rickets","6/459","72/21671",0.0833333333333333,3.93445896877269,3.66878664545519,0.00420114688262307,0.0312491077198374,0.0224775030607905,"FGFR1/EDNRA/ACKR3/FAM20C/HLA-DQB1/ADAMTS2",6
"C0856825","Acute GVH disease","14/459","294/21671",0.0476190476190476,2.24826226787011,3.1699405599289,0.00422249758759971,0.0312491077198374,0.0224775030607905,"PECAM1/VWF/ICAM1/CD38/SERPINE1/CCL5/GEM/CAV1/VCAM1/NR3C1/HLA-DQB1/C3/BCHE/THBD",14
"C0004610","Bacteremia","12/459","233/21671",0.0515021459227468,2.43159695924149,3.23185288770065,0.00423228868419801,0.0312491077198374,0.0224775030607905,"SORBS1/VWF/ATXN1/SERPINE1/CCL5/SERPING1/CCL2/KCNMB1/CFH/THBS1/C3/HLA-DRA",12
"C0162534","Prion Diseases","10/459","175/21671",0.0571428571428571,2.69791472144413,3.3174245988676,0.00424166326666756,0.0312491077198374,0.0224775030607905,"CLU/CYBB/PPP1R12B/HECTD2/NEGR1/MFGE8/CRYAB/CFH/LGALS1/EDIL3",10
"C0265783","Congenital hypoplasia of lung","10/459","175/21671",0.0571428571428571,2.69791472144413,3.3174245988676,0.00424166326666756,0.0312491077198374,0.0224775030607905,"TPM2/GLI3/AGTR1/SETBP1/BNC2/ZFPM2/NR3C1/FLNA/FAM20C/FSTL1",10
"C0029443","Osteomyelitis","8/459","121/21671",0.0661157024793388,3.1215542231585,3.44245421777326,0.00427064625778814,0.0312491077198374,0.0224775030607905,"CYBB/IGHM/SERPINE1/MOXD1/CCL2/NFATC1/HLA-DQB1/CTSK",8
"C0023492","Leukemia, T-Cell","19/459","457/21671",0.0415754923413567,1.96292482468309,3.06044225921878,0.00428433633669181,0.0312491077198374,0.0224775030607905,"LAIR1/ICAM1/IL2RB/JAK3/HLA-DOA/TRAC/IGFBP7/CD38/EDNRA/ACKR3/CD3D/GLIS2/CAV1/VCAM1/MEF2C/CCL2/MMP2/LGALS1/THBS1",19
"C1368683","Epithelioma","15/459","326/21671",0.0460122699386503,2.17240065760455,3.13748575752499,0.00428558624538555,0.0312491077198374,0.0224775030607905,"CLU/CD74/IGFBP7/HIP1/TIMP2/CAV1/FEZ1/CLIC4/MEIS1/F2R/PDPN/MMP2/TFPI/LGALS1/PDLIM7",15
"C0007932","Chagas' disease without mention of organ involvement","2/459","5/21671",0.4,18.8854030501089,5.88354871156295,0.00429066137437525,0.0312491077198374,0.0224775030607905,"CCL5/CCL2",2
"C0012819","Diverticular disease of colon","2/459","5/21671",0.4,18.8854030501089,5.88354871156295,0.00429066137437525,0.0312491077198374,0.0224775030607905,"COL3A1/ELN",2
"C0036310","Scheuermann's Disease","2/459","5/21671",0.4,18.8854030501089,5.88354871156295,0.00429066137437525,0.0312491077198374,0.0224775030607905,"CD38/COL1A2",2
"C0040458","Unerupted tooth","2/459","5/21671",0.4,18.8854030501089,5.88354871156295,0.00429066137437525,0.0312491077198374,0.0224775030607905,"FGFR1/ANTXR1",2
"C0149637","Lip Carcinoma","2/459","5/21671",0.4,18.8854030501089,5.88354871156295,0.00429066137437525,0.0312491077198374,0.0224775030607905,"PDPN/MSN",2
"C0149744","Oral lesion","2/459","5/21671",0.4,18.8854030501089,5.88354871156295,0.00429066137437525,0.0312491077198374,0.0224775030607905,"SAMD4A/MMP2",2
"C0151445","Primary Raynaud Phenomenon","2/459","5/21671",0.4,18.8854030501089,5.88354871156295,0.00429066137437525,0.0312491077198374,0.0224775030607905,"VWF/EDNRA",2
"C0152253","Posterior synechiae","2/459","5/21671",0.4,18.8854030501089,5.88354871156295,0.00429066137437525,0.0312491077198374,0.0224775030607905,"CYP1B1/AXL",2
"C0153340","Cancer of Lip","2/459","5/21671",0.4,18.8854030501089,5.88354871156295,0.00429066137437525,0.0312491077198374,0.0224775030607905,"PDPN/MSN",2
"C0270970","Reducing-body myopathy","2/459","5/21671",0.4,18.8854030501089,5.88354871156295,0.00429066137437525,0.0312491077198374,0.0224775030607905,"FHL1/NFATC1",2
"C0340434","Dystrophic cardiomyopathy","2/459","5/21671",0.4,18.8854030501089,5.88354871156295,0.00429066137437525,0.0312491077198374,0.0224775030607905,"CYBB/GJA1",2
"C0341503","Bacterial peritonitis","2/459","5/21671",0.4,18.8854030501089,5.88354871156295,0.00429066137437525,0.0312491077198374,0.0224775030607905,"GJA1/CCL2",2
"C0398777","Complement Factor H Deficiency","2/459","5/21671",0.4,18.8854030501089,5.88354871156295,0.00429066137437525,0.0312491077198374,0.0224775030607905,"FHL1/CFH",2
"C0423062","Intermittent divergent squint","2/459","5/21671",0.4,18.8854030501089,5.88354871156295,0.00429066137437525,0.0312491077198374,0.0224775030607905,"TIMP2/MMP2",2
"C0521533","Atrial septal aneurysm","2/459","5/21671",0.4,18.8854030501089,5.88354871156295,0.00429066137437525,0.0312491077198374,0.0224775030607905,"VWF/ATP1A2",2
"C0795809","Chromosome 3, trisomy 3q","2/459","5/21671",0.4,18.8854030501089,5.88354871156295,0.00429066137437525,0.0312491077198374,0.0224775030607905,"DERL3/CD38",2
"C0887866","Monckeberg Medial Calcific Sclerosis","2/459","5/21671",0.4,18.8854030501089,5.88354871156295,0.00429066137437525,0.0312491077198374,0.0224775030607905,"SPARC/MGP",2
"C1333065","Lung Clear Cell Tumor","2/459","5/21671",0.4,18.8854030501089,5.88354871156295,0.00429066137437525,0.0312491077198374,0.0224775030607905,"MITF/CTSK",2
"C1395674","Bowel diverticulosis","2/459","5/21671",0.4,18.8854030501089,5.88354871156295,0.00429066137437525,0.0312491077198374,0.0224775030607905,"EFEMP2/ELN",2
"C1396772","Hypoplasia of the epiglottis","2/459","5/21671",0.4,18.8854030501089,5.88354871156295,0.00429066137437525,0.0312491077198374,0.0224775030607905,"GLI3/SETBP1",2
"C1851828","Cigarette-paper scars","2/459","5/21671",0.4,18.8854030501089,5.88354871156295,0.00429066137437525,0.0312491077198374,0.0224775030607905,"COL3A1/CTSC",2
"C2700425","EHLERS-DANLOS SYNDROME, DERMATOSPARAXIS TYPE","2/459","5/21671",0.4,18.8854030501089,5.88354871156295,0.00429066137437525,0.0312491077198374,0.0224775030607905,"COL1A2/ADAMTS2",2
"C4021054","Reduced muscle collagen VI","2/459","5/21671",0.4,18.8854030501089,5.88354871156295,0.00429066137437525,0.0312491077198374,0.0224775030607905,"COL6A2/COL6A1",2
"C4551514","Hemophagocytic Lymphohistiocytosis, Familial, 1","2/459","5/21671",0.4,18.8854030501089,5.88354871156295,0.00429066137437525,0.0312491077198374,0.0224775030607905,"HAVCR2/FHL1",2
"C4552122","EHLERS-DANLOS SYNDROME, CLASSIC TYPE, 1","2/459","5/21671",0.4,18.8854030501089,5.88354871156295,0.00429066137437525,0.0312491077198374,0.0224775030607905,"TGFBR1/COL1A2",2
"C3714514","Infection","20/459","491/21671",0.0407331975560081,1.92315713341231,3.04367577211894,0.00430256048217149,0.0312491077198374,0.0224775030607905,"SLC11A1/APOC1/ICAM1/CD38/CCL5/CD2/PTPRC/CAV2/CAV1/VCAM1/ANTXR1/F2R/CCL2/FLNA/MMP2/CFH/MSN/HLA-DQB1/LRRC15/IL10RA",20
"C0034089","Pulmonary Valve Stenosis","3/459","16/21671",0.1875,8.85253267973856,4.62206063979422,0.00430478919536116,0.0312491077198374,0.0224775030607905,"VWF/IGFBP7/ELN",3
"C0151950","Deep thrombophlebitis","3/459","16/21671",0.1875,8.85253267973856,4.62206063979422,0.00430478919536116,0.0312491077198374,0.0224775030607905,"SERPINE1/CCL2/TFPI",3
"C0917990","Acro-Osteolysis","3/459","16/21671",0.1875,8.85253267973856,4.62206063979422,0.00430478919536116,0.0312491077198374,0.0224775030607905,"COL3A1/FLNA/CTSC",3
"C1710026","Sclerosing Epithelioid Fibrosarcoma","3/459","16/21671",0.1875,8.85253267973856,4.62206063979422,0.00430478919536116,0.0312491077198374,0.0224775030607905,"SMARCA1/TCF4/DES",3
"C1850938","FUNDUS DYSTROPHY, PSEUDOINFLAMMATORY, OF SORSBY","3/459","16/21671",0.1875,8.85253267973856,4.62206063979422,0.00430478919536116,0.0312491077198374,0.0224775030607905,"EFEMP1/MMP2/ELN",3
"C4023180","Type 1 muscle fiber atrophy","3/459","16/21671",0.1875,8.85253267973856,4.62206063979422,0.00430478919536116,0.0312491077198374,0.0224775030607905,"TPM2/SYNE1/FHL1",3
"C4087273","C3 glomerulopathy","3/459","16/21671",0.1875,8.85253267973856,4.62206063979422,0.00430478919536116,0.0312491077198374,0.0224775030607905,"CFH/C3/THBD",3
"C1510885","Angiogenic Switch","7/459","96/21671",0.0729166666666667,3.44265159767611,3.52830995685248,0.00431628255206491,0.0313015787051427,0.022515245473898,"DKK3/EDNRA/SERPINE1/ACKR3/F2R/VEGFC/THBS1",7
"C0022665","Kidney Neoplasm","14/459","295/21671",0.0474576271186441,2.24064103984343,3.1560139932173,0.00434981877405391,0.0315136426286097,0.0226677831889441,"CD74/FGFR1/IGFBP7/CD38/CYP1B1/AXL/CPQ/MITF/VCAM1/UBE2QL1/MMP2/NFATC1/BCHE/CTSK",14
"C0266551","Congenital coloboma of iris","9/459","148/21671",0.0608108108108108,2.87109167991521,3.35984708239524,0.00436241792604219,0.0315426454770677,0.0226886449562889,"COL4A1/FLI1/MAF/FGFR1/ZEB2/FLNA/DACT1/MPDZ/MMP2",9
"C4021790","Abnormality of the skeletal system","9/459","148/21671",0.0608108108108108,2.87109167991521,3.35984708239524,0.00436241792604219,0.0315426454770677,0.0226886449562889,"EML1/FGFR1/TRPS1/IL6ST/TNC/DES/MAB21L2/COL1A2/EFEMP2",9
"C0024131","Lupus Vulgaris","21/459","526/21671",0.0399239543726236,1.88494992420289,3.02240537510364,0.00437910095059956,0.0316321081461124,0.022752995511041,"MMP11/VWF/FLI1/CYBB/RUNX1T1/CD38/EGR2/CD2/PTPRC/GEM/MASP1/MFGE8/VCAM1/CCL2/SDC2/MMP2/CFH/C3/LBH/C1QC/PRKCB",21
"C0553723","Squamous cell carcinoma of skin","19/459","458/21671",0.0414847161572052,1.95863896262047,3.05022417324425,0.00438483490152831,0.0316423828341359,0.0227603861006722,"FYN/DLC1/RAB23/TGFBR1/TRPS1/SLIT2/EDNRA/ACKR3/CLDN11/EFS/TNC/EFEMP1/FHL1/NR3C1/PDPN/SDC2/VEGFC/THBS1/C3",19
"C0263313","Pemphigus Foliaceus","5/459","51/21671",0.0980392156862745,4.62877525737964,3.81647396530454,0.00439855666919334,0.0316791044113935,0.0227867999545526,"LAIR1/NKG7/GEM/C3/PRKCB",5
"C0427149","Gait, Drop Foot","5/459","51/21671",0.0980392156862745,4.62877525737964,3.81647396530454,0.00439855666919334,0.0316791044113935,0.0227867999545526,"HSPB8/PMP22/EGR2/FHL1/GNB4",5
"C0085612","Ventricular arrhythmia","10/459","176/21671",0.0568181818181818,2.68258566052684,3.29693042090542,0.00441472297337656,0.031733253576504,0.0228257494834615,"PDE5A/AGTR1/GJA1/EFS/PLN/ANK2/F2R/FLNA/NFATC1/DTNA",10
"C0431478","Posteriorly rotated ear","10/459","176/21671",0.0568181818181818,2.68258566052684,3.29693042090542,0.00441472297337656,0.031733253576504,0.0228257494834615,"COL4A1/FRMD4A/FGFR1/FHL1/GPC6/MITF/FLNA/FAM20C/MPDZ/CDH11",10
"C0021847","Intestinal Pseudo-Obstruction","4/459","32/21671",0.125,5.90168845315904,4.08175646548038,0.0044659676464265,0.0319451623363783,0.0229781755892366,"CLMP/ACTG2/FLNA/PALLD",4
"C0152105","Hypertensive heart disease","4/459","32/21671",0.125,5.90168845315904,4.08175646548038,0.0044659676464265,0.0319451623363783,0.0229781755892366,"OGN/AGTR1/TIMP2/MMP2",4
"C0280302","Squamous cell carcinoma of lip","4/459","32/21671",0.125,5.90168845315904,4.08175646548038,0.0044659676464265,0.0319451623363783,0.0229781755892366,"NR3C1/CCL2/PDPN/MSN",4
"C0347950","Asthma attack","4/459","32/21671",0.125,5.90168845315904,4.08175646548038,0.0044659676464265,0.0319451623363783,0.0229781755892366,"ICAM1/SERPINE1/CCL5/CCL2",4
"C0862312","Epithelioid mesothelioma, malignant","4/459","32/21671",0.125,5.90168845315904,4.08175646548038,0.0044659676464265,0.0319451623363783,0.0229781755892366,"DES/MMP2/MCAM/EFEMP2",4
"C0520680","Sleep Apnea, Central","8/459","122/21671",0.0655737704918033,3.09596771313261,3.41504108078384,0.00448808071213781,0.0320720782340598,0.0230694662751715,"PECAM1/CYBB/IL2RB/HSPB7/CD38/CCL2/AKR1B1/COL13A1",8
"C0040517","Gilles de la Tourette syndrome","10/459","177/21671",0.0564971751412429,2.66742980933742,3.2765783808028,0.00459329946098249,0.0327920474164888,0.0235873405660733,"NLGN4X/CD8A/LMO3/SGCE/HTR2B/MEIS1/CCL2/PDLIM7/IL10RA/COL8A1",10
"C3278923","Dilated ventricles (finding)","18/459","427/21671",0.0421545667447307,1.99026495844239,3.04013025682234,0.00465175560485797,0.0331770985267761,0.0238643080746383,"COL3A1/FLI1/EML1/SETBP1/AKT3/FGFR1/TRPS1/AP1S2/JAM3/ACTA2/TUBA1A/CAV1/ZEB2/MEF2C/COL6A1/NDN/MPDZ/CCDC88A",18
"C0023212","Left-Sided Heart Failure","8/459","123/21671",0.0650406504065041,3.07079724392015,3.38790824499629,0.00471392261275261,0.0335878427718363,0.0241597566713892,"APOC1/VWF/AGTR1/CYBB/EDNRA/SERPINE1/HTR2B/CCL2",8
"C0936223","Metastatic Prostate Carcinoma","16/459","362/21671",0.0441988950276243,2.08678486741535,3.06733579232929,0.00475621178501738,0.0338562932010112,0.0243528532358591,"HAVCR2/CLU/ICAM1/DLC1/TUSC3/EDNRA/ARHGAP9/CYP1B1/CAV1/NR3C1/SPARC/CCL2/SERPINF1/SPARCL1/MMP2/VEGFC",16
"C0022735","Klinefelter Syndrome","9/459","150/21671",0.06,2.83281045751634,3.31342350797565,0.00476125639366143,0.0338593611173268,0.0243550599900164,"PDE5A/PMP22/FGFR1/SERPINE1/GJA1/AXL/NRP2/F2R/NDN",9
"C0029866","Other ureteric obstruction","5/459","52/21671",0.0961538461538462,4.53976034858388,3.75926308756621,0.00478351472638829,0.0339518516218218,0.0244215884687339,"ICAM1/SERPINE1/COL1A2/ADAMTS1/LUM",5
"C0403447","Chronic Kidney Insufficiency","5/459","52/21671",0.0961538461538462,4.53976034858388,3.75926308756621,0.00478351472638829,0.0339518516218218,0.0244215884687339,"AOC3/AGTR1/SERPINE1/MRGPRF/AKR1B1",5
"C0011334","Dental caries","15/459","330/21671",0.0454545454545455,2.14606852842147,3.08606566716338,0.00478889817666385,0.0339572209840927,0.0244254506544309,"COL3A1/TRPS1/GJA1/RPS6KA2/EFS/TIMP2/CAV1/PLEKHO1/PBX3/MMP2/MSN/CDH11/ELN/LUM/CTSK",15
"C0011603","Dermatitis","20/459","496/21671",0.0403225806451613,1.90377046876098,2.99524439638362,0.00480551378226112,0.0339999810871229,0.0244562080237407,"PECAM1/CD74/ICAM1/GLI3/PAPPA/POSTN/MCC/CCL5/TIMP2/CLMP/VCAM1/NR3C1/MRGPRF/CCL2/FLNA/MMP2/VEGFC/THBS1/THBD/CD300LF",20
"C0029454","Osteopetrosis","6/459","74/21671",0.0810810810810811,3.82812223988695,3.58477838251901,0.0048088268658446,0.0339999810871229,0.0244562080237407,"GJA1/MITF/ACTG2/MRGPRF/NFATC1/CTSK",6
"C3554617","Adducted thumb","6/459","74/21671",0.0810810810810811,3.82812223988695,3.58477838251901,0.0048088268658446,0.0339999810871229,0.0244562080237407,"TPM2/SYNE1/COL12A1/COL6A2/COL6A1/ELN",6
"C0262655","Recurrent urinary tract infection","12/459","237/21671",0.0506329113924051,2.39055734811505,3.1663320240571,0.00484039631482209,0.0341902488493545,0.0245930677461454,"ICAM1/AGTR1/IL2RB/TRPS1/CCL5/BNC2/PKD2/KCNMA1/CCL2/MSN/EFEMP2/ELN",12
"C0206650","Fibroadenoma","9/459","151/21671",0.0596026490066225,2.8140501233606,3.29049785536562,0.00497101744049635,0.0350791317267334,0.0252324417652725,"MMP11/CD74/GJA1/DCN/CCL2/FLNA/MMP2/MSN/EDIL3",9
"C3697248","Short lower third of face","4/459","33/21671",0.121212121212121,5.72284940912392,3.99390287152428,0.00499828770072609,0.0352038708595286,0.02532216670284,"TCF4/AP1S2/MEF2C/FLNA",4
"C4518356","MiT family translocation renal cell carcinoma","4/459","33/21671",0.121212121212121,5.72284940912392,3.99390287152428,0.00499828770072609,0.0352038708595286,0.02532216670284,"IGFBP7/ANGPTL2/MITF/CTSK",4
"C0024314","Lymphoproliferative Disorders","14/459","300/21671",0.0466666666666667,2.20329702251271,3.08720903434251,0.00503396956846062,0.035421191431383,0.025478485528415,"SLC11A1/PECAM1/ICAM1/IL2RB/CD84/JAK3/CD38/PTPRC/GEM/CHRDL1/SERPING1/LGALS1/PDLIM7/ITGA4",14
"C0085278","Antiphospholipid Syndrome","7/459","99/21671",0.0707070707070707,3.33832882198895,3.43022780900213,0.0051089024928131,0.0359140185773519,0.0258329764080033,"FRMD4A/VWF/SERPINE1/CCL2/TFPI/MSN/THBD",7
"C0206630","Endometrial Stromal Sarcoma","6/459","75/21671",0.08,3.77708061002179,3.54386726962832,0.00513578410885041,0.0359671945668189,0.0258712259310528,"TGFBR1/CD38/CALD1/CAV1/DES/JAZF1",6
"C0694549","Community acquired pneumonia","6/459","75/21671",0.08,3.77708061002179,3.54386726962832,0.00513578410885041,0.0359671945668189,0.0258712259310528,"SORBS1/AGTR1/SERPINE1/TNC/MYLK/A2M",6
"C0025294","Meningococcal meningitis","3/459","17/21671",0.176470588235294,8.33179546328335,4.44847059863847,0.00514587195737292,0.0359671945668189,0.0258712259310528,"SLC11A1/CFH/C7",3
"C0238062","Chronic intestinal pseudo-obstruction","3/459","17/21671",0.176470588235294,8.33179546328335,4.44847059863847,0.00514587195737292,0.0359671945668189,0.0258712259310528,"CLMP/MYH11/ACTG2",3
"C1856119","Low hanging columella","3/459","17/21671",0.176470588235294,8.33179546328335,4.44847059863847,0.00514587195737292,0.0359671945668189,0.0258712259310528,"GJA1/ZEB2/CDH11",3
"C3665335","Cutis laxa, autosomal recessive","3/459","17/21671",0.176470588235294,8.33179546328335,4.44847059863847,0.00514587195737292,0.0359671945668189,0.0258712259310528,"LOXL1/EFEMP2/ELN",3
"C0042165","Anterior uveitis","5/459","53/21671",0.0943396226415094,4.45410449295022,3.7034854211515,0.0051917948065913,0.0362191844919901,0.0260524824445221,"CCL5/SERPING1/CCL2/CFH/C3",5
"C3714506","Meckel syndrome type 1","5/459","53/21671",0.0943396226415094,4.45410449295022,3.7034854211515,0.0051917948065913,0.0362191844919901,0.0260524824445221,"CCL5/ALDH1A3/CCL2/FLNA/NFATC1",5
"C0333068","Flexion contracture","11/459","210/21671",0.0523809523809524,2.47308849465712,3.15542961195497,0.00533592187552628,0.0371874682383622,0.0267489695592238,"TPM2/GLI3/TRPS1/AP1S2/COL12A1/CAV1/FHL1/CRYAB/COL6A2/COL6A1/ELN",11
"C3888194","MIXED LINEAGE LEUKEMIA","12/459","240/21671",0.05,2.36067538126362,3.11805605929537,0.00534072646453655,0.0371874682383622,0.0267489695592238,"ASB2/SMARCA1/STON1/MLLT11/RUNX1T1/CD38/MEIS1/MEF2C/PBX3/LGALS1/PDLIM7/MYO5A",12
"C0041696","Unipolar Depression","24/459","641/21671",0.0374414976599064,1.76774443526761,2.90249209039883,0.00534597413132404,0.0371887243125944,0.0267498730542181,"QKI/OGN/LSAMP/TCF4/SSPN/IL2RB/TUSC3/ADARB1/FGFR1/SYNE1/NEGR1/IGFBP7/SERPINE1/GJA1/CACNA2D1/TNC/VCAM1/NR3C1/CCL2/CFH/PDLIM7/DIXDC1/PRIMA1/PRKCB",24
"C0268318","Cholestasis of pregnancy","7/459","100/21671",0.07,3.30494553376906,3.39836887285927,0.00539596714024334,0.0374654709955023,0.0269489371192754,"PAPPA/EDNRA/ACKR3/ACTG2/VCAM1/F2R/MMP2",7
"C0376480","Gingival Overgrowth","7/459","100/21671",0.07,3.30494553376906,3.39836887285927,0.00539596714024334,0.0374654709955023,0.0269489371192754,"COL3A1/C1S/C1R/FAM20C/MMP2/ELN/ADAMTS2",7
"C0240063","Coloboma of iris","9/459","153/21671",0.0588235294117647,2.77726515442778,3.24520382426158,0.0054120070542307,0.0375413230349708,0.0270034975395154,"COL4A1/FLI1/MAF/FGFR1/ZEB2/FLNA/DACT1/MPDZ/MMP2",9
"C0001925","Albuminuria","6/459","76/21671",0.0789473684210526,3.72738218094255,3.50365374695598,0.00547874727277322,0.0379325719197006,0.0272849231111794,"CD38/CCL5/CTSB/DCN/CCL2/PDPN",6
"C0080174","Spina Bifida Occulta","6/459","76/21671",0.0789473684210526,3.72738218094255,3.50365374695598,0.00547874727277322,0.0379325719197006,0.0272849231111794,"DLC1/RAB23/MASP1/CCL2/DACT1/ELN",6
"C0677607","Hashimoto Disease","15/459","335/21671",0.0447761194029851,2.11403765486294,3.02280938402736,0.00548450745721205,0.0379366637403197,0.0272878663603536,"ICAM1/CYBB/HLA-DOA/CD38/EDNRA/CCL5/GJA1/PTPRC/CTSB/GEM/C1S/CAV1/PDLIM7/HLA-DQB1/C3",15
"C0011989","Camurati-Engelmann Syndrome","4/459","34/21671",0.117647058823529,5.55453030885557,3.90957475498685,0.00557152687630845,0.0383330464674772,0.0275729847081415,"AGTR1/MITF/LGALS1/COL1A2",4
"C0013312","Dupuytren Contracture","4/459","34/21671",0.117647058823529,5.55453030885557,3.90957475498685,0.00557152687630845,0.0383330464674772,0.0275729847081415,"ITGA11/DDR2/TIMP2/DES",4
"C0235032","Neurotoxicity Syndromes","4/459","34/21671",0.117647058823529,5.55453030885557,3.90957475498685,0.00557152687630845,0.0383330464674772,0.0275729847081415,"RNASE6/CRISPLD2/CD3D/BCHE",4
"C0410422","Chronic multifocal osteomyelitis","4/459","34/21671",0.117647058823529,5.55453030885557,3.90957475498685,0.00557152687630845,0.0383330464674772,0.0275729847081415,"GLI3/PAPPA/CCL5/FAM20C",4
"C1849020","Short metatarsal","4/459","34/21671",0.117647058823529,5.55453030885557,3.90957475498685,0.00557152687630845,0.0383330464674772,0.0275729847081415,"TCF4/FGFR1/TRPS1/FLNA",4
"C1861324","Short philtrum","10/459","182/21671",0.0549450549450549,2.59414877061936,3.17688452266107,0.0055731517346775,0.0383330464674772,0.0275729847081415,"COL3A1/TCF4/SETBP1/FGFR1/AP1S2/TWIST2/MEF2C/MEIS2/CDH11/DENND5A",10
"C0265673","Congenital kyphosis","5/459","54/21671",0.0925925925925926,4.3716210764141,3.64907607769323,0.00562412963312765,0.0385752218481531,0.0277471816135122,"IGFBP7/CD38/FHL1/LGALS1/THBS1",5
"C1141957","HIV disease progression","5/459","54/21671",0.0925925925925926,4.3716210764141,3.64907607769323,0.00562412963312765,0.0385752218481531,0.0277471816135122,"ICAM1/CD38/CCL5/GEM/HLA-DQB1",5
"C3489413","Lipomatosis, Multiple","5/459","54/21671",0.0925925925925926,4.3716210764141,3.64907607769323,0.00562412963312765,0.0385752218481531,0.0277471816135122,"SETBP1/DCN/MSRB3/PDPN/CDH5",5
"C1961099","Precursor T-Cell Lymphoblastic Leukemia-Lymphoma","24/459","644/21671",0.0372670807453416,1.75950960094183,2.87827664457808,0.00565471439310411,0.0387487851829982,0.0278720258306719,"ASB2/EML1/IL2RB/JAK3/SETBP1/TRAC/FGFR1/LATS2/IGFBP7/IGHM/CD38/CD3D/CD2/PTPRC/GLIS2/NRP2/NR3C1/ZEB2/MEIS1/MEF2C/MMP2/THBS1/C3/EDIL3",24
"C1332201","Adult Diffuse Large B-Cell Lymphoma","20/459","504/21671",0.0396825396825397,1.87355188989176,2.91890062920543,0.0057107425950076,0.0390962125977246,0.0281219305910871,"DOCK2/HAVCR2/RDX/FLI1/JAK3/SLIT2/CD300A/CD38/CCL5/ACKR3/PTPRC/SLAMF7/CHRDL1/CCL2/LGALS1/NFATC1/MSN/PDLIM7/CDH11/IL10RA",20
"C0341106","Eosinophilic esophagitis","10/459","183/21671",0.0546448087431694,2.57997309427718,3.15734636900452,0.00578737228070297,0.039583900436234,0.0284727247635507,"ICAM1/POSTN/GJA1/TIMP2/COL8A2/VCAM1/CCL2/MMP2/JAZF1/STC1",10
"C0036391","Schwartz-Jampel Syndrome","6/459","77/21671",0.0779220779220779,3.67897462015109,3.46411580910167,0.00583816176170738,0.0398569945759725,0.0286691615519829,"PTGER3/GJA1/FLNA/CFH/HLA-DQB1/AKR1B1",6
"C2745963","Kashin-Beck Disease","6/459","77/21671",0.0779220779220779,3.67897462015109,3.46411580910167,0.00583816176170738,0.0398569945759725,0.0286691615519829,"ADAM12/ADAMTS5/TGFBR1/FZD1/DCN/ADAMTS1",6
"C0032927","Precancerous Conditions","19/459","471/21671",0.0403397027600849,1.90457886386449,2.91967121535876,0.00587844011322088,0.0400946765714945,0.028840126362554,"MMP11/IGFBP5/AGTR1/TCF4/PMP22/FGFR1/SYNE1/CD38/AKAP12/CYP1B1/PRKG1/DCN/CAV1/MMP2/PDLIM7/THBS1/PRIMA1/PRICKLE2/THBD",19
"C1843013","Alzheimer disease, familial, type 3","11/459","213/21671",0.0516431924882629,2.43825626233801,3.10296190732857,0.00592089549551134,0.040346752127723,0.0290214444704973,"COL3A1/CLU/SAMD4A/LIPA/RUNX1T1/CD38/VCAM1/NR3C1/HTRA1/HLA-DQB1/BCHE",11
"C1332182","Adult Anaplastic Large Cell Lymphoma","8/459","128/21671",0.0625,2.95084422657952,3.25626301138578,0.00597659490358205,0.0406885250439598,0.0292672819465521,"CLU/JAK3/MCC/CCL5/LGALS1/NFATC1/MSN/PDLIM7",8
"C0023283","Leishmaniasis, Cutaneous","7/459","102/21671",0.0686274509803922,3.24014268016575,3.33584413518749,0.00600616723265015,0.0408141308522402,0.0293576302843475,"SLC11A1/LSAMP/FLI1/JAK3/CCL2/FAM20C/MMP2",7
"C0023531","Leukoplakia","7/459","102/21671",0.0686274509803922,3.24014268016575,3.33584413518749,0.00600616723265015,0.0408141308522402,0.0293576302843475,"COL4A1/DERL3/MCC/MFAP5/DES/PDPN/MMP2",7
"C0002994","Angioedema","3/459","18/21671",0.166666666666667,7.86891793754539,4.28855053196607,0.00607902558754172,0.0409451897104835,0.0294519010044498,"COL4A1/SERPING1/HLA-DQB1",3
"C0041105","Trismus","3/459","18/21671",0.166666666666667,7.86891793754539,4.28855053196607,0.00607902558754172,0.0409451897104835,0.0294519010044498,"TPM2/EDNRA/BCHE",3
"C0156273","Bladder Diverticulum","3/459","18/21671",0.166666666666667,7.86891793754539,4.28855053196607,0.00607902558754172,0.0409451897104835,0.0294519010044498,"COL3A1/EFEMP2/ELN",3
"C0241157","pustule","3/459","18/21671",0.166666666666667,7.86891793754539,4.28855053196607,0.00607902558754172,0.0409451897104835,0.0294519010044498,"JAK3/CTSB/CTSC",3
"C0268393","Familial Cerebral Amyloid Angiopathy","3/459","18/21671",0.166666666666667,7.86891793754539,4.28855053196607,0.00607902558754172,0.0409451897104835,0.0294519010044498,"HSPB8/PTPRC/SDC2",3
"C1271398","Pigment dispersion syndrome (disorder)","3/459","18/21671",0.166666666666667,7.86891793754539,4.28855053196607,0.00607902558754172,0.0409451897104835,0.0294519010044498,"CD38/LOXL1/BCHE",3
"C1836392","Dysmetric saccades","3/459","18/21671",0.166666666666667,7.86891793754539,4.28855053196607,0.00607902558754172,0.0409451897104835,0.0294519010044498,"ATXN1/SYNE1/ITPR1",3
"C0040485","Torticollis","5/459","55/21671",0.0909090909090909,4.29213705684294,3.59597426829516,0.00608124496313217,0.0409451897104835,0.0294519010044498,"FLI1/COL12A1/SGCE/COL6A2/COL6A1",5
"C1320214","Invasive Streptococcus pneumoniae disease","5/459","55/21671",0.0909090909090909,4.29213705684294,3.59597426829516,0.00608124496313217,0.0409451897104835,0.0294519010044498,"SORBS1/ICAM1/CCL5/CCL2/CFH",5
"C2936179","Obesity, Visceral","5/459","55/21671",0.0909090909090909,4.29213705684294,3.59597426829516,0.00608124496313217,0.0409451897104835,0.0294519010044498,"AGTR1/SERPINE1/NR3C1/SERPINF1/THBS1",5
"C0026499","Monosomy","11/459","214/21671",0.0514018691588785,2.42686254148596,3.08567024133307,0.00612671335914221,0.0409614174340207,0.0294635736163128,"DERL3/PECAM1/SETBP1/HLA-DOA/PMP22/CSF2RA/GLIS2/EFS/MYH11/TFPI/EDIL3",11
"C0010072","Coronary Thrombosis","4/459","35/21671",0.114285714285714,5.39582944288827,3.82852386457966,0.00618701971546287,0.0409614174340207,0.0294635736163128,"VWF/SERPINE1/F2R/TFPI",4
"C0039144","Syringomyelia","4/459","35/21671",0.114285714285714,5.39582944288827,3.82852386457966,0.00618701971546287,0.0409614174340207,0.0294635736163128,"CD38/DDR2/FLNA/PCDH17",4
"C0238281","Middle Cerebral Artery Syndrome","4/459","35/21671",0.114285714285714,5.39582944288827,3.82852386457966,0.00618701971546287,0.0409614174340207,0.0294635736163128,"ICAM1/IL6ST/CCL2/C3",4
"C0432123","Sagittal craniosynostosis","4/459","35/21671",0.114285714285714,5.39582944288827,3.82852386457966,0.00618701971546287,0.0409614174340207,0.0294635736163128,"PDLIM3/GLI3/RAB23/FGFR1",4
"C0740376","Middle Cerebral Artery Thrombosis","4/459","35/21671",0.114285714285714,5.39582944288827,3.82852386457966,0.00618701971546287,0.0409614174340207,0.0294635736163128,"ICAM1/IL6ST/CCL2/C3",4
"C0751845","Middle Cerebral Artery Embolus","4/459","35/21671",0.114285714285714,5.39582944288827,3.82852386457966,0.00618701971546287,0.0409614174340207,0.0294635736163128,"ICAM1/IL6ST/CCL2/C3",4
"C0751846","Left Middle Cerebral Artery Infarction","4/459","35/21671",0.114285714285714,5.39582944288827,3.82852386457966,0.00618701971546287,0.0409614174340207,0.0294635736163128,"ICAM1/IL6ST/CCL2/C3",4
"C0751847","Embolic Infarction, Middle Cerebral Artery","4/459","35/21671",0.114285714285714,5.39582944288827,3.82852386457966,0.00618701971546287,0.0409614174340207,0.0294635736163128,"ICAM1/IL6ST/CCL2/C3",4
"C0751848","Thrombotic Infarction, Middle Cerebral Artery","4/459","35/21671",0.114285714285714,5.39582944288827,3.82852386457966,0.00618701971546287,0.0409614174340207,0.0294635736163128,"ICAM1/IL6ST/CCL2/C3",4
"C0751849","Right Middle Cerebral Artery Infarction","4/459","35/21671",0.114285714285714,5.39582944288827,3.82852386457966,0.00618701971546287,0.0409614174340207,0.0294635736163128,"ICAM1/IL6ST/CCL2/C3",4
"C1306889","Peripheral arterial occlusive disease","4/459","35/21671",0.114285714285714,5.39582944288827,3.82852386457966,0.00618701971546287,0.0409614174340207,0.0294635736163128,"VWF/ICAM1/POSTN/SERPINE1",4
"C1868684","EAR, PATELLA, SHORT STATURE SYNDROME","6/459","78/21671",0.0769230769230769,3.6318082788671,3.42523242733936,0.00621447217696734,0.0409614174340207,0.0294635736163128,"RGS2/POSTN/SERPINE1/CD2/ITPR1/PDPN",6
"C4321245","Cleft lip or lips","6/459","78/21671",0.0769230769230769,3.6318082788671,3.42523242733936,0.00621447217696734,0.0409614174340207,0.0294635736163128,"CRISPLD2/FGFR1/GJA1/CCL2/GREM1/PDGFC",6
"C1839839","MAJOR AFFECTIVE DISORDER 2","10/459","185/21671",0.0540540540540541,2.55208149325796,3.11865682717678,0.00623505675409239,0.0409614174340207,0.0294635736163128,"ADAM12/FLI1/TCF4/ADARB1/HSPB7/SYNE1/SERPINE1/NPL/DCLK1/F2R",10
"C0220621","Childhood Acute Myeloid Leukemia","11/459","215/21671",0.0511627906976744,2.41557480873486,3.06847553029962,0.00633811241908667,0.0409614174340207,0.0294635736163128,"MN1/SETBP1/MLLT11/RUNX1T1/IGFBP7/CD38/GLIS2/EFS/MYH11/MEF2C/VEGFC",11
"C0002625","Amnestic Disorder","2/459","6/21671",0.333333333333333,15.7378358750908,5.31098388307318,0.00634597787470794,0.0409614174340207,0.0294635736163128,"GJA1/BCHE",2
"C0016033","Nonproliferative fibrocystic disease","2/459","6/21671",0.333333333333333,15.7378358750908,5.31098388307318,0.00634597787470794,0.0409614174340207,0.0294635736163128,"DCN/MMP2",2
"C0019816","Hereditary, Type VII, Motor and Sensory Neuropathy","2/459","6/21671",0.333333333333333,15.7378358750908,5.31098388307318,0.00634597787470794,0.0409614174340207,0.0294635736163128,"PMP22/EGR2",2
"C0022810","Kyasanur Forest Disease","2/459","6/21671",0.333333333333333,15.7378358750908,5.31098388307318,0.00634597787470794,0.0409614174340207,0.0294635736163128,"ICAM1/VCAM1",2
"C0036305","Schamberg Disease","2/459","6/21671",0.333333333333333,15.7378358750908,5.31098388307318,0.00634597787470794,0.0409614174340207,0.0294635736163128,"MASP1/MITF",2
"C0156349","Prolapse of female genital organs","2/459","6/21671",0.333333333333333,15.7378358750908,5.31098388307318,0.00634597787470794,0.0409614174340207,0.0294635736163128,"COL3A1/LOXL1",2
"C0221025","Kasabach-Merritt syndrome","2/459","6/21671",0.333333333333333,15.7378358750908,5.31098388307318,0.00634597787470794,0.0409614174340207,0.0294635736163128,"VEGFC/THBD",2
"C0235270","Keratopathy","2/459","6/21671",0.333333333333333,15.7378358750908,5.31098388307318,0.00634597787470794,0.0409614174340207,0.0294635736163128,"ICAM1/VCAM1",2
"C0263385","Confluent and Reticulate Papillomatosis","2/459","6/21671",0.333333333333333,15.7378358750908,5.31098388307318,0.00634597787470794,0.0409614174340207,0.0294635736163128,"CSRP2/CSRP1",2
"C0264683","Coronary artery atheroma","2/459","6/21671",0.333333333333333,15.7378358750908,5.31098388307318,0.00634597787470794,0.0409614174340207,0.0294635736163128,"AGTR1/SERPINE1",2
"C0271642","Fibrocalculous pancreatic diabetes","2/459","6/21671",0.333333333333333,15.7378358750908,5.31098388307318,0.00634597787470794,0.0409614174340207,0.0294635736163128,"CRISPLD2/HLA-DQB1",2
"C0334083","Connective tissue nevus, NOS","2/459","6/21671",0.333333333333333,15.7378358750908,5.31098388307318,0.00634597787470794,0.0409614174340207,0.0294635736163128,"COL3A1/ELN",2
"C0544966","Autophagic vaculoes (finding)","2/459","6/21671",0.333333333333333,15.7378358750908,5.31098388307318,0.00634597787470794,0.0409614174340207,0.0294635736163128,"LDB3/CRYAB",2
"C0579144","Cavovarus deformity of foot","2/459","6/21671",0.333333333333333,15.7378358750908,5.31098388307318,0.00634597787470794,0.0409614174340207,0.0294635736163128,"PMP22/FGFR1",2
"C1332655","Complement component 3 deficiency","2/459","6/21671",0.333333333333333,15.7378358750908,5.31098388307318,0.00634597787470794,0.0409614174340207,0.0294635736163128,"CFH/C3",2
"C1510446","Acute ischemic heart disease","2/459","6/21671",0.333333333333333,15.7378358750908,5.31098388307318,0.00634597787470794,0.0409614174340207,0.0294635736163128,"GJA1/DCN",2
"C1832776","Hypertrophic nerve changes","2/459","6/21671",0.333333333333333,15.7378358750908,5.31098388307318,0.00634597787470794,0.0409614174340207,0.0294635736163128,"PMP22/EGR2",2
"C1844508","Large foramen magnum","2/459","6/21671",0.333333333333333,15.7378358750908,5.31098388307318,0.00634597787470794,0.0409614174340207,0.0294635736163128,"RAB23/FLNA",2
"C1855185","Broad phalanx","2/459","6/21671",0.333333333333333,15.7378358750908,5.31098388307318,0.00634597787470794,0.0409614174340207,0.0294635736163128,"FGFR1/DDR2",2
"C1857800","CORNEAL DYSTROPHY, FUCHS ENDOTHELIAL, 2","2/459","6/21671",0.333333333333333,15.7378358750908,5.31098388307318,0.00634597787470794,0.0409614174340207,0.0294635736163128,"TCF4/COL8A2",2
"C1862932","ANEURYSM, INTRACRANIAL BERRY, 1 (disorder)","2/459","6/21671",0.333333333333333,15.7378358750908,5.31098388307318,0.00634597787470794,0.0409614174340207,0.0294635736163128,"COL3A1/ELN",2
"C1863924","Megalanecephaly Polymicrogyria-Polydactyly Hydrocephalus Syndrome","2/459","6/21671",0.333333333333333,15.7378358750908,5.31098388307318,0.00634597787470794,0.0409614174340207,0.0294635736163128,"MCC/AKT3",2
"C2936170","Patent Ductus Arteriosus Familial","2/459","6/21671",0.333333333333333,15.7378358750908,5.31098388307318,0.00634597787470794,0.0409614174340207,0.0294635736163128,"AGTR1/PTGIS",2
"C3854437","Chronic lymphocytic inflammation with pontine perivascular enhancement responsive to steroids","2/459","6/21671",0.333333333333333,15.7378358750908,5.31098388307318,0.00634597787470794,0.0409614174340207,0.0294635736163128,"ICAM1/VCAM1",2
"C3898765","Keratitis caused by infection","2/459","6/21671",0.333333333333333,15.7378358750908,5.31098388307318,0.00634597787470794,0.0409614174340207,0.0294635736163128,"EFS/THBS1",2
"C4015214","CTLA4 Haploinsufficiency","2/459","6/21671",0.333333333333333,15.7378358750908,5.31098388307318,0.00634597787470794,0.0409614174340207,0.0294635736163128,"JAK3/HLA-DOA",2
"C4015286","MACULAR DEGENERATION, EARLY-ONSET","2/459","6/21671",0.333333333333333,15.7378358750908,5.31098388307318,0.00634597787470794,0.0409614174340207,0.0294635736163128,"EFEMP1/C3",2
"C4021630","Broad long bones","2/459","6/21671",0.333333333333333,15.7378358750908,5.31098388307318,0.00634597787470794,0.0409614174340207,0.0294635736163128,"GJA1/COL1A2",2
"C4022628","Absent muscle fiber emerin","2/459","6/21671",0.333333333333333,15.7378358750908,5.31098388307318,0.00634597787470794,0.0409614174340207,0.0294635736163128,"SYNE1/FHL1",2
"C4477013","Impaired oropharyngeal swallow response","2/459","6/21671",0.333333333333333,15.7378358750908,5.31098388307318,0.00634597787470794,0.0409614174340207,0.0294635736163128,"PMP22/COL6A1",2
"C4728223","Extramedullary myeloma","2/459","6/21671",0.333333333333333,15.7378358750908,5.31098388307318,0.00634597787470794,0.0409614174340207,0.0294635736163128,"PTPRC/SLAMF7",2
"C0175754","Agenesis of corpus callosum","23/459","615/21671",0.0373983739837398,1.76570841525409,2.8337271502066,0.00640600192103619,0.0413125202974382,0.0297161221293095,"COL4A1/PECAM1/FRMD4A/FLI1/GLI3/SMARCA1/EML1/AKT3/DKK3/FGFR1/PRKD1/ACKR3/PTPRC/TUBA1A/ACTG2/PRICKLE1/TWIST2/NR3C1/ZEB2/MEF2C/DACT1/VEGFC/MCAM",23
"C0497156","Lymphadenopathy","13/459","277/21671",0.0469314079422383,2.21579638674563,2.99570970491733,0.00644013769187824,0.0414961988768169,0.0298482422482967,"PDLIM3/ICAM1/CYBB/IL2RB/JAK3/TRAC/PRKD1/CD38/PTPRC/C1R/PALLD/C3/ITGA4",13
"C0410528","Skeletal dysplasia","10/459","186/21671",0.0537634408602151,2.53836062501464,3.09950211993409,0.00646877240658348,0.0416441409578212,0.0299546570812707,"COL3A1/GLI3/FGFR1/TRPS1/GJA1/KCNJ8/FLNA/MAB21L2/COL1A2/CTSK",10
"C0392885","High density lipoprotein measurement","21/459","545/21671",0.0385321100917431,1.81923607363435,2.84933603179576,0.00649299433269747,0.041763440322232,0.0300404691899791,"COL4A1/RDX/APOC1/ICAM1/IL2RB/SGCD/TGFBR1/TRPS1/IL6ST/AXL/TAGLN/NR3C1/MEIS1/GNG2/MYOCD/GIMAP6/PDGFC/ATP1A2/IL10RA/RORA/THBD",21
"C1332942","Childhood Anaplastic Large Cell Lymphoma","8/459","130/21671",0.0615384615384615,2.90544662309368,3.20538737809448,0.00654791263580504,0.0420717545752544,0.0302622398283003,"CLU/JAK3/MCC/CCL5/LGALS1/NFATC1/MSN/PDLIM7",8
"C0340100","High altitude pulmonary edema","5/459","56/21671",0.0892857142857143,4.21549175225646,3.5441229748036,0.00656385869855107,0.0420717545752544,0.0302622398283003,"VWF/AGTR1/EDNRA/SERPINE1/NR3C1",5
"C1389113","Generalized amyotrophy","5/459","56/21671",0.0892857142857143,4.21549175225646,3.5441229748036,0.00656385869855107,0.0420717545752544,0.0302622398283003,"TPM2/TCF4/COL12A1/COL6A2/COL6A1",5
"C1836195","Short toe","5/459","56/21671",0.0892857142857143,4.21549175225646,3.5441229748036,0.00656385869855107,0.0420717545752544,0.0302622398283003,"FLI1/GJA1/FLNA/ADAMTS2/CTSK",5
"C1282496","Metastasis from malignant tumor of prostate","15/459","342/21671",0.043859649122807,2.07076787830142,2.93608165507954,0.00659340966104735,0.0422080128964913,0.0303602505254414,"HAVCR2/ICAM1/DLC1/TUSC3/EDNRA/ARHGAP9/CYP1B1/CAV1/NR3C1/SPARC/CCL2/SERPINF1/SPARCL1/MMP2/VEGFC",15
"C0027707","Nephritis, Interstitial","6/459","79/21671",0.0759493670886076,3.58583602217258,3.38698349424891,0.00660812192642982,0.0422080128964913,0.0303602505254414,"FLI1/DCN/CCL2/SDC2/HLA-DQB1/THBS1",6
"C0086445","Idiopathic Membranous Glomerulonephritis","6/459","79/21671",0.0759493670886076,3.58583602217258,3.38698349424891,0.00660812192642982,0.0422080128964913,0.0303602505254414,"SERPINE1/CCL2/CFH/HLA-DQB1/C3/AKR1B1",6
"C4041080","Neurocognitive Disorders","6/459","79/21671",0.0759493670886076,3.58583602217258,3.38698349424891,0.00660812192642982,0.0422080128964913,0.0303602505254414,"RBMS3/CD38/CCL5/ACKR3/TIMP2/CCL2",6
"C0035334","Retinitis Pigmentosa","21/459","546/21671",0.0384615384615385,1.81590413943355,2.84041690184383,0.00662411981062587,0.0422734046001594,0.0304072868194863,"CYGB/CLU/CD74/CYBB/AKT3/EDNRA/ACKR3/PTPRC/TIMP2/CAV1/HSD17B6/TWIST2/CRYAB/MEIS2/HTRA1/CCL2/SERPINF1/MMP2/C3/ATP1A2/STC1",21
"C0600260","Lung Diseases, Obstructive","7/459","104/21671",0.0673076923076923,3.17783224400871,3.27484849681667,0.0066664530949807,0.0425066023145642,0.0305750260837974,"CHRNA3/ACTG2/NR3C1/FLNA/MGP/A2M/ELN",7
"C0027019","Myelomonocytic leukemia","4/459","36/21671",0.111111111111111,5.24594529169693,3.75052602918809,0.00684605786934202,0.0433667496712157,0.0311937306245863,"SETBP1/RUNX1T1/MEF2C/A2M",4
"C0206732","Epithelioid hemangioendothelioma","4/459","36/21671",0.111111111111111,5.24594529169693,3.75052602918809,0.00684605786934202,0.0433667496712157,0.0311937306245863,"PECAM1/FLI1/WWTR1/CAV1",4
"C0238397","Pulmonary artery stenosis","4/459","36/21671",0.111111111111111,5.24594529169693,3.75052602918809,0.00684605786934202,0.0433667496712157,0.0311937306245863,"GPC6/ZEB2/MGP/ELN",4
"C1848934","SPONDYLOCARPOTARSAL SYNOSTOSIS SYNDROME","4/459","36/21671",0.111111111111111,5.24594529169693,3.75052602918809,0.00684605786934202,0.0433667496712157,0.0311937306245863,"TPM2/ICAM1/SERPINE1/VCAM1",4
"C1851100","LAURIN-SANDROW SYNDROME","4/459","36/21671",0.111111111111111,5.24594529169693,3.75052602918809,0.00684605786934202,0.0433667496712157,0.0311937306245863,"AGTR1/CAV1/ANGPTL2/ELN",4
"C3548479","response to bronchodilator","8/459","131/21671",0.0610687022900763,2.883267641238,3.180312761204,0.00684862554420752,0.0433667496712157,0.0311937306245863,"CHRNA3/RBMS3/MIR100HG/BNC2/MSRB3/GNG2/CFH/PRKCB",8
"C4552091","Polyarthritis, Juvenile, Rheumatoid Factor Negative","8/459","131/21671",0.0610687022900763,2.883267641238,3.180312761204,0.00684862554420752,0.0433667496712157,0.0311937306245863,"SLC11A1/CLU/CALD1/GNG11/PGM5/TFPI/MSN/THBS1",8
"C4704862","Polyarthritis, Juvenile, Rheumatoid Factor Positive","8/459","131/21671",0.0610687022900763,2.883267641238,3.180312761204,0.00684862554420752,0.0433667496712157,0.0311937306245863,"SLC11A1/CLU/CALD1/GNG11/PGM5/TFPI/MSN/THBS1",8
"C1531647","Cerebral ventriculomegaly","17/459","410/21671",0.0414634146341463,1.9576332429991,2.8796803800715,0.00686469212578098,0.0434310133716436,0.0312399555451829,"COL3A1/FLI1/EML1/SETBP1/AKT3/FGFR1/TRPS1/AP1S2/JAM3/ACTA2/TUBA1A/CAV1/ZEB2/MEF2C/NDN/MPDZ/CCDC88A",17
"C0151908","Dry skin","9/459","159/21671",0.0566037735849057,2.67246269577013,3.11357689901823,0.00691819612879695,0.043731818595384,0.031456324933965,"GLI3/OSMR/FGFR1/PRKD1/GJA1/KCNMA1/MITF/TWIST2/COL6A1",9
"C0008313","Cholangitis, Sclerosing","10/459","188/21671",0.0531914893617021,2.51135678857832,3.06156476266513,0.00695658493269662,0.0439366409819798,0.0316036538069332,"RDX/ICAM1/TCF4/OSMR/CCL5/ACTA2/JAZF1/NFATC1/HLA-DQB1/PRKCB",10
"C0424605","Developmental delay (disorder)","22/459","584/21671",0.0376712328767123,1.77859104067807,2.80577871113178,0.00698416364854948,0.0439765458378883,0.0316323573951721,"COL4A1/VWF/GLI3/TCF4/TUSC3/RHOQ/MN1/SETBP1/PMP22/TRPS1/CD38/SERPINE1/TUBA1A/SGCE/TWIST2/ALDH1A3/MEF2C/MEIS2/SPARC/CCL2/NDN/EDIL3",22
"C1378050","Oncocytic Neoplasm","7/459","105/21671",0.0666666666666667,3.14756717501816,3.24490207816047,0.00701612630985089,0.0439765458378883,0.0316323573951721,"IGFBP5/FGFR1/MITF/VCAM1/NR3C1/DES/PRKCB",7
"C0751039","Cockayne Syndrome, Type I","6/459","80/21671",0.075,3.54101307189543,3.34934977214678,0.00701955283818961,0.0439765458378883,0.0316323573951721,"PECAM1/CYBB/IL2RB/CD38/CCL2/AKR1B1",6
"C4087124","Immunoglobulin G4-Related Disease","6/459","80/21671",0.075,3.54101307189543,3.34934977214678,0.00701955283818961,0.0439765458378883,0.0316323573951721,"POSTN/CD38/SLAMF7/GBP1/NR3C1/THBS1",6
"C4721453","Peripheral Nervous System Diseases","21/459","549/21671",0.0382513661202186,1.80598116599402,2.81376961620561,0.00703058299153977,0.0439765458378883,0.0316323573951721,"HSPB8/ICAM1/TCF4/MAP1B/ATXN1/PMP22/IL6ST/EGR2/LDB3/CAV1/ACTG2/GAP43/DES/CCL2/SERPINF1/WIPF1/BCHE/PRKCB/AKR1B1/MYO5A/THBD",21
"C0151888","Hyporeflexia","14/459","312/21671",0.0448717948717949,2.11855482933914,2.92744743427782,0.00703380418174062,0.0439765458378883,0.0316323573951721,"COL4A1/HSPB8/TPM2/FLI1/ATXN1/PMP22/SYNE1/EGR2/CFL2/FHL1/CRYAB/GNB4/LAMB2/COL13A1",14
"C0342482","X-linked Adrenal Hypoplasia","5/459","57/21671",0.087719298245614,4.14153575660284,3.49346865280538,0.00707268002837115,0.0439765458378883,0.0316323573951721,"ICAM1/PMP22/CTSB/ATP1A2/AKR1B1",5
"C0751882","Myasthenic Syndromes, Congenital","5/459","57/21671",0.087719298245614,4.14153575660284,3.49346865280538,0.00707268002837115,0.0439765458378883,0.0316323573951721,"CAV1/DES/BCHE/LAMB2/COL13A1",5
"C1836150","Gait imbalance","5/459","57/21671",0.087719298245614,4.14153575660284,3.49346865280538,0.00707268002837115,0.0439765458378883,0.0316323573951721,"HSPB8/ATXN1/PMP22/TUBB6/ELN",5
"C1858036","Periorbital fullness","5/459","57/21671",0.087719298245614,4.14153575660284,3.49346865280538,0.00707268002837115,0.0439765458378883,0.0316323573951721,"TRPS1/TWIST2/ZEB2/MAB21L2/ELN",5
"C0079352","Congenital torticollis","3/459","19/21671",0.157894736842105,7.4547643618851,4.14050366098868,0.00710671526961923,0.0439765458378883,0.0316323573951721,"COL6A2/COL6A1/ELN",3
"C0206735","Melanoma, Amelanotic","3/459","19/21671",0.157894736842105,7.4547643618851,4.14050366098868,0.00710671526961923,0.0439765458378883,0.0316323573951721,"CTSB/MITF/PDLIM7",3
"C0221239","Rapidly progressive glomerulonephritis","3/459","19/21671",0.157894736842105,7.4547643618851,4.14050366098868,0.00710671526961923,0.0439765458378883,0.0316323573951721,"ICAM1/VCAM1/CFH",3
"C0242666","Protein S Deficiency","3/459","19/21671",0.157894736842105,7.4547643618851,4.14050366098868,0.00710671526961923,0.0439765458378883,0.0316323573951721,"VWF/SERPINE1/TFPI",3
"C0334013","Phrynoderma","3/459","19/21671",0.157894736842105,7.4547643618851,4.14050366098868,0.00710671526961923,0.0439765458378883,0.0316323573951721,"COL12A1/COL6A2/COL6A1",3
"C0342895","Fish-Eye Disease","3/459","19/21671",0.157894736842105,7.4547643618851,4.14050366098868,0.00710671526961923,0.0439765458378883,0.0316323573951721,"CLU/TCF4/COL8A2",3
"C0344539","Hypoplasia of iris","3/459","19/21671",0.157894736842105,7.4547643618851,4.14050366098868,0.00710671526961923,0.0439765458378883,0.0316323573951721,"FGFR1/ITPR1/LAMB2",3
"C0410538","Pseudoachondroplasia","3/459","19/21671",0.157894736842105,7.4547643618851,4.14050366098868,0.00710671526961923,0.0439765458378883,0.0316323573951721,"EPHA3/DCN/SPARC",3
"C1510489","Cerebral Amyloid Angiopathy, Hereditary","3/459","19/21671",0.157894736842105,7.4547643618851,4.14050366098868,0.00710671526961923,0.0439765458378883,0.0316323573951721,"HSPB8/PTPRC/SDC2",3
"C1834696","Hyporeflexia of lower limbs","3/459","19/21671",0.157894736842105,7.4547643618851,4.14050366098868,0.00710671526961923,0.0439765458378883,0.0316323573951721,"HSPB8/LDB3/DES",3
"C1851789","Poor wound healing","3/459","19/21671",0.157894736842105,7.4547643618851,4.14050366098868,0.00710671526961923,0.0439765458378883,0.0316323573951721,"C1R/CFH/AEBP1",3
"C1865841","Flared iliac wings","3/459","19/21671",0.157894736842105,7.4547643618851,4.14050366098868,0.00710671526961923,0.0439765458378883,0.0316323573951721,"RAB23/DDR2/FLNA",3
"C2720436","Fibrosis of pleura","3/459","19/21671",0.157894736842105,7.4547643618851,4.14050366098868,0.00710671526961923,0.0439765458378883,0.0316323573951721,"CRISPLD2/SERPINE1/F2R",3
"C4068858","Avascular retina","3/459","19/21671",0.157894736842105,7.4547643618851,4.14050366098868,0.00710671526961923,0.0439765458378883,0.0316323573951721,"CD8A/NRP2/SERPINF1",3
"C0162770","Right Ventricular Hypertrophy","9/459","160/21671",0.05625,2.65575980392157,3.09223161174206,0.00719764327144041,0.0444642289302199,0.031983148153707,"PDE5A/AGTR1/CYBB/TNC/CCL2/MMP2/FSTL1/ELN/LAMB2",9
"C3898127","Non-Metastatic Childhood Soft Tissue Sarcoma","9/459","160/21671",0.05625,2.65575980392157,3.09223161174206,0.00719764327144041,0.0444642289302199,0.031983148153707,"PECAM1/FGFR1/SERPINE1/PTPRC/MITF/CCL2/VEGFC/PRIMA1/THBD",9
"C0029172","Oral Submucous Fibrosis","7/459","106/21671",0.0660377358490566,3.11787314506515,3.21531209404304,0.00737921890096219,0.0455093172387912,0.0327348808388548,"DKK3/SERPINE1/ZEB2/CCL2/MMP2/COL1A2/LUM",7
"C1956257","Pulmonary Stenosis","7/459","106/21671",0.0660377358490566,3.11787314506515,3.21531209404304,0.00737921890096219,0.0455093172387912,0.0327348808388548,"VWF/RAB23/IGFBP7/ZEB2/MGP/EFEMP2/ELN",7
"C0280785","Diffuse Astrocytoma","6/459","81/21671",0.0740740740740741,3.49729686113128,3.31231284501126,0.00744920477898118,0.0458638539202541,0.0329898992993559,"IGFBP5/ADAM12/ICAM1/FGFR1/LATS2/CAV1",6
"C1720830","Painful Bladder Syndrome","6/459","81/21671",0.0740740740740741,3.49729686113128,3.31231284501126,0.00744920477898118,0.0458638539202541,0.0329898992993559,"PECAM1/ICAM1/SERPINE1/SERPING1/CCL2/A2M",6
"C0746102","Chronic lung disease","8/459","133/21671",0.0601503759398496,2.83991023309909,3.13086800314371,0.00748124004964913,0.046022481747171,0.0331040003961622,"AOC3/CCL5/CAV1/CCL2/FSTL1/A2M/LOXL1/ELN",8
"C0221238","Mesangial proliferative glomerulonephritis","4/459","37/21671",0.108108108108108,5.10416298651593,3.67537822426774,0.00754988851913055,0.0462123701767299,0.0332405872643341,"VWF/FGFR1/DCN/C3",4
"C0239337","Deformity of limb","4/459","37/21671",0.108108108108108,5.10416298651593,3.67537822426774,0.00754988851913055,0.0462123701767299,0.0332405872643341,"TPM2/GJA1/MASP1/GREM1",4
"C0272322","Severe hereditary factor VIII deficiency disease","4/459","37/21671",0.108108108108108,5.10416298651593,3.67537822426774,0.00754988851913055,0.0462123701767299,0.0332405872643341,"VWF/HLA-DOA/TFPI/THBD",4
"C0854985","Adenocarcinoma of lung, stage I","4/459","37/21671",0.108108108108108,5.10416298651593,3.67537822426774,0.00754988851913055,0.0462123701767299,0.0332405872643341,"ADAM12/CCL5/CAV1/GBP1",4
"C1859726","ARTERIAL TORTUOSITY SYNDROME","4/459","37/21671",0.108108108108108,5.10416298651593,3.67537822426774,0.00754988851913055,0.0462123701767299,0.0332405872643341,"COL4A1/TGFBR1/EFEMP2/ELN",4
"C4551854","HYPOPLASTIC LEFT HEART SYNDROME 1","4/459","37/21671",0.108108108108108,5.10416298651593,3.67537822426774,0.00754988851913055,0.0462123701767299,0.0332405872643341,"FGFR1/GJA1/PLN/ELN",4
"C0025289","Meningitis","10/459","191/21671",0.0523560209424084,2.47191139399332,3.00556553137024,0.00774117823258601,0.0473437558741239,0.0340543937161569,"SLC11A1/LSAMP/ICAM1/CYBB/JAK3/IGHM/SERPINE1/CFH/WIPF1/THBS1",10
"C0275524","Coinfection","12/459","252/21671",0.0476190476190476,2.24826226787011,2.93191588951028,0.00776755279393611,0.0474655037091566,0.0341419670113411,"SORBS1/EPHA3/CD38/SERPINE1/CCL5/GJA1/CAV2/CCL2/FLNA/CFH/PDLIM7/HLA-DQB1",12
"C0220613","Adult Soft Tissue Sarcoma","9/459","162/21671",0.0555555555555556,2.62297264584846,3.05002631825413,0.00778236460201793,0.0474769524640146,0.0341502021079931,"PECAM1/FGFR1/SERPINE1/PTPRC/MITF/CCL2/VEGFC/PRIMA1/THBD",9
"C1266044","Collecting Duct Carcinoma of the Kidney","9/459","162/21671",0.0555555555555556,2.62297264584846,3.05002631825413,0.00778236460201793,0.0474769524640146,0.0341502021079931,"CTSB/GEM/KCNMA1/CPQ/FEZ1/MITF/CRYAB/DES/BCHE",9
"C0342384","Idiopathic hypogonadotropic hypogonadism","6/459","82/21671",0.0731707317073171,3.45464689941017,3.27585507362521,0.00789751527779483,0.0480994727167936,0.0345979813218092,"FGFR1/EDNRA/ACKR3/AXL/NDN/NFATC1",6
"C0393819","Polyradiculoneuropathy, Chronic Inflammatory Demyelinating","6/459","82/21671",0.0731707317073171,3.45464689941017,3.27585507362521,0.00789751527779483,0.0480994727167936,0.0345979813218092,"RDX/PMP22/MMP2/MSN/HLA-DQB1/ITGA4",6
"C0009081","Congenital clubfoot","13/459","285/21671",0.0456140350877193,2.15359859343347,2.88374832858052,0.00808952822468713,0.0491872805641912,0.0353804421984092,"COL3A1/TPM2/GLI3/RAB23/SETBP1/TGFBR1/TRPS1/SYNE1/COL6A2/DES/COL6A1/FLNA/LAMB2",13
"C0027059","Myocarditis","13/459","285/21671",0.0456140350877193,2.15359859343347,2.88374832858052,0.00808952822468713,0.0491872805641912,0.0353804421984092,"CLU/FGL2/GJA1/PTPRC/CTSB/F2R/SPARC/CCL2/MMP2/TFPI/MSN/HLA-DQB1/PRKCB",13
"C0338502","Hypoplasia of the optic nerve","5/459","59/21671",0.0847457627118644,4.00114471400613,3.39555252637977,0.00817173373802416,0.0496049246512484,0.0356808538558976,"COL4A1/TUBA1A/ALDH1A3/MEF2C/LAMB2",5
"C1842774","Hypermelanotic macule","5/459","59/21671",0.0847457627118644,4.00114471400613,3.39555252637977,0.00817173373802416,0.0496049246512484,0.0356808538558976,"CYBB/GJA1/C1S/C1R/MMP2",5
"C0277524","Infectious colitis","3/459","20/21671",0.15,7.08202614379085,4.00284975766361,0.00823111975208784,0.0497186731362738,0.0357626732135331,"IL18BP/F2R/CCL2",3
"C0553980","Endomyocardial Fibrosis","3/459","20/21671",0.15,7.08202614379085,4.00284975766361,0.00823111975208784,0.0497186731362738,0.0357626732135331,"COL3A1/LDB3/CCL2",3
"C1527383","Morphea","3/459","20/21671",0.15,7.08202614379085,4.00284975766361,0.00823111975208784,0.0497186731362738,0.0357626732135331,"BNC2/DCN/SPARC",3
"C1856266","Coronal craniosynostosis","3/459","20/21671",0.15,7.08202614379085,4.00284975766361,0.00823111975208784,0.0497186731362738,0.0357626732135331,"RAB23/FGFR1/MASP1",3
"C1865244","Shallow orbits","3/459","20/21671",0.15,7.08202614379085,4.00284975766361,0.00823111975208784,0.0497186731362738,0.0357626732135331,"SETBP1/FGFR1/MITF",3
"C4543948","Localized cutaneous leishmaniasis","3/459","20/21671",0.15,7.08202614379085,4.00284975766361,0.00823111975208784,0.0497186731362738,0.0357626732135331,"SLC11A1/CCL5/CCL2",3
