"ID","Description","GeneRatio","BgRatio","RichFactor","FoldEnrichment","zScore","pvalue","p.adjust","qvalue","geneID","Count"
"GO:0061061","muscle structure development","113/2030","573/18842",0.197207678883072,1.83043698793834,7.0148261247279,1.04895045196848e-10,8.69160344501081e-07,8.69160344501081e-07,"ITGB1/RGS2/SOX6/PLEKHO1/PDLIM4/BASP1/SGCB/AKAP6/DKK1/TCF12/EFEMP2/NID1/ADAM12/MYLK/GATA4/SKIL/CSRP2/RBPJ/KDM6B/TGFBR1/SGCE/PDLIM5/HES1/SRF/LMNA/SLC8A1/QKI/ZFPM2/DOCK2/PLEKHM3/GREM1/EGR2/EDNRA/LDB3/TAGLN/TCF7L2/HDAC4/CSRP1/CFL2/SGCD/ZFP36L1/JPH2/TBX3/ANK2/SMAD4/CAV1/CD9/ACTN1/SORBS2/MYL9/DDX5/NFATC3/NFATC1/MYEF2/ADAMTS5/KY/BOC/PRICKLE1/LAMA2/ID2/RORA/LMOD1/PAK1/CAV2/MAPK14/EHD1/LAMB1/MEIS1/POPDC2/OBSL1/DES/CFLAR/PGM5/COL6A1/TPM1/HBEGF/TBX18/FHL1/ACTL6B/MYH3/FOXK1/RPLP2/ITGA11/CACYBP/PRKD1/NRAP/RBPMS2/TMEM182/MYH11/LAMB2/MYOCD/EHD2/SMARCA4/PDLIM7/MEF2D/AKAP13/MEF2C/FXR1/SMTN/SOX4/COL3A1/SCN11A/PAXBP1/PDLIM3/ARID2/SVIL/EHMT1/MECP2/NPNT/DMD/SYNE1/SEMA4C/ASB2",113
"GO:0030036","actin cytoskeleton organization","131/2030","705/18842",0.185815602836879,1.72469831953324,6.81489845949891,2.19966704673296e-10,9.11322057461467e-07,9.11322057461467e-07,"FHDC1/ITGB3/MYO5A/DPYSL3/DIAPH3/PDLIM4/RGCC/FARP2/NCKAP1L/EPB41L5/CNN1/CAPZB/DLC1/MYO6/MYO1G/TNFAIP1/ABI2/CDC42EP4/CCDC88A/PAWR/PLEKHG2/CSRP2/PLEKHH2/ESPN/TGFBR1/PDLIM5/TPM2/RNH1/TACR1/RAC1/OAZ3/SRF/ARFIP2/SORBS1/RHOBTB2/DOCK2/SPIRE2/COBL/RHOQ/CD2AP/LDB3/FARP1/CD47/EVL/CSRP1/CFL2/TAOK2/PIP5K1C/CDC42BPG/ARRB1/CAP2/RHOF/CDC42/TLE6/ANTXR1/RHOV/SMAD4/FGD2/PARVA/PARVB/MRAS/RDX/ARHGEF12/ACTN1/KANK2/MYL9/AMOTL1/SSH1/SLIT2/LCP1/DIXDC1/LIMK1/LMOD1/PAK1/LUZP1/ARHGAP28/EPHA3/CPNE6/TTC17/PKP3/WIPF1/OBSL1/PAK2/ILK/LRP1/CFLAR/PHLDB2/FLNA/PGM5/TPM1/DNM2/FCHSD2/SYDE1/MYH3/ZYX/FGD3/CUL3/HMCN1/PRKD1/NRAP/TGFB3/DAAM1/MYH11/AGAP2/JMY/CALD1/MYO5C/SYNPO2/PPP1R9A/FER/PRKCD/MYO19/GIPC1/RUFY3/PDLIM7/PALLD/WIPF3/AKAP13/CYTH2/SMTN/HIP1/PDLIM3/GAS2L1/SVIL/ATXN3/ZEB2/GSN/SPTAN1/CDC42EP5/FERMT2/ASB2",131
"GO:0007507","heart development","90/2030","438/18842",0.205479452054795,1.90721371212632,6.67545467986233,1.02611656713276e-09,2.83413395842068e-06,2.83413395842068e-06,"RGS2/KCNQ1/SOX6/PDLIM4/BASP1/IHH/AKAP6/DKK1/DLC1/PKD2/GATA4/RBPJ/CDH11/GJA1/SPRED1/HSPB7/KDM6B/TGFBR1/PDLIM5/HES1/RAC1/NRP2/SRF/HOPX/SLC8A1/GATA3/ZFPM2/YAP1/GREM1/DZIP1/EDNRA/LDB3/VCAM1/SGCD/JPH2/TBX3/CDC42/ANK2/SMAD4/PARVA/DNAAF1/WNK1/SORBS2/SLIT2/NFATC1/MIXL1/ADAMTS5/PRICKLE1/ID2/PAK1/ECE2/MMP2/MEIS1/POPDC2/PTEN/OBSL1/ILK/NPHP3/TPM1/TBX18/PAX8/CACYBP/ADAMTS9/NRAP/TGFB3/PCSK5/CFC1/MYH11/SPRY1/MYOCD/ELN/PDLIM7/MEF2D/AKAP13/MEF2C/AXIN2/SMAD5/PLXNA4/HEG1/SOX4/HTR2B/COL3A1/CACNA1G/ERBB3/PDLIM3/SOX11/NTRK3/EGFR/OXCT1/ASB2",90
"GO:0097435","supramolecular fiber organization","140/2030","794/18842",0.17632241813602,1.63658473030487,6.36857444994257,2.04176994249048e-09,4.22952643586902e-06,4.22952643586902e-06,"FHDC1/MYO5A/DPYSL3/DIAPH3/BASP1/TUBGCP4/RGCC/KATNBL1/NCKAP1L/PCNT/CNN1/HOOK1/CAPZB/EFEMP2/DLC1/MYO6/ZNF207/MYO1G/TNFAIP1/ABI2/CLIP4/CDC42EP4/CCDC88A/PAWR/PLEKHG2/CSRP2/PLEKHH2/ESPN/HOOK2/PCM1/SLAIN2/TGFBR1/CLU/NEFL/TPM2/RNH1/TACR1/RAC1/OAZ3/ARFIP2/SORBS1/RHOBTB2/SPIRE2/COBL/RAD51D/RHOQ/CD2AP/MAP1B/CD47/EVL/CSRP1/CFL2/ATP7A/ARRB1/CAP2/RHOF/CDC42/TLE6/RHOV/SMAD4/PARVA/RDX/ARHGEF12/ACTN1/KANK2/MYL9/SSH1/SLIT2/LCP1/CRYAB/LIMK1/BACE1/LMOD1/PAK1/LUZP1/EPPK1/ARHGAP28/PRPH/KPNB1/TTC17/WIPF1/DYRK1A/OBSL1/MAP4/PAK2/ILK/DES/CFLAR/PHLDB2/FLNA/PGM5/TPM1/CAMSAP3/TUBA1A/DNM2/FCHSD2/MYH3/ZYX/DYNC1H1/CUL3/OCLN/SNCA/PRKD1/NRAP/TGFB3/TTBK2/MYH11/KIF21A/JMY/CALD1/MYO5C/TACC1/SYNPO2/PPP1R9A/FER/PRKCD/CDH5/MYO19/VIM/KATNAL1/HAUS6/GIPC1/RUFY3/WIPF3/AKAP13/MAP2/COL3A1/HIP1/GAS2L1/SVIL/PLK1/MECP2/ZEB2/GSN/TUBGCP5/NME7/SPTAN1/CDC42EP5/FERMT2/ASB2",140
"GO:0000902","cell morphogenesis","134/2030","761/18842",0.176084099868594,1.63437271414978,6.20748820563905,5.00385279960349e-09,8.29238485950291e-06,8.29238485950291e-06,"SDC2/SPARC/GFRA3/NCKAP1L/ITGA4/RAB21/CCL2/SPG11/ABI2/CDC42EP4/SKIL/CDH11/ITPR1/GAP43/CLU/KIAA1755/TIAM1/PDLIM5/PRKG1/CDH19/PDPN/RAC1/NRP2/ITGA1/RHOBTB2/NUMBL/NCAM1/GREM1/COBL/GAS7/EDNRA/VPS33A/FARP1/MAP1B/CDH7/NEDD4L/MAGI1/ARHGAP32/UNK/EVL/CNTN1/TAOK2/ATP7A/STC1/DICER1/MSN/LLPH/CAP2/CDC42/RREB1/RHOV/FGD2/PARVA/PARVB/RDX/ZDHHC17/ACTN1/EPHA8/CDH4/SSH1/BRWD3/SLIT2/FEZ1/LIMK1/COCH/NRXN3/STK11/BOC/PRICKLE1/PAK1/LUZP1/MAP4K4/EPHA3/LST1/MYO16/DSCAM/CPNE6/ULK2/PTEN/OBSL1/LMO4/PAK2/ILK/CHRNA3/MYO10/FLNA/LYPLA2/TPM1/TUBA1A/DNM2/KALRN/METRN/FGD3/CUL7/PRKCA/FRY/PPP1R12A/YWHAH/SARM1/UNC5C/RGMA/PPP1R12B/PALMD/TENM3/ARHGAP33/B4GALT6/KIF21A/LHX9/CDH5/PTPRM/CDH1/MYO9A/VLDLR/VIM/RUFY3/PALLD/MEF2C/BRWD1/PLXNA4/FYN/MAP2/SCN11A/FZD3/NEXN/DCLK1/NRXN1/MYO9B/KCTD12/CDH8/CDC42EP5/SEMA4C/FERMT2/CDH2/SNX1",134
"GO:0007015","actin filament organization","88/2030","448/18842",0.196428571428571,1.82320548909219,6.12772796047171,1.51945185468357e-08,2.09836301131801e-05,2.09836301131801e-05,"FHDC1/MYO5A/DPYSL3/DIAPH3/RGCC/NCKAP1L/CNN1/CAPZB/DLC1/MYO6/MYO1G/TNFAIP1/ABI2/CDC42EP4/CCDC88A/PAWR/PLEKHG2/PLEKHH2/ESPN/TGFBR1/TPM2/RNH1/TACR1/RAC1/OAZ3/ARFIP2/SORBS1/RHOBTB2/SPIRE2/COBL/RHOQ/CD2AP/CD47/EVL/CFL2/ARRB1/CAP2/RHOF/CDC42/TLE6/RHOV/PARVA/RDX/ARHGEF12/ACTN1/KANK2/MYL9/SSH1/SLIT2/LCP1/LIMK1/LMOD1/PAK1/LUZP1/ARHGAP28/TTC17/WIPF1/PAK2/ILK/PHLDB2/FLNA/TPM1/DNM2/FCHSD2/ZYX/CUL3/NRAP/TGFB3/JMY/CALD1/MYO5C/SYNPO2/PPP1R9A/FER/PRKCD/MYO19/GIPC1/RUFY3/WIPF3/HIP1/GAS2L1/SVIL/ZEB2/GSN/SPTAN1/CDC42EP5/FERMT2/ASB2",88
"GO:0030048","actin filament-based movement","38/2030","138/18842",0.27536231884058,2.55585064610552,6.37427071384925,3.35178701233853e-08,3.96755816917672e-05,3.96755816917672e-05,"MYO5A/KCNQ1/TRPM4/SCN4A/MYO6/MYO1G/GATA4/GJA1/PLN/PDPN/QKI/SCN2B/KCNE4/NEDD4L/STC1/SCN8A/KCNJ8/ANK2/CAV1/PARVA/LUZP1/ACTA2/WIPF1/FLNA/TPM1/PDE4D/MYH3/GJC1/MYO5C/MYO19/ATP1A2/ATP2A2/SCN11A/CACNA1G/MYO9B/ZEB2/GSN/CACNA2D1",38
"GO:0046649","lymphocyte activation","123/2030","707/18842",0.173974540311174,1.61479226036608,5.78988078418829,4.40335996716782e-08,4.56078008599406e-05,4.56078008599406e-05,"MYB/ITGB1/HLA-DQB1/PIK3CD/LILRB2/IHH/NCKAP1L/HLA-G/PBX1/ITGA4/CCL2/TRAC/CD27/JUNB/HMCES/SLAMF7/CD3D/SASH3/FLT3LG/INPP5D/TACR1/PECAM1/HSPD1/ZMIZ1/AXL/TP53BP1/GATA3/JAK3/VCAM1/CD2/LAMP1/HDAC4/IL12RB1/CD47/ICAM3/ATP7A/MSN/ZFP36L1/HLA-F/PPP2R3C/ICAM1/LAPTM5/CD6/CAV1/CTLA4/CD38/IRF2BP2/SOCS3/DCAF15/CD300A/PRDM1/PRKCB/PIK3R3/NFATC3/LCP1/HLA-DOA/LGALS1/CEBPG/PTPN6/LGALS9/ZBTB7B/PSMB8/TIRAP/TFRC/ID2/HELLS/RORA/HAVCR2/MICB/HLA-DRA/CD74/LST1/IL21R/C3/CHRNA4/METTL14/NFE2L2/NKG7/CCL5/UFL1/CD8A/RC3H1/ACTL6B/RC3H2/TCF3/SIRPG/TNFRSF4/IGHM/SLC15A4/HFE/HLA-DMB/IL6ST/CD84/SH2D1A/PSMB9/PTPRC/KMT2A/SMARCA4/CUL4B/SLA2/GLI3/MR1/SLAMF8/TIGIT/MEF2C/PSMB10/FOXP3/FYN/NFKBID/SOX4/CLEC12A/HLA-DPA1/CLEC4A/ARID2/BTN3A1/SOX11/CLPTM1/CLEC2B/SLC11A1/SLC7A1/GSN/PRKAR1A/LILRB4",123
"GO:0070848","response to growth factor","123/2030","715/18842",0.172027972027972,1.59672465465569,5.65267919034602,8.40328619043473e-08,7.63577472390634e-05,7.63577472390634e-05,"NREP/SMURF2/LDLRAD4/ITGB3/ITGB1/SOX6/SAP30L/PIK3CD/RGCC/DKK3/ADAM9/DOK5/XIAP/VEPH1/CCL2/ATP2B4/GATA4/SKIL/RBPJ/TGFB1I1/SPRED1/SUDS3/TGFBR1/FGFR1/ACVR1B/HES1/CHRDL2/NRP2/GLG1/ZMIZ1/STAT5B/DNM3OS/GAB1/GREM1/PEG10/BRMS1L/VCAM1/RPS6KB1/ERBB2/MAP1B/LUM/ERN1/KDM5B/ZFP36L1/ELK1/SMAD4/CAV1/PRKCB/ZDHHC17/FLT1/KCNC2/DDX5/CASR/ZNF451/SLIT2/FEZ1/SOX5/LATS2/MTMR4/STK11/NR3C1/TRIM33/MAPK14/EHD1/MEIS2/ARNT/RAPGEF1/ACTA2/FSTL1/PAK2/ILK/CFLAR/FNTA/THBS1/CCL5/CHURC1/ACVR2B/PCSK6/NLK/ZYX/SNCA/PRKD1/RGMA/HFE/TGFB3/KIDINS220/CEP128/RBPMS2/AKT1S1/DCN/PDGFRL/DDR2/SPRY1/MYOCD/FER/CDH5/GIPC1/KMT2A/PDE8A/VEGFC/CHRDL1/ANGPT2/MEF2C/SMAD5/FYN/RNF111/IL17RD/COL3A1/COL1A2/PPM1A/SPRY4/RAB14/SOX11/NRXN1/ING1/CREB1/ZEB2/ADAMTS12/NTRK3/DMD/EGFR/FERMT2/EHD4",123
"GO:0003013","circulatory system process","102/2030","564/18842",0.180851063829787,1.67861859343884,5.68579599506738,9.29245844659628e-08,7.63577472390634e-05,7.63577472390634e-05,"SCARB1/ABCC2/ITGB1/RGS2/KCNQ1/TRPM4/SCN4A/WWTR1/SLC27A4/GNA11/ITGA4/FGB/ATP2B4/SLC7A2/GATA4/ATP1B1/GJA1/TRPC1/HSPB7/PLN/TACR1/PRKG1/PECAM1/ITGA1/PRKACA/SLC8A1/GAB1/SCN2B/ZDHHC21/PTGS2/YAP1/EDNRA/KCNE4/NEDD4L/SGCD/STC1/SCN8A/JPH2/ABCC9/KCNJ8/CDC42/ADRA1A/SLC6A17/ANK2/CAV1/SERPING1/ATP6AP2/CD38/WNK1/CASR/SLIT2/SLC22A8/TACR2/TBXA2R/TFRC/ID2/CTSZ/AGTR1/GNA13/KLK3/AKAP12/MMP2/SLC38A2/SLC2A5/POPDC2/ABCA2/LRP1/DES/FLNA/TPM1/PDE4D/TBX18/SLC19A1/OCLN/F5/ABCC3/PCSK5/GJC1/JPH3/NPFF/KCNMA1/ATP2B1/CDH5/ATP1A2/C2CD4B/ELN/VEGFC/F2R/FYN/ATP2A2/ADAMTS16/HTR2B/COL1A2/SCN11A/CACNA1G/SLC7A1/ZEB2/GSN/DMD/CACNA2D1/SLC24A3/FERMT2",102
"GO:0006897","endocytosis","119/2030","688/18842",0.17296511627907,1.60542301523657,5.62156560481348,1.01367996576116e-07,7.63577472390634e-05,7.63577472390634e-05,"RAB11FIP2/SCARB1/ITGB3/MYO5A/ITGB1/MIB1/IL2RB/LRP6/MASP1/NCKAP1L/DKK1/PIKFYVE/SERPINE1/NCDN/MYO6/ITGA4/RAB21/AAK1/MYO1G/CCL2/MYLK/SYNRG/FCN2/HOOK2/RAB7A/CLU/PECAM1/RAC1/AXL/PRKACA/STAB1/DOCK2/GREM1/GAPVD1/GAS7/RHOQ/FKBP15/PCSK9/NEDD4L/CD300LF/CD47/ICAM3/PIP5K1C/LYST/AP1S1/ARRB1/APOC1/CDC42/RHOV/ANK2/CAV1/CD9/DNASE2/CD300A/LIMK1/HAMP/TFRC/PAK1/CAV2/VAMP2/EHD1/EPHA3/PLD4/CANX/ABCA2/C3/LRP1/THBS1/STON2/FNBP1/DNM2/BMP2K/FCHSD2/OCIAD1/SIRPG/SNCA/PRKD1/LETMD1/HFE/STON1/STEAP2/ITGA2/MYO5C/PRKCD/PTPRC/EHD2/ZFYVE16/VLDLR/MYO19/SYT11/DPYSL2/CD151/CALY/CSNK1G2/VAC14/IL10RA/SRPX/PDLIM7/ACKR3/EPS15L1/FYN/CYTH2/HIP1/EPS15/CUBN/RAB14/MFGE8/SMPD1/USP46/SLC11A1/BICD1/RUFY2/GSN/GRK4/LILRB4/UBQLN2/NUMB/EHD4/SNX1",119
"GO:0071363","cellular response to growth factor stimulus","118/2030","685/18842",0.172262773722628,1.59890403077919,5.54843851853042,1.43513386738398e-07,9.44680990393324e-05,9.44680990393324e-05,"NREP/SMURF2/LDLRAD4/ITGB3/ITGB1/SOX6/SAP30L/PIK3CD/RGCC/DKK3/ADAM9/DOK5/XIAP/VEPH1/CCL2/ATP2B4/GATA4/SKIL/RBPJ/TGFB1I1/SPRED1/SUDS3/TGFBR1/FGFR1/ACVR1B/HES1/CHRDL2/NRP2/GLG1/ZMIZ1/STAT5B/DNM3OS/GAB1/GREM1/PEG10/BRMS1L/VCAM1/RPS6KB1/ERBB2/MAP1B/ERN1/KDM5B/ZFP36L1/SMAD4/CAV1/PRKCB/ZDHHC17/FLT1/DDX5/CASR/ZNF451/SLIT2/FEZ1/SOX5/LATS2/MTMR4/STK11/NR3C1/TRIM33/MAPK14/EHD1/ARNT/RAPGEF1/ACTA2/FSTL1/PAK2/ILK/CFLAR/FNTA/THBS1/CCL5/CHURC1/ACVR2B/PCSK6/NLK/ZYX/SNCA/PRKD1/RGMA/HFE/TGFB3/KIDINS220/CEP128/RBPMS2/AKT1S1/DCN/PDGFRL/DDR2/SPRY1/MYOCD/CDH5/GIPC1/KMT2A/PDE8A/VEGFC/CHRDL1/ANGPT2/MEF2C/SMAD5/FYN/RNF111/IL17RD/COL3A1/COL1A2/PPM1A/SPRY4/RAB14/SOX11/NRXN1/ING1/CREB1/ZEB2/ADAMTS12/NTRK3/DMD/EGFR/FERMT2/EHD4",118
"GO:0003012","muscle system process","89/2030","477/18842",0.186582809224319,1.73181935537173,5.6254584059216,1.48212079110707e-07,9.44680990393324e-05,9.44680990393324e-05,"CACNB3/RGS2/KCNQ1/GNAO1/TRPM4/SCN4A/AKAP6/CNN1/ATP2B4/MYLK/GATA4/ATP1B1/GJA1/PDLIM5/TPM2/PLN/TACR1/PRKG1/SRF/CKMT2/LMNA/PRKACA/SLC8A1/SCN2B/ZDHHC21/CHRNE/EDNRA/KCNE4/NEDD4L/HDAC4/PDE9A/STC1/SCN8A/DTNA/JPH2/ARRB1/KCNJ8/ADRA1A/ANK2/SMAD4/CAV1/CD38/FBXO32/SORBS2/MYL9/PTGER3/CRYAB/TACR2/LMOD1/PAK1/ACTA2/MEIS1/SYNM/PAK2/CHRNA3/DES/CFLAR/FLNA/TPM1/PDE4D/IGFBP5/MYH3/PRKCA/RPLP2/PRKD1/PPP1R12B/GATM/GJC1/JPH3/MYH11/ITGA2/CALD1/IL6ST/MYOCD/KCNMA1/ATP2B1/ATP1A2/F2R/SSPN/SMTN/ATP2A2/HTR2B/SCN11A/CACNA1G/NPNT/GSN/DMD/CACNA2D1/ASB2",89
"GO:0001667","ameboidal-type cell migration","47/2030","200/18842",0.235,2.18121674876847,5.8356420548767,1.80937096766655e-07,0.000102541269352955,0.000102541269352955,"SMURF2/ITGB3/ITGB1/ADAM9/PKN2/RADIL/ITGA4/GJA1/TGFBR1/ACVR1B/MCC/TACR1/RAC1/NRP2/EDNRA/EVL/PTPN23/CDC42/RREB1/SMAD4/KANK2/AMOTL1/PAK1/MAP4K4/EPPK1/TNS1/AKAP12/MMP2/ACTA2/PTPRG/PTEN/MARVELD3/THBS1/ACVR2B/GLIPR2/HBEGF/SYDE1/OCLN/ITGA2/DDR2/FER/HTR2B/CYGB/CENPV/ZEB2/PML/SEMA4C",47
"GO:0050865","regulation of cell activation","103/2030","579/18842",0.177892918825561,1.65116176182819,5.53009274541128,1.85628655599121e-07,0.000102541269352955,0.000102541269352955,"MYB/HLA-DQB1/PIK3CD/LILRB2/IHH/NCKAP1L/HLA-G/THBD/CCL2/CD27/JUNB/HMCES/SASH3/FLT3LG/INPP5D/TACR1/PRKG1/HSPD1/PDPN/ZMIZ1/AXL/TP53BP1/GATA3/JAK3/VCAM1/CD2/LILRA5/CD300LF/IL12RB1/CD47/ZFP36L1/PPP2R3C/LAPTM5/CD6/CAV1/CD9/CTLA4/CD38/DCAF15/CD300A/PRDM1/HLA-DOA/LGALS1/PTPN6/LGALS9/ZBTB7B/PLA2G4A/PSMB8/TIRAP/TFRC/ID2/HAVCR2/HLA-DRA/CD74/LST1/ACTA2/METTL14/FLNA/THBS1/CCL5/UFL1/RC3H1/ACTL6B/PRKCA/RC3H2/TCF3/SIRPG/PTPRE/TNFRSF4/SLC15A4/HFE/HLA-DMB/IL6ST/CEBPA/DDR2/CD84/PSMB9/FER/PRKCD/PTPRC/SYT11/SMARCA4/CUL4B/GLI3/SLAMF8/TIGIT/MEF2C/PSMB10/FOXP3/FYN/NFKBID/SOX4/CLEC12A/HLA-DPA1/CYGB/LILRA2/ARID2/SOX11/CLPTM1/SLC7A1/GP5/PRKAR1A/LILRB4",103
"GO:0030198","extracellular matrix organization","59/2030","278/18842",0.212230215827338,1.96987277173335,5.66098088258526,2.43144185290479e-07,0.000125918294957307,0.000125918294957307,"ITGB1/RECK/ADAMTS2/POSTN/RGCC/COLGALT1/ADAMTS8/GFOD2/COL28A1/EFEMP2/NID1/AEBP1/COL8A1/TGFBR1/PDPN/GREM1/LUM/ATP7A/COL8A2/SMAD4/COL16A1/ADAMTSL1/COL13A1/ADAMTS5/CCDC80/PRICKLE1/LAMA2/CRTAP/CYP1B1/LAMB1/MMP2/COL4A6/LRP1/CFLAR/PHLDB2/CTSK/MMP11/COL4A1/HMCN1/ADAMTS1/ADAMTS9/MYH11/ITGA2/DDR2/KIF9/LAMB2/MMP25/ELN/MMP16/AXIN2/ADAMTS16/COL3A1/COL1A2/ADAM10/COL12A1/NPNT/ADAMTS12/PAPLN/LOXL1",59
"GO:0034329","cell junction assembly","90/2030","490/18842",0.183673469387755,1.70481552226802,5.49315815205427,2.61649428493658e-07,0.00012730270327668,0.00012730270327668,"NEGR1/CPEB3/PCDHB4/SDC2/HIPK1/DKK1/PKN2/DLC1/ABI2/NLGN4X/CDH11/GJA1/STRN/GAP43/FGFR1/PDLIM5/CC2D1A/CDH19/PECAM1/RAC1/HOPX/AGRN/PRKACA/SORBS1/NUMBL/GREM1/FARP1/MAP1B/CDH7/ARHGAP32/TAOK2/PIP5K1C/DST/ADGRL2/CDC42/ANK2/CAV1/CD9/PCDH17/COL16A1/PUM2/ACTN1/CDH4/NRXN3/PRICKLE1/PCDHB14/CLDN11/MAP4K4/GNA13/EPHA3/SRGAP2C/RAPGEF1/DSCAM/LRFN4/LRRC15/PKP3/PTEN/PAK2/JAM3/MARVELD3/PHLDB2/THBS1/CUL5/CAMSAP3/PRKCA/OCLN/SNCA/PCDHB3/GJC1/ARHGAP33/ITGA2/FER/CDH5/CDH1/MYO9A/VLDLR/MPDZ/LSAMP/MEF2C/PLXNA4/KIRREL3/SRGAP1/NRXN1/PCDHB5/NTRK3/CDH8/FZD1/SEMA4C/FERMT2/CDH2",90
"GO:0043062","extracellular structure organization","59/2030","279/18842",0.211469534050179,1.962812295849,5.63002016400285,2.76544612476495e-07,0.00012730270327668,0.00012730270327668,"ITGB1/RECK/ADAMTS2/POSTN/RGCC/COLGALT1/ADAMTS8/GFOD2/COL28A1/EFEMP2/NID1/AEBP1/COL8A1/TGFBR1/PDPN/GREM1/LUM/ATP7A/COL8A2/SMAD4/COL16A1/ADAMTSL1/COL13A1/ADAMTS5/CCDC80/PRICKLE1/LAMA2/CRTAP/CYP1B1/LAMB1/MMP2/COL4A6/LRP1/CFLAR/PHLDB2/CTSK/MMP11/COL4A1/HMCN1/ADAMTS1/ADAMTS9/MYH11/ITGA2/DDR2/KIF9/LAMB2/MMP25/ELN/MMP16/AXIN2/ADAMTS16/COL3A1/COL1A2/ADAM10/COL12A1/NPNT/ADAMTS12/PAPLN/LOXL1",59
"GO:0045229","external encapsulating structure organization","59/2030","280/18842",0.210714285714286,1.95580225193526,5.59918715232019,3.14233604741759e-07,0.000133938451109064,0.000133938451109064,"ITGB1/RECK/ADAMTS2/POSTN/RGCC/COLGALT1/ADAMTS8/GFOD2/COL28A1/EFEMP2/NID1/AEBP1/COL8A1/TGFBR1/PDPN/GREM1/LUM/ATP7A/COL8A2/SMAD4/COL16A1/ADAMTSL1/COL13A1/ADAMTS5/CCDC80/PRICKLE1/LAMA2/CRTAP/CYP1B1/LAMB1/MMP2/COL4A6/LRP1/CFLAR/PHLDB2/CTSK/MMP11/COL4A1/HMCN1/ADAMTS1/ADAMTS9/MYH11/ITGA2/DDR2/KIF9/LAMB2/MMP25/ELN/MMP16/AXIN2/ADAMTS16/COL3A1/COL1A2/ADAM10/COL12A1/NPNT/ADAMTS12/PAPLN/LOXL1",59
"GO:0016055","Wnt signaling pathway","82/2030","436/18842",0.188073394495413,1.74565463008994,5.47383318034786,3.23288561692164e-07,0.000133938451109064,0.000133938451109064,"SMURF2/RECK/DKK3/LRP6/TRPM4/WWTR1/DKK1/XIAP/CSNK1A1/PKD2/SBNO1/IGFBP6/TGFB1I1/DACT1/STRN/TIAM1/MCC/RAC1/GATA3/DACT3/WDR20/GREM1/EDNRA/GRK6/TCF7L2/CDK14/DDX3X/CDC42/TLE6/SMAD4/PRICKLE2/CAV1/ATP6AP2/GRK5/WNK1/WNK2/AMOTL1/CDON/NFATC1/TBL1X/DIXDC1/DKK2/LATS2/STK11/PRKAA2/ZRANB1/PRICKLE1/MAPK14/ILK/KREMEN2/LRP1/NPHP3/NLK/TBX18/ROR1/RBMS3/EGR1/USP47/ZBTB33/DAAM1/DCDC2/CCAR2/TMEM67/CCNY/CSNK1G2/SMARCA4/GLI3/NFKB1/TNKS/LYPD6/AXIN2/USP34/SOX4/LGR4/FZD3/PPM1A/RTF1/USP46/ZEB2/EGFR/FZD1/FERMT2",82
"GO:0006939","smooth muscle contraction","26/2030","85/18842",0.305882352941176,2.83913068675746,5.90514637962367,5.24871504330779e-07,0.000203933868151746,0.000203933868151746,"RGS2/CNN1/ATP2B4/MYLK/TACR1/PRKG1/SRF/SLC8A1/ZDHHC21/EDNRA/ADRA1A/CAV1/CD38/PTGER3/TACR2/CHRNA3/MYH11/ITGA2/MYOCD/KCNMA1/ATP2B1/F2R/SMTN/HTR2B/SCN11A/NPNT",26
"GO:0042692","muscle cell differentiation","71/2030","365/18842",0.194520547945205,1.80549564747959,5.39988118379337,5.41460909888777e-07,0.000203933868151746,0.000203933868151746,"ITGB1/RGS2/SOX6/PLEKHO1/AKAP6/DKK1/EFEMP2/NID1/ADAM12/GATA4/CSRP2/KDM6B/PDLIM5/HES1/SRF/SLC8A1/QKI/DOCK2/GREM1/EDNRA/HDAC4/CSRP1/TBX3/ANK2/SMAD4/CD9/ACTN1/SORBS2/MYL9/NFATC3/NFATC1/MYEF2/ADAMTS5/PRICKLE1/LAMA2/ID2/RORA/LMOD1/PAK1/CAV2/MAPK14/EHD1/LAMB1/MEIS1/POPDC2/OBSL1/CFLAR/PGM5/COL6A1/TPM1/TBX18/MYH3/RPLP2/CACYBP/PRKD1/NRAP/RBPMS2/TMEM182/MYH11/LAMB2/MYOCD/EHD2/AKAP13/MEF2C/EHMT1/MECP2/NPNT/DMD/SYNE1/SEMA4C/ASB2",71
"GO:0051017","actin filament bundle assembly","39/2030","159/18842",0.245283018867925,2.27666139975834,5.61747677953617,6.16558303653035e-07,0.000222121830611698,0.000222121830611698,"FHDC1/DPYSL3/RGCC/DLC1/TNFAIP1/CCDC88A/PAWR/ESPN/TGFBR1/TACR1/RAC1/OAZ3/SORBS1/SPIRE2/CD47/EVL/ARRB1/CDC42/PARVA/ACTN1/MYL9/LCP1/LIMK1/PAK1/LUZP1/ARHGAP28/PAK2/ILK/PHLDB2/FLNA/TPM1/DNM2/ZYX/CUL3/TGFB3/CALD1/SYNPO2/ZEB2/FERMT2",39
"GO:0009790","embryo development","107/2030","626/18842",0.170926517571885,1.58650120398495,5.18584902267631,8.07222004059952e-07,0.000278693396901698,0.000278693396901698,"PBX3/ITGB3/RAI2/ITGB1/RARB/KCNQ1/BASP1/SPARC/LRP6/IHH/HIPK1/DKK1/DLC1/PBX1/MYO6/ITGA4/PKD2/GATA4/COL8A1/RBPJ/CNOT2/SOX7/GJA1/TAF10/MFAP5/DACT1/KDM6B/TGFBR1/FGFR1/FLT3LG/HES1/NRP2/SRF/HOPX/GATA3/RPS6KA6/TEAD2/GREM1/COBL/EDNRA/TBX3/CDC42/TLE6/SMAD4/PRICKLE2/ATP6AP2/DNAAF1/MTHFR/WNK1/ZZZ3/FLT1/SOBP/MIXL1/LAMA4/PRICKLE1/LAMA2/ID2/ALDH1A3/LAMB1/MEIS2/MMP2/MEIS1/E2F7/EFEMP1/LMO4/INO80C/NPHP3/COL6A1/CAMSAP3/CDC40/TBX18/MYH3/AFF3/PAX8/CUL3/GPR161/TGFB3/PCSK5/ATP8A2/CFC1/RBPMS2/ITGA2/KMT2A/CUL4B/GLI3/CHRDL1/USP22/UBR3/MEF2C/SMAD5/PLXNA4/HTR2B/FOXD3/COL3A1/FZD3/RAB14/CEP290/ADAM10/BRD3/RTF1/EHMT1/SOX11/COL12A1/TADA2A/DR1/SEMA4C/ASB2",107
"GO:0040017","positive regulation of locomotion","105/2030","614/18842",0.171009771986971,1.58727395260025,5.14097767200534,9.98898878137922e-07,0.000331075044170033,0.000331075044170033,"SMURF2/TNFRSF18/SCARB1/ITGB3/ITGB1/IQCF1/AKT2/PIK3CD/SPARC/ADAM9/NCKAP1L/GPLD1/SERPINE1/ITGA4/CCL2/MYLK/HSPA5/TGFBR1/AKT3/TIAM1/FGFR1/ACVR1B/TACR1/PECAM1/PDPN/RAC1/NRP2/MCAM/CCL22/IRGC/GAB1/GATA3/PTGS2/GREM1/PDGFC/HTN1/SH3RF2/CD47/CDC42/RREB1/ICAM1/CAV1/ELP3/WNK1/PIK3R3/FLT1/MAP2K2/CASR/SSH1/SLIT2/TACR2/LGALS9/TIRAP/PAK1/MAP4K4/MOSPD2/LAMB1/SRGAP2C/THBS4/CD74/DSCAM/AKAP12/MMP2/LRRC15/ACTA2/PLK2/JAM3/NFE2L2/FLNA/THBS1/CCL5/CUL5/GLIPR2/HBEGF/SYDE1/IGFBP5/PRKCA/UBE2I/ADAMTS1/PRKD1/MAZ/TWIST2/ZNF268/ITGA2/DDR2/SYNPO2/TRADD/FER/CCAR1/PTPRC/CDH5/ARHGEF39/CD151/VEGFC/RUFY3/F2R/ACKR3/ADAM10/NTRK3/CMKLR1/EGFR/SPAG9/SEMA4C/NUMB/FERMT2",105
"GO:0061572","actin filament bundle organization","39/2030","163/18842",0.239263803680982,2.22079240835323,5.4393764185984,1.20834379321505e-06,0.000385089871945381,0.000385089871945381,"FHDC1/DPYSL3/RGCC/DLC1/TNFAIP1/CCDC88A/PAWR/ESPN/TGFBR1/TACR1/RAC1/OAZ3/SORBS1/SPIRE2/CD47/EVL/ARRB1/CDC42/PARVA/ACTN1/MYL9/LCP1/LIMK1/PAK1/LUZP1/ARHGAP28/PAK2/ILK/PHLDB2/FLNA/TPM1/DNM2/ZYX/CUL3/TGFB3/CALD1/SYNPO2/ZEB2/FERMT2",39
"GO:0070252","actin-mediated cell contraction","31/2030","117/18842",0.264957264957265,2.45927329375605,5.50185265346165,1.48555359736458e-06,0.000452312027888315,0.000452312027888315,"KCNQ1/TRPM4/SCN4A/GATA4/GJA1/PLN/PDPN/QKI/SCN2B/KCNE4/NEDD4L/STC1/SCN8A/KCNJ8/ANK2/CAV1/PARVA/LUZP1/ACTA2/FLNA/TPM1/PDE4D/MYH3/GJC1/ATP1A2/ATP2A2/SCN11A/CACNA1G/ZEB2/GSN/CACNA2D1",31
"GO:0006936","muscle contraction","71/2030","375/18842",0.189333333333333,1.75734909688013,5.14758911919948,1.52845000976018e-06,0.000452312027888315,0.000452312027888315,"CACNB3/RGS2/KCNQ1/GNAO1/TRPM4/SCN4A/CNN1/ATP2B4/MYLK/GATA4/ATP1B1/GJA1/TPM2/PLN/TACR1/PRKG1/SRF/CKMT2/PRKACA/SLC8A1/SCN2B/ZDHHC21/CHRNE/EDNRA/KCNE4/NEDD4L/STC1/SCN8A/DTNA/JPH2/KCNJ8/ADRA1A/ANK2/CAV1/CD38/MYL9/PTGER3/CRYAB/TACR2/LMOD1/ACTA2/SYNM/CHRNA3/DES/FLNA/TPM1/PDE4D/MYH3/RPLP2/PRKD1/PPP1R12B/GJC1/JPH3/MYH11/ITGA2/CALD1/MYOCD/KCNMA1/ATP2B1/ATP1A2/F2R/SSPN/SMTN/ATP2A2/HTR2B/SCN11A/CACNA1G/NPNT/GSN/DMD/CACNA2D1",71
"GO:0060828","regulation of canonical Wnt signaling pathway","53/2030","254/18842",0.208661417322835,1.93674799270781,5.22292272843073,1.68110530113359e-06,0.000480332362937687,0.000480332362937687,"SMURF2/RECK/DKK3/TRPM4/WWTR1/DKK1/XIAP/CSNK1A1/SBNO1/IGFBP6/DACT1/MCC/DACT3/WDR20/GREM1/TCF7L2/CDK14/DDX3X/TLE6/SMAD4/CAV1/ATP6AP2/WNK1/WNK2/CDON/TBL1X/DKK2/LATS2/STK11/ZRANB1/PRICKLE1/MAPK14/ILK/NPHP3/TBX18/RBMS3/EGR1/USP47/CCAR2/CCNY/CSNK1G2/GLI3/NFKB1/TNKS/LYPD6/AXIN2/USP34/SOX4/LGR4/PPM1A/USP46/ZEB2/EGFR",53
"GO:0030155","regulation of cell adhesion","121/2030","742/18842",0.163072776280323,1.51360455698219,4.96000182923566,1.87545743077031e-06,0.000501375828692365,0.000501375828692365,"TNFRSF18/ITGB3/HLA-DQB1/PIK3CD/RGCC/LILRB2/AKNA/IHH/ADAM9/NCKAP1L/HLA-G/SERPINE1/TNC/EFEMP2/NID1/DLC1/ITGA4/FGB/CCL2/CD27/RBPJ/PRKG1/HSPD1/PDPN/RAC1/ZMIZ1/ZDHHC21/GATA3/GREM1/HTN1/JAK3/VCAM1/ERBB2/MAGI1/IL12RB1/CD47/PTPN23/CDC42/RREB1/LAPTM5/CD6/CAV1/ADAM19/CD9/CTLA4/COL16A1/CD300A/WNK1/EPHA8/HLA-DOA/LGALS1/PTPN6/LGALS9/ZBTB7B/PSMB8/CCDC80/TFRC/LAMA4/LAMA2/HAVCR2/MAP4K4/CYP1B1/MAPK14/LAMB1/EPHA3/HLA-DRA/NFAT5/DSCAM/MMP2/PKP3/PTEN/ILK/JAM3/EDIL3/PHLDB2/FLNA/TPM1/THBS1/CCL5/UFL1/CUL5/CAMSAP3/RC3H1/ACTL6B/PRKCA/RC3H2/SIRPG/SPOCK3/PPP1R12A/HFE/TENM3/ITGA2/HLA-DMB/IL6ST/LAMB2/PSMB9/PRKCD/PTPRC/CDH1/C2CD4B/SMARCA4/GLI3/TIGIT/PSMB10/FOXP3/FYN/NFKBID/SOX4/HLA-DPA1/ERBB3/SPRY4/ARID2/ADAM10/ATXN3/SLC7A1/NPNT/PML/PRKAR1A/LILRB4/GBP1/FERMT2",121
"GO:2000147","positive regulation of cell motility","102/2030","600/18842",0.17,1.57790147783251,4.99900426907489,1.87577247036728e-06,0.000501375828692365,0.000501375828692365,"SMURF2/TNFRSF18/SCARB1/ITGB3/ITGB1/IQCF1/AKT2/PIK3CD/SPARC/ADAM9/NCKAP1L/GPLD1/SERPINE1/ITGA4/CCL2/MYLK/HSPA5/TGFBR1/AKT3/TIAM1/FGFR1/ACVR1B/TACR1/PECAM1/PDPN/RAC1/NRP2/MCAM/CCL22/IRGC/GAB1/GATA3/PTGS2/GREM1/PDGFC/HTN1/SH3RF2/CD47/CDC42/RREB1/ICAM1/CAV1/ELP3/WNK1/PIK3R3/FLT1/MAP2K2/SSH1/TACR2/LGALS9/TIRAP/PAK1/MAP4K4/MOSPD2/LAMB1/SRGAP2C/THBS4/CD74/AKAP12/MMP2/LRRC15/ACTA2/PLK2/JAM3/NFE2L2/FLNA/THBS1/CCL5/CUL5/GLIPR2/HBEGF/SYDE1/IGFBP5/PRKCA/UBE2I/ADAMTS1/PRKD1/MAZ/TWIST2/ZNF268/ITGA2/DDR2/SYNPO2/TRADD/FER/CCAR1/PTPRC/CDH5/ARHGEF39/CD151/VEGFC/RUFY3/F2R/ACKR3/ADAM10/NTRK3/CMKLR1/EGFR/SPAG9/SEMA4C/NUMB/FERMT2",102
"GO:0042110","T cell activation","89/2030","507/18842",0.175542406311637,1.6293448373024,4.99163130235046,2.22544877252103e-06,0.000565201257946146,0.000565201257946146,"MYB/HLA-DQB1/PIK3CD/LILRB2/IHH/NCKAP1L/HLA-G/CCL2/TRAC/CD27/JUNB/SLAMF7/CD3D/PECAM1/HSPD1/ZMIZ1/GATA3/JAK3/VCAM1/CD2/IL12RB1/CD47/ICAM3/ATP7A/MSN/ZFP36L1/ICAM1/LAPTM5/CD6/CAV1/CTLA4/CD38/SOCS3/CD300A/PRDM1/PIK3R3/NFATC3/LCP1/HLA-DOA/LGALS1/PTPN6/LGALS9/ZBTB7B/PSMB8/TFRC/RORA/HAVCR2/MICB/HLA-DRA/CD74/METTL14/NFE2L2/NKG7/CCL5/UFL1/CD8A/RC3H1/ACTL6B/RC3H2/SIRPG/TNFRSF4/HFE/HLA-DMB/IL6ST/CD84/PSMB9/PTPRC/KMT2A/SMARCA4/SLA2/GLI3/MR1/TIGIT/PSMB10/FOXP3/FYN/NFKBID/SOX4/HLA-DPA1/CLEC4A/ARID2/BTN3A1/CLPTM1/CLEC2B/SLC11A1/SLC7A1/GSN/PRKAR1A/LILRB4",89
"GO:0030335","positive regulation of cell migration","98/2030","573/18842",0.171029668411867,1.58745862670759,4.96235136642437,2.27379158860207e-06,0.000565201257946146,0.000565201257946146,"SMURF2/TNFRSF18/SCARB1/ITGB3/ITGB1/AKT2/PIK3CD/SPARC/ADAM9/NCKAP1L/GPLD1/SERPINE1/ITGA4/CCL2/MYLK/HSPA5/TGFBR1/AKT3/TIAM1/FGFR1/ACVR1B/TACR1/PECAM1/PDPN/RAC1/NRP2/MCAM/CCL22/GAB1/GATA3/PTGS2/GREM1/PDGFC/HTN1/SH3RF2/CD47/CDC42/RREB1/ICAM1/CAV1/ELP3/WNK1/PIK3R3/FLT1/SSH1/LGALS9/TIRAP/PAK1/MAP4K4/MOSPD2/LAMB1/SRGAP2C/THBS4/CD74/AKAP12/MMP2/LRRC15/ACTA2/PLK2/JAM3/NFE2L2/FLNA/THBS1/CCL5/CUL5/GLIPR2/HBEGF/SYDE1/IGFBP5/PRKCA/UBE2I/ADAMTS1/PRKD1/MAZ/TWIST2/ZNF268/ITGA2/DDR2/SYNPO2/TRADD/FER/CCAR1/PTPRC/CDH5/ARHGEF39/CD151/VEGFC/RUFY3/F2R/ACKR3/ADAM10/NTRK3/CMKLR1/EGFR/SPAG9/SEMA4C/NUMB/FERMT2",98
"GO:0034332","adherens junction organization","19/2030","55/18842",0.345454545454545,3.20643081056874,5.69420690300117,2.31919415522194e-06,0.000565201257946146,0.000565201257946146,"HIPK1/ABI2/CDH11/CDH19/CDH7/PIP5K1C/PTPN23/RDX/CDH4/PAK2/JAM3/CAMSAP3/FER/CDH5/CDH1/ADAM10/CDH8/FERMT2/CDH2",19
"GO:0008015","blood circulation","85/2030","480/18842",0.177083333333333,1.6436473727422,4.96362463231911,2.61903784275751e-06,0.000610476908436507,0.000610476908436507,"SCARB1/ITGB1/RGS2/KCNQ1/TRPM4/SCN4A/GNA11/ITGA4/FGB/ATP2B4/GATA4/ATP1B1/GJA1/TRPC1/HSPB7/PLN/TACR1/PRKG1/PECAM1/ITGA1/PRKACA/SLC8A1/GAB1/SCN2B/ZDHHC21/PTGS2/EDNRA/KCNE4/NEDD4L/SGCD/STC1/SCN8A/JPH2/ABCC9/KCNJ8/ADRA1A/ANK2/CAV1/SERPING1/ATP6AP2/CD38/WNK1/CASR/SLIT2/TACR2/TBXA2R/ID2/CTSZ/AGTR1/GNA13/KLK3/AKAP12/MMP2/SLC2A5/POPDC2/DES/FLNA/TPM1/PDE4D/TBX18/OCLN/F5/PCSK5/GJC1/JPH3/NPFF/KCNMA1/ATP2B1/CDH5/ATP1A2/C2CD4B/ELN/VEGFC/F2R/ATP2A2/ADAMTS16/HTR2B/COL1A2/SCN11A/CACNA1G/ZEB2/GSN/DMD/CACNA2D1/FERMT2",85
"GO:0030038","contractile actin filament bundle assembly","28/2030","103/18842",0.271844660194175,2.5232005356545,5.38632796756894,2.72600116004716e-06,0.000610476908436507,0.000610476908436507,"FHDC1/RGCC/DLC1/TNFAIP1/CCDC88A/TGFBR1/TACR1/RAC1/OAZ3/SORBS1/CD47/EVL/ARRB1/CDC42/MYL9/LIMK1/PAK1/LUZP1/ARHGAP28/PAK2/PHLDB2/TPM1/DNM2/ZYX/CUL3/TGFB3/ZEB2/FERMT2",28
"GO:0043149","stress fiber assembly","28/2030","103/18842",0.271844660194175,2.5232005356545,5.38632796756894,2.72600116004716e-06,0.000610476908436507,0.000610476908436507,"FHDC1/RGCC/DLC1/TNFAIP1/CCDC88A/TGFBR1/TACR1/RAC1/OAZ3/SORBS1/CD47/EVL/ARRB1/CDC42/MYL9/LIMK1/PAK1/LUZP1/ARHGAP28/PAK2/PHLDB2/TPM1/DNM2/ZYX/CUL3/TGFB3/ZEB2/FERMT2",28
"GO:0007266","Rho protein signal transduction","34/2030","138/18842",0.246376811594203,2.28681373598915,5.27203503242835,2.84266899326842e-06,0.000617093894218324,0.000617093894218324,"DOCK9/ARHGDIA/CSNK1A1/DLC1/MYO6/TNFAIP1/CDC42EP4/EPS8L2/PDPN/RAC1/ERBB2/ARRB1/ARHGEF3/ARHGEF12/KANK2/LIMK1/AGTR1/GNA13/ABCA1/ARHGAP5/CUL3/SYNPO2/ARHGEF28/GIPC1/F2R/AKAP13/FXR1/HEG1/COL3A1/COL1A2/MYO9B/ARHGAP1/CDC42EP5/FERMT2",34
"GO:0007229","integrin-mediated signaling pathway","29/2030","109/18842",0.26605504587156,2.4694626474443,5.34636292696078,2.92489760815073e-06,0.000617093894218324,0.000617093894218324,"ITGB3/ITGB1/ADAM9/SERPINE1/NID1/ITGA4/ITGA1/CD47/ICAM3/LIMS2/DST/CDC42/COL16A1/ITGBL1/LAMA2/LAMB1/ILK/FLNA/ITGB8/ZYX/ITGA11/CUL3/ADAMTS1/PRKD1/ITGA2/LAMB2/COL3A1/ADAM10/FERMT2",29
"GO:0009611","response to wounding","87/2030","496/18842",0.175403225806452,1.62805299539171,4.92557275066738,2.98247378272544e-06,0.000617093894218324,0.000617093894218324,"NREP/SCARB1/ITGB3/ITGB1/DPYSL3/LMAN1/DHFR/THBD/SERPINE1/TNC/FGB/MYLK/GATA4/RTCA/GAP43/TGFBR1/PRRG4/PRKG1/PDPN/RAC1/SRF/AXL/MCAM/TFPI/MTR/YAP1/HTN1/GGCX/EDNRA/ERBB2/MAP1B/CSRP1/VWF/ZFP36L1/DST/RREB1/CAV1/SERPING1/CD9/PUM2/MYL9/DGKZ/PRDX2/PTPN6/TBXA2R/PLA2G4A/PAK1/EPPK1/MAPK14/ANGPTL2/MMP2/PTEN/FGFR1OP2/ILK/NFE2L2/PHLDB2/FLNA/TPM1/THBS1/PROC/HBEGF/DGKE/PRKCA/OCLN/F5/SARM1/RGMA/ITGA2/ANGPTL1/IL6ST/DDR2/PRKCD/MORN4/SYT11/CD151/ANGPT2/F2R/CPB2/KLK6/CHMP1A/COL3A1/ERBB3/SMPD1/SLC11A1/NTRK3/GP5/FERMT2",87
"GO:0051249","regulation of lymphocyte activation","81/2030","453/18842",0.178807947019868,1.65965484618145,4.93829585411243,3.05344553016549e-06,0.000617093894218324,0.000617093894218324,"HLA-DQB1/PIK3CD/LILRB2/IHH/NCKAP1L/HLA-G/CCL2/CD27/JUNB/HMCES/SASH3/FLT3LG/INPP5D/TACR1/HSPD1/ZMIZ1/AXL/TP53BP1/GATA3/JAK3/VCAM1/CD2/IL12RB1/CD47/ZFP36L1/PPP2R3C/LAPTM5/CD6/CAV1/CTLA4/CD38/DCAF15/CD300A/PRDM1/HLA-DOA/LGALS1/PTPN6/LGALS9/ZBTB7B/PSMB8/TIRAP/TFRC/ID2/HAVCR2/HLA-DRA/CD74/LST1/METTL14/CCL5/UFL1/RC3H1/ACTL6B/RC3H2/TCF3/SIRPG/TNFRSF4/SLC15A4/HFE/HLA-DMB/IL6ST/PSMB9/PTPRC/SMARCA4/CUL4B/GLI3/SLAMF8/TIGIT/MEF2C/PSMB10/FOXP3/FYN/NFKBID/SOX4/CLEC12A/HLA-DPA1/ARID2/SOX11/CLPTM1/SLC7A1/PRKAR1A/LILRB4",81
"GO:0050778","positive regulation of immune response","124/2030","774/18842",0.160206718346253,1.48700245668971,4.80769484781953,3.47915369972591e-06,0.000686387322760212,0.000686387322760212,"RAB11FIP2/HLA-DQB1/PIK3CD/RGCC/MASP1/NCKAP1L/HLA-G/XIAP/GPLD1/CSNK1A1/MYO1G/TRAC/FCN2/HMCES/C7/CD3D/CADM1/SASH3/CLU/INPP5D/HSPD1/TP53BP1/GATA3/HLA-B/LAMP1/CD300LF/IL12RB1/CD47/RFTN1/DDX3X/MEFV/HLA-F/LAPTM5/LCP2/SERPING1/CTLA4/CD38/CD300A/WNK1/PRKCB/PUM2/CASR/BTNL9/ZNRF1/PARP9/DGKZ/HLA-DOA/LIMK1/TRAF3/PTPN6/LATS2/LGALS9/PLA2G4A/TIRAP/TFRC/PAK1/HAVCR2/MAPK8/MICB/RNF115/PLEKHA1/KLK3/HLA-DRA/CD74/C3/PAK2/GBP5/HEXIM1/C1S/CCL5/PDE4D/CD8A/RC3H1/TRIM3/SLC19A1/RC3H2/GBP2/C1QC/IGHM/SLC15A4/PRKD1/SARM1/IGHD/HLA-C/HLA-DMB/IL6ST/SH2D1A/BTN3A3/IKBKE/PRKCD/PTPRC/LYPLAL1/LAMP2/SLA2/EIF2B5/RNF144A/MR1/NFKB1/ZDHHC3/C1R/EPG5/CFH/MEF2C/FYN/NFKBID/A2M/IRF3/STX7/HLA-DPA1/FPR3/LGR4/IGLC1/LILRA2/BTN3A1/CLEC2B/SLC11A1/CMKLR1/TIFA/PSPC1/RNF34/EGFR/LILRB4/IGKC/GBP1",124
"GO:0031032","actomyosin structure organization","43/2030","196/18842",0.219387755102041,2.03630742937569,5.0677374927146,4.097789582827e-06,0.000789634522867547,0.000789634522867547,"FHDC1/RGCC/EPB41L5/CNN1/DLC1/TNFAIP1/CCDC88A/CSRP2/TGFBR1/TACR1/RAC1/OAZ3/SORBS1/CD47/EVL/CSRP1/CDC42BPG/ARRB1/CDC42/SMAD4/MYL9/LIMK1/LMOD1/PAK1/LUZP1/ARHGAP28/OBSL1/PAK2/CFLAR/PHLDB2/PGM5/TPM1/DNM2/MYH3/ZYX/CUL3/PRKD1/NRAP/TGFB3/MYH11/AKAP13/ZEB2/FERMT2",43
"GO:1901699","cellular response to nitrogen compound","105/2030","634/18842",0.165615141955836,1.53720221907973,4.78125170806226,4.47576565939458e-06,0.000842868051221442,0.000842868051221442,"ITGB3/MYO5A/PKLR/CSF2RA/KCNQ1/LYNX1/RRAGD/AKT2/GNAO1/TRPM4/AKAP6/SOCS7/GPLD1/SLC27A4/GNA11/ITGA4/PKD2/SOS2/ATP2B4/SESN3/LPIN3/ITPR1/GJA1/AKT3/HRH3/STAT5B/AGRN/PRKACA/SORBS1/SLC8A1/MTR/GAB1/CHRNE/JAK3/RHOQ/EDNRA/PCSK9/VCAM1/RPS6KB1/MAP1B/GNG2/STC1/ZFP36L1/GNAL/ICAM1/CAV1/PRKCB/PIK3R3/KCNC2/SSH1/SLIT2/AHCYL1/RGS10/ZBTB7B/BACE1/PAK1/AGTR1/INSIG1/CAV2/VAMP2/RAPGEF1/STXBP4/ADCY2/CHRNA4/LRP1/CHRNA3/CFLAR/NFE2L2/ECHDC3/FLNA/PDE4D/CYBB/NUCKS1/IGFBP5/CUL7/UBR1/PRKCA/PTPRE/EGR1/CUL3/NCOA2/PRKD1/HTR3A/DDR2/FER/PRKCD/ATP2B1/GRIN2D/CDH1/VIM/ADCY1/CAMK2A/NFKB1/EPG5/MEF2C/GNB5/FYN/HTR2B/IRF3/ATRX/XRN1/CREB1/ADCY5/PRKAR1A/CACNA2D1",105
"GO:0060341","regulation of cellular localization","88/2030","509/18842",0.172888015717092,1.60470738529136,4.80593284212495,4.76871911946621e-06,0.000878080147197711,0.000878080147197711,"RAB11FIP2/ITGB3/ITGB1/AKT2/TRPM4/VTI1B/GPLD1/PCNT/RAB21/ATP2B4/PCM1/DYNC1I1/PLN/OAZ1/MON2/RAC1/OAZ3/SORBS1/RHOQ/RAB23/PCSK9/PTPN14/NADK/ERBB2/LAMP1/STOM/MSN/ARRB1/PTPN23/CAV1/RDX/WNK1/MAP2K2/SSH1/LCP1/PARD6G/CRYAB/FEZ1/DERL3/MTMR4/STK11/ERGIC3/PAK1/INSIG1/SAR1A/VAMP2/EHD1/LAMB1/EPHA3/LRRC15/ACSL3/STXBP4/ABCA2/HNRNPAB/LRP1/MTCL1/FLNA/OSBP/SEC24A/GPC6/DYNC1H1/PRKD1/PRKCD/EHD2/CDH1/LYPLAL1/CAMK2A/NRDE2/RAB11B/RUFY3/SLC2A2/FYN/MAP2/STX7/CEP290/ADAM10/NRXN1/ADCY5/PML/ARHGAP1/GSN/EGFR/CACNA2D1/OXCT1/SUFU/GBP1/NUMB/CDH2",88
"GO:0060070","canonical Wnt signaling pathway","59/2030","304/18842",0.194078947368421,1.801396810993,4.89489371119333,5.16423322792277e-06,0.000930078224395884,0.000930078224395884,"SMURF2/RECK/DKK3/LRP6/TRPM4/WWTR1/DKK1/XIAP/CSNK1A1/SBNO1/IGFBP6/DACT1/MCC/GATA3/DACT3/WDR20/GREM1/EDNRA/TCF7L2/CDK14/DDX3X/TLE6/SMAD4/CAV1/ATP6AP2/WNK1/WNK2/CDON/TBL1X/DIXDC1/DKK2/LATS2/STK11/ZRANB1/PRICKLE1/MAPK14/ILK/NPHP3/TBX18/RBMS3/EGR1/USP47/CCAR2/CCNY/CSNK1G2/GLI3/NFKB1/TNKS/LYPD6/AXIN2/USP34/SOX4/LGR4/FZD3/PPM1A/USP46/ZEB2/EGFR/FZD1",59
"GO:0120039","plasma membrane bounded cell projection morphogenesis","93/2030","547/18842",0.170018281535649,1.57807116290379,4.76759180342869,5.27560663125833e-06,0.000930078224395884,0.000930078224395884,"SDC2/GFRA3/NCKAP1L/ITGA4/RAB21/SPG11/ABI2/SKIL/GAP43/KIAA1755/TIAM1/PDLIM5/PRKG1/PDPN/RAC1/NRP2/ITGA1/NUMBL/NCAM1/COBL/GAS7/EDNRA/FARP1/MAP1B/NEDD4L/ARHGAP32/EVL/CNTN1/TAOK2/ATP7A/DICER1/LLPH/CDC42/RREB1/ZDHHC17/EPHA8/SLIT2/FEZ1/LIMK1/NRXN3/STK11/BOC/PRICKLE1/PAK1/MAP4K4/EPHA3/MYO16/DSCAM/CPNE6/ULK2/PTEN/OBSL1/LMO4/PAK2/CHRNA3/LYPLA2/TUBA1A/DNM2/KALRN/METRN/CUL7/PRKCA/PPP1R12A/YWHAH/SARM1/UNC5C/RGMA/PPP1R12B/TENM3/ARHGAP33/B4GALT6/KIF21A/LHX9/PTPRM/CDH1/MYO9A/VLDLR/VIM/RUFY3/PALLD/PLXNA4/FYN/MAP2/SCN11A/FZD3/NEXN/DCLK1/NRXN1/MYO9B/KCTD12/SEMA4C/CDH2/SNX1",93
"GO:0071560","cellular response to transforming growth factor beta stimulus","55/2030","278/18842",0.197841726618705,1.83632207534465,4.88146839275505,5.90791265378695e-06,0.00100573231613901,0.00100573231613901,"NREP/SMURF2/LDLRAD4/SOX6/SAP30L/RGCC/DKK3/ADAM9/VEPH1/SKIL/TGFB1I1/SPRED1/SUDS3/TGFBR1/GLG1/ZMIZ1/DNM3OS/PEG10/BRMS1L/ZFP36L1/SMAD4/ZNF451/SOX5/LATS2/MTMR4/STK11/NR3C1/TRIM33/ACTA2/PAK2/CFLAR/FNTA/THBS1/NLK/ZYX/TGFB3/CEP128/DDR2/SPRY1/MYOCD/CDH5/GIPC1/KMT2A/MEF2C/SMAD5/RNF111/IL17RD/COL3A1/COL1A2/PPM1A/SOX11/ING1/CREB1/ZEB2/FERMT2",55
"GO:0007417","central nervous system development","122/2030","767/18842",0.159061277705346,1.47637073621878,4.68051785911121,5.94748774931345e-06,0.00100573231613901,0.00100573231613901,"PBX3/RECK/SEZ6L/SOX6/BASP1/AKNA/LRP6/SOCS7/DKK1/PTPRZ1/DLC1/PBX1/PKD2/ATP2B4/CHD5/HSPA5/NLGN4X/UBE3A/FXR2/PCM1/SUDS3/KDM6B/CLU/FGFR1/NEFL/PPP1R17/HES1/RAC1/NRP2/EZH1/ZMIZ1/NUMBL/QKI/RPS6KA6/PDGFC/EGR2/NPAS2/CNTN1/ATP7A/MSI2/CDC42/SLC6A17/CD9/ATP6AP2/ELP3/KCNC2/SLIT2/GLIS2/DIXDC1/FEZ1/JRKL/ID2/RORA/NR3C1/PAK1/GNB4/POU3F3/RAB3GAP1/EFHC1/CHST8/LAMB1/MEIS2/SRGAP2C/EML1/ATXN1/MYO16/DSCAM/ECE2/SLC38A2/MEIS1/SOX1/PTEN/ABCA2/C3/LMO4/LRP1/METTL14/FLNA/MCPH1/TUBA1A/BCAN/PRKCA/COL4A1/PAX8/YWHAH/GPR161/UNC5C/TTBK2/B4GALT6/PLXDC1/TACC1/NPFF/GRIN2D/CDH1/VLDLR/ATP1A2/RTN1/CUL4B/EIF2B5/ACKR3/CFH/FOXP3/KLK6/PLXNA4/FXR1/MAP2/SOX4/KIRREL3/COL3A1/FZD3/DCLK1/CEP290/SOX11/NRXN1/NAV2/ZEB2/NTRK3/GSN/FZD1/SEMA4C/SMARCA1/NUMB",122
"GO:0001944","vasculature development","115/2030","714/18842",0.161064425770308,1.49496350264244,4.68530253555015,6.11460717168441e-06,0.00101331270049154,0.00101331270049154,"ITGB3/ITGB1/RECK/HSPB6/PPP1R16B/PIK3CD/RGCC/SPARC/HIPK1/HLA-G/CSPG4/GPLD1/SERPINE1/EFEMP2/PKD2/CCL2/ADAM12/ATP2B4/MYLK/GATA4/COL8A1/RBPJ/SPRED1/TGFBR1/AKT3/HES1/RNH1/STAT1/PECAM1/PDPN/NRP2/SRF/MCAM/STAB1/GAB1/QKI/PTGS2/GREM1/HTN1/EGR2/EDNRA/PTPN14/SHB/TCF7L2/ERBB2/CD47/ATP7A/COL8A2/HIF3A/CAV1/PARVA/WNK1/IGFBP7/PRKCB/PIK3R3/FLT1/AMOTL1/SLIT2/NFATC3/NFATC1/ESM1/PTPN6/NRXN3/TBXA2R/STK11/RORA/AGTR1/CYP1B1/KLK3/THBS4/MMP2/ACTA2/MEIS1/E2F7/PLK2/C3/JAM3/LRP1/CFLAR/NFE2L2/THBS1/CYBB/ITGB8/ACVR2B/CUL7/PRKCA/COL4A1/EGR1/ADAMTS1/PRKD1/ADAMTS9/CFC1/DCN/PLXDC1/MYOCD/SERPINF1/CDH5/PTPRM/PTGIS/VEGFC/ANGPT2/ACKR3/MEF2C/FYN/SOX4/COL3A1/COL1A2/SCN11A/ADAM10/MFGE8/NRXN1/MECP2/PML/LOXL1/EHD4",115
"GO:0002694","regulation of leukocyte activation","89/2030","520/18842",0.171153846153846,1.58861121636984,4.72970516577638,6.38468927242152e-06,0.0010373242217899,0.0010373242217899,"HLA-DQB1/PIK3CD/LILRB2/IHH/NCKAP1L/HLA-G/CCL2/CD27/JUNB/HMCES/SASH3/FLT3LG/INPP5D/TACR1/HSPD1/ZMIZ1/AXL/TP53BP1/GATA3/JAK3/VCAM1/CD2/CD300LF/IL12RB1/CD47/ZFP36L1/PPP2R3C/LAPTM5/CD6/CAV1/CTLA4/CD38/DCAF15/CD300A/PRDM1/HLA-DOA/LGALS1/PTPN6/LGALS9/ZBTB7B/PLA2G4A/PSMB8/TIRAP/TFRC/ID2/HAVCR2/HLA-DRA/CD74/LST1/METTL14/THBS1/CCL5/UFL1/RC3H1/ACTL6B/RC3H2/TCF3/SIRPG/PTPRE/TNFRSF4/SLC15A4/HFE/HLA-DMB/IL6ST/CEBPA/CD84/PSMB9/FER/PTPRC/SYT11/SMARCA4/CUL4B/GLI3/SLAMF8/TIGIT/MEF2C/PSMB10/FOXP3/FYN/NFKBID/SOX4/CLEC12A/HLA-DPA1/ARID2/SOX11/CLPTM1/SLC7A1/PRKAR1A/LILRB4",89
"GO:0045216","cell-cell junction organization","41/2030","187/18842",0.219251336898396,2.03504122652196,4.94277826289154,6.90418511465312e-06,0.00110015534346184,0.00110015534346184,"HIPK1/PKN2/ABI2/NLGN4X/CDH11/GJA1/STRN/TGFBR1/CDH19/PECAM1/RAC1/HOPX/PRKACA/CDH7/PIP5K1C/LIMS2/PTPN23/ANK2/CAV1/CD9/RDX/CDH4/CLDN11/PKP3/PAK2/JAM3/MARVELD3/CAMSAP3/PRKCA/OCLN/TGFB3/GJC1/FER/CDH5/CDH1/MPDZ/F2R/ADAM10/CDH8/FERMT2/CDH2",41
"GO:0022603","regulation of anatomical structure morphogenesis","124/2030","786/18842",0.157760814249364,1.46430012910666,4.62050673357689,7.49017868002387e-06,0.00117101170835241,0.00117101170835241,"ITGB3/ITGB1/RECK/SDC2/HSPB6/PPP1R16B/PIK3CD/RGCC/SPARC/HIPK1/HLA-G/DKK1/SERPINE1/RAB21/CCL2/ADAM12/ATP2B4/ABI2/GATA4/CDC42EP4/SKIL/GJA1/SPRED1/DDHD1/AKT3/TIAM1/PDLIM5/RNH1/STAT1/PDPN/RAC1/RHOBTB2/STAB1/NUMBL/GAB1/QKI/GATA3/GREM1/HTN1/ERBB2/MAP1B/NEDD4L/ARHGAP32/TAOK2/MSN/RREB1/RHOV/FGD2/PARVA/PARVB/RDX/WNK1/PRKCB/PUM2/FLT1/BRWD3/SLIT2/NFATC3/LIMK1/PTPN6/COCH/TBXA2R/TFRC/PAK1/CYP1B1/KLK3/THBS4/LST1/DSCAM/CPNE6/ULK2/PTEN/PLK2/OBSL1/C3/PAK2/CHRNA3/MYO10/NFE2L2/TPM1/THBS1/CYBB/ITGB8/RC3H1/METRN/FGD3/CUL7/STAT2/PRKCA/PAX8/ADAMTS1/PRKD1/YWHAH/ADAMTS9/SARM1/RGMA/YME1L1/PALMD/ARHGAP33/DCN/SERPINF1/CDH5/PTPRM/CDH1/MYO9A/MYO19/VIM/PTGIS/VEGFC/RUFY3/ANGPT2/MEF2C/BTBD7/BRWD1/FYN/MAP2/LGR4/MECP2/ADAMTS12/PML/KCTD12/CDC42EP5/FERMT2/CDH2",124
"GO:0002253","activation of immune response","99/2030","597/18842",0.165829145728643,1.53918855360547,4.65206954844623,7.90197317810105e-06,0.00121251388432862,0.00121251388432862,"RAB11FIP2/HLA-DQB1/PIK3CD/RGCC/MASP1/NCKAP1L/XIAP/GPLD1/CSNK1A1/MYO1G/TRAC/FCN2/C7/CD3D/CLU/INPP5D/HSPD1/GATA3/CD300LF/CD47/RFTN1/DDX3X/MEFV/LAPTM5/LCP2/SERPING1/CTLA4/CD38/CD300A/WNK1/PRKCB/PUM2/CASR/BTNL9/ZNRF1/DGKZ/LIMK1/TRAF3/PTPN6/LATS2/TIRAP/PAK1/HAVCR2/MAPK8/MICB/RNF115/PLEKHA1/C3/PAK2/GBP5/HEXIM1/C1S/PDE4D/CD8A/RC3H1/TRIM3/SLC19A1/RC3H2/GBP2/C1QC/IGHM/SLC15A4/PRKD1/SARM1/IGHD/SH2D1A/BTN3A3/IKBKE/PRKCD/PTPRC/LYPLAL1/LAMP2/SLA2/EIF2B5/RNF144A/NFKB1/ZDHHC3/C1R/EPG5/CFH/MEF2C/FYN/NFKBID/A2M/IRF3/FPR3/LGR4/IGLC1/LILRA2/BTN3A1/CLEC2B/CMKLR1/TIFA/PSPC1/RNF34/EGFR/LILRB4/IGKC/GBP1",99
"GO:0048858","cell projection morphogenesis","93/2030","553/18842",0.168173598553345,1.56094923346903,4.65244714203706,8.32206580641824e-06,0.00125375704130876,0.00125375704130876,"SDC2/GFRA3/NCKAP1L/ITGA4/RAB21/SPG11/ABI2/SKIL/GAP43/KIAA1755/TIAM1/PDLIM5/PRKG1/PDPN/RAC1/NRP2/ITGA1/NUMBL/NCAM1/COBL/GAS7/EDNRA/FARP1/MAP1B/NEDD4L/ARHGAP32/EVL/CNTN1/TAOK2/ATP7A/DICER1/LLPH/CDC42/RREB1/ZDHHC17/EPHA8/SLIT2/FEZ1/LIMK1/NRXN3/STK11/BOC/PRICKLE1/PAK1/MAP4K4/EPHA3/MYO16/DSCAM/CPNE6/ULK2/PTEN/OBSL1/LMO4/PAK2/CHRNA3/LYPLA2/TUBA1A/DNM2/KALRN/METRN/CUL7/PRKCA/PPP1R12A/YWHAH/SARM1/UNC5C/RGMA/PPP1R12B/TENM3/ARHGAP33/B4GALT6/KIF21A/LHX9/PTPRM/CDH1/MYO9A/VLDLR/VIM/RUFY3/PALLD/PLXNA4/FYN/MAP2/SCN11A/FZD3/NEXN/DCLK1/NRXN1/MYO9B/KCTD12/SEMA4C/CDH2/SNX1",93
"GO:0055001","muscle cell development","35/2030","151/18842",0.231788079470199,2.15140443023521,4.93617336307523,8.86473407971178e-06,0.00131166404615164,0.00131166404615164,"RGS2/AKAP6/EFEMP2/GATA4/CSRP2/PDLIM5/HES1/SLC8A1/EDNRA/CSRP1/TBX3/ANK2/SMAD4/ACTN1/SORBS2/MYL9/PRICKLE1/LMOD1/PAK1/CAV2/MEIS1/OBSL1/CFLAR/PGM5/COL6A1/TPM1/TBX18/MYH3/PRKD1/NRAP/TMEM182/MYH11/AKAP13/DMD/ASB2",35
"GO:0048729","tissue morphogenesis","73/2030","408/18842",0.178921568627451,1.66070945619627,4.68836176622757,9.03910278897987e-06,0.00131400010016644,0.00131400010016644,"ITGB3/ITGB1/PIK3CD/IHH/DKK1/TNC/EFEMP2/DLC1/PKD2/MYLK/GATA4/RBPJ/GJA1/TAF10/KDM6B/TGFBR1/HES1/STAT1/PDPN/NRP2/SRF/GATA3/ZFPM2/YAP1/GREM1/COBL/HTN1/EDNRA/KIF26B/ATP7A/STC1/MSN/TBX3/CDC42/RREB1/SMAD4/ACTG2/DNAAF1/MTHFR/GREB1/CASR/SLIT2/ADAMTS5/PRICKLE1/PAK1/CTSZ/MMP2/ACTA2/PTEN/LMO4/PHLDB2/NPHP3/FLNA/TPM1/CAMSAP3/HBEGF/TBX18/COL4A1/PAX8/ITGA2/MYO9A/CD151/MEF2C/BTBD7/COL3A1/LGR4/CEP290/SOX11/NPNT/ADAMTS12/SEMA4C/FERMT2/ASB2",73
"GO:0050867","positive regulation of cell activation","64/2030","345/18842",0.185507246376812,1.72183622474477,4.70205684639985,9.78997739023913e-06,0.0013986164250952,0.0013986164250952,"MYB/HLA-DQB1/PIK3CD/LILRB2/IHH/NCKAP1L/HLA-G/CCL2/CD27/HMCES/SASH3/FLT3LG/INPP5D/TACR1/HSPD1/ZMIZ1/AXL/TP53BP1/GATA3/VCAM1/CD2/LILRA5/IL12RB1/CD47/PPP2R3C/CD6/CAV1/CD38/HLA-DOA/PTPN6/LGALS9/ZBTB7B/PLA2G4A/TIRAP/TFRC/HAVCR2/HLA-DRA/CD74/ACTA2/FLNA/THBS1/CCL5/ACTL6B/TCF3/SIRPG/TNFRSF4/HLA-DMB/IL6ST/CEBPA/DDR2/PTPRC/SMARCA4/GLI3/MEF2C/FOXP3/FYN/NFKBID/SOX4/HLA-DPA1/LILRA2/ARID2/SLC7A1/GP5/LILRB4",64
"GO:0035239","tube morphogenesis","122/2030","776/18842",0.157216494845361,1.45924787974201,4.53980627369128,1.04749206683527e-05,0.0014540793328823,0.0014540793328823,"ITGB3/ITGB1/RECK/HSPB6/PPP1R16B/PIK3CD/RGCC/SPARC/IHH/HIPK1/HLA-G/CSPG4/GPLD1/SERPINE1/EFEMP2/DLC1/PKD2/CCL2/ADAM12/ATP2B4/MYLK/GATA4/COL8A1/RBPJ/SPRED1/DACT1/TGFBR1/AKT3/HES1/RNH1/STAT1/NRP2/SRF/MCAM/STAB1/GAB1/QKI/GATA3/PTGS2/GREM1/COBL/HTN1/EDNRA/SHB/ERBB2/KIF26B/CD47/COL8A2/HIF3A/TBX3/CAV1/PARVA/DNAAF1/MTHFR/WNK1/IGFBP7/PRKCB/PIK3R3/FLT1/AMOTL1/CASR/SLIT2/NFATC3/ESM1/PTPN6/NRXN3/TBXA2R/PRICKLE1/ID2/RORA/PAK1/CTSZ/AGTR1/CYP1B1/KLK3/THBS4/MMP2/MEIS1/E2F7/PLK2/C3/LMO4/JAM3/LRP1/NFE2L2/NPHP3/THBS1/CYBB/ITGB8/CUL7/PRKCA/COL4A1/PAX8/ADAMTS1/PRKD1/ADAMTS9/RBPMS2/DCN/PLXDC1/SERPINF1/CDH5/PTPRM/PTGIS/VEGFC/ANGPT2/ACKR3/MEF2C/FYN/SOX4/COL3A1/LGR4/CEP290/MFGE8/SOX11/NRXN1/MECP2/NPNT/ADAMTS12/PML/SEMA4C/ASB2/EHD4",122
"GO:0090263","positive regulation of canonical Wnt signaling pathway","28/2030","110/18842",0.254545454545455,2.36263322884013,4.98050690370308,1.07745479733563e-05,0.0014540793328823,0.0014540793328823,"SMURF2/RECK/TRPM4/XIAP/SBNO1/DACT1/WDR20/DDX3X/ATP6AP2/WNK1/WNK2/TBL1X/DKK2/ZRANB1/ILK/USP47/CCAR2/CSNK1G2/NFKB1/TNKS/LYPD6/USP34/SOX4/LGR4/PPM1A/USP46/ZEB2/EGFR",28
"GO:0007264","small GTPase-mediated signal transduction","84/2030","490/18842",0.171428571428571,1.59116115411682,4.60736406948732,1.08338094161759e-05,0.0014540793328823,0.0014540793328823,"DOCK9/ARHGDIA/FARP2/RALGPS1/CSNK1A1/DLC1/MYO6/RAB21/SOS2/TNFAIP1/ABI2/RHEBL1/CDC42EP4/PSD3/CCDC88A/EPS8L2/TIAM1/PDPN/RAC1/ARFIP2/RHOBTB2/DOCK2/RALGPS2/RHOQ/CD2AP/FARP1/ERBB2/ARHGAP32/ARRB1/RHOF/CDC42/RHOV/ARHGEF3/FGD2/MRAS/RDX/WNK1/ARHGEF12/KANK2/GMIP/SLIT2/LIMK1/AGTR1/MAP4K4/ARHGAP28/GNA13/RAB3GAP1/RAB30/RAPGEF1/ARHGAP9/PLK2/BRAP/ABCA1/FNTA/KALRN/SYDE1/FGD3/ARHGAP5/RRAD/CUL3/ARHGAP33/SYNPO2/SPRY1/ARHGEF28/NUCB1/MYO9A/GIPC1/RALGAPA1/F2R/AKAP13/RRAGC/FXR1/HEG1/CYTH2/COL3A1/COL1A2/DOK1/SPRY4/RERG/MYO9B/ARHGAP1/ARL3/CDC42EP5/FERMT2",84
"GO:0007169","cell surface receptor protein tyrosine kinase signaling pathway","100/2030","609/18842",0.164203612479475,1.52410072233412,4.56861584508523,1.08801494857232e-05,0.0014540793328823,0.0014540793328823,"ITGB3/ITGB1/CSF2RA/AKT2/PIK3CD/GFRA3/SOCS7/DOK5/GPLD1/SLC27A4/SOS2/SESN3/CCDC88A/IGFBP6/RBPJ/MPZL1/RAB7A/AKT3/TIAM1/FGFR1/RAC1/NRP2/AXL/STAT5B/ITGA1/SORBS1/GAB1/GREM1/PDGFC/JAK3/RHOQ/RPS6KB1/ERBB2/ANTXR1/LCP2/PRKCB/ZDHHC17/PIK3R3/EPHA8/FLT1/MAP2K2/ESM1/ZBTB7B/PRICKLE1/PAK1/CAV2/MAPK14/RNF115/ARNT/EPHA3/RAPGEF1/EFS/MMP2/STXBP4/COL4A6/PTPRG/EFEMP1/GIGYF2/PAK2/LRP1/THBS1/CUL5/CHURC1/CD8A/HBEGF/NUCKS1/KALRN/IGFBP5/CUL7/GIGYF1/ROR1/PTPRE/SNCA/PRKD1/AKT1S1/TGFA/DCN/PDGFRL/ANGPTL1/DDR2/SPRY1/TRADD/ARHGEF28/MYOCD/FER/PRKCD/VEGFC/ANGPT2/FYN/HIP1/RNF126/DOK1/ERBB3/SPRY4/RAB14/NRXN1/NRG2/ADAMTS12/NTRK3/EGFR",100
"GO:0071559","response to transforming growth factor beta","55/2030","284/18842",0.193661971830986,1.79752653854159,4.70575195659308,1.13472764160017e-05,0.00149243702195223,0.00149243702195223,"NREP/SMURF2/LDLRAD4/SOX6/SAP30L/RGCC/DKK3/ADAM9/VEPH1/SKIL/TGFB1I1/SPRED1/SUDS3/TGFBR1/GLG1/ZMIZ1/DNM3OS/PEG10/BRMS1L/ZFP36L1/SMAD4/ZNF451/SOX5/LATS2/MTMR4/STK11/NR3C1/TRIM33/ACTA2/PAK2/CFLAR/FNTA/THBS1/NLK/ZYX/TGFB3/CEP128/DDR2/SPRY1/MYOCD/CDH5/GIPC1/KMT2A/MEF2C/SMAD5/RNF111/IL17RD/COL3A1/COL1A2/PPM1A/SOX11/ING1/CREB1/ZEB2/FERMT2",55
"GO:0060537","muscle tissue development","57/2030","298/18842",0.191275167785235,1.77537276424108,4.68821227573298,1.16431363897352e-05,0.00150742231445853,0.00150742231445853,"RGS2/SOX6/AKAP6/DKK1/EFEMP2/PKD2/MYLK/GATA4/SKIL/CSRP2/RBPJ/GJA1/KDM6B/TGFBR1/PDLIM5/HOPX/SLC8A1/ZFPM2/YAP1/GREM1/EGR2/EDNRA/CSRP1/CFL2/SGCD/JPH2/TBX3/SMAD4/CAV1/SORBS2/DDX5/PRICKLE1/ID2/PAK1/CAV2/MEIS1/POPDC2/OBSL1/CFLAR/PGM5/COL6A1/TPM1/TBX18/IGFBP5/CACYBP/ADAMTS9/NRAP/MYH11/MYOCD/AKAP13/MEF2C/SMAD5/COL3A1/CACNA1G/SVIL/DMD/ASB2",57
"GO:0001568","blood vessel development","110/2030","687/18842",0.160116448326055,1.4861645908175,4.51080309090719,1.26738896814413e-05,0.0016156284600065,0.0016156284600065,"ITGB3/ITGB1/RECK/HSPB6/PPP1R16B/PIK3CD/RGCC/SPARC/HIPK1/HLA-G/CSPG4/GPLD1/SERPINE1/EFEMP2/PKD2/CCL2/ADAM12/ATP2B4/MYLK/GATA4/COL8A1/RBPJ/SPRED1/TGFBR1/AKT3/HES1/RNH1/STAT1/PECAM1/NRP2/SRF/MCAM/STAB1/GAB1/QKI/PTGS2/GREM1/HTN1/EGR2/EDNRA/SHB/TCF7L2/ERBB2/CD47/ATP7A/COL8A2/HIF3A/CAV1/PARVA/WNK1/IGFBP7/PRKCB/PIK3R3/FLT1/AMOTL1/SLIT2/NFATC3/ESM1/PTPN6/NRXN3/TBXA2R/RORA/AGTR1/CYP1B1/KLK3/THBS4/MMP2/ACTA2/MEIS1/E2F7/PLK2/C3/JAM3/LRP1/CFLAR/NFE2L2/THBS1/CYBB/ITGB8/ACVR2B/CUL7/PRKCA/COL4A1/EGR1/ADAMTS1/PRKD1/ADAMTS9/CFC1/DCN/PLXDC1/MYOCD/SERPINF1/CDH5/PTPRM/PTGIS/VEGFC/ANGPT2/ACKR3/MEF2C/FYN/SOX4/COL3A1/COL1A2/SCN11A/MFGE8/NRXN1/MECP2/PML/LOXL1/EHD4",110
"GO:0035051","cardiocyte differentiation","32/2030","135/18842",0.237037037037037,2.20012406495165,4.86274234138903,1.30061142741356e-05,0.00163285852841648,0.00163285852841648,"RGS2/SOX6/AKAP6/DKK1/GATA4/RBPJ/KDM6B/PDLIM5/SRF/SLC8A1/GREM1/EDNRA/VCAM1/TBX3/CDC42/SMAD4/SORBS2/PRICKLE1/PAK1/ECE2/MEIS1/OBSL1/TBX18/CACYBP/NRAP/MYH11/SPRY1/MYOCD/AKAP13/MEF2C/EGFR/ASB2",32
"GO:0071711","basement membrane organization","12/2030","28/18842",0.428571428571429,3.97790288529205,5.47947915881769,1.37678426025876e-05,0.00168563430986833,0.00168563430986833,"ITGB1/NID1/COL8A1/COL8A2/PRICKLE1/LAMA2/LAMB1/PHLDB2/COL4A1/HMCN1/LAMB2/COL3A1",12
"GO:0009887","animal organ morphogenesis","101/2030","620/18842",0.162903225806452,1.51203082790402,4.50489046861579,1.38333493930783e-05,0.00168563430986833,0.00168563430986833,"PBX3/KCNQ1/SOX6/BASP1/SPARC/IHH/HIPK1/DKK1/STX2/MGP/SERPINE1/COL28A1/EFEMP2/DLC1/PBX1/MYO6/PKD2/CCL2/MYLK/ABI2/GATA4/RBPJ/TAF10/MFAP5/TGFBR1/FGFR1/HES1/STAT1/RAC1/NRP2/SRF/GATA3/ZFPM2/GREM1/EDNRA/RAB23/KIF26B/EVL/STC1/MSN/TBX3/CDC42/SMAD4/ACTG2/CAV1/PARVA/DNAAF1/COL13A1/SLIT2/ABLIM1/SOBP/SOX5/ADAMTS5/PRICKLE1/ID2/CTSZ/MAPK14/ALDH1A3/LAMB1/MEIS2/DSCAM/MMP2/ACTA2/MEIS1/ETV7/EFEMP1/PTEN/ILK/NPHP3/TPM1/TUBA1A/TBX18/FHL1/PAX8/FAM20C/TGFB3/ATP8A2/TENM3/RBPMS2/FLI1/ITGA2/DCN/SPRY1/PTPRM/ELN/GLI3/NFKB1/MEF2C/BTBD7/AXIN2/SOX4/HTR2B/COL3A1/COL1A2/LGR4/FZD3/CEP290/SOX11/NPNT/PML/ASB2",101
"GO:0030100","regulation of endocytosis","57/2030","300/18842",0.19,1.76353694581281,4.63236421984825,1.42916306657922e-05,0.00171623843038774,0.00171623843038774,"SCARB1/ITGB3/IL2RB/MASP1/NCKAP1L/DKK1/SERPINE1/NCDN/RAB21/AAK1/CCL2/MYLK/FCN2/CLU/RAC1/AXL/PRKACA/DOCK2/GREM1/PCSK9/NEDD4L/CD300LF/CD47/ARRB1/APOC1/CDC42/CAV1/CD300A/HAMP/EPHA3/ABCA2/C3/LRP1/STON2/BMP2K/SIRPG/SNCA/PRKD1/LETMD1/HFE/STON1/ITGA2/PTPRC/ZFYVE16/SYT11/CD151/CALY/VAC14/HIP1/SMPD1/USP46/SLC11A1/BICD1/RUFY2/UBQLN2/NUMB/EHD4",57
"GO:0048812","neuron projection morphogenesis","89/2030","533/18842",0.166979362101313,1.54986460133643,4.47483841018941,1.71346332188886e-05,0.0020282510121673,0.0020282510121673,"SDC2/GFRA3/NCKAP1L/ITGA4/RAB21/SPG11/ABI2/SKIL/GAP43/KIAA1755/TIAM1/PDLIM5/PRKG1/RAC1/NRP2/ITGA1/NUMBL/NCAM1/COBL/GAS7/EDNRA/FARP1/MAP1B/NEDD4L/ARHGAP32/EVL/CNTN1/TAOK2/ATP7A/DICER1/LLPH/CDC42/ZDHHC17/EPHA8/SLIT2/FEZ1/LIMK1/NRXN3/STK11/BOC/PRICKLE1/PAK1/MAP4K4/EPHA3/MYO16/DSCAM/CPNE6/ULK2/PTEN/OBSL1/LMO4/PAK2/CHRNA3/LYPLA2/TUBA1A/DNM2/KALRN/METRN/CUL7/PRKCA/PPP1R12A/YWHAH/SARM1/UNC5C/RGMA/PPP1R12B/TENM3/ARHGAP33/B4GALT6/KIF21A/LHX9/PTPRM/CDH1/MYO9A/VLDLR/VIM/RUFY3/PALLD/PLXNA4/FYN/MAP2/SCN11A/FZD3/NEXN/DCLK1/NRXN1/KCTD12/SEMA4C/CDH2",89
"GO:0003018","vascular process in circulatory system","50/2030","255/18842",0.196078431372549,1.81995556843427,4.58084991944651,1.97549932177308e-05,0.00230549118031152,0.00230549118031152,"SCARB1/ABCC2/ITGB1/RGS2/TRPM4/SLC27A4/ITGA4/FGB/ATP2B4/SLC7A2/TACR1/PRKG1/PECAM1/ITGA1/SLC8A1/GAB1/ZDHHC21/EDNRA/ABCC9/KCNJ8/ADRA1A/SLC6A17/CAV1/CD38/CASR/SLIT2/SLC22A8/TACR2/TBXA2R/TFRC/AGTR1/AKAP12/MMP2/SLC38A2/ABCA2/LRP1/SLC19A1/OCLN/ABCC3/KCNMA1/ATP2B1/CDH5/ATP1A2/C2CD4B/F2R/HTR2B/SLC7A1/ZEB2/SLC24A3/FERMT2",50
"GO:0045732","positive regulation of protein catabolic process","44/2030","215/18842",0.204651162790698,1.89952571886814,4.6094770898728,2.05622988053533e-05,0.00236637788751607,0.00236637788751607,"RAD23A/ZER1/RNF128/ADAM9/CSNK1A1/HSPA5/TGFB1I1/RAB7A/DACT1/CLU/OAZ1/HSPBP1/OAZ3/SH3RF2/GGA3/PCSK9/MSN/RHBDD1/LAPTM5/CAV1/RDX/HAMP/L3MBTL3/PRICKLE1/RNF180/OSBPL7/PTEN/PLK2/ABCA2/CTSC/LRP1/NFE2L2/ZNF268/FZR1/CEBPA/ATG7/CREBRF/UBR3/AXIN2/TMTC3/ATXN3/PLK1/UBQLN2/SNX1",44
"GO:0007178","cell surface receptor protein serine/threonine kinase signaling pathway","69/2030","389/18842",0.177377892030848,1.64638139982524,4.47631317789279,2.10879940235261e-05,0.00239363175998545,0.00239363175998545,"NREP/SMURF2/LDLRAD4/SAP30L/LTBP1/RGCC/DKK3/ADAM9/WWTR1/DKK1/XIAP/IGSF1/VEPH1/GATA4/SKIL/RBPJ/TGFB1I1/SPRED1/SUDS3/NCLN/TGFBR1/ACVR1B/CHRDL2/GLG1/ZMIZ1/RBPMS/GREM1/PEG10/BRMS1L/SMAD4/CAV1/DDX5/ZNF451/LATS2/MTMR4/STK11/TRIM33/FSTL1/ILK/LRP1/FNTA/THBS1/ACVR2B/PCSK6/NLK/ZYX/RGMA/HFE/TGFB3/CFC1/CEP128/RBPMS2/SPRY1/MYOCD/CDH5/GIPC1/CHRDL1/SMAD5/RNF111/IL17RD/COL3A1/COL1A2/PPM1A/SOX11/ING1/CREB1/AKAP11/ZEB2/FERMT2",69
"GO:0002698","negative regulation of immune effector process","27/2030","108/18842",0.25,2.32044334975369,4.78196834071892,2.18469867008046e-05,0.0024462720513901,0.0024462720513901,"MASP1/NCKAP1L/HLA-G/CLU/INPP5D/JAK3/HLA-B/HLA-F/SERPING1/CD300A/LGALS1/PTPN6/LGALS9/HAVCR2/UFL1/RC3H1/RC3H2/HFE/TGFB3/CD84/FER/PTPRC/SLAMF8/TIGIT/FOXP3/A2M/LILRB4",27
"GO:0031589","cell-substrate adhesion","61/2030","333/18842",0.183183183183183,1.70026479681652,4.4800538733401,2.32587657534328e-05,0.00255074877142469,0.00255074877142469,"ITGB3/ITGB1/ADAM9/MSLN/SERPINE1/TIMM10B/EFEMP2/NID1/DLC1/RADIL/ITGA4/FGB/TGFB1I1/CDH11/SGCE/TIAM1/PDPN/RAC1/ITGA1/SORBS1/GREM1/HTN1/VCAM1/TAOK2/VWF/CDC42/RREB1/ANTXR1/PARVA/COL16A1/PARVB/ACTN1/COL13A1/ITGBL1/CCDC80/MAP4K4/LAMB1/EPHA3/PTEN/ILK/EDIL3/PHLDB2/FLNA/THBS1/CUL5/CAMSAP3/ITGB8/ZYX/ITGA11/SPOCK3/ADAMTS9/ITGA2/LAMB2/FER/COL3A1/SPRY4/ATXN3/NPNT/ADAMTS12/GBP1/FERMT2",61
"GO:0060485","mesenchyme development","55/2030","291/18842",0.189003436426117,1.75428706854231,4.50598557531725,2.33957164649138e-05,0.00255074877142469,0.00255074877142469,"LDLRAD4/BASP1/RGCC/AKNA/LRP6/WWTR1/DKK1/EPB41L5/RADIL/PKD2/GATA4/RBPJ/TGFB1I1/TAF10/SPRED1/NCLN/TGFBR1/TIAM1/FGFR1/STAT1/PDPN/NRP2/QKI/GATA3/ZFPM2/TEAD2/NCAM1/GREM1/EDNRA/TCF7L2/TBX3/CDC42/SMAD4/ACTG2/DDX5/ZFP64/ADAMTS5/PRICKLE1/EPHA3/ACTA2/PTEN/HNRNPAB/GLIPR2/CUL7/TGFB3/SPRY1/MEF2C/AXIN2/SOX4/HTR2B/IL17RD/SLC39A10/SEMA4C/FERMT2/CDH2",55
"GO:0030111","regulation of Wnt signaling pathway","59/2030","321/18842",0.183800623052959,1.7059957337753,4.43315259032849,2.83893443178871e-05,0.00305498840283133,0.00305498840283133,"SMURF2/RECK/DKK3/TRPM4/WWTR1/DKK1/XIAP/CSNK1A1/SBNO1/IGFBP6/DACT1/MCC/DACT3/WDR20/GREM1/TCF7L2/CDK14/DDX3X/TLE6/SMAD4/CAV1/ATP6AP2/WNK1/WNK2/CDON/NFATC1/TBL1X/DIXDC1/DKK2/LATS2/STK11/ZRANB1/PRICKLE1/MAPK14/ILK/LRP1/NPHP3/NLK/TBX18/RBMS3/EGR1/USP47/DCDC2/CCAR2/CCNY/CSNK1G2/SMARCA4/GLI3/NFKB1/TNKS/LYPD6/AXIN2/USP34/SOX4/LGR4/PPM1A/USP46/ZEB2/EGFR",59
"GO:0120035","regulation of plasma membrane bounded cell projection organization","94/2030","578/18842",0.162629757785467,1.50949255970137,4.32308843036232,2.91150560580223e-05,0.00309291480124067,0.00309291480124067,"RGS2/DPYSL3/SDC2/PPP1R16B/DKK1/RAB21/ABI2/CDC42EP4/CCDC88A/SKIL/DYNC2LI1/RTCA/EPS8L2/GAP43/TIAM1/PDLIM5/HES1/MPHOSPH9/PDPN/RAC1/NUMBL/YAP1/COBL/RHOQ/RAB3IP/MAP1B/NEDD4L/ARHGAP32/EVL/CDC42/RREB1/CAV1/CD38/PUM2/SLIT2/FEZ1/LIMK1/DENND5A/BAG5/PAK1/LUZP1/EHD1/EPHA3/SRGAP2C/RAPGEF1/DSCAM/ULK2/PTPRG/PTEN/OBSL1/MAP4/PAK2/CHRNA3/CFLAR/MYO10/NFE2L2/THOC2/METRN/CUL7/OCLN/PRKD1/YWHAH/SARM1/RGMA/TGFB3/KIDINS220/ATP8A2/TENM3/CEP128/ARHGAP33/KIF21A/DCDC2/DDR2/SERPINF1/FER/PRKCD/CDH1/VLDLR/VIM/RAB11B/RUFY3/KLK6/FYN/MAP2/ADAMTS16/NRXN1/NTRK3/KCTD12/DMD/SYNE1/PMP22/FZD1/CDC42EP5/CDH2",94
"GO:0006937","regulation of muscle contraction","37/2030","172/18842",0.215116279069767,1.99666055676481,4.56278115084307,2.95235637283067e-05,0.00309578490767012,0.00309578490767012,"CACNB3/RGS2/KCNQ1/TRPM4/SCN4A/CNN1/GATA4/ATP1B1/PLN/TACR1/PRKG1/SRF/PRKACA/SLC8A1/ZDHHC21/STC1/JPH2/ADRA1A/ANK2/CAV1/MYL9/TACR2/CHRNA3/TPM1/PDE4D/PRKD1/PPP1R12B/JPH3/ITGA2/MYOCD/ATP2B1/ATP1A2/F2R/ATP2A2/NPNT/DMD/CACNA2D1",37
"GO:0090257","regulation of muscle system process","49/2030","252/18842",0.194444444444444,1.80478927203065,4.4692336201037,2.98893063738365e-05,0.00309578490767012,0.00309578490767012,"CACNB3/RGS2/KCNQ1/TRPM4/SCN4A/AKAP6/CNN1/ATP2B4/GATA4/ATP1B1/PLN/TACR1/PRKG1/SRF/LMNA/PRKACA/SLC8A1/ZDHHC21/HDAC4/PDE9A/STC1/JPH2/ARRB1/ADRA1A/ANK2/SMAD4/CAV1/FBXO32/MYL9/TACR2/PAK1/CHRNA3/TPM1/PDE4D/IGFBP5/PRKCA/PRKD1/PPP1R12B/JPH3/ITGA2/IL6ST/MYOCD/ATP2B1/ATP1A2/F2R/ATP2A2/NPNT/DMD/CACNA2D1",49
"GO:0060627","regulation of vesicle-mediated transport","89/2030","541/18842",0.164510166358595,1.5269460859747,4.32133274133819,3.0478418183296e-05,0.00311782929712087,0.00311782929712087,"SCARB1/ITGB3/ARHGDIA/IL2RB/MASP1/NCKAP1L/DKK1/SERPINE1/NCDN/RAB21/FGB/AAK1/CCL2/MYLK/FCN2/RAB7A/CLU/MON2/RAC1/AXL/PRKACA/DOCK2/GREM1/PCSK9/NEDD4L/LAMP1/CD300LF/CD47/SMPD3/MSN/ARRB1/PTPN23/APOC1/CDC42/HLA-F/CAV1/SYT15/RDX/CD300A/PRKCB/MAP2K2/DNAJC5/ZNRF1/LGALS9/MTMR4/HAMP/SAR1A/RAB3GAP1/VAMP2/EHD1/EPHA3/ACSL3/HYAL3/ABCA2/C3/LRP1/STXBP2/STON2/BMP2K/SEC24A/PRKCA/SIRPG/SNCA/PRKD1/LETMD1/HFE/STON1/ITGA2/CD84/PTPRC/EHD2/ZFYVE16/LYPLAL1/SYT11/CD151/CALY/VAC14/RAB11B/SYT13/HIP1/SMPD1/USP46/SLC11A1/BICD1/ARHGAP1/RUFY2/UBQLN2/NUMB/EHD4",89
"GO:0060322","head development","90/2030","549/18842",0.163934426229508,1.5216021965598,4.30996178794751,3.15344328457676e-05,0.00314733865322457,0.00314733865322457,"PBX3/SEZ6L/SOX6/BASP1/AKNA/LRP6/SOCS7/DKK1/DLC1/PBX1/ATP2B4/CHD5/HSPA5/NLGN4X/UBE3A/FXR2/PCM1/SUDS3/KDM6B/FGFR1/NEFL/HES1/RAC1/NRP2/EZH1/ZMIZ1/NUMBL/EGR2/EDNRA/CNTN1/ATP7A/CDC42/SLC6A17/ATP6AP2/KCNC2/SLIT2/DIXDC1/FEZ1/PRICKLE1/ID2/RORA/PAK1/GNB4/POU3F3/RAB3GAP1/EFHC1/LAMB1/MEIS2/SRGAP2C/EML1/ATXN1/MYO16/ECE2/SLC38A2/MEIS1/SOX1/PTEN/CRISPLD2/METTL14/FLNA/MCPH1/TUBA1A/MYH3/COL4A1/YWHAH/GPR161/UNC5C/CRISPLD1/TGFB3/TTBK2/TACC1/GRIN2D/CDH1/ATP1A2/RTN1/EIF2B5/PLXNA4/FXR1/SOX4/KIRREL3/COL3A1/FZD3/CEP290/SOX11/NRXN1/NAV2/FZD1/SEMA4C/SMARCA1/NUMB",90
"GO:0002757","immune response-activating signaling pathway","88/2030","534/18842",0.164794007490637,1.52958063504363,4.3139248548425,3.15834422493086e-05,0.00314733865322457,0.00314733865322457,"RAB11FIP2/HLA-DQB1/PIK3CD/RGCC/MASP1/NCKAP1L/XIAP/GPLD1/CSNK1A1/MYO1G/TRAC/FCN2/CD3D/INPP5D/HSPD1/GATA3/CD300LF/CD47/RFTN1/DDX3X/MEFV/LAPTM5/LCP2/CTLA4/CD38/CD300A/WNK1/PRKCB/PUM2/CASR/BTNL9/ZNRF1/DGKZ/LIMK1/TRAF3/PTPN6/LATS2/TIRAP/PAK1/HAVCR2/MAPK8/MICB/RNF115/PLEKHA1/C3/PAK2/GBP5/PDE4D/CD8A/RC3H1/TRIM3/SLC19A1/RC3H2/GBP2/IGHM/SLC15A4/PRKD1/SARM1/IGHD/SH2D1A/BTN3A3/PRKCD/PTPRC/LYPLAL1/LAMP2/SLA2/EIF2B5/RNF144A/NFKB1/ZDHHC3/EPG5/MEF2C/FYN/NFKBID/IRF3/FPR3/LGR4/IGLC1/LILRA2/BTN3A1/CLEC2B/CMKLR1/TIFA/RNF34/EGFR/LILRB4/IGKC/GBP1",88
"GO:0090066","regulation of anatomical structure size","73/2030","423/18842",0.1725768321513,1.60181904994818,4.35004143359493,3.19064019877943e-05,0.00314733865322457,0.00314733865322457,"SCARB1/ITGB1/RGS2/TRPM4/NCKAP1L/CAPZB/ITGA4/RAB21/FGB/ELAVL1/CDC42EP4/PLEKHG2/PLEKHH2/TACR1/PRKG1/PECAM1/ITGA1/SLC8A1/GAB1/ZDHHC21/EDNRA/MAP1B/EVL/CFL2/MSN/ADRA1A/CAV1/CD38/RDX/WNK1/PUM2/KANK2/CASR/SSH1/SLIT2/CLCN3/PRR16/LIMK1/TBXA2R/GPRC5B/LMOD1/PAK1/AGTR1/ARHGAP28/DSCAM/MMP2/ULK2/PTEN/DNM2/FCHSD2/KXD1/ARHGAP5/PRKD1/RGMA/AKT1S1/DNAJC16/KCNMA1/FER/PRKCD/ATP2B1/CDH1/VIM/RUFY3/F2R/PLXNA4/MAP2/HTR2B/SVIL/GSN/SPTAN1/CDC42EP5/ASB2/CDH2",73
"GO:0030199","collagen fibril organization","19/2030","65/18842",0.292307692307692,2.71313376278894,4.80756486523271,3.54085193061375e-05,0.00345170577612536,0.00345170577612536,"ADAMTS2/COLGALT1/COL28A1/EFEMP2/AEBP1/TGFBR1/GREM1/LUM/ATP7A/CRTAP/CYP1B1/COL4A6/COL4A1/DDR2/COL3A1/COL1A2/COL12A1/ADAMTS12/LOXL1",19
"GO:0055119","relaxation of cardiac muscle","9/2030","18/18842",0.5,4.64088669950739,5.37004299543786,3.7674910040142e-05,0.00362993377433275,0.00362993377433275,"RGS2/AKAP6/ATP1B1/PLN/SLC8A1/PDE4D/ATP1A2/ATP2A2/GSN",9
"GO:0031344","regulation of cell projection organization","96/2030","598/18842",0.160535117056856,1.49005057910605,4.23176721914308,4.02540908310295e-05,0.00381094401717903,0.00381094401717903,"RGS2/DPYSL3/SDC2/PPP1R16B/DKK1/RAB21/ABI2/CDC42EP4/CCDC88A/SKIL/DYNC2LI1/RTCA/EPS8L2/GAP43/TIAM1/PDLIM5/HES1/MPHOSPH9/PDPN/RAC1/NUMBL/YAP1/COBL/RHOQ/RAB3IP/MAP1B/NEDD4L/ARHGAP32/EVL/CDC42/RREB1/CAV1/CD38/PUM2/SLIT2/FEZ1/LIMK1/DENND5A/BAG5/PAK1/LUZP1/EHD1/EPHA3/SRGAP2C/RAPGEF1/DSCAM/ULK2/PTPRG/PTEN/OBSL1/MAP4/PAK2/CHRNA3/CFLAR/MYO10/NFE2L2/THOC2/METRN/CUL7/OCLN/PRKD1/YWHAH/SARM1/RGMA/TGFB3/KIDINS220/ATP8A2/TENM3/CEP128/ARHGAP33/KIF21A/DCDC2/ITGA2/DDR2/SERPINF1/FER/PRKCD/CDH1/MYO9A/VLDLR/VIM/RAB11B/RUFY3/KLK6/FYN/MAP2/ADAMTS16/NRXN1/NTRK3/KCTD12/DMD/SYNE1/PMP22/FZD1/CDC42EP5/CDH2",96
"GO:0086003","cardiac muscle cell contraction","23/2030","88/18842",0.261363636363636,2.42591804746977,4.65885559248971,4.08913325623125e-05,0.00381094401717903,0.00381094401717903,"KCNQ1/TRPM4/SCN4A/GATA4/GJA1/PLN/SCN2B/KCNE4/NEDD4L/STC1/SCN8A/KCNJ8/ANK2/CAV1/FLNA/PDE4D/GJC1/ATP1A2/ATP2A2/SCN11A/CACNA1G/GSN/CACNA2D1",23
"GO:0048667","cell morphogenesis involved in neuron differentiation","78/2030","463/18842",0.168466522678186,1.5636680888189,4.26720304568099,4.09333837230188e-05,0.00381094401717903,0.00381094401717903,"SDC2/GFRA3/ITGA4/RAB21/SPG11/ABI2/SKIL/GAP43/KIAA1755/TIAM1/PDLIM5/PRKG1/RAC1/NRP2/NUMBL/NCAM1/COBL/EDNRA/FARP1/MAP1B/NEDD4L/ARHGAP32/UNK/EVL/CNTN1/TAOK2/CDC42/ZDHHC17/EPHA8/SLIT2/FEZ1/LIMK1/NRXN3/STK11/BOC/PRICKLE1/PAK1/EPHA3/DSCAM/ULK2/PTEN/OBSL1/LMO4/PAK2/CHRNA3/LYPLA2/DNM2/KALRN/METRN/CUL7/PRKCA/YWHAH/SARM1/UNC5C/RGMA/TENM3/ARHGAP33/B4GALT6/KIF21A/LHX9/PTPRM/CDH1/VLDLR/VIM/RUFY3/PALLD/MEF2C/PLXNA4/FYN/MAP2/SCN11A/FZD3/NEXN/DCLK1/NRXN1/KCTD12/SEMA4C/CDH2",78
"GO:0060048","cardiac muscle contraction","32/2030","143/18842",0.223776223776224,2.07704020117813,4.49242716722403,4.43282340353974e-05,0.00408115274685892,0.00408115274685892,"RGS2/KCNQ1/TRPM4/SCN4A/GATA4/ATP1B1/GJA1/PLN/PRKACA/SLC8A1/SCN2B/KCNE4/NEDD4L/STC1/SCN8A/JPH2/KCNJ8/ADRA1A/ANK2/CAV1/FLNA/TPM1/PDE4D/GJC1/JPH3/ATP1A2/ATP2A2/SCN11A/CACNA1G/GSN/DMD/CACNA2D1",32
"GO:0045596","negative regulation of cell differentiation","98/2030","615/18842",0.159349593495935,1.47904681805439,4.19708943871682,4.51110001084232e-05,0.0041075796362461,0.0041075796362461,"MYB/LDLRAD4/NEGR1/ITGB3/RGS2/SOX6/IPO7/IHH/TRPM4/WWTR1/HLA-G/DKK1/PCM1/SPRED1/TGFBR1/ACVR1B/HES1/INPP5D/STAT1/HOPX/ANKRD26/QKI/GATA3/ZFPM2/YAP1/GREM1/JAK3/HDAC4/DICER1/ZFP36L1/TBX3/SUZ12/SMAD4/CAV1/CTLA4/S1PR3/NFATC3/NFATC1/DIXDC1/LGALS1/MIXL1/ZBTB7B/RUNX1T1/PSMB8/PRICKLE1/ID2/RORA/PAK1/MEIS2/EPHA3/ULK2/MEIS1/EFEMP1/PTEN/LBH/METTL14/NFE2L2/ZNF800/NPHP3/ABCA1/RC3H1/APPBP2/ACTL6B/RC3H2/C1QC/GPR137/YWHAH/TWIST2/RGMA/ESRRB/RBPMS2/TMEM182/SPRY1/PSMB9/MYOCD/CDH1/SMARCA4/VEGFC/GLI3/LRRC17/RUFY3/PSMB10/FOXP3/MAP2/SOX4/IL17RD/CLEC12A/EHMT1/SOX11/DUSP18/MECP2/ADAMTS12/HOXB8/NTRK3/EGFR/LILRB4/SUFU/FERMT2",98
"GO:0009896","positive regulation of catabolic process","100/2030","631/18842",0.158478605388273,1.47096250380583,4.18142601774648,4.71636227938051e-05,0.00424780193988553,0.00424780193988553,"RAD23A/ZER1/RNF128/CPEB3/CDC37/AKT2/ADAM9/CSNK1A1/ELAVL1/SESN3/HELZ/HSPA5/FXR2/TNRC6B/TGFB1I1/CNOT2/RAB7A/MID2/DACT1/VPS13D/CLU/OAZ1/HSPBP1/OAZ3/DNM3OS/HSPB8/PRKACA/QKI/SAMD4B/SH3RF2/GGA3/PCSK9/PHKA1/ZC3H12D/MSN/ZFP36L1/RHBDD1/MEFV/LAPTM5/CSDE1/CAV1/RDX/PUM2/DCP2/ZBTB20/CALCOCO2/HAMP/STK11/L3MBTL3/PRKAA2/UPF1/PRICKLE1/RNF180/RAB3GAP1/ARNT/AGO3/PNPLA2/OSBPL7/PTEN/PLK2/ABCA2/CTSC/GIGYF2/LRP1/METTL14/NFE2L2/TTC5/UFL1/SAMD4A/RC3H1/LSM4/WDR24/RC3H2/CNOT7/SPTLC2/SNCA/PRKD1/DAGLB/ZNF268/DCN/TNRC6C/FZR1/ZC3H18/CEBPA/ATG7/CCNY/PRKCD/CREBRF/UBR3/AXIN2/PLIN5/DDX6/FXR1/TMTC3/XRN1/ATXN3/PLK1/EPM2A/UBQLN2/SNX1",100
"GO:0030098","lymphocyte differentiation","63/2030","356/18842",0.176966292134831,1.64256102285936,4.25312557732164,5.07596277677727e-05,0.00451241978145535,0.00451241978145535,"MYB/ITGB1/PIK3CD/LILRB2/IHH/NCKAP1L/HLA-G/PBX1/ITGA4/CD27/JUNB/CD3D/FLT3LG/INPP5D/ZMIZ1/AXL/GATA3/JAK3/VCAM1/CD2/HDAC4/IL12RB1/ATP7A/ZFP36L1/PPP2R3C/LAPTM5/CTLA4/IRF2BP2/SOCS3/PRDM1/PIK3R3/NFATC3/LGALS1/CEBPG/ZBTB7B/PSMB8/ID2/RORA/HLA-DRA/CD74/METTL14/NFE2L2/CD8A/RC3H1/ACTL6B/RC3H2/TCF3/IGHM/IL6ST/PSMB9/PTPRC/KMT2A/SMARCA4/GLI3/MR1/SLAMF8/PSMB10/FOXP3/NFKBID/SOX4/ARID2/CLPTM1/LILRB4",63
"GO:0006898","receptor-mediated endocytosis","51/2030","271/18842",0.188191881918819,1.74675440350463,4.302640846035,5.11908592151585e-05,0.00451241978145535,0.00451241978145535,"ITGB3/ITGB1/DKK1/PIKFYVE/SERPINE1/NCDN/ITGA4/RAB21/AAK1/CLU/RAC1/STAB1/GREM1/GAS7/PCSK9/NEDD4L/PIP5K1C/AP1S1/ARRB1/APOC1/CAV1/CD9/HAMP/TFRC/CAV2/CANX/ABCA2/C3/LRP1/STON2/DNM2/BMP2K/FCHSD2/SNCA/HFE/STON1/VLDLR/CALY/VAC14/PDLIM7/ACKR3/HIP1/EPS15/CUBN/USP46/BICD1/GRK4/LILRB4/UBQLN2/NUMB/SNX1",51
"GO:0045597","positive regulation of cell differentiation","118/2030","772/18842",0.152849740932642,1.4187166594349,4.12800407583162,5.19490789163622e-05,0.00453105334632608,0.00453105334632608,"MYB/SOX6/IPO7/IL2RB/RGCC/LILRB2/IHH/TRPM4/NCKAP1L/WWTR1/AKAP6/HLA-G/DKK1/TCF12/SERPINE1/PTPRZ1/EFEMP2/NID1/RAB21/SKIL/CD27/FXR2/TGFB1I1/GJA1/TGFBR1/LMO3/TIAM1/FGFR1/ACVR1B/HES1/INPP5D/NAP1L1/STAT1/PDPN/SRF/ZMIZ1/AXL/STAT5B/NUMBL/QKI/GATA3/PTGS2/YAP1/EGR2/TCF7L2/MAP1B/IL12RB1/DICER1/ZFP36L1/BEND6/RREB1/PPP2R3C/SMAD4/SLIT2/SOX5/LIMK1/LGALS9/ZBTB7B/BOC/LAMA2/ID2/PAK1/AGTR1/MAPK14/LAMB1/ARNT/HLA-DRA/CD74/DSCAM/TCF4/OBSL1/ILK/ACVR2B/GLIPR2/PROC/ACTL6B/METRN/FAXDC2/RFX3/CUL7/PRKCA/TCF3/PAX8/PRKD1/TGFB3/ZNF268/IL6ST/DDR2/LAMB2/MYOCD/SERPINF1/CDH5/VIM/SMARCA4/GLI3/NFKB1/RUFY3/MEF2C/AXIN2/SMAD5/FOXP3/FXR1/NFKBID/SOX4/LPL/FZD3/ARID2/SOX11/CREB1/NPNT/ZEB2/CMKLR1/DMD/LILRB4/FZD1/NUMB/FERMT2/CDH2",118
"GO:0008285","negative regulation of cell population proliferation","103/2030","656/18842",0.157012195121951,1.45735161600384,4.14308503739607,5.32773347694111e-05,0.0045984999572848,0.0045984999572848,"NEGR1/HMGA1/RGCC/LILRB2/SPARC/IHH/ADAMTS8/HLA-G/GPLD1/ZBTB49/CNN1/RPS6KA2/EFEMP2/DLC1/PKD2/CCL2/CHD5/OGN/IGFBP6/PAWR/TGFB1I1/STRN/MCC/HES1/TIAL1/PRKG1/STAT1/PDPN/SRF/LMNA/ITGA1/GATA3/GREM1/FABP6/PTPN14/MED25/PDE9A/DICER1/TBX3/TFDP1/ADRA1A/CGRRF1/LAPTM5/CAV1/IFIT3/CTLA4/ADARB1/CD300A/IGFBP7/FLT1/KANK2/WNK2/PTPN6/LGALS9/ZBTB7B/STK11/PAK1/HAVCR2/CAV2/EPPK1/CYP1B1/LST1/MYO16/TP53I11/PTEN/MN1/ZNF503/MARVELD3/TPM1/THBS1/RC3H1/IGFBP5/SIRPG/RGS5/CNOT7/ADAMTS1/TGFB3/ZNF268/ATP8A2/IL6ST/CEBPA/MYOCD/PTPRM/PHF7/PARP10/BCHE/F2R/MEF2C/AXIN2/FOXP3/KLF10/IL24/KLF9/RERG/ARID2/SOX11/CTBP2/ING1/PPP2R5C/PML/PRKAR1A/LILRB4/PMP22",103
"GO:0003015","heart process","47/2030","244/18842",0.192622950819672,1.78788258095776,4.30440962126505,5.48519765266217e-05,0.00467483906121814,0.00467483906121814,"RGS2/KCNQ1/TRPM4/SCN4A/WWTR1/ATP2B4/GATA4/ATP1B1/GJA1/TRPC1/HSPB7/PLN/PRKACA/SLC8A1/SCN2B/YAP1/EDNRA/KCNE4/NEDD4L/SGCD/STC1/SCN8A/JPH2/ABCC9/KCNJ8/CDC42/ADRA1A/ANK2/CAV1/POPDC2/DES/FLNA/TPM1/PDE4D/TBX18/GJC1/JPH3/NPFF/ATP2B1/ATP1A2/FYN/ATP2A2/SCN11A/CACNA1G/GSN/DMD/CACNA2D1",47
"GO:0141091","transforming growth factor beta receptor superfamily signaling pathway","63/2030","357/18842",0.176470588235294,1.63796001159084,4.22871231915988,5.52901554428407e-05,0.00467483906121814,0.00467483906121814,"NREP/SMURF2/LDLRAD4/SAP30L/RGCC/DKK3/ADAM9/XIAP/IGSF1/VEPH1/GATA4/SKIL/RBPJ/TGFB1I1/SPRED1/SUDS3/NCLN/TGFBR1/ACVR1B/CHRDL2/GLG1/ZMIZ1/GREM1/PEG10/BRMS1L/SMAD4/CAV1/DDX5/ZNF451/LATS2/MTMR4/STK11/TRIM33/FSTL1/ILK/FNTA/THBS1/ACVR2B/PCSK6/NLK/ZYX/RGMA/HFE/TGFB3/CFC1/CEP128/RBPMS2/SPRY1/MYOCD/CDH5/GIPC1/CHRDL1/SMAD5/RNF111/IL17RD/COL3A1/COL1A2/PPM1A/SOX11/ING1/CREB1/ZEB2/FERMT2",63
"GO:0002429","immune response-activating cell surface receptor signaling pathway","60/2030","336/18842",0.178571428571429,1.65745953553835,4.22544731864357,5.81479788406947e-05,0.00486680962296966,0.00486680962296966,"RAB11FIP2/HLA-DQB1/PIK3CD/RGCC/MASP1/NCKAP1L/GPLD1/MYO1G/TRAC/FCN2/CD3D/INPP5D/GATA3/CD47/RFTN1/LAPTM5/LCP2/CTLA4/CD38/CD300A/WNK1/PRKCB/BTNL9/ZNRF1/DGKZ/LIMK1/TRAF3/PTPN6/TIRAP/PAK1/MICB/PLEKHA1/C3/PAK2/PDE4D/CD8A/RC3H1/RC3H2/IGHM/IGHD/SH2D1A/BTN3A3/PRKCD/PTPRC/SLA2/EIF2B5/NFKB1/MEF2C/FYN/NFKBID/IRF3/FPR3/IGLC1/LILRA2/BTN3A1/CLEC2B/CMKLR1/LILRB4/IGKC/GBP1",60
"GO:0002764","immune response-regulating signaling pathway","94/2030","589/18842",0.159592529711375,1.48130169695652,4.12380590781433,6.04763978693147e-05,0.00501107432745141,0.00501107432745141,"RAB11FIP2/HLA-DQB1/PIK3CD/RGCC/LILRB2/MASP1/NCKAP1L/HLA-G/XIAP/GPLD1/CSNK1A1/MYO1G/TRAC/FCN2/CD3D/INPP5D/HSPD1/KIR3DX1/GATA3/LILRA5/CD300LF/CD47/RFTN1/DDX3X/MEFV/LAPTM5/LCP2/CTLA4/CD38/CD300A/WNK1/PRKCB/PUM2/LAIR1/CASR/BTNL9/ZNRF1/DGKZ/LIMK1/TRAF3/PTPN6/LATS2/TIRAP/PAK1/HAVCR2/MAPK8/MICB/RNF115/PLEKHA1/C3/PAK2/GBP5/PDE4D/CD8A/RC3H1/TRIM3/SLC19A1/RC3H2/GBP2/IGHM/SLC15A4/PRKD1/SARM1/IGHD/SH2D1A/BTN3A3/FER/PRKCD/PTPRC/LYPLAL1/LAMP2/SLA2/EIF2B5/RNF144A/NFKB1/ZDHHC3/EPG5/MEF2C/FYN/NFKBID/IRF3/FPR3/LGR4/IGLC1/LILRA2/BTN3A1/CLEC2B/CMKLR1/TIFA/RNF34/EGFR/LILRB4/IGKC/GBP1",94
"GO:0048002","antigen processing and presentation of peptide antigen","19/2030","68/18842",0.279411764705882,2.59343668501884,4.57405270165533,7.02139442159816e-05,0.00576032417597647,0.00576032417597647,"HLA-DQB1/HLA-G/PIKFYVE/HLA-B/HLA-F/HLA-DOA/TAPBP/HLA-DRA/DNM2/HFE/HLA-C/HLA-DMB/MR1/TAP1/TAP2/PSMB10/HLA-DPA1/CLEC4A/SLC11A1",19
"GO:0043254","regulation of protein-containing complex assembly","69/2030","404/18842",0.170792079207921,1.5852533775545,4.13207322440633,7.23171564588848e-05,0.00587470547468941,0.00587470547468941,"FARP2/NCKAP1L/DKK1/CSNK1A1/CAPZB/HSPA5/CDC42EP4/PLEKHG2/SENP6/DACT1/NCLN/SLAIN2/CLU/HES1/BCL2L11/MED25/VPS33A/MAP1B/EVL/NAPB/NAPA/CAND1/DDX3X/MEFV/CDC42/RDX/KANK2/CASR/SSH1/SLIT2/CRYAB/LATS2/TIRAP/TFRC/LMOD1/PAK1/MAPK8/ARHGAP28/SAR1A/DYRK1A/JAM3/GBP5/ABCA1/CAMSAP3/FCHSD2/GBP2/OCLN/SNCA/PRKD1/KIF21A/KIF9/IKBKE/FER/PRKCD/CDH5/HAUS6/LAMP2/MAP2/SVIL/CREB1/MECP2/BBS10/GSN/NME7/DR1/SPTAN1/CDC42EP5/FERMT2/ASB2",69
"GO:0051251","positive regulation of lymphocyte activation","53/2030","289/18842",0.183391003460208,1.70219373753558,4.18012341408266,7.51691818857789e-05,0.00604710525345208,0.00604710525345208,"HLA-DQB1/PIK3CD/LILRB2/IHH/NCKAP1L/HLA-G/CCL2/CD27/HMCES/SASH3/FLT3LG/INPP5D/TACR1/HSPD1/ZMIZ1/AXL/TP53BP1/GATA3/VCAM1/IL12RB1/CD47/PPP2R3C/CD6/CAV1/CD38/HLA-DOA/PTPN6/LGALS9/ZBTB7B/TIRAP/TFRC/HAVCR2/HLA-DRA/CD74/CCL5/ACTL6B/TCF3/SIRPG/TNFRSF4/HLA-DMB/IL6ST/PTPRC/SMARCA4/GLI3/MEF2C/FOXP3/FYN/NFKBID/SOX4/HLA-DPA1/ARID2/SLC7A1/LILRB4",53
"GO:0043434","response to peptide hormone","72/2030","427/18842",0.168618266978923,1.56507654503294,4.10417301114458,7.73363927541864e-05,0.00616162836885758,0.00616162836885758,"ITGB3/MYO5A/PKLR/CSF2RA/KCNQ1/AKT2/LRP6/SOCS7/TCF12/GPLD1/SLC27A4/SOS2/SESN3/LPIN3/AKT3/NEFL/PLN/STAT1/STAT5B/PRKACA/SORBS1/GAB1/JAK3/RHOQ/EDNRA/PCSK9/RPS6KB1/MAP1B/SRSF4/ZFP36L1/CAV1/PRKCB/PIK3R3/AHCYL1/ZBTB7B/PAK1/AGTR1/INSIG1/CAV2/MAPK14/VAMP2/STXBP4/ADCY2/CFLAR/CDO1/NFE2L2/ECHDC3/CYBB/NUCKS1/IGFBP5/CUL7/STAT2/PRKCA/PTPRE/EGR1/CUL3/NCOA2/CACYBP/PRKD1/DDR2/FER/PRKCD/ATP2B1/ADCY1/CAMK2A/EIF2B5/NFKB1/FYN/COL3A1/CREB1/ADCY5/PRKAR1A",72
"GO:0006909","phagocytosis","44/2030","228/18842",0.192982456140351,1.79121942788005,4.17671473385427,8.92147498693748e-05,0.00698284311397949,0.00698284311397949,"RAB11FIP2/SCARB1/ITGB3/ITGB1/IL2RB/MASP1/NCKAP1L/PIKFYVE/MYO1G/CCL2/FCN2/RAB7A/PECAM1/RAC1/AXL/PRKACA/DOCK2/CD300LF/CD47/ICAM3/PIP5K1C/LYST/CDC42/DNASE2/CD300A/LIMK1/PAK1/PLD4/C3/LRP1/THBS1/DNM2/SIRPG/LETMD1/ITGA2/PRKCD/PTPRC/SYT11/SRPX/FYN/RAB14/MFGE8/SLC11A1/GSN",44
"GO:0002768","immune response-regulating cell surface receptor signaling pathway","67/2030","392/18842",0.170918367346939,1.58642555544385,4.07706879091972,8.93291540045651e-05,0.00698284311397949,0.00698284311397949,"RAB11FIP2/HLA-DQB1/PIK3CD/RGCC/LILRB2/MASP1/NCKAP1L/HLA-G/GPLD1/MYO1G/TRAC/FCN2/CD3D/INPP5D/KIR3DX1/GATA3/LILRA5/CD47/RFTN1/LAPTM5/LCP2/CTLA4/CD38/CD300A/WNK1/PRKCB/LAIR1/BTNL9/ZNRF1/DGKZ/LIMK1/TRAF3/PTPN6/TIRAP/PAK1/MAPK8/MICB/PLEKHA1/C3/PAK2/PDE4D/CD8A/RC3H1/RC3H2/IGHM/IGHD/SH2D1A/BTN3A3/FER/PRKCD/PTPRC/SLA2/EIF2B5/NFKB1/MEF2C/FYN/NFKBID/IRF3/FPR3/IGLC1/LILRA2/BTN3A1/CLEC2B/CMKLR1/LILRB4/IGKC/GBP1",67
"GO:0007043","cell-cell junction assembly","31/2030","142/18842",0.21830985915493,2.02630264344689,4.26568831736187,9.4636557664997e-05,0.00726072700752004,0.00726072700752004,"HIPK1/PKN2/ABI2/CDH11/GJA1/STRN/CDH19/PECAM1/RAC1/HOPX/PRKACA/CDH7/PIP5K1C/ANK2/CAV1/CD9/CDH4/CLDN11/PKP3/PAK2/JAM3/MARVELD3/PRKCA/OCLN/GJC1/FER/CDH5/CDH1/MPDZ/CDH8/CDH2",31
"GO:0030177","positive regulation of Wnt signaling pathway","31/2030","142/18842",0.21830985915493,2.02630264344689,4.26568831736187,9.4636557664997e-05,0.00726072700752004,0.00726072700752004,"SMURF2/RECK/TRPM4/DKK1/XIAP/SBNO1/DACT1/WDR20/DDX3X/ATP6AP2/WNK1/WNK2/TBL1X/DIXDC1/DKK2/ZRANB1/ILK/USP47/CCAR2/CSNK1G2/SMARCA4/NFKB1/TNKS/LYPD6/USP34/SOX4/LGR4/PPM1A/USP46/ZEB2/EGFR",31
"GO:0042176","regulation of protein catabolic process","68/2030","401/18842",0.169576059850374,1.57396656142894,4.03698231749257,0.000101447440497581,0.00766781459646532,0.00766781459646532,"RAD23A/ZER1/RNF128/TSPAN17/ADAM9/CSNK1A1/HSPA5/UBE3A/TGFB1I1/RAB7A/DACT1/CLU/OAZ1/HSPBP1/OAZ3/PRKACA/WDR20/SH3RF2/GGA3/PCSK9/USP14/MSN/RHBDD1/SMAD4/LAPTM5/CAV1/FBXO32/RDX/HAMP/L3MBTL3/BAG5/PRICKLE1/RNF180/OSBPL7/PTEN/PLK2/ABCA2/CTSC/LRP1/NFE2L2/FLNA/UFL1/USP38/TIMP2/NUDT15/SNCA/HFE/ZNF268/PCSK5/AGAP2/CCAR2/FZR1/CEBPA/ATG7/CDH1/GIPC1/CREBRF/UBR3/AXIN2/TMTC3/TMF1/ATXN3/PLK1/PML/EGFR/PSME3/UBQLN2/SNX1",68
"GO:0086001","cardiac muscle cell action potential","22/2030","87/18842",0.252873563218391,2.34711511239454,4.37618933466223,0.000101793338837942,0.00766781459646532,0.00766781459646532,"KCNQ1/TRPM4/SCN4A/ATP1B1/GJA1/SLC8A1/SCN2B/KCNE4/NEDD4L/SCN8A/KCNJ8/ANK2/CAV1/FLNA/TBX18/GJC1/ATP1A2/ATP2A2/SCN11A/CACNA1G/DMD/CACNA2D1",22
"GO:0042060","wound healing","67/2030","394/18842",0.17005076142132,1.57837263384261,4.03154493550667,0.000104401720260498,0.00779344733404042,0.00779344733404042,"SCARB1/ITGB3/ITGB1/LMAN1/THBD/SERPINE1/FGB/MYLK/GATA4/TGFBR1/PRRG4/PRKG1/PDPN/SRF/AXL/MCAM/TFPI/YAP1/HTN1/GGCX/ERBB2/CSRP1/VWF/DST/RREB1/CAV1/SERPING1/CD9/MYL9/DGKZ/PRDX2/TBXA2R/PLA2G4A/PAK1/EPPK1/MAPK14/ANGPTL2/PTEN/ILK/NFE2L2/PHLDB2/FLNA/TPM1/THBS1/PROC/HBEGF/DGKE/PRKCA/OCLN/F5/ITGA2/ANGPTL1/IL6ST/DDR2/PRKCD/SYT11/CD151/ANGPT2/F2R/CPB2/CHMP1A/COL3A1/ERBB3/SMPD1/SLC11A1/GP5/FERMT2",67
"GO:0007179","transforming growth factor beta receptor signaling pathway","44/2030","230/18842",0.191304347826087,1.77564360676804,4.11263262433293,0.000110033768585876,0.0080909777191254,0.0080909777191254,"NREP/SMURF2/LDLRAD4/SAP30L/RGCC/DKK3/ADAM9/VEPH1/SKIL/TGFB1I1/SPRED1/SUDS3/TGFBR1/GLG1/ZMIZ1/PEG10/BRMS1L/SMAD4/ZNF451/LATS2/MTMR4/STK11/TRIM33/FNTA/THBS1/NLK/ZYX/TGFB3/CEP128/SPRY1/MYOCD/CDH5/GIPC1/SMAD5/RNF111/IL17RD/COL3A1/COL1A2/PPM1A/SOX11/ING1/CREB1/ZEB2/FERMT2",44
"GO:0032970","regulation of actin filament-based process","65/2030","380/18842",0.171052631578947,1.58767176562095,4.02140259496933,0.00011034039129389,0.0080909777191254,0.0080909777191254,"ITGB3/RGCC/TRPM4/NCKAP1L/CAPZB/DLC1/ABI2/GATA4/CDC42EP4/CCDC88A/PLEKHG2/PLEKHH2/TGFBR1/PLN/RNH1/TACR1/PDPN/RAC1/OAZ3/ARFIP2/RHOBTB2/RHOQ/CD47/EVL/CFL2/TAOK2/STC1/RHOF/CDC42/ANK2/SMAD4/CAV1/RDX/KANK2/SSH1/SLIT2/DIXDC1/LIMK1/LMOD1/PAK1/ARHGAP28/EPHA3/ACTA2/PAK2/LRP1/PHLDB2/FLNA/TPM1/PDE4D/FCHSD2/PRKD1/TGFB3/SYNPO2/FER/PRKCD/ATP1A2/AKAP13/ATP2A2/SVIL/ZEB2/GSN/SPTAN1/CDC42EP5/FERMT2/ASB2",65
"GO:0050808","synapse organization","89/2030","562/18842",0.158362989323843,1.46988938169451,3.92975971567086,0.00012406882288402,0.00896582357620403,0.00896582357620403,"NEGR1/ITGB3/ITGB1/SEZ6L/CPEB3/PCDHB4/SDC2/LILRB2/SPARC/DKK1/ABI2/NLGN4X/GRID1/C1QL1/GAP43/FGFR1/NEFL/PDLIM5/FILIP1/CC2D1A/TANC1/RAC1/NRP2/AGRN/SPARCL1/NUMBL/CD2AP/FARP1/MAP1B/NEDD4L/ARHGAP32/PDZRN3/CAP2/ADGRL2/CDC42/PCDH17/ZDHHC17/PUM2/ACTN1/SSH1/DIXDC1/NRXN3/KY/PRICKLE1/PCDHB14/MAPK14/GNA13/LAMB1/SRGAP2C/DSCAM/DLGAP4/LRFN4/CPNE6/LRRC15/PTEN/C3/FNTA/TUBA1A/BCAN/PRKCA/C1QC/SNCA/SARM1/PCDHB3/TENM3/ARHGAP33/DAAM1/SYN2/CDH1/VLDLR/PPFIBP2/IL10RA/CHRDL1/F2R/LSAMP/MEF2C/PLXNA4/FYN/KIRREL3/SRGAP1/ERBB3/ADAM10/NRXN1/PCDHB5/NTRK3/CDH8/FZD1/SEMA4C/CDH2",89
"GO:0002009","morphogenesis of an epithelium","56/2030","316/18842",0.177215189873418,1.64487123526844,4.0171312365089,0.000124435157043623,0.00896582357620403,0.00896582357620403,"ITGB3/ITGB1/PIK3CD/IHH/TNC/DLC1/PKD2/GATA4/RBPJ/GJA1/HES1/STAT1/PDPN/SRF/GATA3/YAP1/GREM1/COBL/HTN1/EDNRA/KIF26B/ATP7A/MSN/CDC42/RREB1/DNAAF1/MTHFR/GREB1/CASR/SLIT2/PRICKLE1/PAK1/CTSZ/MMP2/PTEN/LMO4/PHLDB2/NPHP3/FLNA/CAMSAP3/HBEGF/TBX18/COL4A1/PAX8/MYO9A/CD151/MEF2C/BTBD7/LGR4/CEP290/SOX11/NPNT/ADAMTS12/SEMA4C/FERMT2/ASB2",56
"GO:0002478","antigen processing and presentation of exogenous peptide antigen","13/2030","39/18842",0.333333333333333,3.09392446633826,4.5485193331109,0.000138538364801611,0.00989351392508899,0.00989351392508899,"HLA-DQB1/HLA-G/PIKFYVE/HLA-B/HLA-F/HLA-DOA/HLA-DRA/DNM2/HLA-C/HLA-DMB/PSMB10/HLA-DPA1/CLEC4A",13
"GO:0050866","negative regulation of cell activation","39/2030","198/18842",0.196969696969697,1.82822809374534,4.07102068349704,0.000139698422548324,0.00989351392508899,0.00989351392508899,"LILRB2/IHH/HLA-G/THBD/PRKG1/JAK3/CD300LF/LAPTM5/CD9/CTLA4/CD300A/LGALS1/PTPN6/LGALS9/ZBTB7B/PSMB8/ID2/HAVCR2/LST1/UFL1/RC3H1/RC3H2/HFE/CD84/PSMB9/FER/PRKCD/PTPRC/SYT11/GLI3/TIGIT/PSMB10/FOXP3/FYN/CLEC12A/CYGB/SOX11/PRKAR1A/LILRB4",39
"GO:0048598","embryonic morphogenesis","61/2030","354/18842",0.172316384180791,1.59940163090368,3.95607838580771,0.000143534584919298,0.0100790472088246,0.0100790472088246,"ITGB3/ITGB1/KCNQ1/SPARC/IHH/HIPK1/DKK1/DLC1/MYO6/ITGA4/PKD2/GATA4/COL8A1/SOX7/GJA1/TAF10/MFAP5/DACT1/KDM6B/TGFBR1/HES1/SRF/GATA3/GREM1/COBL/EDNRA/TBX3/SMAD4/DNAAF1/MTHFR/WNK1/FLT1/SOBP/MIXL1/PRICKLE1/ID2/ALDH1A3/LAMB1/MMP2/EFEMP1/LMO4/NPHP3/COL6A1/TBX18/MYH3/AFF3/PAX8/ATP8A2/CFC1/RBPMS2/ITGA2/GLI3/MEF2C/HTR2B/CEP290/BRD3/RTF1/SOX11/COL12A1/SEMA4C/ASB2",61
"GO:0002696","positive regulation of leukocyte activation","57/2030","325/18842",0.175384615384615,1.62788025767336,3.96755995387336,0.000144808642965138,0.0100830623160431,0.0100830623160431,"HLA-DQB1/PIK3CD/LILRB2/IHH/NCKAP1L/HLA-G/CCL2/CD27/HMCES/SASH3/FLT3LG/INPP5D/TACR1/HSPD1/ZMIZ1/AXL/TP53BP1/GATA3/VCAM1/CD2/IL12RB1/CD47/PPP2R3C/CD6/CAV1/CD38/HLA-DOA/PTPN6/LGALS9/ZBTB7B/PLA2G4A/TIRAP/TFRC/HAVCR2/HLA-DRA/CD74/THBS1/CCL5/ACTL6B/TCF3/SIRPG/TNFRSF4/HLA-DMB/IL6ST/CEBPA/PTPRC/SMARCA4/GLI3/MEF2C/FOXP3/FYN/NFKBID/SOX4/HLA-DPA1/ARID2/SLC7A1/LILRB4",57
"GO:0048738","cardiac muscle tissue development","38/2030","192/18842",0.197916666666667,1.83701765188834,4.05075630163775,0.000152387789698603,0.0105223768786886,0.0105223768786886,"RGS2/SOX6/AKAP6/DKK1/GATA4/RBPJ/GJA1/KDM6B/TGFBR1/PDLIM5/HOPX/SLC8A1/ZFPM2/YAP1/GREM1/EDNRA/SGCD/JPH2/TBX3/SMAD4/SORBS2/PRICKLE1/ID2/PAK1/MEIS1/OBSL1/TPM1/TBX18/CACYBP/ADAMTS9/NRAP/MYH11/MYOCD/AKAP13/MEF2C/SMAD5/CACNA1G/ASB2",38
"GO:0050851","antigen receptor-mediated signaling pathway","40/2030","206/18842",0.194174757281553,1.80228609689607,4.02324822724722,0.00015902501209391,0.0108899276876871,0.0108899276876871,"HLA-DQB1/PIK3CD/NCKAP1L/TRAC/CD3D/INPP5D/GATA3/RFTN1/LAPTM5/LCP2/CTLA4/CD38/CD300A/WNK1/PRKCB/BTNL9/DGKZ/PTPN6/PLEKHA1/PDE4D/CD8A/RC3H1/RC3H2/IGHM/IGHD/SH2D1A/BTN3A3/PTPRC/SLA2/EIF2B5/NFKB1/MEF2C/FYN/NFKBID/IGLC1/BTN3A1/CLEC2B/LILRB4/IGKC/GBP1",40
"GO:0035023","regulation of Rho protein signal transduction","22/2030","90/18842",0.244444444444444,2.26887794198139,4.19283341993472,0.00017372741659403,0.0117992243762142,0.0117992243762142,"DOCK9/ARHGDIA/CSNK1A1/DLC1/TNFAIP1/EPS8L2/RAC1/ERBB2/ARRB1/ARHGEF3/KANK2/ABCA1/CUL3/SYNPO2/ARHGEF28/F2R/AKAP13/FXR1/HEG1/COL3A1/MYO9B/FERMT2",22
"GO:0014706","striated muscle tissue development","50/2030","277/18842",0.180505415162455,1.67541036083299,3.93505157896622,0.000176898999058771,0.0118324032925579,0.0118324032925579,"RGS2/SOX6/AKAP6/DKK1/GATA4/SKIL/RBPJ/GJA1/KDM6B/TGFBR1/PDLIM5/HOPX/SLC8A1/ZFPM2/YAP1/GREM1/EGR2/EDNRA/CFL2/SGCD/JPH2/TBX3/SMAD4/CAV1/SORBS2/DDX5/PRICKLE1/ID2/PAK1/CAV2/MEIS1/POPDC2/OBSL1/CFLAR/PGM5/COL6A1/TPM1/TBX18/CACYBP/ADAMTS9/NRAP/MYH11/MYOCD/AKAP13/MEF2C/SMAD5/CACNA1G/SVIL/DMD/ASB2",50
"GO:0099536","synaptic signaling","114/2030","763/18842",0.149410222804718,1.3867918315697,3.79003013898288,0.000177071929553123,0.0118324032925579,0.0118324032925579,"CACNB3/ITGB1/CPEB3/PLCL1/PCDHB4/LYNX1/PDLIM4/LILRB2/LRP6/GNAO1/DKK1/STX2/RPS6KA2/GNA11/NCDN/CCL2/SPG11/NLGN4X/GRID1/C1QL1/UBE3A/FXR2/RIMBP2/CDH11/ITPR1/SYNGR1/SGCE/NEFL/TACR1/HRH3/AGRN/PRKACA/SCN2B/CHRNE/GGCX/FARP1/RPS6KB1/MAP1B/NAPB/NAPA/PIP5K1C/PDE9A/DTNA/NPBWR1/ADRA1A/CNRIP1/CD38/GRM2/PRKCB/ZDHHC17/DNAJC5/SSH1/RGS10/TACR2/NRXN3/BACE1/TSHZ3/SNTG1/NR3C1/PCDHB14/RAB3GAP1/VAMP2/MICU3/DLGAP4/AKAP12/CLMP/SLC38A2/PTEN/PLK2/CHRNA4/CHRNA3/STXBP2/FCHSD2/DGKE/UBE2I/SNCA/YWHAH/GLRB/OPRL1/PCDHB3/JPH3/HTR3A/NPFF/GRIN2D/SYN2/CDH1/ATP1A2/SYT11/ADCY1/BCHE/GIPC1/CAMK2A/SYT13/ZDHHC3/CHRDL1/F2R/TMEM25/MEF2C/KCNMB1/FYN/FXR1/HTR2B/HIP1/RASD2/NALCN/USP46/ATXN3/NRXN1/CREB1/PCDHB5/PRKAR1A/DMD/SLC6A2/PMP22",114
"GO:0019884","antigen processing and presentation of exogenous antigen","14/2030","45/18842",0.311111111111111,2.88766283524904,4.40531243144787,0.000178683952786996,0.0118446018623444,0.0118446018623444,"HLA-DQB1/HLA-G/PIKFYVE/HLA-B/HLA-F/HLA-DOA/HLA-DRA/DNM2/HLA-C/HLA-DMB/MR1/PSMB10/HLA-DPA1/CLEC4A",14
"GO:0055002","striated muscle cell development","29/2030","134/18842",0.216417910447761,2.00874200426439,4.07201272945667,0.000183775100802596,0.0120854006765897,0.0120854006765897,"RGS2/AKAP6/GATA4/CSRP2/PDLIM5/SLC8A1/CSRP1/TBX3/SMAD4/SORBS2/MYL9/PRICKLE1/LMOD1/PAK1/CAV2/MEIS1/OBSL1/CFLAR/PGM5/COL6A1/TPM1/TBX18/MYH3/PRKD1/NRAP/TMEM182/MYH11/AKAP13/ASB2",29
"GO:1903131","mononuclear cell differentiation","72/2030","439/18842",0.164009111617312,1.52229540940561,3.84764024677485,0.000185444227610576,0.0120991407085136,0.0120991407085136,"MYB/ITGB1/PIK3CD/LILRB2/IHH/NCKAP1L/HLA-G/PBX1/ITGA4/CD27/JUNB/CD3D/FLT3LG/INPP5D/ZMIZ1/AXL/QKI/GATA3/JAK3/HLA-B/VCAM1/CD2/HDAC4/IL12RB1/ATP7A/ZFP36L1/CDC42/PPP2R3C/LAPTM5/CTLA4/IRF2BP2/SOCS3/PRDM1/PIK3R3/NFATC3/LGALS1/CEBPG/LGALS9/ZBTB7B/PSMB8/ID2/RORA/NR3C1/HLA-DRA/CD74/METTL14/CFLAR/NFE2L2/CD8A/RC3H1/ACTL6B/PRKCA/RC3H2/TCF3/C1QC/IGHM/IL6ST/PSMB9/PTPRC/KMT2A/SMARCA4/GLI3/MR1/SLAMF8/PSMB10/FOXP3/NFKBID/SOX4/CLEC12A/ARID2/CLPTM1/LILRB4",72
"GO:0034341","response to type II interferon","25/2030","109/18842",0.229357798165138,2.12884710986578,4.1070974814431,0.000193017965542355,0.0124948973631559,0.0124948973631559,"CDC37/CCL2/ZNF697/STAT1/RPS6KB1/SEC61A1/IL12RB1/CD47/MEFV/CIITA/PARP9/CALCOCO2/LGALS9/PSMB8/CD74/GBP5/CCL5/GBP2/SNCA/PSMB9/CAMK2A/PSMB10/HLA-DPA1/SLC11A1/GBP1",25
"GO:0051146","striated muscle cell differentiation","49/2030","271/18842",0.180811808118081,1.67825423081817,3.90795734691136,0.000195865640503298,0.0125809511411653,0.0125809511411653,"ITGB1/RGS2/SOX6/PLEKHO1/AKAP6/DKK1/ADAM12/GATA4/CSRP2/KDM6B/PDLIM5/SLC8A1/DOCK2/GREM1/HDAC4/CSRP1/TBX3/SMAD4/CD9/SORBS2/MYL9/MYEF2/ADAMTS5/PRICKLE1/LMOD1/PAK1/CAV2/MAPK14/EHD1/MEIS1/POPDC2/OBSL1/CFLAR/PGM5/COL6A1/TPM1/TBX18/MYH3/RPLP2/CACYBP/PRKD1/NRAP/TMEM182/MYH11/MYOCD/EHD2/AKAP13/MEF2C/ASB2",49
"GO:0055007","cardiac muscle cell differentiation","24/2030","103/18842",0.233009708737864,2.16274331627529,4.11168240619502,0.000199067294814132,0.0126128663967634,0.0126128663967634,"RGS2/SOX6/AKAP6/DKK1/GATA4/KDM6B/PDLIM5/SLC8A1/GREM1/TBX3/SMAD4/SORBS2/PRICKLE1/PAK1/MEIS1/OBSL1/TBX18/CACYBP/NRAP/MYH11/MYOCD/AKAP13/MEF2C/ASB2",24
"GO:1903522","regulation of blood circulation","47/2030","257/18842",0.182879377431907,1.69744494067585,3.91187987606914,0.000199406890897417,0.0126128663967634,0.0126128663967634,"ITGB1/RGS2/KCNQ1/TRPM4/ITGA4/FGB/ATP2B4/GATA4/ATP1B1/GJA1/TRPC1/HSPB7/PLN/TACR1/PRKACA/SLC8A1/SCN2B/ZDHHC21/EDNRA/KCNE4/STC1/JPH2/ABCC9/ADRA1A/ANK2/CAV1/CD38/CASR/TBXA2R/AGTR1/MMP2/POPDC2/DES/FLNA/TPM1/PDE4D/TBX18/GJC1/JPH3/NPFF/ATP2B1/ATP1A2/F2R/ATP2A2/CACNA1G/DMD/CACNA2D1",47
"GO:0007420","brain development","83/2030","524/18842",0.158396946564885,1.47020456511112,3.79318269429915,0.0002053656294627,0.012891360649454,0.012891360649454,"PBX3/SEZ6L/SOX6/BASP1/AKNA/LRP6/SOCS7/DKK1/DLC1/PBX1/ATP2B4/CHD5/HSPA5/NLGN4X/UBE3A/FXR2/PCM1/SUDS3/KDM6B/FGFR1/NEFL/HES1/RAC1/NRP2/EZH1/ZMIZ1/NUMBL/EGR2/CNTN1/ATP7A/CDC42/SLC6A17/KCNC2/SLIT2/DIXDC1/FEZ1/ID2/RORA/PAK1/GNB4/POU3F3/RAB3GAP1/EFHC1/LAMB1/MEIS2/SRGAP2C/EML1/ATXN1/MYO16/ECE2/SLC38A2/MEIS1/SOX1/PTEN/METTL14/FLNA/MCPH1/TUBA1A/COL4A1/YWHAH/GPR161/UNC5C/TTBK2/TACC1/GRIN2D/CDH1/ATP1A2/RTN1/EIF2B5/PLXNA4/FXR1/SOX4/KIRREL3/COL3A1/FZD3/CEP290/SOX11/NRXN1/NAV2/FZD1/SEMA4C/SMARCA1/NUMB",83
"GO:0007517","muscle organ development","46/2030","251/18842",0.183266932270916,1.70104213687123,3.88525842492877,0.000220462753624263,0.0137349953122605,0.0137349953122605,"ITGB1/SOX6/BASP1/SGCB/TCF12/EFEMP2/MYLK/SKIL/RBPJ/TGFBR1/SGCE/LMNA/ZFPM2/EGR2/EDNRA/TAGLN/CFL2/SGCD/JPH2/SMAD4/CAV1/DDX5/KY/LAMA2/CAV2/POPDC2/DES/CFLAR/COL6A1/TPM1/HBEGF/FHL1/MYH3/FOXK1/ITGA11/TMEM182/MYOCD/MEF2D/MEF2C/FXR1/SMTN/COL3A1/SCN11A/PAXBP1/SVIL/DMD",46
"GO:0019882","antigen processing and presentation","24/2030","104/18842",0.230769230769231,2.14194770746495,4.05780873222143,0.000232751851638419,0.0143924018110145,0.0143924018110145,"HLA-DQB1/LILRB2/HLA-G/PIKFYVE/HLA-B/RFTN1/HLA-F/HLA-DOA/TAPBP/HLA-DRA/CD74/THBS1/CD8A/DNM2/HFE/HLA-C/HLA-DMB/MR1/TAP1/TAP2/PSMB10/HLA-DPA1/CLEC4A/SLC11A1",24
"GO:0061448","connective tissue development","39/2030","203/18842",0.192118226600985,1.78319784513092,3.89850864628708,0.000239864192544646,0.0147223311068514,0.0147223311068514,"ITGB3/SOX6/IHH/TRPM4/MGP/GPLD1/OGN/WDTC1/TGFBR1/CHRDL2/AGRN/GATA3/GREM1/LUM/ZNF516/ATP7A/STC1/TRPS1/PUM2/CASR/SOX5/MAPK14/ACTA2/EFEMP1/HYAL3/CFLAR/ITGB8/ACVR2B/TRIP11/EGR1/SPTLC2/NCOA2/CUL4B/DYRK1B/MEF2C/LPL/COL3A1/ADAMTS12/OXCT1",39
"GO:0033627","cell adhesion mediated by integrin","20/2030","80/18842",0.25,2.32044334975369,4.11259084501254,0.000244115687974838,0.0148290624480662,0.0148290624480662,"ITGB3/ITGB1/ADAM9/NCKAP1L/SERPINE1/ITGA4/VCAM1/ICAM3/ICAM1/COL16A1/WNK1/EPHA8/ITGBL1/CYP1B1/JAM3/CCL5/ITGB8/ITGA11/ITGA2/NPNT",20
"GO:0072001","renal system development","43/2030","231/18842",0.186147186147186,1.7277760006824,3.86731162452501,0.000245182422807756,0.0148290624480662,0.0148290624480662,"ITGB3/BASP1/PKD2/TGFBR1/HES1/STAT1/PECAM1/GATA3/GREM1/EDNRA/PCSK9/SEC61A1/KIF26B/KCNJ8/SMAD4/KANK2/SLIT2/PRICKLE1/HELLS/AGTR1/POU3F3/EXOC5/ACTA2/CFLAR/NPHP3/TBX18/COL4A1/NUP85/PAX8/EGR1/CUL3/PCSK5/MYOCD/SERPINF1/ANGPT2/MEF2C/SMAD5/SOX4/LGR4/CEP290/SOX11/NPNT/ARL3",43
"GO:1902903","regulation of supramolecular fiber organization","61/2030","361/18842",0.168975069252078,1.56838830288061,3.78901480586014,0.000248332144273736,0.0149107257061752,0.0149107257061752,"RGCC/NCKAP1L/CAPZB/DLC1/ABI2/CDC42EP4/CCDC88A/PLEKHG2/PLEKHH2/SLAIN2/TGFBR1/CLU/RNH1/TACR1/RAC1/OAZ3/ARFIP2/MAP1B/CD47/EVL/CFL2/CDC42/SMAD4/RDX/KANK2/SSH1/SLIT2/CRYAB/LIMK1/LMOD1/PAK1/ARHGAP28/DYRK1A/PAK2/PHLDB2/FLNA/TPM1/CAMSAP3/FCHSD2/OCLN/SNCA/PRKD1/TGFB3/TTBK2/KIF21A/SYNPO2/FER/PRKCD/CDH5/HAUS6/AKAP13/MAP2/GAS2L1/SVIL/MECP2/GSN/NME7/SPTAN1/CDC42EP5/FERMT2/ASB2",61
"GO:0071375","cellular response to peptide hormone stimulus","56/2030","325/18842",0.172307692307692,1.59932095490716,3.78709441991057,0.000263505459173987,0.0157079585231342,0.0157079585231342,"ITGB3/MYO5A/PKLR/CSF2RA/AKT2/SOCS7/GPLD1/SLC27A4/SOS2/SESN3/LPIN3/AKT3/STAT5B/PRKACA/SORBS1/GAB1/JAK3/RHOQ/EDNRA/PCSK9/RPS6KB1/MAP1B/ZFP36L1/CAV1/PRKCB/PIK3R3/AHCYL1/ZBTB7B/PAK1/AGTR1/INSIG1/CAV2/VAMP2/STXBP4/ADCY2/CFLAR/NFE2L2/ECHDC3/NUCKS1/CUL7/PRKCA/PTPRE/CUL3/NCOA2/PRKD1/DDR2/FER/PRKCD/ATP2B1/ADCY1/CAMK2A/NFKB1/FYN/CREB1/ADCY5/PRKAR1A",56
"GO:0006940","regulation of smooth muscle contraction","15/2030","52/18842",0.288461538461538,2.67743463433119,4.20895410900101,0.000270706580466628,0.0159891592227917,0.0159891592227917,"RGS2/CNN1/TACR1/PRKG1/SRF/ZDHHC21/ADRA1A/CAV1/TACR2/CHRNA3/ITGA2/MYOCD/ATP2B1/F2R/NPNT",15
"GO:0045785","positive regulation of cell adhesion","71/2030","437/18842",0.162471395881007,1.50802268038913,3.733758396177,0.000272081999808549,0.0159891592227917,0.0159891592227917,"TNFRSF18/ITGB3/HLA-DQB1/PIK3CD/LILRB2/IHH/ADAM9/NCKAP1L/HLA-G/EFEMP2/NID1/ITGA4/FGB/CCL2/CD27/HSPD1/PDPN/RAC1/ZMIZ1/GATA3/HTN1/VCAM1/ERBB2/MAGI1/IL12RB1/CD47/PTPN23/CDC42/RREB1/CD6/CAV1/ADAM19/COL16A1/HLA-DOA/PTPN6/LGALS9/ZBTB7B/CCDC80/TFRC/LAMA2/HAVCR2/MAP4K4/LAMB1/HLA-DRA/NFAT5/PKP3/ILK/EDIL3/FLNA/TPM1/CCL5/ACTL6B/PRKCA/SIRPG/ITGA2/HLA-DMB/IL6ST/LAMB2/PTPRC/SMARCA4/GLI3/FOXP3/FYN/NFKBID/SOX4/HLA-DPA1/ARID2/SLC7A1/NPNT/LILRB4/FERMT2",71
"GO:0090287","regulation of cellular response to growth factor stimulus","57/2030","333/18842",0.171171171171171,1.58877202325478,3.76676136696901,0.000278098808031012,0.0162276529813026,0.0162276529813026,"NREP/SMURF2/LDLRAD4/ITGB3/ITGB1/SAP30L/DKK3/DOK5/XIAP/VEPH1/ATP2B4/GATA4/SKIL/RBPJ/TGFB1I1/SPRED1/SUDS3/CHRDL2/GLG1/GREM1/PEG10/BRMS1L/SMAD4/CAV1/PRKCB/ZDHHC17/ZNF451/SLIT2/LATS2/MTMR4/STK11/TRIM33/ARNT/FSTL1/ILK/CFLAR/THBS1/PCSK6/CEP128/RBPMS2/DCN/SPRY1/MYOCD/CDH5/GIPC1/VEGFC/CHRDL1/RNF111/IL17RD/PPM1A/SPRY4/SOX11/NRXN1/ING1/ZEB2/ADAMTS12/DMD",57
"GO:0010763","positive regulation of fibroblast migration","7/2030","14/18842",0.5,4.64088669950739,4.735429665119,0.000288163784989717,0.0166973784784951,0.0166973784784951,"ITGB3/ITGB1/PAK1/AKAP12/ACTA2/THBS1/DDR2",7
"GO:0070482","response to oxygen levels","54/2030","312/18842",0.173076923076923,1.60646078059871,3.75346707823234,0.000300055259963486,0.0172656797503989,0.0172656797503989,"MYB/PKLR/RGCC/ATP1B1/ITPR1/SRF/LMNA/PTGS2/DRAM1/VCAM1/NAPA/DNMT3A/STC1/ZFP36L1/ADO/SMAD4/CAV1/CD38/MTHFR/CASR/TFAM/SLC11A2/TFRC/RORA/PAK1/ARNT/ATP6V1G1/MMP2/CHRNA4/TBL2/CFLAR/NFE2L2/THBS1/CYBB/EGR1/PSEN2/TGFB3/ITGA2/DDR2/ATG7/MYOCD/KCNMA1/GUCY1A2/BNIP2/PTGIS/VEGFC/ANGPT2/PDK3/CYGB/CREB1/ZEB2/PML/FABP1/ATP6V0A2",54
"GO:0006760","folic acid-containing compound metabolic process","10/2030","27/18842",0.37037037037037,3.43769385148696,4.40452658589714,0.000308765791232833,0.017644367904519,0.017644367904519,"DHFR/ALDH1L2/MTR/SLC46A1/MTHFR/MTRR/FTCD/ALDH1L1/SLC19A1/TYMS",10
"GO:0007409","axonogenesis","60/2030","357/18842",0.168067226890756,1.5599619158008,3.71170262804167,0.000321391648525846,0.0182400767101723,0.0182400767101723,"GFRA3/ITGA4/RAB21/SPG11/SKIL/GAP43/KIAA1755/TIAM1/PRKG1/RAC1/NRP2/NCAM1/COBL/EDNRA/MAP1B/EVL/CNTN1/TAOK2/ZDHHC17/EPHA8/SLIT2/FEZ1/LIMK1/NRXN3/STK11/BOC/PRICKLE1/PAK1/EPHA3/DSCAM/ULK2/PTEN/LMO4/PAK2/LYPLA2/DNM2/KALRN/METRN/PRKCA/UNC5C/RGMA/TENM3/B4GALT6/KIF21A/LHX9/PTPRM/CDH1/VIM/RUFY3/PALLD/PLXNA4/FYN/MAP2/SCN11A/FZD3/NEXN/DCLK1/NRXN1/SEMA4C/CDH2",60
"GO:0050807","regulation of synapse organization","53/2030","306/18842",0.173202614379085,1.60762741878361,3.72374873601954,0.000333391565340634,0.018792398030017,0.018792398030017,"NEGR1/ITGB1/CPEB3/SDC2/LILRB2/SPARC/DKK1/ABI2/NLGN4X/GRID1/C1QL1/FGFR1/NEFL/PDLIM5/CC2D1A/TANC1/RAC1/NRP2/AGRN/SPARCL1/NUMBL/FARP1/MAP1B/NEDD4L/ARHGAP32/CDC42/ZDHHC17/PUM2/PRICKLE1/MAPK14/GNA13/SRGAP2C/DLGAP4/LRFN4/LRRC15/TUBA1A/PRKCA/SNCA/SARM1/ARHGAP33/VLDLR/IL10RA/LSAMP/MEF2C/FYN/SRGAP1/ADAM10/NRXN1/NTRK3/CDH8/FZD1/SEMA4C/CDH2",53
"GO:0045619","regulation of lymphocyte differentiation","37/2030","193/18842",0.191709844559585,1.77940733556242,3.78186195320393,0.000356615143089124,0.0198689499655766,0.0198689499655766,"LILRB2/IHH/NCKAP1L/HLA-G/CD27/JUNB/INPP5D/ZMIZ1/AXL/GATA3/JAK3/CD2/IL12RB1/ZFP36L1/PPP2R3C/CTLA4/PRDM1/LGALS1/ZBTB7B/PSMB8/ID2/HLA-DRA/METTL14/RC3H1/ACTL6B/RC3H2/PSMB9/SMARCA4/GLI3/SLAMF8/PSMB10/FOXP3/NFKBID/SOX4/ARID2/CLPTM1/LILRB4",37
"GO:0045807","positive regulation of endocytosis","32/2030","159/18842",0.20125786163522,1.86802986646838,3.81944470143221,0.00035728621106335,0.0198689499655766,0.0198689499655766,"IL2RB/MASP1/NCKAP1L/SERPINE1/RAB21/CCL2/FCN2/CLU/AXL/PRKACA/DOCK2/GREM1/PCSK9/NEDD4L/CD300LF/CD47/ARRB1/CDC42/HAMP/C3/LRP1/SIRPG/SNCA/HFE/ITGA2/PTPRC/CD151/CALY/HIP1/SMPD1/SLC11A1/BICD1",32
"GO:0010975","regulation of neuron projection development","63/2030","381/18842",0.165354330708661,1.53478142818355,3.66438837323887,0.00036331591185091,0.0200695709706443,0.0200695709706443,"RGS2/DPYSL3/SDC2/DKK1/RAB21/ABI2/CCDC88A/SKIL/RTCA/TIAM1/PDLIM5/HES1/NUMBL/COBL/MAP1B/NEDD4L/ARHGAP32/CD38/PUM2/SLIT2/FEZ1/LIMK1/DENND5A/BAG5/PAK1/EHD1/EPHA3/RAPGEF1/DSCAM/ULK2/PTPRG/PTEN/OBSL1/PAK2/CHRNA3/CFLAR/NFE2L2/THOC2/METRN/CUL7/PRKD1/YWHAH/SARM1/RGMA/KIDINS220/ATP8A2/TENM3/ARHGAP33/KIF21A/DDR2/SERPINF1/CDH1/VLDLR/VIM/RUFY3/KLK6/MAP2/NTRK3/KCTD12/DMD/PMP22/FZD1/CDH2",63
"GO:0016310","phosphorylation","105/2030","706/18842",0.148725212464589,1.38043372081665,3.5801473782979,0.000372738996266578,0.0204537438613567,0.0204537438613567,"TNFRSF18/NPRL2/FKBP8/CDC37/PIK3CD/IBTK/HIPK1/PIKFYVE/CSPG4/NEK1/PKN2/CSNK1A1/AAK1/CCL2/MYLK/ABI2/CCDC88A/TGFBR1/FGFR1/ACVR1B/HES1/RAC1/JAK3/DYRK2/NADK/RPS6KB1/ERBB2/ERN1/LILRA5/CDC42BPG/ARRB1/LCP2/MAPK6/RASSF2/ADARB1/CD300A/WNK1/PRKCB/FLT1/WNK2/MAP2K2/SLIT2/PARP9/DGKZ/TOM1L1/LIMK1/PTPN6/LATS2/NEK11/STK11/MAPK8/MAP4K4/EPHA3/FASTK/THBS4/DSCAM/ULK2/EFEMP1/PTEN/PLK2/DYRK1A/C3/LMO4/PAK2/THBS1/GALK2/NLK/KALRN/FAXDC2/XYLB/DGKE/STAT2/CNKSR3/PRKCA/COPS2/CNOT7/FAM20C/SIK3/PRKD1/ZNF268/TTBK2/AKT1S1/AGAP2/DDR2/CCNY/CACUL1/FER/PRKCD/PTPRC/CSNK1G2/IL10RA/DYRK1B/TNKS/MARK3/PDK3/FYN/TOLLIP/NSD1/DCLK1/PLK1/CREB1/PRKAR1A/TRAF4/EPM2A/EGFR",105
"GO:1903829","positive regulation of protein localization","73/2030","457/18842",0.159737417943107,1.48264651669164,3.6294913206753,0.000375569964455428,0.0204735047728795,0.0204735047728795,"RAB11FIP2/ITGB1/IPO7/ADAM9/TRPM4/WWTR1/GPLD1/PCNT/FGB/ATP2B4/CCDC88A/PCM1/OAZ1/PECAM1/RAC1/OAZ3/PRKACA/SORBS1/YAP1/DZIP1/CD2AP/NADK/TCF7L2/MSN/PTPN23/NMT1/CD38/ARIH2/RDX/CASR/SSH1/PARP9/ERGIC3/PRKAA2/TFRC/MAPK8/SAR1A/VAMP2/LAMB1/EPHA3/ACSL3/PKP3/LRP1/FLNA/OSBP/SEC24A/PRKCA/SNCA/TMED10/PRKD1/TGFB3/CEP128/PRKCD/CDH1/VIM/SYT11/VEGFC/RUFY3/SLC2A2/FYN/SOX4/CEP290/SREBF2/NRXN1/PLK1/BICD1/PML/FRMD4A/EGFR/CACNA2D1/OXCT1/FERMT2/CDH2",73
"GO:0060047","heart contraction","43/2030","236/18842",0.182203389830508,1.69117057693913,3.71282977497117,0.000394864113048086,0.0212630713005954,0.0212630713005954,"RGS2/KCNQ1/TRPM4/SCN4A/ATP2B4/GATA4/ATP1B1/GJA1/TRPC1/HSPB7/PLN/PRKACA/SLC8A1/SCN2B/EDNRA/KCNE4/NEDD4L/SGCD/STC1/SCN8A/JPH2/ABCC9/KCNJ8/ADRA1A/ANK2/CAV1/POPDC2/DES/FLNA/TPM1/PDE4D/TBX18/GJC1/JPH3/NPFF/ATP2B1/ATP1A2/ATP2A2/SCN11A/CACNA1G/GSN/DMD/CACNA2D1",43
"GO:0061337","cardiac conduction","22/2030","95/18842",0.231578947368421,2.14946331345605,3.90284524283697,0.000395186215338124,0.0212630713005954,0.0212630713005954,"KCNQ1/TRPM4/ATP2B4/ATP1B1/GJA1/TRPC1/PRKACA/SLC8A1/SCN2B/KCNE4/ABCC9/ANK2/CAV1/FLNA/PDE4D/TBX18/GJC1/ATP2B1/ATP1A2/ATP2A2/CACNA1G/CACNA2D1",22
"GO:0007599","hemostasis","41/2030","222/18842",0.184684684684685,1.71420139351174,3.71961204341476,0.000399615317103012,0.0213165620275873,0.0213165620275873,"ITGB3/LMAN1/THBD/SERPINE1/FGB/PRRG4/PRKG1/PDPN/AXL/TFPI/GGCX/CSRP1/VWF/CAV1/SERPING1/CD9/MYL9/DGKZ/PRDX2/TBXA2R/PLA2G4A/MAPK14/ANGPTL2/ILK/NFE2L2/FLNA/THBS1/PROC/DGKE/PRKCA/F5/FLI1/ITGA2/ANGPTL1/IL6ST/PRKCD/ANGPT2/F2R/CPB2/COL3A1/GP5",41
"GO:0048660","regulation of smooth muscle cell proliferation","32/2030","160/18842",0.2,1.85635467980296,3.78000423084229,0.000401325570396285,0.0213165620275873,0.0213165620275873,"MYB/ITGB3/RGCC/CNN1/EFEMP2/OGN/GJA1/TACR1/PRKG1/TCF7L2/ERN1/PDE1A/ID2/PAK1/MMP2/PTEN/TPM1/THBS1/CCL5/HBEGF/IGFBP5/PRKCA/RGS5/ADAMTS1/TGFB3/RBPMS2/ITGA2/DDR2/MYOCD/ELN/MEF2D/MEF2C",32
"GO:0042310","vasoconstriction","18/2030","71/18842",0.253521126760563,2.35312565045445,3.96929977359695,0.000407871033182657,0.0215155406672532,0.0215155406672532,"ITGB1/TRPM4/ITGA4/FGB/TACR1/SLC8A1/ZDHHC21/EDNRA/ADRA1A/CAV1/CD38/CASR/TBXA2R/AGTR1/MMP2/ATP2B1/F2R/HTR2B",18
"GO:0030217","T cell differentiation","47/2030","265/18842",0.177358490566038,1.64620131982526,3.68123286132182,0.000410264956001207,0.0215155406672532,0.0215155406672532,"MYB/PIK3CD/LILRB2/IHH/NCKAP1L/HLA-G/CD27/JUNB/CD3D/ZMIZ1/GATA3/JAK3/CD2/IL12RB1/ATP7A/ZFP36L1/CTLA4/SOCS3/PRDM1/PIK3R3/NFATC3/LGALS1/ZBTB7B/PSMB8/RORA/HLA-DRA/CD74/METTL14/NFE2L2/CD8A/RC3H1/ACTL6B/RC3H2/IL6ST/PSMB9/PTPRC/KMT2A/SMARCA4/GLI3/MR1/PSMB10/FOXP3/NFKBID/SOX4/ARID2/CLPTM1/LILRB4",47
"GO:0010761","fibroblast migration","13/2030","43/18842",0.302325581395349,2.80611753923703,4.12005645523806,0.000413427128765124,0.0215450137669674,0.0215450137669674,"ITGB3/ITGB1/RAC1/PAK1/TNS1/AKAP12/ACTA2/THBS1/DDR2/FER/CYGB/ZEB2/PML",13
"GO:0016032","viral process","63/2030","383/18842",0.164490861618799,1.52676690375439,3.61912918882466,0.000419179305393102,0.0217082482780453,0.0217082482780453,"RAD23A/SCARB1/ITGB3/ITGB1/MGAT4B/PIKFYVE/GALNT1/PKN2/CSNK1A1/CCL2/RAB7A/MID2/XPR1/OAZ1/STAT1/OAZ3/AXL/NCAM1/PEG10/LAMP1/DENR/STOM/DDX3X/ICAM1/CSDE1/CAV1/OAS2/ADARB1/DDX5/PARP9/CALCOCO2/LGALS1/TRIM14/LGALS9/TFRC/AGTR1/CAV2/CANX/LRRC15/HEXIM1/LRP1/CCL5/WWP2/VAPA/RSF1/MON1B/ATP7B/CNOT7/TNFRSF4/PCSK5/ITGA2/VLDLR/PARP10/CTSB/MAN2A1/DDX6/CHMP1A/EPS15/SMPD1/CTBP2/SLC7A1/BICD1/EGFR",63
"GO:0050863","regulation of T cell activation","58/2030","346/18842",0.167630057803468,1.55590421139554,3.62651441656091,0.000428595447511458,0.022058024087453,0.022058024087453,"HLA-DQB1/PIK3CD/LILRB2/IHH/NCKAP1L/HLA-G/CCL2/CD27/JUNB/HSPD1/ZMIZ1/GATA3/JAK3/VCAM1/CD2/IL12RB1/CD47/LAPTM5/CD6/CAV1/CTLA4/CD300A/PRDM1/HLA-DOA/LGALS1/PTPN6/LGALS9/ZBTB7B/PSMB8/TFRC/HAVCR2/HLA-DRA/METTL14/CCL5/UFL1/RC3H1/ACTL6B/RC3H2/SIRPG/HFE/HLA-DMB/IL6ST/PSMB9/PTPRC/SMARCA4/GLI3/TIGIT/PSMB10/FOXP3/FYN/NFKBID/SOX4/HLA-DPA1/ARID2/CLPTM1/SLC7A1/PRKAR1A/LILRB4",58
"GO:0035904","aorta development","12/2030","38/18842",0.315789473684211,2.93108633653098,4.14055607984393,0.000439256630762184,0.0224182425153097,0.0224182425153097,"EFEMP2/PKD2/MYLK/RBPJ/HES1/EGR2/EDNRA/LRP1/ADAMTS9/SOX4/COL3A1/LOXL1",12
"GO:0007596","blood coagulation","40/2030","216/18842",0.185185185185185,1.71884692574348,3.69227295411493,0.000441401462125095,0.0224182425153097,0.0224182425153097,"ITGB3/LMAN1/THBD/SERPINE1/FGB/PRRG4/PRKG1/PDPN/AXL/TFPI/GGCX/CSRP1/VWF/CAV1/SERPING1/CD9/MYL9/DGKZ/PRDX2/TBXA2R/PLA2G4A/MAPK14/ANGPTL2/ILK/NFE2L2/FLNA/THBS1/PROC/DGKE/PRKCA/F5/ITGA2/ANGPTL1/IL6ST/PRKCD/ANGPT2/F2R/CPB2/COL3A1/GP5",40
"GO:0071872","cellular response to epinephrine stimulus","6/2030","11/18842",0.545454545454545,5.0627854903717,4.68353582691441,0.000443711292844652,0.0224182425153097,0.0224182425153097,"PKLR/KCNQ1/ATP2B4/PRKACA/PDE4D/SNCA",6
"GO:0001508","action potential","32/2030","161/18842",0.198757763975155,1.84482452651225,3.74084483337894,0.000450106276020032,0.0226035188066787,0.0226035188066787,"CACNB3/KCNQ1/TRPM4/SCN4A/AKAP6/GNA11/ATP1B1/GJA1/TACR1/SLC8A1/SCN2B/KCNE4/NEDD4L/SCN8A/KCNJ8/ADRA1A/ANK2/CAV1/KCNC2/CHRNA4/FLNA/TBX18/YWHAH/GJC1/ATP1A2/KCNMB1/ATP2A2/SCN11A/CACNA1G/NALCN/DMD/CACNA2D1",32
"GO:0007268","chemical synaptic transmission","106/2030","718/18842",0.147632311977716,1.37028966614981,3.5153380144777,0.00045891563523724,0.0227699099016513,0.0227699099016513,"CACNB3/ITGB1/CPEB3/PLCL1/PCDHB4/PDLIM4/LILRB2/LRP6/GNAO1/DKK1/STX2/RPS6KA2/NCDN/CCL2/SPG11/NLGN4X/GRID1/C1QL1/UBE3A/FXR2/RIMBP2/CDH11/SYNGR1/NEFL/TACR1/HRH3/AGRN/PRKACA/SCN2B/CHRNE/GGCX/RPS6KB1/MAP1B/NAPB/NAPA/PIP5K1C/PDE9A/DTNA/NPBWR1/ADRA1A/CNRIP1/CD38/GRM2/PRKCB/ZDHHC17/DNAJC5/SSH1/TACR2/NRXN3/BACE1/TSHZ3/NR3C1/PCDHB14/RAB3GAP1/VAMP2/MICU3/DLGAP4/AKAP12/CLMP/SLC38A2/PTEN/PLK2/CHRNA4/CHRNA3/STXBP2/FCHSD2/DGKE/UBE2I/SNCA/YWHAH/GLRB/OPRL1/PCDHB3/JPH3/HTR3A/NPFF/GRIN2D/SYN2/CDH1/ATP1A2/SYT11/ADCY1/BCHE/GIPC1/CAMK2A/SYT13/ZDHHC3/CHRDL1/F2R/TMEM25/MEF2C/KCNMB1/FYN/FXR1/HTR2B/HIP1/RASD2/NALCN/USP46/ATXN3/NRXN1/CREB1/PCDHB5/PRKAR1A/SLC6A2/PMP22",106
"GO:0098916","anterograde trans-synaptic signaling","106/2030","718/18842",0.147632311977716,1.37028966614981,3.5153380144777,0.00045891563523724,0.0227699099016513,0.0227699099016513,"CACNB3/ITGB1/CPEB3/PLCL1/PCDHB4/PDLIM4/LILRB2/LRP6/GNAO1/DKK1/STX2/RPS6KA2/NCDN/CCL2/SPG11/NLGN4X/GRID1/C1QL1/UBE3A/FXR2/RIMBP2/CDH11/SYNGR1/NEFL/TACR1/HRH3/AGRN/PRKACA/SCN2B/CHRNE/GGCX/RPS6KB1/MAP1B/NAPB/NAPA/PIP5K1C/PDE9A/DTNA/NPBWR1/ADRA1A/CNRIP1/CD38/GRM2/PRKCB/ZDHHC17/DNAJC5/SSH1/TACR2/NRXN3/BACE1/TSHZ3/NR3C1/PCDHB14/RAB3GAP1/VAMP2/MICU3/DLGAP4/AKAP12/CLMP/SLC38A2/PTEN/PLK2/CHRNA4/CHRNA3/STXBP2/FCHSD2/DGKE/UBE2I/SNCA/YWHAH/GLRB/OPRL1/PCDHB3/JPH3/HTR3A/NPFF/GRIN2D/SYN2/CDH1/ATP1A2/SYT11/ADCY1/BCHE/GIPC1/CAMK2A/SYT13/ZDHHC3/CHRDL1/F2R/TMEM25/MEF2C/KCNMB1/FYN/FXR1/HTR2B/HIP1/RASD2/NALCN/USP46/ATXN3/NRXN1/CREB1/PCDHB5/PRKAR1A/SLC6A2/PMP22",106
"GO:0002521","leukocyte differentiation","82/2030","530/18842",0.154716981132075,1.43604795984757,3.53829962921275,0.000475402560115105,0.0234170470062989,0.0234170470062989,"MYB/ITGB1/PIK3CD/SH3PXD2A/IL2RB/FARP2/LILRB2/IHH/NCKAP1L/HLA-G/PBX1/ITGA4/CD27/JUNB/CD3D/FLT3LG/INPP5D/ZMIZ1/AXL/QKI/GATA3/JAK3/HLA-B/VCAM1/CD2/HDAC4/IL12RB1/ATP7A/ZFP36L1/CDC42/PPP2R3C/LAPTM5/CTLA4/IRF2BP2/SOCS3/PRDM1/PIK3R3/NFATC3/LGALS1/CEBPG/LGALS9/ZBTB7B/PSMB8/TFRC/ID2/RORA/NR3C1/MAPK14/HLA-DRA/CD74/METTL14/CFLAR/NFE2L2/CD8A/RC3H1/ACTL6B/PRKCA/RC3H2/TCF3/C1QC/IGHM/GPR137/IL6ST/CEBPA/PSMB9/PTPRC/SBNO2/KMT2A/SMARCA4/GLI3/LRRC17/MR1/SLAMF8/PSMB10/FOXP3/NFKBID/SOX4/CLEC12A/ARID2/CLPTM1/DUSP18/LILRB4",82
"GO:0007163","establishment or maintenance of cell polarity","35/2030","182/18842",0.192307692307692,1.78495642288746,3.6975642126125,0.000477610541161539,0.0234170470062989,0.0234170470062989,"RAB11FIP2/ITGB1/NCKAP1L/GJA1/RAC1/LMNA/RHOBTB2/RHOQ/MSN/DST/CAP2/CDC42/RHOV/PARVA/PARVB/MRAS/AMOTL1/PARD6G/CLIC4/FEZ1/MAP7/STK11/PRICKLE1/PAK1/MAP4/MTCL1/PHLDB2/PARD3B/CAMSAP3/CDH5/MYO9A/RUFY3/RERG/GSN/FRMD4A",35
"GO:0009214","cyclic nucleotide catabolic process","7/2030","15/18842",0.466666666666667,4.33149425287356,4.48522712258342,0.000490129444538576,0.0238894857496861,0.0238894857496861,"PDE4A/PDE9A/PDE5A/GNAT1/PDE1A/PDE4D/PDE8A",7
"GO:0050803","regulation of synapse structure or activity","53/2030","311/18842",0.170418006430868,1.58178131880316,3.5948505610483,0.000497408317500926,0.0241024872445186,0.0241024872445186,"NEGR1/ITGB1/CPEB3/SDC2/LILRB2/SPARC/DKK1/ABI2/NLGN4X/GRID1/C1QL1/FGFR1/NEFL/PDLIM5/CC2D1A/TANC1/RAC1/NRP2/AGRN/SPARCL1/NUMBL/FARP1/MAP1B/NEDD4L/ARHGAP32/CDC42/ZDHHC17/PUM2/PRICKLE1/MAPK14/GNA13/SRGAP2C/DLGAP4/LRFN4/LRRC15/TUBA1A/PRKCA/SNCA/SARM1/ARHGAP33/VLDLR/IL10RA/LSAMP/MEF2C/FYN/SRGAP1/ADAM10/NRXN1/NTRK3/CDH8/FZD1/SEMA4C/CDH2",53
"GO:0099537","trans-synaptic signaling","107/2030","728/18842",0.146978021978022,1.36421669463541,3.482640608814,0.000508297752300184,0.0244869486951123,0.0244869486951123,"CACNB3/ITGB1/CPEB3/PLCL1/PCDHB4/PDLIM4/LILRB2/LRP6/GNAO1/DKK1/STX2/RPS6KA2/NCDN/CCL2/SPG11/NLGN4X/GRID1/C1QL1/UBE3A/FXR2/RIMBP2/CDH11/SYNGR1/NEFL/TACR1/HRH3/AGRN/PRKACA/SCN2B/CHRNE/GGCX/FARP1/RPS6KB1/MAP1B/NAPB/NAPA/PIP5K1C/PDE9A/DTNA/NPBWR1/ADRA1A/CNRIP1/CD38/GRM2/PRKCB/ZDHHC17/DNAJC5/SSH1/TACR2/NRXN3/BACE1/TSHZ3/NR3C1/PCDHB14/RAB3GAP1/VAMP2/MICU3/DLGAP4/AKAP12/CLMP/SLC38A2/PTEN/PLK2/CHRNA4/CHRNA3/STXBP2/FCHSD2/DGKE/UBE2I/SNCA/YWHAH/GLRB/OPRL1/PCDHB3/JPH3/HTR3A/NPFF/GRIN2D/SYN2/CDH1/ATP1A2/SYT11/ADCY1/BCHE/GIPC1/CAMK2A/SYT13/ZDHHC3/CHRDL1/F2R/TMEM25/MEF2C/KCNMB1/FYN/FXR1/HTR2B/HIP1/RASD2/NALCN/USP46/ATXN3/NRXN1/CREB1/PCDHB5/PRKAR1A/SLC6A2/PMP22",107
"GO:0002695","negative regulation of leukocyte activation","34/2030","176/18842",0.193181818181818,1.79306986117331,3.67309746179036,0.000524069482691715,0.0249957486445595,0.0249957486445595,"LILRB2/IHH/HLA-G/JAK3/CD300LF/LAPTM5/CTLA4/CD300A/LGALS1/PTPN6/LGALS9/ZBTB7B/PSMB8/ID2/HAVCR2/LST1/UFL1/RC3H1/RC3H2/HFE/CD84/PSMB9/FER/PTPRC/SYT11/GLI3/TIGIT/PSMB10/FOXP3/FYN/CLEC12A/SOX11/PRKAR1A/LILRB4",34
"GO:0090092","regulation of transmembrane receptor protein serine/threonine kinase signaling pathway","51/2030","297/18842",0.171717171717172,1.5938398765985,3.58446600744313,0.00052489262179017,0.0249957486445595,0.0249957486445595,"NREP/SMURF2/LDLRAD4/SAP30L/DKK3/DKK1/XIAP/IGSF1/VEPH1/GATA4/SKIL/RBPJ/TGFB1I1/SPRED1/SUDS3/NCLN/TGFBR1/ACVR1B/CHRDL2/GLG1/GREM1/PEG10/BRMS1L/SMAD4/CAV1/ZNF451/LATS2/MTMR4/STK11/TRIM33/FSTL1/ILK/LRP1/THBS1/ACVR2B/PCSK6/HFE/TGFB3/CEP128/RBPMS2/SPRY1/MYOCD/CDH5/GIPC1/CHRDL1/RNF111/IL17RD/PPM1A/SOX11/ING1/ZEB2",51
"GO:0006468","protein phosphorylation","94/2030","626/18842",0.150159744408946,1.39374872125781,3.4815298032487,0.000537175751054232,0.0254345044184878,0.0254345044184878,"TNFRSF18/FKBP8/CDC37/PIK3CD/IBTK/HIPK1/PIKFYVE/CSPG4/NEK1/PKN2/CSNK1A1/AAK1/CCL2/MYLK/ABI2/CCDC88A/TGFBR1/FGFR1/ACVR1B/HES1/RAC1/JAK3/DYRK2/RPS6KB1/ERBB2/ERN1/LILRA5/CDC42BPG/ARRB1/LCP2/MAPK6/RASSF2/ADARB1/CD300A/WNK1/PRKCB/FLT1/WNK2/MAP2K2/SLIT2/PARP9/TOM1L1/LIMK1/PTPN6/LATS2/NEK11/STK11/MAPK8/MAP4K4/EPHA3/FASTK/THBS4/ULK2/EFEMP1/PTEN/PLK2/DYRK1A/C3/PAK2/NLK/KALRN/FAXDC2/STAT2/CNKSR3/PRKCA/COPS2/CNOT7/FAM20C/SIK3/PRKD1/ZNF268/TTBK2/AKT1S1/AGAP2/DDR2/CCNY/CACUL1/FER/PRKCD/PTPRC/CSNK1G2/IL10RA/DYRK1B/TNKS/MARK3/PDK3/FYN/NSD1/DCLK1/PLK1/CREB1/PRKAR1A/TRAF4/EGFR",94
"GO:0070661","leukocyte proliferation","46/2030","261/18842",0.176245210727969,1.63586810863862,3.59453783301525,0.000541118621961143,0.0254756187589206,0.0254756187589206,"CSF2RA/IL2RB/LILRB2/IHH/NCKAP1L/HLA-G/SASH3/CLU/FLT3LG/TACR1/HSPD1/GREM1/VCAM1/IL12RB1/ICAM3/MSN/LAPTM5/CD6/CTLA4/CD38/CD300A/LGALS9/ZBTB7B/TIRAP/TFRC/HELLS/HAVCR2/CD74/LST1/CCL5/RC3H1/TCF3/TNFRSF4/HLA-DMB/IL6ST/PTPRC/PHF7/MEF2C/FOXP3/HLA-DPA1/BTN3A1/SOX11/SLC11A1/SLC7A1/PRKAR1A/LILRB4",46
"GO:0002483","antigen processing and presentation of endogenous peptide antigen","9/2030","24/18842",0.375,3.48066502463054,4.22549230666168,0.000555437134751792,0.0257947180686657,0.0257947180686657,"HLA-G/HLA-B/HLA-F/TAPBP/HLA-DRA/HFE/HLA-C/TAP1/TAP2",9
"GO:0090130","tissue migration","21/2030","91/18842",0.230769230769231,2.14194770746495,3.79441649236225,0.000557235642564707,0.0257947180686657,0.0257947180686657,"ADAM9/PKN2/MCC/TACR1/EVL/PTPN23/RREB1/SMAD4/ACTG2/KANK2/MAP4K4/EPPK1/ACTA2/PTPRG/PTEN/MARVELD3/GLIPR2/HBEGF/OCLN/ITGA2/ZEB2",21
"GO:1902373","negative regulation of mRNA catabolic process","21/2030","91/18842",0.230769230769231,2.14194770746495,3.79441649236225,0.000557235642564707,0.0257947180686657,0.0257947180686657,"ELAVL1/LARP1B/QKI/HNRNPC/LARP4B/BCLAF1/CSDE1/CIRBP/TIRAP/MAPK14/PKP3/HNRNPAB/METTL14/CRYZ/IGF2BP2/IKBKE/NRDE2/AXIN2/FXR1/PNN/SLC11A1",21
"GO:0048659","smooth muscle cell proliferation","32/2030","163/18842",0.196319018404908,1.82218864275137,3.6633529864868,0.000563640533436264,0.0259119428422095,0.0259119428422095,"MYB/ITGB3/RGCC/CNN1/EFEMP2/OGN/GJA1/TACR1/PRKG1/TCF7L2/ERN1/PDE1A/ID2/PAK1/MMP2/PTEN/TPM1/THBS1/CCL5/HBEGF/IGFBP5/PRKCA/RGS5/ADAMTS1/TGFB3/RBPMS2/ITGA2/DDR2/MYOCD/ELN/MEF2D/MEF2C",32
"GO:0002286","T cell activation involved in immune response","26/2030","123/18842",0.211382113821138,1.96200088109255,3.71943528241785,0.000566022405797722,0.0259119428422095,0.0259119428422095,"MYB/NCKAP1L/JUNB/GATA3/JAK3/IL12RB1/ICAM1/SOCS3/LCP1/LGALS1/LGALS9/PSMB8/RORA/HAVCR2/HLA-DRA/CD74/RC3H1/RC3H2/HLA-DMB/IL6ST/PSMB9/KMT2A/PSMB10/FOXP3/NFKBID/SLC11A1",26
"GO:2000146","negative regulation of cell motility","62/2030","380/18842",0.163157894736842,1.51439460720767,3.519971401174,0.000575629195393557,0.0261232789236088,0.0261232789236088,"LDLRAD4/SERPINB1/RECK/DPYSL3/SAP30L/RGCC/SERPINE1/DLC1/CCL2/ATP2B4/CDH11/GJA1/SPRED1/SUDS3/TGFBR1/MCC/PRKG1/RAC1/SRF/GATA3/GREM1/BRMS1L/EVL/STC1/PTPN23/ADARB1/CD300A/SLIT2/CLIC4/TBXA2R/EPPK1/CYP1B1/SRGAP2C/CD74/PTPRG/PTEN/LRP1/MARVELD3/NFE2L2/PHLDB2/TPM1/THBS1/IGFBP5/SPOCK3/ADAMTS9/DCN/MYOCD/SERPINF1/PTPRM/CDH1/MITF/SLAMF8/ANGPT2/MEF2C/IL24/COL3A1/SRGAP1/CYGB/ARID2/ING1/MECP2/ZEB2",62
"GO:0030336","negative regulation of cell migration","60/2030","365/18842",0.164383561643836,1.52577096970106,3.52466307565677,0.000576944248493895,0.0261232789236088,0.0261232789236088,"LDLRAD4/SERPINB1/RECK/DPYSL3/SAP30L/RGCC/SERPINE1/DLC1/CCL2/ATP2B4/CDH11/GJA1/SPRED1/SUDS3/TGFBR1/MCC/PRKG1/RAC1/SRF/GREM1/BRMS1L/EVL/STC1/PTPN23/ADARB1/CD300A/SLIT2/CLIC4/TBXA2R/EPPK1/CYP1B1/SRGAP2C/CD74/PTPRG/PTEN/LRP1/MARVELD3/NFE2L2/PHLDB2/TPM1/THBS1/IGFBP5/ADAMTS9/DCN/MYOCD/SERPINF1/PTPRM/CDH1/MITF/SLAMF8/ANGPT2/MEF2C/IL24/COL3A1/SRGAP1/CYGB/ARID2/ING1/MECP2/ZEB2",60
"GO:0060284","regulation of cell development","104/2030","707/18842",0.147100424328147,1.36535280551278,3.44075442138479,0.00058786204888255,0.0264486420517097,0.0264486420517097,"MYB/NEGR1/RECK/IL2RB/LILRB2/IHH/NCKAP1L/HLA-G/PTPRZ1/RAB21/SKIL/CD27/FXR2/JUNB/PCM1/TIAM1/ACVR1B/HES1/INPP5D/NAP1L1/STAT1/ZMIZ1/AXL/STAT5B/NUMBL/QKI/ZDHHC21/GATA3/YAP1/JAK3/EGR2/HLA-B/CD2/MAP1B/IL12RB1/HES6/DICER1/ZFP36L1/PPP2R3C/SMAD4/CTLA4/S1PR3/PRDM1/SLIT2/LGALS1/LIMK1/LGALS9/ZBTB7B/PSMB8/ID2/PAK1/MAPK14/MEIS2/ARNT/HLA-DRA/CD74/DSCAM/ULK2/MEIS1/PTEN/OBSL1/METTL14/PROC/RC3H1/ACTL6B/METRN/FAXDC2/RFX3/CUL7/PRKCA/RC3H2/C1QC/GPR137/YWHAH/RGMA/PSMB9/SERPINF1/CDH5/CDH1/VIM/SMARCA4/KAT6A/GLI3/LRRC17/RUFY3/SLAMF8/MEF2C/PSMB10/FOXP3/FXR1/NFKBID/MAP2/SOX4/CLEC12A/FZD3/ARID2/SOX11/CLPTM1/DUSP18/HOXB8/NTRK3/LILRB4/NUMB/CDH2",104
"GO:0016049","cell growth","68/2030","426/18842",0.15962441314554,1.48159763176762,3.4936692879751,0.00059668985021971,0.0264486420517097,0.0264486420517097,"RGS2/IL17B/DDX49/AKAP6/TNC/ITGA4/RAB21/GATA4/CISH/GJA1/TGFBR1/PDLIM5/ACVR1B/PRKG1/NRP2/DACT3/YAP1/COBL/EDNRA/ERBB2/MAP1B/NEDD4L/ZC3H12D/TAOK2/DDX3X/LLPH/CDC42/CGRRF1/SMAD4/CD38/ARIH2/IGFBP7/PUM2/SORBS2/SLIT2/CRYAB/LIMK1/LATS2/STK11/EI24/CHPT1/PRICKLE1/OGFR/PAK1/AGTR1/DSCAM/CPNE6/ULK2/MEIS1/HBEGF/DNM2/FHL1/RGMA/CCAR2/IL17RB/CDH1/VIM/SMARCA4/RUFY3/PLXNA4/MAP2/DCLK1/RERG/ADAM10/ING1/PML/EGFR/CDH2",68
"GO:0022407","regulation of cell-cell adhesion","74/2030","472/18842",0.156779661016949,1.45519328713367,3.48018694069362,0.000598199694111625,0.0264486420517097,0.0264486420517097,"HLA-DQB1/PIK3CD/RGCC/LILRB2/AKNA/IHH/NCKAP1L/HLA-G/ITGA4/FGB/CCL2/CD27/PRKG1/HSPD1/PDPN/ZMIZ1/ZDHHC21/GATA3/HTN1/JAK3/VCAM1/MAGI1/IL12RB1/CD47/PTPN23/LAPTM5/CD6/CAV1/ADAM19/CD9/CTLA4/CD300A/WNK1/HLA-DOA/LGALS1/PTPN6/LGALS9/ZBTB7B/PSMB8/TFRC/HAVCR2/MAPK14/EPHA3/HLA-DRA/NFAT5/PKP3/CCL5/UFL1/RC3H1/ACTL6B/PRKCA/RC3H2/SIRPG/HFE/TENM3/HLA-DMB/IL6ST/PSMB9/PRKCD/PTPRC/CDH1/SMARCA4/GLI3/TIGIT/PSMB10/FOXP3/FYN/NFKBID/SOX4/HLA-DPA1/ARID2/SLC7A1/PRKAR1A/LILRB4",74
"GO:0033631","cell-cell adhesion mediated by integrin","10/2030","29/18842",0.344827586206897,3.20061151690165,4.12100988049406,0.000599295151958322,0.0264486420517097,0.0264486420517097,"ITGB3/ITGB1/ADAM9/ITGA4/VCAM1/ICAM3/ICAM1/WNK1/CCL5/NPNT",10
"GO:0042558","pteridine-containing compound metabolic process","11/2030","34/18842",0.323529411764706,3.00292668791655,4.06184649792268,0.000600089875177579,0.0264486420517097,0.0264486420517097,"DHFR/ALDH1L2/MTR/SLC46A1/MTHFR/MTRR/FTCD/SPR/ALDH1L1/SLC19A1/TYMS",11
"GO:0033004","negative regulation of mast cell activation","5/2030","8/18842",0.625,5.80110837438424,4.71960359040722,0.000611221887978441,0.0266403170159951,0.0266403170159951,"CD300LF/CD300A/PTPN6/CD84/FER",5
"GO:0048568","embryonic organ development","44/2030","248/18842",0.17741935483871,1.6467662482123,3.56268215245539,0.000611505646788883,0.0266403170159951,0.0266403170159951,"PBX3/RARB/KCNQ1/SPARC/IHH/HIPK1/PBX1/MYO6/PKD2/GATA4/RBPJ/TAF10/MFAP5/TGFBR1/FLT3LG/HES1/SRF/GATA3/TEAD2/COBL/EDNRA/TBX3/CDC42/DNAAF1/SOBP/PRICKLE1/ID2/ALDH1A3/E2F7/EFEMP1/NPHP3/CDC40/TBX18/PAX8/PCSK5/ATP8A2/RBPMS2/KMT2A/GLI3/MEF2C/PLXNA4/CEP290/SOX11/ASB2",44
"GO:0051490","negative regulation of filopodium assembly","4/2030","5/18842",0.8,7.42541871921182,4.99310697300043,0.000614084063487215,0.0266403170159951,0.0266403170159951,"RAB3IP/SRGAP2C/PRKCD/NRXN1",4
"GO:0046651","lymphocyte proliferation","41/2030","227/18842",0.180616740088106,1.67644365356655,3.56289757808975,0.000638210434493205,0.027505755959916,0.027505755959916,"LILRB2/IHH/NCKAP1L/HLA-G/SASH3/FLT3LG/TACR1/HSPD1/VCAM1/IL12RB1/ICAM3/MSN/LAPTM5/CD6/CTLA4/CD38/CD300A/LGALS9/ZBTB7B/TIRAP/TFRC/HELLS/HAVCR2/CD74/LST1/CCL5/RC3H1/TCF3/TNFRSF4/HLA-DMB/IL6ST/PTPRC/MEF2C/FOXP3/HLA-DPA1/BTN3A1/SOX11/SLC11A1/SLC7A1/PRKAR1A/LILRB4",41
"GO:0050817","coagulation","40/2030","220/18842",0.181818181818182,1.68759516345723,3.56468612353154,0.000644775549140363,0.027505755959916,0.027505755959916,"ITGB3/LMAN1/THBD/SERPINE1/FGB/PRRG4/PRKG1/PDPN/AXL/TFPI/GGCX/CSRP1/VWF/CAV1/SERPING1/CD9/MYL9/DGKZ/PRDX2/TBXA2R/PLA2G4A/MAPK14/ANGPTL2/ILK/NFE2L2/FLNA/THBS1/PROC/DGKE/PRKCA/F5/ITGA2/ANGPTL1/IL6ST/PRKCD/ANGPT2/F2R/CPB2/COL3A1/GP5",40
"GO:0051056","regulation of small GTPase mediated signal transduction","52/2030","307/18842",0.169381107491857,1.57215705781358,3.51219366449406,0.000646360256540938,0.027505755959916,0.027505755959916,"DOCK9/ARHGDIA/RALGPS1/CSNK1A1/DLC1/TNFAIP1/PSD3/EPS8L2/TIAM1/RAC1/DOCK2/RALGPS2/CD2AP/ERBB2/ARHGAP32/ARRB1/RHOF/ARHGEF3/FGD2/MRAS/RDX/WNK1/ARHGEF12/KANK2/GMIP/SLIT2/MAP4K4/ARHGAP28/GNA13/ARHGAP9/ABCA1/FNTA/KALRN/SYDE1/FGD3/ARHGAP5/CUL3/SYNPO2/SPRY1/ARHGEF28/MYO9A/RALGAPA1/F2R/AKAP13/FXR1/HEG1/CYTH2/COL3A1/SPRY4/MYO9B/ARHGAP1/FERMT2",52
"GO:0051247","positive regulation of protein metabolic process","110/2030","757/18842",0.145310435931308,1.34873853882645,3.4031330586579,0.000649077497902904,0.027505755959916,0.027505755959916,"RAD23A/ZER1/TNFRSF18/RNF128/RECK/CPEB3/AKT2/ADAM9/CSPG4/XIAP/CSNK1A1/ELAVL1/LARP1B/HSPA5/CCDC88A/UBE3A/FXR2/TGFB1I1/RAB7A/DACT1/CLU/FGFR1/HES1/OAZ1/HSPBP1/RAC1/OAZ3/FANCM/SH3RF2/GGA3/PCSK9/LARP4B/TCF7L2/RPS6KB1/ERBB2/CLN6/LILRA5/HDAC4/MSN/DDX3X/ARRB1/RHBDD1/LAPTM5/CSDE1/CAV1/LCP2/RASSF2/CDC14B/RDX/FLT1/MAP2K2/CIRBP/PARP9/PRR16/TOM1L1/HAMP/STK11/L3MBTL3/PRICKLE1/RNF180/RCN3/MAPK8/RAB3GAP1/ARNT/THBS4/OSBPL7/PTEN/PLK2/ABCA2/C3/CTSC/LRP1/METTL14/NFE2L2/THBS1/CCL5/SAMD4A/FAXDC2/TSPYL5/EGR1/CUL3/ZNF268/ITGA2/AGAP2/FZR1/CEBPA/DDR2/ATG7/CCNY/CACUL1/PTPRC/EIF2B5/IL10RA/CREBRF/UBR3/AXIN2/FXR1/TOLLIP/TMTC3/RASD2/LILRA2/ATXN3/PLK1/GSN/PRKAR1A/TRAF4/EGFR/SUFU/UBQLN2/SNX1",110
"GO:0044057","regulation of system process","84/2030","551/18842",0.152450090744102,1.41500719694599,3.43560325732723,0.000650630964053046,0.027505755959916,0.027505755959916,"CACNB3/ITGB1/RGS2/KCNQ1/TRPM4/SCN4A/AKAP6/CNN1/ITGA4/FGB/ATP2B4/GATA4/NLGN4X/ATP1B1/GJA1/TRPC1/HSPB7/PLN/TACR1/PRKG1/SRF/LMNA/PRKACA/SLC8A1/QKI/SCN2B/ZDHHC21/EGR2/EDNRA/KCNE4/HDAC4/PDE9A/STC1/DICER1/JPH2/ABCC9/ARRB1/ADRA1A/ANK2/SMAD4/CAV1/CD38/FBXO32/MYL9/CASR/SSH1/PTGER3/TACR2/TBXA2R/HAMP/TSHZ3/PAK1/AGTR1/MMP2/POPDC2/PTEN/CHRNA3/DES/FLNA/TPM1/PDE4D/TBX18/IGFBP5/PRKCA/PRKD1/PPP1R12B/GJC1/JPH3/ITGA2/IL6ST/NPFF/MYOCD/ATP2B1/GRIN2D/ATP1A2/F2R/TMEM25/ATP2A2/CACNA1G/NALCN/NRXN1/NPNT/DMD/CACNA2D1",84
"GO:0016339","calcium-dependent cell-cell adhesion","13/2030","45/18842",0.288888888888889,2.68140120415982,3.92395161287342,0.000672093862872227,0.0282688819683212,0.0282688819683212,"PCDHB4/CDH11/CDH19/CDH7/CDH4/PCDHB14/PCDHB3/CDH5/CDH1/NRXN1/PCDHB5/CDH8/CDH2",13
"GO:0002823","negative regulation of adaptive immune response based on somatic recombination of immune receptors built from immunoglobulin superfamily domains","16/2030","62/18842",0.258064516129032,2.39529636103607,3.82388493544455,0.000679819933220635,0.0283064721943024,0.0283064721943024,"NCKAP1L/HLA-G/IL18BP/JAK3/HLA-F/LGALS1/LGALS9/HAVCR2/UFL1/RC3H1/RC3H2/HFE/IL6ST/PTPRC/FOXP3/LILRB4",16
"GO:0086002","cardiac muscle cell action potential involved in contraction","16/2030","62/18842",0.258064516129032,2.39529636103607,3.82388493544455,0.000679819933220635,0.0283064721943024,0.0283064721943024,"KCNQ1/TRPM4/SCN4A/GJA1/SCN2B/KCNE4/NEDD4L/SCN8A/KCNJ8/ANK2/CAV1/FLNA/GJC1/SCN11A/CACNA1G/CACNA2D1",16
"GO:0009749","response to glucose","33/2030","172/18842",0.191860465116279,1.78080536143888,3.57458109631126,0.00071143869832944,0.0294057274879201,0.0294057274879201,"GLCCI1/RAB11FIP2/PKLR/TRPM4/GPLD1/ELAVL1/GATA4/RAC1/SRF/PRKACA/NADK/TCF7L2/ERN1/SMAD4/CASR/ZBTB20/PRKAA2/VAMP2/STXBP4/THBS1/OSBP/EGR1/SERPINF1/SMARCA4/RAB11B/EIF2B5/ANGPT2/SLC2A2/SOX4/LPL/ADCY5/CACNA2D1/OXCT1",33
"GO:0009746","response to hexose","34/2030","179/18842",0.189944134078212,1.76301841098605,3.56419213706363,0.000718101709319458,0.0294057274879201,0.0294057274879201,"GLCCI1/RAB11FIP2/PKLR/TRPM4/GPLD1/ELAVL1/GATA4/RAC1/SRF/PRKACA/NADK/TCF7L2/ERN1/SMAD4/CASR/ZBTB20/PRKAA2/VAMP2/SLC2A5/STXBP4/THBS1/OSBP/EGR1/SERPINF1/SMARCA4/RAB11B/EIF2B5/ANGPT2/SLC2A2/SOX4/LPL/ADCY5/CACNA2D1/OXCT1",34
"GO:0034284","response to monosaccharide","35/2030","186/18842",0.188172043010753,1.74657026325547,3.5555615095665,0.00072193834099619,0.0294057274879201,0.0294057274879201,"GLCCI1/RAB11FIP2/PKLR/TRPM4/GPLD1/ELAVL1/GATA4/RAC1/SRF/PRKACA/NADK/TCF7L2/ERN1/SMAD4/CASR/ZBTB20/PRKAA2/VAMP2/SLC2A5/STXBP4/THBS1/OSBP/EGR1/ITGA2/SERPINF1/SMARCA4/RAB11B/EIF2B5/ANGPT2/SLC2A2/SOX4/LPL/ADCY5/CACNA2D1/OXCT1",35
"GO:0018193","peptidyl-amino acid modification","63/2030","391/18842",0.161125319693095,1.49552870623512,3.44062662525585,0.000728151771492946,0.0294057274879201,0.0294057274879201,"TNFRSF18/TTLL7/TRPM4/PIKFYVE/CSPG4/ABI2/SENP6/TGFBR1/FGFR1/ACVR1B/HES1/ZMIZ1/ZDHHC21/JAK3/EGR2/GGCX/RPS6KB1/ERBB2/LILRA5/HDAC4/NSMCE4A/NMT1/RNF212/RASSF2/SIRT5/FLT1/MAP2K2/ZNF451/PARP9/PTPN6/STK11/PRMT7/MAPK8/ARNT/EPHA3/THBS4/EFEMP1/PTEN/DYRK1A/TPST1/NDUFAB1/NLK/CNKSR3/UBE2I/CNOT7/EGR1/TTLL5/TTBK2/DDR2/FER/PRKCD/IL10RA/ZDHHC3/SENP7/TNKS/PDK3/FYN/TOLLIP/RASD2/NSD1/EHMT1/PML/EGFR",63
"GO:0051493","regulation of cytoskeleton organization","79/2030","514/18842",0.153696498054475,1.42657606716375,3.40730342971204,0.000728953685011158,0.0294057274879201,0.0294057274879201,"ITGB3/RGCC/KATNBL1/NCKAP1L/CAPZB/DLC1/ABI2/CDC42EP4/CCDC88A/PLEKHG2/PLEKHH2/SENP6/SLAIN2/TGFBR1/RNH1/TACR1/RAC1/OAZ3/ARFIP2/PRKACA/RHOBTB2/RHOQ/MAP1B/CD47/EVL/CFL2/TAOK2/RHOF/CDC42/SMAD4/RDX/KANK2/SSH1/SLIT2/CLIC4/DIXDC1/LIMK1/PRKAA2/LMOD1/PAK1/ARHGAP28/EPHA3/DYRK1A/PAK2/LRP1/PHLDB2/FLNA/TPM1/CAMSAP3/FCHSD2/SYDE1/DYNC1H1/OCLN/SNCA/PRKD1/TGFB3/TTBK2/KIF21A/TMEM67/SYNPO2/FER/PRKCD/CDH5/HAUS6/AKAP13/MAP2/CHMP1A/NEXN/GAS2L1/SVIL/PLK1/MECP2/BICD1/GSN/NME7/SPTAN1/CDC42EP5/FERMT2/ASB2",79
"GO:0050852","T cell receptor signaling pathway","29/2030","145/18842",0.2,1.85635467980296,3.59701306761886,0.000732268773101456,0.0294057274879201,0.0294057274879201,"HLA-DQB1/PIK3CD/TRAC/CD3D/INPP5D/GATA3/RFTN1/LAPTM5/LCP2/CTLA4/CD300A/WNK1/BTNL9/DGKZ/PDE4D/CD8A/RC3H1/RC3H2/SH2D1A/BTN3A3/PTPRC/SLA2/EIF2B5/FYN/NFKBID/BTN3A1/CLEC2B/LILRB4/GBP1",29
"GO:0061564","axon development","66/2030","414/18842",0.159420289855072,1.47970300564004,3.42944475701053,0.000737137775870546,0.0294057274879201,0.0294057274879201,"NREP/GFRA3/DHFR/ITGA4/RAB21/SPG11/SKIL/RTCA/GAP43/KIAA1755/TIAM1/PRKG1/RAC1/NRP2/MTR/NCAM1/COBL/EDNRA/MAP1B/EVL/CNTN1/TAOK2/ZDHHC17/PUM2/EPHA8/SLIT2/FEZ1/LIMK1/NRXN3/STK11/BOC/PRICKLE1/PAK1/EPHA3/DSCAM/MMP2/ULK2/PTEN/LMO4/PAK2/LYPLA2/DNM2/KALRN/METRN/PRKCA/UNC5C/RGMA/TENM3/B4GALT6/KIF21A/LHX9/PTPRM/CDH1/VIM/RUFY3/PALLD/PLXNA4/FYN/MAP2/SCN11A/FZD3/NEXN/DCLK1/NRXN1/SEMA4C/CDH2",66
"GO:0150146","cell junction disassembly","12/2030","40/18842",0.3,2.78453201970443,3.92593061151102,0.000739088929734878,0.0294057274879201,0.0294057274879201,"ITGB1/DKK1/C1QL1/TGFBR1/PRICKLE1/MAP4K4/C3/CUL5/C1QC/SARM1/TGFB3/FER",12
"GO:1990776","response to angiotensin","12/2030","40/18842",0.3,2.78453201970443,3.92593061151102,0.000739088929734878,0.0294057274879201,0.0294057274879201,"CAV1/AHCYL1/AGTR1/NFE2L2/CYBB/PRKCA/PRKD1/DDR2/PRKCD/CAMK2A/NFKB1/COL3A1",12
"GO:0048514","blood vessel morphogenesis","96/2030","648/18842",0.148148148148148,1.37507754059478,3.37625134708203,0.000742959369878319,0.0294057274879201,0.0294057274879201,"ITGB3/ITGB1/RECK/HSPB6/PPP1R16B/PIK3CD/RGCC/SPARC/HIPK1/HLA-G/CSPG4/GPLD1/SERPINE1/EFEMP2/PKD2/CCL2/ADAM12/ATP2B4/MYLK/GATA4/COL8A1/RBPJ/SPRED1/TGFBR1/AKT3/HES1/RNH1/STAT1/NRP2/SRF/MCAM/STAB1/GAB1/QKI/PTGS2/GREM1/HTN1/EDNRA/SHB/ERBB2/CD47/COL8A2/HIF3A/CAV1/PARVA/WNK1/IGFBP7/PRKCB/PIK3R3/FLT1/AMOTL1/SLIT2/NFATC3/ESM1/PTPN6/NRXN3/TBXA2R/RORA/AGTR1/CYP1B1/KLK3/THBS4/MMP2/MEIS1/E2F7/PLK2/C3/JAM3/LRP1/NFE2L2/THBS1/CYBB/ITGB8/CUL7/PRKCA/COL4A1/ADAMTS1/PRKD1/ADAMTS9/DCN/PLXDC1/SERPINF1/CDH5/PTPRM/PTGIS/VEGFC/ANGPT2/ACKR3/FYN/SOX4/COL3A1/MFGE8/NRXN1/MECP2/PML/EHD4",96
"GO:1904262","negative regulation of TORC1 signaling","14/2030","51/18842",0.274509803921569,2.54793779580798,3.8463956013244,0.000745257394697468,0.0294057274879201,0.0294057274879201,"NPRL2/SESN3/UBE3A/WDR59/UBE2W/PRKACA/STK11/PRKAA2/SAR1A/NLK/WDR24/AKT1S1/OTUD7B/ATXN3",14
"GO:1901888","regulation of cell junction assembly","46/2030","265/18842",0.173584905660377,1.61117575982898,3.4817017887462,0.000757472204932307,0.0297406019983997,0.0297406019983997,"NEGR1/CPEB3/SDC2/DKK1/DLC1/NLGN4X/FGFR1/PDLIM5/CC2D1A/RAC1/HOPX/AGRN/PRKACA/NUMBL/GREM1/FARP1/MAP1B/ARHGAP32/CAV1/COL16A1/PUM2/PRICKLE1/MAP4K4/GNA13/EPHA3/SRGAP2C/RAPGEF1/LRFN4/LRRC15/PTEN/PHLDB2/THBS1/CUL5/CAMSAP3/PRKCA/SNCA/ARHGAP33/VLDLR/LSAMP/MEF2C/SRGAP1/NRXN1/NTRK3/FZD1/SEMA4C/FERMT2",46
"GO:0036293","response to decreased oxygen levels","49/2030","287/18842",0.170731707317073,1.58469301934399,3.46839603377035,0.000760927584141597,0.0297406019983997,0.0297406019983997,"MYB/PKLR/RGCC/ATP1B1/ITPR1/SRF/LMNA/PTGS2/DRAM1/VCAM1/DNMT3A/STC1/ZFP36L1/ADO/SMAD4/CAV1/CD38/MTHFR/CASR/TFAM/SLC11A2/TFRC/RORA/PAK1/ARNT/MMP2/CHRNA4/TBL2/CFLAR/NFE2L2/THBS1/CYBB/EGR1/PSEN2/TGFB3/ITGA2/DDR2/MYOCD/KCNMA1/BNIP2/PTGIS/VEGFC/ANGPT2/PDK3/CYGB/CREB1/ZEB2/PML/FABP1",49
"GO:0007160","cell-matrix adhesion","41/2030","229/18842",0.179039301310044,1.66180222427776,3.50128995677831,0.000764512216468639,0.0297406019983997,0.0297406019983997,"ITGB3/ITGB1/ADAM9/MSLN/SERPINE1/TIMM10B/EFEMP2/NID1/DLC1/ITGA4/FGB/CDH11/SGCE/TIAM1/RAC1/ITGA1/SORBS1/GREM1/VCAM1/TAOK2/COL16A1/ACTN1/COL13A1/ITGBL1/MAP4K4/EPHA3/PTEN/ILK/PHLDB2/THBS1/CUL5/CAMSAP3/ITGB8/ZYX/ITGA11/ADAMTS9/ITGA2/COL3A1/NPNT/ADAMTS12/FERMT2",41
"GO:0031667","response to nutrient levels","72/2030","461/18842",0.156182212581345,1.4496479061368,3.39647774777749,0.000784047526543275,0.0301961935294924,0.0301961935294924,"PKLR/NPRL2/RRAGD/POSTN/CSNK1A1/SLC27A4/SESN3/HSPA5/GATA4/LIPG/WDR59/XPR1/SRF/LRP11/DRAM1/PCSK9/VCAM1/RPS6KB1/MAP1B/DNMT3A/STC1/WDR45B/H6PD/CAV1/MTHFR/SIRT5/KANK2/CASR/CDON/TFAM/WIPI2/TBXA2R/PRKAA2/TFRC/STX17/PAK1/MAPK8/MAPK14/SAR1A/SLC38A2/ULK2/MN1/PAK2/TBL2/CHRNA3/METTL14/NFE2L2/TTC5/ABCA1/CYBB/FOXK1/WDR24/F5/PRKD1/HFE/YME1L1/ITGA2/JMY/ATG7/NPFF/BNIP2/BCHE/LAMP2/COX4I1/RRAGC/KLF10/LPL/SREBF2/GAS2L1/ATXN3/ZEB2/OXCT1",72
"GO:0071636","positive regulation of transforming growth factor beta production","7/2030","16/18842",0.4375,4.06077586206897,4.2560115216167,0.00079056949898689,0.0301961935294924,0.0301961935294924,"MYB/PTGS2/LUM/ATP6AP2/LGALS9/THBS1/CREB1",7
"GO:0072537","fibroblast activation","7/2030","16/18842",0.4375,4.06077586206897,4.2560115216167,0.00079056949898689,0.0301961935294924,0.0301961935294924,"MYB/RGCC/AKAP12/ACTA2/DDR2/CYGB/ZEB2",7
"GO:0002474","antigen processing and presentation of peptide antigen via MHC class I","11/2030","35/18842",0.314285714285714,2.9171287825475,3.94471698831051,0.000790800627069739,0.0301961935294924,0.0301961935294924,"HLA-G/HLA-B/HLA-F/TAPBP/HFE/HLA-C/MR1/TAP1/TAP2/PSMB10/CLEC4A",11
"GO:0019883","antigen processing and presentation of endogenous antigen","10/2030","30/18842",0.333333333333333,3.09392446633826,3.98836096271528,0.000812928249539849,0.030757641441494,0.030757641441494,"HLA-G/HLA-B/HLA-F/TAPBP/HLA-DRA/CD74/HFE/HLA-C/TAP1/TAP2",10
"GO:0035025","positive regulation of Rho protein signal transduction","10/2030","30/18842",0.333333333333333,3.09392446633826,3.98836096271528,0.000812928249539849,0.030757641441494,0.030757641441494,"CSNK1A1/RAC1/ERBB2/ARRB1/ARHGEF3/F2R/AKAP13/FXR1/COL3A1/FERMT2",10
"GO:0032943","mononuclear cell proliferation","41/2030","230/18842",0.178260869565217,1.65457699721568,3.47071089144184,0.000835580419230994,0.031470997062491,0.031470997062491,"LILRB2/IHH/NCKAP1L/HLA-G/SASH3/FLT3LG/TACR1/HSPD1/VCAM1/IL12RB1/ICAM3/MSN/LAPTM5/CD6/CTLA4/CD38/CD300A/LGALS9/ZBTB7B/TIRAP/TFRC/HELLS/HAVCR2/CD74/LST1/CCL5/RC3H1/TCF3/TNFRSF4/HLA-DMB/IL6ST/PTPRC/MEF2C/FOXP3/HLA-DPA1/BTN3A1/SOX11/SLC11A1/SLC7A1/PRKAR1A/LILRB4",41
"GO:0038202","TORC1 signaling","24/2030","113/18842",0.212389380530973,1.97135010244562,3.5987196918557,0.000843285337202793,0.0316174764889699,0.0316174764889699,"NPRL2/RRAGD/CSNK1A1/RPS6KA2/SESN3/RHEBL1/UBE3A/WDR59/UBE2W/PRKACA/RPS6KA6/RPS6KB1/STK11/PRKAA2/SAR1A/NLK/WDR24/CUL3/GPR137/SIK3/AKT1S1/OTUD7B/RRAGC/ATXN3",24
"GO:0050777","negative regulation of immune response","37/2030","202/18842",0.183168316831683,1.70012681071063,3.47631996517624,0.000874464390819669,0.032638792533026,0.032638792533026,"MASP1/NCKAP1L/HLA-G/CLU/IL18BP/INPP5D/JAK3/HLA-B/HLA-F/SERPING1/CD300A/LGALS1/PTPN6/LGALS9/HAVCR2/MAPK14/PLK2/GIGYF2/UFL1/RC3H1/USP38/STAT2/RC3H2/CNOT7/HFE/IL6ST/FER/PTPRC/SLAMF8/TIGIT/FOXP3/FYN/A2M/COL3A1/CLEC12A/PRKAR1A/LILRB4",37
"GO:0048762","mesenchymal cell differentiation","42/2030","238/18842",0.176470588235294,1.63796001159084,3.44166878921265,0.00089634518842925,0.033305453952129,0.033305453952129,"LDLRAD4/RGCC/AKNA/LRP6/WWTR1/EPB41L5/RADIL/RBPJ/TGFB1I1/SPRED1/TGFBR1/TIAM1/FGFR1/STAT1/PDPN/NRP2/QKI/GATA3/NCAM1/GREM1/EDNRA/TCF7L2/TBX3/CDC42/SMAD4/DDX5/ZFP64/EPHA3/PTEN/HNRNPAB/GLIPR2/CUL7/TGFB3/SPRY1/MEF2C/AXIN2/HTR2B/IL17RD/SLC39A10/SEMA4C/FERMT2/CDH2",42
"GO:0050864","regulation of B cell activation","23/2030","107/18842",0.214953271028037,1.99514755305925,3.58709453797644,0.000900540554773157,0.0333119599859392,0.0333119599859392,"NCKAP1L/CD27/HMCES/SASH3/INPP5D/TP53BP1/ZFP36L1/PPP2R3C/LAPTM5/CTLA4/CD38/CD300A/TIRAP/TFRC/ID2/CD74/RC3H1/TCF3/TNFRSF4/SLC15A4/PTPRC/SLAMF8/MEF2C",23
"GO:0001885","endothelial cell development","14/2030","52/18842",0.269230769230769,2.49893899204244,3.76107974676123,0.000920091905203567,0.03388391789563,0.03388391789563,"PPP1R16B/PECAM1/ZDHHC21/MAGI1/STC1/MSN/ICAM1/S1PR3/RDX/RAPGEF1/PDE4D/PROC/CDH5/FOXP3",14
"GO:0008277","regulation of G protein-coupled receptor signaling pathway","30/2030","154/18842",0.194805194805195,1.80813767513275,3.49908590374982,0.000939667779471177,0.0344517133659211,0.0344517133659211,"ITGB3/RGS2/SERPINE1/PKD2/ATP2B4/GRK6/ARRB1/NMT1/GRK5/GNAT1/SLIT2/RGS10/CAV2/RGS12/C3/GPRASP1/CCL5/PDE4D/PRKCA/RGS5/SNCA/CAMK2A/ZDHHC3/KLK6/NRXN1/BICD1/KCTD12/GRK4/RGS16/UBQLN2",30
"GO:1903432","regulation of TORC1 signaling","22/2030","101/18842",0.217821782178218,2.02177242354777,3.57774008665642,0.000957407133690448,0.034947469205987,0.034947469205987,"NPRL2/RRAGD/CSNK1A1/SESN3/RHEBL1/UBE3A/WDR59/UBE2W/PRKACA/RPS6KB1/STK11/PRKAA2/SAR1A/NLK/WDR24/CUL3/GPR137/SIK3/AKT1S1/OTUD7B/RRAGC/ATXN3",22
"GO:0086065","cell communication involved in cardiac conduction","15/2030","58/18842",0.258620689655172,2.40045863767624,3.71176563521749,0.000965877121102132,0.0351020080063696,0.0351020080063696,"KCNQ1/TRPM4/ATP1B1/GJA1/PRKACA/SLC8A1/ANK2/CAV1/FLNA/PDE4D/TBX18/GJC1/ATP1A2/CACNA1G/CACNA2D1",15
"GO:0001837","epithelial to mesenchymal transition","33/2030","175/18842",0.188571428571429,1.7502772695285,3.46492511464496,0.000970448839842243,0.0351141444844228,0.0351141444844228,"LDLRAD4/RGCC/AKNA/LRP6/WWTR1/EPB41L5/RBPJ/TGFB1I1/SPRED1/TGFBR1/TIAM1/FGFR1/PDPN/QKI/GATA3/NCAM1/GREM1/EDNRA/TCF7L2/TBX3/SMAD4/DDX5/EPHA3/PTEN/HNRNPAB/GLIPR2/CUL7/TGFB3/SPRY1/AXIN2/IL17RD/SLC39A10/FERMT2",33
"GO:0060840","artery development","17/2030","70/18842",0.242857142857143,2.25414496833216,3.65284959304397,0.000989228643955804,0.0356380371470339,0.0356380371470339,"EFEMP2/PKD2/MYLK/RBPJ/TGFBR1/AKT3/HES1/EGR2/EDNRA/NFATC3/LRP1/ACVR2B/ADAMTS9/SOX4/COL3A1/SCN11A/LOXL1",17
"GO:0010762","regulation of fibroblast migration","11/2030","36/18842",0.305555555555556,2.83609742747674,3.83167847864722,0.00102913278764143,0.0369151267463067,0.0369151267463067,"ITGB3/ITGB1/RAC1/PAK1/AKAP12/ACTA2/THBS1/DDR2/FER/CYGB/ZEB2",11
"GO:0051258","protein polymerization","46/2030","269/18842",0.171003717472119,1.58721775596535,3.37073486196617,0.0010473031101993,0.0374049722892732,0.0374049722892732,"FHDC1/DIAPH3/TUBGCP4/NCKAP1L/PCNT/CAPZB/FGB/ZNF207/CDC42EP4/PLEKHG2/SLAIN2/NEFL/RAC1/COBL/MAP1B/EVL/RDX/KANK2/SSH1/SLIT2/LMOD1/PAK1/ARHGAP28/TTC17/DYRK1A/MAP4/CAMSAP3/TUBA1A/DNM2/FCHSD2/OCLN/SNCA/KIF21A/FER/PRKCD/CDH5/HAUS6/MAP2/SVIL/MECP2/GSN/TUBGCP5/NME7/SPTAN1/CDC42EP5/ASB2",46
"GO:0040013","negative regulation of locomotion","62/2030","389/18842",0.159383033419023,1.47935719984297,3.3196390724656,0.00105454629857849,0.0375020198713362,0.0375020198713362,"LDLRAD4/SERPINB1/RECK/DPYSL3/SAP30L/RGCC/SERPINE1/DLC1/CCL2/ATP2B4/CDH11/GJA1/SPRED1/SUDS3/TGFBR1/MCC/PRKG1/RAC1/SRF/GATA3/GREM1/BRMS1L/EVL/STC1/PTPN23/ADARB1/CD300A/SLIT2/CLIC4/TBXA2R/EPPK1/CYP1B1/SRGAP2C/CD74/PTPRG/PTEN/LRP1/MARVELD3/NFE2L2/PHLDB2/TPM1/THBS1/IGFBP5/SPOCK3/ADAMTS9/DCN/MYOCD/SERPINF1/PTPRM/CDH1/MITF/SLAMF8/ANGPT2/MEF2C/IL24/COL3A1/SRGAP1/CYGB/ARID2/ING1/MECP2/ZEB2",62
"GO:0010001","glial cell differentiation","31/2030","162/18842",0.191358024691358,1.77614182326826,3.44746972446255,0.00106083797287563,0.0375645446292626,0.0375645446292626,"SOX6/PTPRZ1/CLU/HES1/QKI/EGR2/ERBB2/CNTN1/DICER1/CD9/MAP2K2/ID2/NR3C1/SOX1/PTEN/ABCA2/LRP1/METTL14/TUBA1A/METRN/B4GALT6/CUL4B/EIF2B5/CFH/LGI4/SOX4/ERBB3/SOX11/ZEB2/NTRK3/CDH2",31
"GO:0031669","cellular response to nutrient levels","41/2030","233/18842",0.175965665236052,1.63327343072792,3.37985456521569,0.00108498137986969,0.0382559817600012,0.0382559817600012,"NPRL2/RRAGD/POSTN/CSNK1A1/SESN3/HSPA5/WDR59/XPR1/SRF/DRAM1/PCSK9/RPS6KB1/WDR45B/CAV1/KANK2/CASR/CDON/WIPI2/PRKAA2/STX17/PAK1/MAPK8/SAR1A/SLC38A2/MN1/PAK2/TBL2/NFE2L2/TTC5/WDR24/PRKD1/YME1L1/JMY/ATG7/LAMP2/RRAGC/KLF10/LPL/SREBF2/GAS2L1/ATXN3",41
"GO:0061041","regulation of wound healing","27/2030","135/18842",0.2,1.85635467980296,3.46983472987207,0.00109539122498287,0.0384593715686782,0.0384593715686782,"ITGB1/THBD/SERPINE1/FGB/MYLK/PRKG1/TFPI/HTN1/RREB1/CAV1/SERPING1/CD9/PRDX2/TBXA2R/EPPK1/PTEN/NFE2L2/PHLDB2/THBS1/PROC/HBEGF/OCLN/DDR2/PRKCD/F2R/CPB2/FERMT2",27
"GO:0006511","ubiquitin-dependent protein catabolic process","103/2030","712/18842",0.144662921348315,1.34272845519455,3.23952668174452,0.00110574221675193,0.0386589873755549,0.0386589873755549,"RAD23A/ZER1/SMURF2/RNF128/AGAP3/MIB1/TSPAN17/LTN1/SOCS7/CSNK1A1/FBXW12/TNFAIP1/UBE3A/TGFB1I1/ASB7/CLU/HSPBP1/FBXO16/UBE2W/RHOBTB2/WDR20/SH3RF2/VPS36/NEDD4L/AREL1/USP14/FBXL18/ANAPC5/ARRB1/PTPN23/KCTD5/LAPTM5/FBXO32/ARIH2/FBXW2/FBXL4/ZNRF1/TBL1X/DERL3/KLHL42/TOM1L1/HAMP/L3MBTL3/PSMB8/ZRANB1/BAG5/PRICKLE1/RNF180/RNF115/KLHL5/PTEN/PPP1R11/NFE2L2/UFL1/CUL5/WWP2/RC3H1/USP38/APPBP2/CUL7/TRIM3/UBR1/RC3H2/RNF187/UBE2I/CUL3/FBXO21/FBXO9/HFE/CCAR2/CDC27/FZR1/UBA6/FEM1B/CEBPA/ZNF574/CACUL1/PSMB9/GIPC1/NEMF/OTUD7B/CUL4B/KLHL36/RNF144A/RHOBTB3/UBR3/IPP/AXIN2/PSMB10/RNF111/TOLLIP/CHMP1A/YPEL5/RNF126/ATXN3/PLK1/PPP2R5C/PML/TRAF4/RNF34/UBA1/UBQLN2/ASB2",103
"GO:0032615","interleukin-12 production","14/2030","53/18842",0.264150943396226,2.45178919973975,3.67773104583011,0.00112819366707898,0.039113860775801,0.039113860775801,"HLA-G/HSPD1/JAK3/HLA-B/LILRA5/CD47/MEFV/LAPTM5/LGALS9/TIRAP/MAPK14/THBS1/TIGIT/CMKLR1",14
"GO:0032655","regulation of interleukin-12 production","14/2030","53/18842",0.264150943396226,2.45178919973975,3.67773104583011,0.00112819366707898,0.039113860775801,0.039113860775801,"HLA-G/HSPD1/JAK3/HLA-B/LILRA5/CD47/MEFV/LAPTM5/LGALS9/TIRAP/MAPK14/THBS1/TIGIT/CMKLR1",14
"GO:0007584","response to nutrient","29/2030","149/18842",0.194630872483221,1.8065196548418,3.43446337852341,0.00114878687302484,0.0396618667911825,0.0396618667911825,"PKLR/POSTN/CSNK1A1/SLC27A4/GATA4/LIPG/SRF/VCAM1/RPS6KB1/MAP1B/DNMT3A/STC1/MTHFR/KANK2/CASR/CDON/TFAM/TBXA2R/TFRC/MN1/NFE2L2/ABCA1/CYBB/F5/ITGA2/BCHE/COX4I1/LPL/OXCT1",29
"GO:0009743","response to carbohydrate","37/2030","205/18842",0.180487804878049,1.67524690616364,3.37786146482316,0.00115595437782489,0.0397437260359214,0.0397437260359214,"GLCCI1/RAB11FIP2/PKLR/TRPM4/GPLD1/ELAVL1/GATA4/RAC1/SRF/PRKACA/NADK/TCF7L2/MAP1B/ERN1/ZFP36L1/SMAD4/CASR/ZBTB20/PRKAA2/VAMP2/SLC2A5/STXBP4/THBS1/OSBP/EGR1/ITGA2/SERPINF1/SMARCA4/RAB11B/EIF2B5/ANGPT2/SLC2A2/SOX4/LPL/ADCY5/CACNA2D1/OXCT1",37
"GO:0019229","regulation of vasoconstriction","15/2030","59/18842",0.254237288135593,2.3597728980546,3.63496480768031,0.00116811695997771,0.0399959385552697,0.0399959385552697,"ITGB1/TRPM4/ITGA4/FGB/TACR1/ZDHHC21/ADRA1A/CAV1/CD38/CASR/TBXA2R/AGTR1/MMP2/ATP2B1/F2R",15
"GO:0002704","negative regulation of leukocyte mediated immunity","16/2030","65/18842",0.246153846153846,2.28474422129595,3.60537589841087,0.0011809070156359,0.0401024407031109,0.0401024407031109,"NCKAP1L/HLA-G/INPP5D/JAK3/HLA-B/HLA-F/CD300A/LGALS9/HAVCR2/UFL1/HFE/CD84/PTPRC/TIGIT/FOXP3/LILRB4",16
"GO:0002820","negative regulation of adaptive immune response","16/2030","65/18842",0.246153846153846,2.28474422129595,3.60537589841087,0.0011809070156359,0.0401024407031109,0.0401024407031109,"NCKAP1L/HLA-G/IL18BP/JAK3/HLA-F/LGALS1/LGALS9/HAVCR2/UFL1/RC3H1/RC3H2/HFE/IL6ST/PTPRC/FOXP3/LILRB4",16
"GO:0002252","immune effector process","94/2030","642/18842",0.146417445482866,1.35901355063456,3.2161253263735,0.00122387653300955,0.0413920038878251,0.0413920038878251,"MYB/PIK3CD/IL2RB/TRPM4/MASP1/NCKAP1L/GSDMB/HLA-G/MYO1G/CD27/FCN2/JUNB/HMCES/C7/SLAMF7/CADM1/SASH3/CLU/INPP5D/HSPD1/TP53BP1/GATA3/DOCK2/JAK3/HLA-B/CD2/LAMP1/IL12RB1/RFTN1/LYST/HLA-F/ICAM1/LAPTM5/SERPING1/SOCS3/CD300A/LCP1/LGALS1/CEBPG/PTPN6/LGALS9/PSMB8/TFRC/RORA/HAVCR2/VAMP2/KLK3/HLA-DRA/CD74/IL21R/PKP3/C3/CTSC/LRP1/STXBP2/C1S/NKG7/UFL1/CD8A/RC3H1/RC3H2/C1QC/TNFRSF4/SLC15A4/IGHD/HFE/TGFB3/HLA-C/HLA-DMB/IL6ST/CD84/PSMB9/BTN3A3/FER/PTPRC/SBNO2/KMT2A/SLA2/MR1/C1R/SLAMF8/TIGIT/CFH/PSMB10/FOXP3/NFKBID/A2M/STX7/SCN11A/IGLC1/LILRA2/SLC11A1/LILRB4/IGKC",94
"GO:0035733","hepatic stellate cell activation","5/2030","9/18842",0.555555555555556,5.15654077723043,4.33394953504492,0.00125309131335124,0.0418673976710822,0.0418673976710822,"MYB/AKAP12/ACTA2/DDR2/CYGB",5
"GO:0043301","negative regulation of leukocyte degranulation","5/2030","9/18842",0.555555555555556,5.15654077723043,4.33394953504492,0.00125309131335124,0.0418673976710822,0.0418673976710822,"NCKAP1L/HLA-F/CD300A/LGALS9/CD84",5
"GO:0070528","protein kinase C signaling","5/2030","9/18842",0.555555555555556,5.15654077723043,4.33394953504492,0.00125309131335124,0.0418673976710822,0.0418673976710822,"PRKCB/AKAP12/PRKCA/PRKCD/EGFR",5
"GO:0007416","synapse assembly","45/2030","264/18842",0.170454545454545,1.58212046574116,3.3098297510368,0.00126128030255055,0.0419717613933087,0.0419717613933087,"NEGR1/CPEB3/PCDHB4/SDC2/DKK1/NLGN4X/GAP43/FGFR1/PDLIM5/CC2D1A/RAC1/AGRN/NUMBL/FARP1/MAP1B/ARHGAP32/ADGRL2/PCDH17/PUM2/NRXN3/PRICKLE1/PCDHB14/GNA13/SRGAP2C/DSCAM/LRFN4/LRRC15/PTEN/PRKCA/SNCA/PCDHB3/ARHGAP33/CDH1/VLDLR/LSAMP/MEF2C/PLXNA4/KIRREL3/SRGAP1/NRXN1/PCDHB5/NTRK3/FZD1/SEMA4C/CDH2",45
"GO:0002460","adaptive immune response based on somatic recombination of immune receptors built from immunoglobulin superfamily domains","60/2030","377/18842",0.159151193633952,1.47720531549307,3.25230745565387,0.00130331611514835,0.0431945646482131,0.0431945646482131,"IL17B/IL2RB/TRPM4/NCKAP1L/HLA-G/MYO1G/CD27/JUNB/HMCES/C7/CLU/IL18BP/HSPD1/TP53BP1/GATA3/JAK3/HLA-B/IL12RB1/RFTN1/HLA-F/SOCS3/LGALS1/LGALS9/PLA2G4A/PSMB8/TFRC/RORA/HAVCR2/HLA-DRA/CD74/IL21R/C3/CTSC/C1S/UFL1/CD8A/RC3H1/RC3H2/C1QC/SLC15A4/IGHD/HFE/HLA-C/IL6ST/IL17RB/PSMB9/BTN3A3/PTPRC/SLA2/MR1/C1R/MEF2C/PSMB10/FOXP3/NFKBID/STX7/IGLC1/SLC11A1/LILRB4/IGKC",60
"GO:0002822","regulation of adaptive immune response based on somatic recombination of immune receptors built from immunoglobulin superfamily domains","33/2030","178/18842",0.185393258426966,1.72077821442409,3.35737299545582,0.00130845229624686,0.0431945646482131,0.0431945646482131,"TRPM4/NCKAP1L/HLA-G/JUNB/HMCES/IL18BP/HSPD1/TP53BP1/JAK3/HLA-B/IL12RB1/HLA-F/LGALS1/LGALS9/PLA2G4A/TFRC/HAVCR2/HLA-DRA/UFL1/RC3H1/RC3H2/SLC15A4/HFE/HLA-C/IL6ST/PTPRC/MR1/MEF2C/FOXP3/NFKBID/STX7/SLC11A1/LILRB4",33
"GO:0043277","apoptotic cell clearance","11/2030","37/18842",0.297297297297297,2.75944614565304,3.72246372606405,0.001323702751529,0.0432313542220015,0.0432313542220015,"SCARB1/ITGB3/CCL2/FCN2/RAC1/CD300LF/DNASE2/C3/LRP1/THBS1/MFGE8",11
"GO:0010720","positive regulation of cell development","58/2030","362/18842",0.160220994475138,1.48713496448303,3.25194287063983,0.00132371263674413,0.0432313542220015,0.0432313542220015,"MYB/IL2RB/LILRB2/IHH/NCKAP1L/HLA-G/PTPRZ1/RAB21/SKIL/CD27/FXR2/TIAM1/HES1/INPP5D/NAP1L1/ZMIZ1/AXL/NUMBL/QKI/GATA3/EGR2/MAP1B/IL12RB1/DICER1/ZFP36L1/PPP2R3C/SLIT2/LIMK1/LGALS9/ZBTB7B/ID2/PAK1/HLA-DRA/CD74/DSCAM/OBSL1/PROC/ACTL6B/METRN/RFX3/CUL7/PRKCA/SERPINF1/CDH5/VIM/SMARCA4/GLI3/RUFY3/FOXP3/FXR1/NFKBID/SOX4/FZD3/ARID2/SOX11/LILRB4/NUMB/CDH2",58
"GO:0034446","substrate adhesion-dependent cell spreading","21/2030","97/18842",0.216494845360825,2.00945609669392,3.46354538758057,0.00134091021555154,0.0432313542220015,0.0432313542220015,"ITGB3/RADIL/ITGA4/FGB/TGFB1I1/PDPN/RAC1/HTN1/CDC42/RREB1/ANTXR1/PARVA/PARVB/LAMB1/ILK/FLNA/LAMB2/FER/SPRY4/GBP1/FERMT2",21
"GO:0051899","membrane depolarization","21/2030","97/18842",0.216494845360825,2.00945609669392,3.46354538758057,0.00134091021555154,0.0432313542220015,0.0432313542220015,"TRPM4/SLC8A1/SCN2B/CHRNE/NEDD4L/SCN8A/ANK2/CAV1/CHRNA4/CHRNA3/FHL1/YWHAH/DCN/NPFF/ATP1A2/KMT2A/MLLT11/SCN11A/CACNA1G/CREB1/CACNA2D1",21
"GO:0110020","regulation of actomyosin structure organization","21/2030","97/18842",0.216494845360825,2.00945609669392,3.46354538758057,0.00134091021555154,0.0432313542220015,0.0432313542220015,"RGCC/DLC1/CCDC88A/TGFBR1/TACR1/RAC1/OAZ3/CD47/EVL/CDC42/SMAD4/LIMK1/PAK1/ARHGAP28/PAK2/PHLDB2/TPM1/PRKD1/TGFB3/AKAP13/FERMT2",21
"GO:0048255","mRNA stabilization","18/2030","78/18842",0.230769230769231,2.14194770746495,3.51172993167264,0.00134376887658766,0.0432313542220015,0.0432313542220015,"ELAVL1/LARP1B/QKI/HNRNPC/LARP4B/BCLAF1/CSDE1/CIRBP/TIRAP/MAPK14/METTL14/CRYZ/IGF2BP2/IKBKE/NRDE2/AXIN2/PNN/SLC11A1",18
"GO:0006816","calcium ion transport","65/2030","416/18842",0.15625,1.45027709359606,3.22701726657833,0.00135746799367212,0.0432313542220015,0.0432313542220015,"CACNB3/ITGB3/PLCL1/LILRB2/IBTK/TRPM4/AKAP6/PKD2/CCL2/ATP2B4/MYLK/ATP1B1/ITPR1/TRPC1/HES1/PLN/PRKACA/SLC8A1/CHRNE/PKD1L1/EDNRA/SEC61A1/LILRA5/STC1/JPH2/ANK2/CAV1/CASR/ORAI2/PLCB2/MICU3/CHRNA4/CHRNA3/FLNA/TMBIM4/CCL5/CUL5/PDE4D/CACNA1I/SNCA/PSEN2/TMEM37/JPH3/HTR3A/CD84/PTPRC/ATP2B1/GRIN2D/ATP1A2/CAMK2A/F2R/UBR3/FYN/ATP2A2/HTR2B/SCN11A/CACNA1G/LILRA2/CXCL9/NALCN/PML/GP5/DMD/CACNA2D1/SLC24A3",65
"GO:0051639","actin filament network formation","6/2030","13/18842",0.461538461538462,4.2838954149299,4.11564274190514,0.00136174070141714,0.0432313542220015,0.0432313542220015,"SPIRE2/COBL/PARVA/ACTN1/LCP1/ILK",6
"GO:1900153","positive regulation of nuclear-transcribed mRNA catabolic process, deadenylation-dependent decay","6/2030","13/18842",0.461538461538462,4.2838954149299,4.11564274190514,0.00136174070141714,0.0432313542220015,0.0432313542220015,"CPEB3/HELZ/TNRC6B/ZFP36L1/CNOT7/TNRC6C",6
"GO:2001046","positive regulation of integrin-mediated signaling pathway","6/2030","13/18842",0.461538461538462,4.2838954149299,4.11564274190514,0.00136174070141714,0.0432313542220015,0.0432313542220015,"NID1/LIMS2/LAMA2/LAMB1/FLNA/LAMB2",6
"GO:0072539","T-helper 17 cell differentiation","14/2030","54/18842",0.259259259259259,2.40638569604087,3.59626219741151,0.00137434302994107,0.0434649097179071,0.0434649097179071,"JUNB/JAK3/IL12RB1/SOCS3/LGALS1/PSMB8/RORA/RC3H1/RC3H2/IL6ST/PSMB9/PSMB10/FOXP3/NFKBID",14
"GO:0050818","regulation of coagulation","17/2030","72/18842",0.236111111111111,2.19152983032293,3.51989196893575,0.0013831740704841,0.0435778720457462,0.0435778720457462,"THBD/SERPINE1/FGB/PRKG1/TFPI/CAV1/SERPING1/CD9/PRDX2/TBXA2R/NFE2L2/THBS1/PROC/PRKCD/ANGPT2/F2R/CPB2",17
"GO:0030193","regulation of blood coagulation","16/2030","66/18842",0.242424242424242,2.25012688460964,3.5352068295116,0.00140548314462028,0.0441130050618321,0.0441130050618321,"THBD/SERPINE1/FGB/PRKG1/TFPI/CAV1/SERPING1/CD9/PRDX2/TBXA2R/NFE2L2/THBS1/PROC/PRKCD/F2R/CPB2",16
"GO:0010884","positive regulation of lipid storage","8/2030","22/18842",0.363636363636364,3.37519032691446,3.87338128500173,0.00142663342979831,0.044315837738936,0.044315837738936,"SCARB1/EHD1/C3/IKBKE/NFKB1/PLIN5/LPL/SREBF2",8
"GO:0019885","antigen processing and presentation of endogenous peptide antigen via MHC class I","8/2030","22/18842",0.363636363636364,3.37519032691446,3.87338128500173,0.00142663342979831,0.044315837738936,0.044315837738936,"HLA-G/HLA-B/HLA-F/TAPBP/HFE/HLA-C/TAP1/TAP2",8
"GO:0086010","membrane depolarization during action potential","10/2030","32/18842",0.3125,2.90055418719212,3.73896285682422,0.00142799042677962,0.044315837738936,0.044315837738936,"TRPM4/SLC8A1/SCN2B/SCN8A/ANK2/YWHAH/ATP1A2/SCN11A/CACNA1G/CACNA2D1",10
"GO:1902369","negative regulation of RNA catabolic process","22/2030","104/18842",0.211538461538462,1.9634520651762,3.42354048052482,0.00143597250008776,0.0443972691631611,0.0443972691631611,"ELAVL1/LARP1B/RNH1/QKI/HNRNPC/LARP4B/BCLAF1/CSDE1/CIRBP/TIRAP/MAPK14/PKP3/HNRNPAB/METTL14/CRYZ/IGF2BP2/IKBKE/NRDE2/AXIN2/FXR1/PNN/SLC11A1",22
"GO:1903034","regulation of response to wounding","31/2030","165/18842",0.187878787878788,1.74384833557247,3.3347486957215,0.0014450540391014,0.0445119619628037,0.0445119619628037,"ITGB1/THBD/SERPINE1/FGB/MYLK/RTCA/PRKG1/TFPI/HTN1/RREB1/CAV1/SERPING1/CD9/PUM2/PRDX2/PTPN6/TBXA2R/EPPK1/PTEN/NFE2L2/PHLDB2/THBS1/PROC/HBEGF/OCLN/RGMA/DDR2/PRKCD/F2R/CPB2/FERMT2",31
"GO:0043487","regulation of RNA stability","50/2030","303/18842",0.165016501650165,1.53164577541498,3.24183444444809,0.00145531012673327,0.044661850778192,0.044661850778192,"FASTKD1/CPEB3/DDX49/ELAVL1/HELZ/LARP1B/FXR2/TNRC6B/CNOT2/RNH1/QKI/SAMD4B/HNRNPC/LARP4B/ZC3H12D/BCLAF1/ZFP36L1/CSDE1/PUM2/CIRBP/DCP2/CARHSP1/UPF1/TIRAP/MAPK14/AGO3/FASTK/GIGYF2/METTL14/SAMD4A/RC3H1/RBM33/LSM4/PRKCA/RC3H2/CNOT7/CRYZ/IGF2BP2/TNRC6C/ZC3H18/IKBKE/PRKCD/VIM/NRDE2/AXIN2/DDX6/FXR1/PNN/XRN1/SLC11A1",50
"GO:0045907","positive regulation of vasoconstriction","9/2030","27/18842",0.333333333333333,3.09392446633826,3.78338977030344,0.00147689470140241,0.0450920993119838,0.0450920993119838,"TRPM4/FGB/TACR1/ADRA1A/CAV1/CD38/CASR/TBXA2R/F2R",9
"GO:0007159","leukocyte cell-cell adhesion","63/2030","402/18842",0.156716417910448,1.45460627895008,3.20153534714203,0.00148021373556114,0.0450920993119838,0.0450920993119838,"ITGB1/HLA-DQB1/PIK3CD/LILRB2/IHH/NCKAP1L/HLA-G/ITGA4/CCL2/CD27/CERCAM/PECAM1/HSPD1/ZMIZ1/ZDHHC21/GATA3/JAK3/VCAM1/IL12RB1/CD47/ICAM3/MSN/ICAM1/LAPTM5/CD6/CAV1/CTLA4/CD300A/WNK1/HLA-DOA/LGALS1/PTPN6/LGALS9/ZBTB7B/PSMB8/TFRC/HAVCR2/HLA-DRA/NFAT5/CCL5/UFL1/RC3H1/ACTL6B/RC3H2/SIRPG/HFE/HLA-DMB/IL6ST/PSMB9/PTPRC/SMARCA4/GLI3/TIGIT/PSMB10/FOXP3/FYN/NFKBID/SOX4/HLA-DPA1/ARID2/SLC7A1/PRKAR1A/LILRB4",63
"GO:0010631","epithelial cell migration","19/2030","85/18842",0.223529411764706,2.07474934801507,3.45084352467826,0.00149908184102763,0.0453335479370618,0.0453335479370618,"ADAM9/PKN2/MCC/TACR1/EVL/PTPN23/RREB1/SMAD4/KANK2/MAP4K4/EPPK1/PTPRG/PTEN/MARVELD3/GLIPR2/HBEGF/OCLN/ITGA2/ZEB2",19
"GO:0099068","postsynapse assembly","19/2030","85/18842",0.223529411764706,2.07474934801507,3.45084352467826,0.00149908184102763,0.0453335479370618,0.0453335479370618,"CPEB3/GAP43/FGFR1/CC2D1A/RAC1/NUMBL/MAP1B/ARHGAP32/PUM2/NRXN3/PRICKLE1/GNA13/LRFN4/PTEN/ARHGAP33/NRXN1/NTRK3/SEMA4C/CDH2",19
"GO:0120031","plasma membrane bounded cell projection assembly","83/2030","559/18842",0.148479427549195,1.37815240092706,3.15383769430881,0.00153667491678265,0.0463014122198583,0.0463014122198583,"FHDC1/ITGB1/DPYSL3/KCNQ1/PPP1R16B/NEK1/PCNT/MYLK/ABI2/CDC42EP4/CCDC88A/DYNC2LI1/ESPN/TXNDC15/EPS8L2/PCM1/GAP43/MPHOSPH9/RAC1/AGRN/ARFIP2/YAP1/COBL/DZIP1/RHOQ/CD2AP/RAB23/RAB3IP/EVL/PTPN23/CDC42/FGD2/CAV1/PARVA/DNAAF1/PARVB/CDC14B/SLIT2/ABLIM1/EMP3/CC2D2A/PRICKLE1/LUZP1/CEP164/EHD1/SRGAP2C/IFT81/MAP4/MYO10/NPHP3/FLNA/RFX3/FGD3/CCDC28B/TMEM17/OCLN/TTC12/DNAH3/TTLL5/TGFB3/TTBK2/CEP128/DCDC2/TMEM67/E2F4/FER/PRKCD/EHD2/RAB11B/ADAMTS16/SSX2IP/CLCN4/CEP290/NRXN1/BBS10/GSN/NME7/DMD/SYNE1/PMP22/ARL3/CDC42EP5/EHD4",83
"GO:0048588","developmental cell growth","33/2030","180/18842",0.183333333333333,1.70165845648604,3.28679961049913,0.00158698412421429,0.0476440233813029,0.0476440233813029,"RGS2/AKAP6/ITGA4/RAB21/GATA4/PDLIM5/PRKG1/NRP2/COBL/EDNRA/MAP1B/NEDD4L/LLPH/ARIH2/PUM2/SORBS2/SLIT2/LIMK1/PRICKLE1/PAK1/DSCAM/CPNE6/ULK2/MEIS1/DNM2/RGMA/CDH1/VIM/RUFY3/PLXNA4/MAP2/DCLK1/CDH2",33
"GO:0051963","regulation of synapse assembly","31/2030","166/18842",0.186746987951807,1.73334322511722,3.29768902312749,0.00159748063380781,0.0477860091398249,0.0477860091398249,"NEGR1/CPEB3/SDC2/DKK1/NLGN4X/FGFR1/PDLIM5/CC2D1A/RAC1/AGRN/NUMBL/FARP1/MAP1B/ARHGAP32/PUM2/PRICKLE1/GNA13/SRGAP2C/LRFN4/LRRC15/PRKCA/SNCA/ARHGAP33/VLDLR/LSAMP/MEF2C/SRGAP1/NRXN1/NTRK3/FZD1/SEMA4C",31
"GO:0032535","regulation of cellular component size","49/2030","297/18842",0.164983164983165,1.53133635202601,3.20718962705119,0.00162006233643105,0.0482871817254232,0.0482871817254232,"NCKAP1L/CAPZB/RAB21/ELAVL1/CDC42EP4/PLEKHG2/PLEKHH2/MAP1B/EVL/CFL2/MSN/RDX/WNK1/PUM2/KANK2/SSH1/SLIT2/CLCN3/PRR16/LIMK1/GPRC5B/LMOD1/PAK1/ARHGAP28/DSCAM/ULK2/PTEN/DNM2/FCHSD2/KXD1/ARHGAP5/PRKD1/RGMA/AKT1S1/DNAJC16/KCNMA1/FER/PRKCD/CDH1/VIM/RUFY3/PLXNA4/MAP2/SVIL/GSN/SPTAN1/CDC42EP5/ASB2/CDH2",49
"GO:0007224","smoothened signaling pathway","22/2030","105/18842",0.20952380952381,1.94475252169833,3.37328460283779,0.00163539268328142,0.0485694042067019,0.0485694042067019,"IHH/HIPK1/TXNDC15/PRKACA/RAB23/DYRK2/TUBD1/CDON/GLIS2/CC2D2A/RORA/IFT81/TUBA1A/TMEM17/NCOA2/GPR161/TTBK2/DCDC2/PRKCD/GLI3/PRKAR1A/SUFU",22
"GO:0046632","alpha-beta T cell differentiation","25/2030","125/18842",0.2,1.85635467980296,3.33795797658983,0.00164147383055767,0.0485759005714317,0.0485759005714317,"MYB/IHH/NCKAP1L/JUNB/GATA3/JAK3/IL12RB1/ATP7A/SOCS3/PRDM1/LGALS1/ZBTB7B/PSMB8/RORA/HLA-DRA/RC3H1/RC3H2/IL6ST/PSMB9/KMT2A/GLI3/PSMB10/FOXP3/NFKBID/LILRB4",25
"GO:0000288","nuclear-transcribed mRNA catabolic process, deadenylation-dependent decay","16/2030","67/18842",0.238805970149254,2.21654290125726,3.4662921248428,0.0016649369894184,0.0486657464923292,0.0486657464923292,"CPEB3/HELZ/TNRC6B/CNOT2/SAMD4B/ZFP36L1/CSDE1/DCP2/SAMD4A/RC3H1/LSM4/RC3H2/CNOT7/TNRC6C/DDX6/XRN1",16
"GO:1900046","regulation of hemostasis","16/2030","67/18842",0.238805970149254,2.21654290125726,3.4662921248428,0.0016649369894184,0.0486657464923292,0.0486657464923292,"THBD/SERPINE1/FGB/PRKG1/TFPI/CAV1/SERPING1/CD9/PRDX2/TBXA2R/NFE2L2/THBS1/PROC/PRKCD/F2R/CPB2",16
"GO:0032233","positive regulation of actin filament bundle assembly","15/2030","61/18842",0.245901639344262,2.2824032948397,3.48594466865592,0.0016804620705165,0.0486657464923292,0.0486657464923292,"RGCC/CCDC88A/TGFBR1/TACR1/RAC1/CD47/EVL/CDC42/LIMK1/PAK1/FLNA/TPM1/TGFB3/SYNPO2/FERMT2",15
"GO:0060071","Wnt signaling pathway, planar cell polarity pathway","11/2030","38/18842",0.289473684210526,2.68682914182007,3.61682982614223,0.00168403265258213,0.0486657464923292,0.0486657464923292,"SMURF2/DKK1/DACT1/TIAM1/RAC1/CDC42/PRICKLE2/PRICKLE1/NPHP3/DAAM1/FZD3",11
"GO:0046069","cGMP catabolic process","4/2030","6/18842",0.666666666666667,6.18784893267652,4.41630346901331,0.00168436179591699,0.0486657464923292,0.0486657464923292,"PDE9A/PDE5A/GNAT1/PDE1A",4
"GO:0110011","regulation of basement membrane organization","4/2030","6/18842",0.666666666666667,6.18784893267652,4.41630346901331,0.00168436179591699,0.0486657464923292,0.0486657464923292,"NID1/LAMA2/LAMB1/LAMB2",4
"GO:0031623","receptor internalization","26/2030","132/18842",0.196969696969697,1.82822809374534,3.31810658745121,0.0016856226458241,0.0486657464923292,0.0486657464923292,"ITGB3/ITGB1/DKK1/NCDN/GREM1/PCSK9/NEDD4L/ARRB1/CAV1/CD9/HAMP/TFRC/LRP1/DNM2/SNCA/CALY/VAC14/ACKR3/HIP1/EPS15/USP46/GRK4/LILRB4/UBQLN2/NUMB/SNX1",26
"GO:0070663","regulation of leukocyte proliferation","39/2030","224/18842",0.174107142857143,1.61602304714989,3.2228846344777,0.0017285238519652,0.049701815925359,0.049701815925359,"CSF2RA/IL2RB/LILRB2/IHH/NCKAP1L/HLA-G/SASH3/FLT3LG/TACR1/GREM1/VCAM1/IL12RB1/LAPTM5/CD6/CTLA4/CD38/CD300A/LGALS9/ZBTB7B/TIRAP/TFRC/HAVCR2/CD74/LST1/CCL5/RC3H1/TCF3/TNFRSF4/HLA-DMB/IL6ST/PTPRC/PHF7/MEF2C/FOXP3/HLA-DPA1/SOX11/SLC7A1/PRKAR1A/LILRB4",39
"GO:0022406","membrane docking","19/2030","86/18842",0.22093023255814,2.05062435559629,3.39325799534902,0.00173350528631773,0.049701815925359,0.049701815925359,"VTI1B/STX2/RAB7A/VCAM1/RAB3IP/MSN/ICAM1/PDZD8/AHCYL1/STX17/CAV2/STX6/EXOC5/STXBP2/VAPA/PSEN2/ATP2A2/STX7/CEP290",19
