"ID","Description","GeneRatio","BgRatio","RichFactor","FoldEnrichment","zScore","pvalue","p.adjust","qvalue","geneID","Count"
"GO:0061061","muscle structure development","54/477","573/18842",0.0942408376963351,3.72261187395041,10.666485695984,6.63988204141673e-17,3.29226278762973e-13,3.29226278762973e-13,"EFEMP2/RBPMS2/EGR2/PLEKHO1/NID1/SYNE1/ZFPM2/TGFBR1/SORBS2/SGCE/DOCK2/GREM1/EDNRA/LDB3/CAV2/FHL1/JPH2/ADAMTS5/MYLK/POPDC2/NFATC1/RORA/ITGA11/ADAM12/MYL9/SVIL/RGS2/BOC/PRICKLE1/TAGLN/MEIS1/PDLIM4/QKI/MEF2C/LMOD1/CSRP2/DES/MYH11/SGCD/ANK2/PGM5/CAV1/LAMB2/BASP1/COL3A1/PDLIM7/COL6A1/PDLIM3/MYOCD/PRKD1/ASB2/SMTN/CFL2/CSRP1",54
"GO:0030198","extracellular matrix organization","37/477","278/18842",0.133093525179856,5.257333755637,11.5249755914265,1.25327905121227e-16,3.29226278762973e-13,3.29226278762973e-13,"EFEMP2/LOXL1/ADAMTS2/NID1/POSTN/TGFBR1/COL1A2/LUM/PHLDB2/GREM1/AEBP1/ATP7A/CCDC80/HMCN1/ADAMTS5/AXIN2/COL13A1/DDR2/COL16A1/PRICKLE1/PDPN/ELN/ADAMTS1/COL12A1/RECK/MMP11/CTSK/MYH11/COL4A1/ADAMTS12/COL8A1/LAMB2/PAPLN/COL3A1/COL8A2/CYP1B1/MMP2",37
"GO:0043062","extracellular structure organization","37/477","279/18842",0.132616487455197,5.23849026547343,11.4948923201663,1.41171607169275e-16,3.29226278762973e-13,3.29226278762973e-13,"EFEMP2/LOXL1/ADAMTS2/NID1/POSTN/TGFBR1/COL1A2/LUM/PHLDB2/GREM1/AEBP1/ATP7A/CCDC80/HMCN1/ADAMTS5/AXIN2/COL13A1/DDR2/COL16A1/PRICKLE1/PDPN/ELN/ADAMTS1/COL12A1/RECK/MMP11/CTSK/MYH11/COL4A1/ADAMTS12/COL8A1/LAMB2/PAPLN/COL3A1/COL8A2/CYP1B1/MMP2",37
"GO:0045229","external encapsulating structure organization","37/477","280/18842",0.132142857142857,5.21978137166816,11.4649530359899,1.58931343839234e-16,3.29226278762973e-13,3.29226278762973e-13,"EFEMP2/LOXL1/ADAMTS2/NID1/POSTN/TGFBR1/COL1A2/LUM/PHLDB2/GREM1/AEBP1/ATP7A/CCDC80/HMCN1/ADAMTS5/AXIN2/COL13A1/DDR2/COL16A1/PRICKLE1/PDPN/ELN/ADAMTS1/COL12A1/RECK/MMP11/CTSK/MYH11/COL4A1/ADAMTS12/COL8A1/LAMB2/PAPLN/COL3A1/COL8A2/CYP1B1/MMP2",37
"GO:0001944","vasculature development","59/477","714/18842",0.0826330532212885,3.2640922196971,9.9399447378969,9.56274991172102e-16,1.58473891537041e-12,1.58473891537041e-12,"EFEMP2/LOXL1/EGR2/HSPB6/PTPN14/SPARC/SERPINE1/MCAM/CCL2/TGFBR1/AKT3/PECAM1/PLXDC1/AMOTL1/COL1A2/GREM1/NRP2/EDNRA/IGFBP7/ATP7A/MYLK/PKD2/NFATC1/RORA/ADAM12/ACKR3/PTGIS/ATP2B4/DCN/MFGE8/PDPN/THBS4/PRKCB/MEIS1/ACTA2/ADAMTS1/THBS1/QKI/PTPRM/C3/SERPINF1/RECK/MEF2C/CDH5/AGTR1/COL4A1/CAV1/COL8A1/SLIT2/CYBB/FYN/VEGFC/COL3A1/JAM3/COL8A2/CYP1B1/MYOCD/MMP2/PRKD1",59
"GO:0003012","muscle system process","46/477","477/18842",0.0964360587002096,3.80932540467369,10.0157036903284,6.57096705255673e-15,9.07450549958084e-12,9.07450549958084e-12,"CRYAB/PRKG1/SORBS2/TPM2/PLN/KCNE4/EDNRA/JPH2/TACR2/MYLK/PTGER3/CD38/ATP1A2/KCNJ8/FBXO32/STC1/MYL9/CHRNA3/RGS2/ATP2B4/IL6ST/DTNA/MEIS1/ACTA2/SYNM/KCNMA1/GJA1/FLNA/IGFBP5/PPP1R12B/LMOD1/DES/MYH11/ANK2/CAV1/F2R/SSPN/GJC1/CALD1/CACNA2D1/HTR2B/MYOCD/PRKD1/ASB2/SMTN/CNN1",46
"GO:0001568","blood vessel development","56/477","687/18842",0.0815138282387191,3.2198816596938,9.552691728465,9.87890008853661e-15,1.16937951619449e-11,1.16937951619449e-11,"EFEMP2/LOXL1/EGR2/HSPB6/SPARC/SERPINE1/MCAM/CCL2/TGFBR1/AKT3/PECAM1/PLXDC1/AMOTL1/COL1A2/GREM1/NRP2/EDNRA/IGFBP7/ATP7A/MYLK/PKD2/RORA/ADAM12/ACKR3/PTGIS/ATP2B4/DCN/MFGE8/THBS4/PRKCB/MEIS1/ACTA2/ADAMTS1/THBS1/QKI/PTPRM/C3/SERPINF1/RECK/MEF2C/CDH5/AGTR1/COL4A1/CAV1/COL8A1/SLIT2/CYBB/FYN/VEGFC/COL3A1/JAM3/COL8A2/CYP1B1/MYOCD/MMP2/PRKD1",56
"GO:0006936","muscle contraction","40/477","375/18842",0.106666666666667,4.21344514325646,10.1298740993297,1.50789558016776e-14,1.56180284715875e-11,1.56180284715875e-11,"CRYAB/PRKG1/TPM2/PLN/KCNE4/EDNRA/JPH2/TACR2/MYLK/PTGER3/CD38/ATP1A2/KCNJ8/STC1/MYL9/CHRNA3/RGS2/ATP2B4/DTNA/ACTA2/SYNM/KCNMA1/GJA1/FLNA/PPP1R12B/LMOD1/DES/MYH11/ANK2/CAV1/F2R/SSPN/GJC1/CALD1/CACNA2D1/HTR2B/MYOCD/PRKD1/SMTN/CNN1",40
"GO:0035239","tube morphogenesis","57/477","776/18842",0.0734536082474227,2.90149452116968,8.71787492757533,4.61414664371954e-13,4.24809100998445e-10,4.24809100998445e-10,"EFEMP2/RBPMS2/HSPB6/MTHFR/SPARC/SERPINE1/DLC1/MCAM/CCL2/TGFBR1/DACT1/AKT3/PLXDC1/AMOTL1/GREM1/NRP2/EDNRA/IGFBP7/MYLK/PKD2/RORA/ADAM12/ACKR3/PTGIS/ATP2B4/DCN/PRICKLE1/MFGE8/THBS4/PRKCB/MEIS1/ADAMTS1/THBS1/QKI/PTPRM/KIF26B/C3/SERPINF1/RECK/MEF2C/CDH5/AGTR1/COL4A1/ADAMTS12/CAV1/COL8A1/SLIT2/CYBB/FYN/VEGFC/COL3A1/JAM3/COL8A2/CYP1B1/MMP2/PRKD1/ASB2",57
"GO:0009887","animal organ morphogenesis","49/477","620/18842",0.0790322580645161,3.12185703658619,8.65824041632096,1.64783792075782e-12,1.36539850113993e-09,1.36539850113993e-09,"PBX3/EFEMP2/RBPMS2/SPARC/MGP/SERPINE1/DLC1/CCL2/ZFPM2/TGFBR1/MFAP5/MSN/COL1A2/GREM1/NRP2/EDNRA/RAB23/FHL1/ADAMTS5/MYLK/AXIN2/COL13A1/PKD2/STC1/ALDH1A3/FAM20C/DCN/PRICKLE1/ELN/MEIS1/ACTA2/EFEMP1/PTPRM/KIF26B/MEF2C/TUBA1A/FLI1/GLI3/ACTG2/CAV1/MEIS2/FGFR1/SLIT2/BASP1/COL3A1/HTR2B/MMP2/ASB2/EVL",49
"GO:0003013","circulatory system process","46/477","564/18842",0.0815602836879433,3.2217166986336,8.63335486900278,2.78900532060775e-12,2.10088164423234e-09,2.10088164423234e-09,"FERMT2/WWTR1/PRKG1/SLC24A3/PLN/PECAM1/COL1A2/ITGA1/PCSK5/KCNE4/EDNRA/JPH2/TACR2/ABCC3/POPDC2/CD38/ATP1A2/KCNJ8/STC1/RGS2/ATP2B4/ELN/AKAP12/KCNMA1/GJA1/ITGA4/FLNA/CDH5/DES/ABCC2/AGTR1/SERPING1/SGCD/HSPB7/ANK2/CAV1/F2R/SLIT2/SLC19A1/GJC1/FYN/VEGFC/CACNA2D1/HTR2B/ZEB2/MMP2",46
"GO:0007507","heart development","39/477","438/18842",0.089041095890411,3.5172166221533,8.5904760588726,9.9436638191081e-12,6.86609986709414e-09,6.86609986709414e-09,"DLC1/HEG1/ZFPM2/TGFBR1/SORBS2/PCSK5/GREM1/NRP2/EDNRA/LDB3/JPH2/ADAMTS5/POPDC2/AXIN2/PKD2/NFATC1/RGS2/HOPX/PRICKLE1/ELN/MEIS1/PDLIM4/GJA1/MEF2C/MYH11/SGCD/HSPB7/CDH11/ANK2/SLIT2/BASP1/VCAM1/COL3A1/PDLIM7/PDLIM3/HTR2B/MYOCD/MMP2/ASB2",39
"GO:0030336","negative regulation of cell migration","35/477","365/18842",0.0958904109589041,3.78777174693432,8.66769484513694,1.5211517792636e-11,9.69558741767555e-09,9.69558741767555e-09,"CDH1/PRKG1/SERPINE1/DLC1/CCL2/TGFBR1/ADARB1/MCC/PHLDB2/GREM1/STC1/ATP2B4/DCN/CLIC4/SRGAP2C/GJA1/THBS1/PTPRM/CD300A/DPYSL3/SERPINF1/CYGB/CD74/RECK/IGFBP5/MEF2C/CDH11/SLAMF8/SLIT2/COL3A1/MITF/ZEB2/CYP1B1/MYOCD/EVL",35
"GO:0048514","blood vessel morphogenesis","48/477","648/18842",0.0740740740740741,2.92600357170588,8.04074323259871,2.79755550653433e-11,1.60509707684208e-08,1.60509707684208e-08,"EFEMP2/HSPB6/SPARC/SERPINE1/MCAM/CCL2/TGFBR1/AKT3/PLXDC1/AMOTL1/GREM1/NRP2/EDNRA/IGFBP7/MYLK/PKD2/RORA/ADAM12/ACKR3/PTGIS/ATP2B4/DCN/MFGE8/THBS4/PRKCB/MEIS1/ADAMTS1/THBS1/QKI/PTPRM/C3/SERPINF1/RECK/CDH5/AGTR1/COL4A1/CAV1/COL8A1/SLIT2/CYBB/FYN/VEGFC/COL3A1/JAM3/COL8A2/CYP1B1/MMP2/PRKD1",48
"GO:0060537","muscle tissue development","31/477","298/18842",0.104026845637584,4.1091694454997,8.71899667085224,2.90567899500739e-11,1.60509707684208e-08,1.60509707684208e-08,"EFEMP2/EGR2/ZFPM2/TGFBR1/SORBS2/GREM1/EDNRA/CAV2/JPH2/MYLK/POPDC2/PKD2/SVIL/RGS2/HOPX/PRICKLE1/MEIS1/GJA1/IGFBP5/MEF2C/CSRP2/MYH11/SGCD/PGM5/CAV1/COL3A1/COL6A1/MYOCD/ASB2/CFL2/CSRP1",31
"GO:0006939","smooth muscle contraction","17/477","85/18842",0.2,7.90020964360587,10.2755661019428,3.55542002378674e-11,1.84126314481856e-08,1.84126314481856e-08,"PRKG1/EDNRA/TACR2/MYLK/PTGER3/CD38/CHRNA3/RGS2/ATP2B4/KCNMA1/MYH11/CAV1/F2R/HTR2B/MYOCD/SMTN/CNN1",17
"GO:0008015","blood circulation","40/477","480/18842",0.0833333333333333,3.29175401816911,8.19679977483367,4.1460511673828e-11,2.02083411605493e-08,2.02083411605493e-08,"FERMT2/PRKG1/PLN/PECAM1/COL1A2/ITGA1/PCSK5/KCNE4/EDNRA/JPH2/TACR2/POPDC2/CD38/ATP1A2/KCNJ8/STC1/RGS2/ATP2B4/ELN/AKAP12/KCNMA1/GJA1/ITGA4/FLNA/CDH5/DES/AGTR1/SERPING1/SGCD/HSPB7/ANK2/CAV1/F2R/SLIT2/GJC1/VEGFC/CACNA2D1/HTR2B/ZEB2/MMP2",40
"GO:2000146","negative regulation of cell motility","35/477","380/18842",0.0921052631578947,3.63825444113428,8.37307152038244,4.69996988830295e-11,2.16355280524879e-08,2.16355280524879e-08,"CDH1/PRKG1/SERPINE1/DLC1/CCL2/TGFBR1/ADARB1/MCC/PHLDB2/GREM1/STC1/ATP2B4/DCN/CLIC4/SRGAP2C/GJA1/THBS1/PTPRM/CD300A/DPYSL3/SERPINF1/CYGB/CD74/RECK/IGFBP5/MEF2C/CDH11/SLAMF8/SLIT2/COL3A1/MITF/ZEB2/CYP1B1/MYOCD/EVL",35
"GO:0046649","lymphocyte activation","50/477","707/18842",0.0707213578500707,2.79356776648015,7.83401529642741,5.51784894531176e-11,2.34801765887042e-08,2.34801765887042e-08,"HAVCR2/LILRB2/CCL2/CTLA4/TRAC/SLAMF7/CD3D/LILRB4/HLA-DRA/PECAM1/MSN/HLA-DOA/JAK3/ATP7A/LCP1/CLEC4A/ICAM1/CD38/RORA/LST1/CCL5/HLA-DQB1/CD27/CD84/IL6ST/CD2/HLA-DPA1/CLEC2B/PRKCB/IGHM/ITGA4/AXL/LAPTM5/C3/CD300A/CD74/CD8A/MEF2C/HLA-DMB/GLI3/SASH3/CAV1/SLAMF8/PTPRC/VCAM1/LGALS1/FYN/SLC11A1/NCKAP1L/NKG7",50
"GO:0030199","collagen fibril organization","15/477","65/18842",0.230769230769231,9.11562651185293,10.5628551761869,5.87019565202973e-11,2.34801765887042e-08,2.34801765887042e-08,"EFEMP2/LOXL1/ADAMTS2/TGFBR1/COL1A2/LUM/GREM1/AEBP1/ATP7A/DDR2/COL12A1/COL4A1/ADAMTS12/COL3A1/CYP1B1",15
"GO:0042110","T cell activation","41/477","507/18842",0.0808678500986193,3.19436484603393,8.07212833054385,5.95080507316905e-11,2.34801765887042e-08,2.34801765887042e-08,"HAVCR2/LILRB2/CCL2/CTLA4/TRAC/SLAMF7/CD3D/LILRB4/HLA-DRA/PECAM1/MSN/HLA-DOA/JAK3/ATP7A/LCP1/CLEC4A/ICAM1/CD38/RORA/CCL5/HLA-DQB1/CD27/CD84/IL6ST/CD2/HLA-DPA1/CLEC2B/LAPTM5/CD300A/CD74/CD8A/HLA-DMB/GLI3/CAV1/PTPRC/VCAM1/LGALS1/FYN/SLC11A1/NCKAP1L/NKG7",41
"GO:0040013","negative regulation of locomotion","35/477","389/18842",0.089974293059126,3.55407888851164,8.20335139253917,8.98236076274492e-11,3.3830836945502e-08,3.3830836945502e-08,"CDH1/PRKG1/SERPINE1/DLC1/CCL2/TGFBR1/ADARB1/MCC/PHLDB2/GREM1/STC1/ATP2B4/DCN/CLIC4/SRGAP2C/GJA1/THBS1/PTPRM/CD300A/DPYSL3/SERPINF1/CYGB/CD74/RECK/IGFBP5/MEF2C/CDH11/SLAMF8/SLIT2/COL3A1/MITF/ZEB2/CYP1B1/MYOCD/EVL",35
"GO:0031589","cell-substrate adhesion","32/477","333/18842",0.0960960960960961,3.79589652545627,8.29597493794483,1.10114357795909e-10,3.96698942911697e-08,3.96698942911697e-08,"EFEMP2/TIAM1/SORBS1/FERMT2/NID1/SERPINE1/DLC1/MAP4K4/TGFB1I1/SGCE/ITGA1/PHLDB2/GREM1/CCDC80/ANTXR1/COL13A1/GBP1/ITGA11/COL16A1/EPHA3/VWF/ITGBL1/PDPN/THBS1/ITGA4/FLNA/EDIL3/ADAMTS12/CDH11/LAMB2/VCAM1/COL3A1",32
"GO:0040017","positive regulation of locomotion","45/477","614/18842",0.0732899022801303,2.89502796386209,7.69389041966883,1.71617137050153e-10,5.92508165665655e-08,5.92508165665655e-08,"TIAM1/FERMT2/SPARC/SERPINE1/MCAM/CCL2/TWIST2/TGFBR1/MAP4K4/AKT3/PECAM1/GREM1/NRP2/PDGFC/TACR2/MYLK/ICAM1/DDR2/CCL5/ACKR3/LRRC15/PDPN/THBS4/AKAP12/SRGAP2C/ACTA2/GLIPR2/ADAMTS1/THBS1/ITGA4/FLNA/CD74/IGFBP5/SYNPO2/CDH5/CAV1/FGFR1/F2R/PTPRC/SLIT2/VEGFC/JAM3/NCKAP1L/MMP2/PRKD1",45
"GO:0030335","positive regulation of cell migration","43/477","573/18842",0.075043630017452,2.96430204777533,7.69562488713707,2.14275542711787e-10,7.10194858763946e-08,7.10194858763946e-08,"TIAM1/FERMT2/SPARC/SERPINE1/MCAM/CCL2/TWIST2/TGFBR1/MAP4K4/AKT3/PECAM1/GREM1/NRP2/PDGFC/MYLK/ICAM1/DDR2/CCL5/ACKR3/LRRC15/PDPN/THBS4/AKAP12/SRGAP2C/ACTA2/GLIPR2/ADAMTS1/THBS1/ITGA4/FLNA/CD74/IGFBP5/SYNPO2/CDH5/CAV1/FGFR1/F2R/PTPRC/VEGFC/JAM3/NCKAP1L/MMP2/PRKD1",43
"GO:2000147","positive regulation of cell motility","44/477","600/18842",0.0733333333333333,2.89674353598882,7.60963296797671,2.72105150253096e-10,8.67178182691213e-08,8.67178182691213e-08,"TIAM1/FERMT2/SPARC/SERPINE1/MCAM/CCL2/TWIST2/TGFBR1/MAP4K4/AKT3/PECAM1/GREM1/NRP2/PDGFC/TACR2/MYLK/ICAM1/DDR2/CCL5/ACKR3/LRRC15/PDPN/THBS4/AKAP12/SRGAP2C/ACTA2/GLIPR2/ADAMTS1/THBS1/ITGA4/FLNA/CD74/IGFBP5/SYNPO2/CDH5/CAV1/FGFR1/F2R/PTPRC/VEGFC/JAM3/NCKAP1L/MMP2/PRKD1",44
"GO:0050778","positive regulation of immune response","51/477","774/18842",0.0658914728682171,2.60278224692441,7.33847232454738,4.29702097186246e-10,1.31870799158712e-07,1.31870799158712e-07,"HAVCR2/CTLA4/TRAC/CD3D/CLU/C1QC/GBP5/LILRB4/HLA-DRA/C7/HLA-DOA/CD300LF/RFTN1/IGLC1/GBP1/CD38/RAB11FIP2/CCL5/HLA-DQB1/MASP1/IL6ST/HLA-DPA1/CLEC2B/RNF144A/C1S/PRKCB/IGHM/LAPTM5/C3/CD300A/CD74/CD8A/LCP2/IGKC/MEF2C/HLA-DMB/IGHD/GBP2/SERPING1/SASH3/C1R/PTPRC/FPR3/CFH/SLC19A1/FYN/A2M/SLC11A1/LATS2/NCKAP1L/PRKD1",51
"GO:0001525","angiogenesis","43/477","594/18842",0.0723905723905724,2.85950349053074,7.42161262277071,6.55221329918797e-10,1.93898712132398e-07,1.93898712132398e-07,"HSPB6/SPARC/SERPINE1/MCAM/CCL2/TGFBR1/AKT3/PLXDC1/AMOTL1/GREM1/NRP2/EDNRA/IGFBP7/RORA/ADAM12/ACKR3/PTGIS/ATP2B4/DCN/MFGE8/THBS4/PRKCB/MEIS1/ADAMTS1/THBS1/QKI/PTPRM/C3/SERPINF1/RECK/CDH5/AGTR1/COL4A1/COL8A1/SLIT2/CYBB/FYN/VEGFC/JAM3/COL8A2/CYP1B1/MMP2/PRKD1",43
"GO:0030155","regulation of cell adhesion","49/477","742/18842",0.0660377358490566,2.60855978798307,7.20469451081172,9.02249383085802e-10,2.57794427180998e-07,2.57794427180998e-07,"EFEMP2/CDH1/HAVCR2/FERMT2/LILRB2/NID1/LAMA4/PRKG1/SERPINE1/DLC1/CCL2/CTLA4/TNC/MAP4K4/LILRB4/HLA-DRA/ADAM19/HLA-DOA/PHLDB2/GREM1/JAK3/CCDC80/GBP1/CCL5/COL16A1/HLA-DQB1/EPHA3/CD27/IL6ST/HLA-DPA1/PDPN/THBS1/ITGA4/LAPTM5/FLNA/CD300A/EDIL3/HLA-DMB/GLI3/CAV1/LAMB2/PTPRC/VCAM1/LGALS1/FYN/JAM3/CYP1B1/NCKAP1L/MMP2",49
"GO:0042692","muscle cell differentiation","32/477","365/18842",0.0876712328767123,3.46310559719709,7.65824810131278,1.12818269281918e-09,3.11604059756658e-07,3.11604059756658e-07,"EFEMP2/RBPMS2/PLEKHO1/NID1/SYNE1/SORBS2/DOCK2/GREM1/EDNRA/CAV2/ADAMTS5/POPDC2/NFATC1/RORA/ADAM12/MYL9/RGS2/PRICKLE1/MEIS1/QKI/MEF2C/LMOD1/CSRP2/MYH11/ANK2/PGM5/LAMB2/COL6A1/MYOCD/PRKD1/ASB2/CSRP1",32
"GO:0003018","vascular process in circulatory system","26/477","255/18842",0.101960784313725,4.02755785752456,7.84465033236707,1.81845334726609e-09,4.86054981788608e-07,4.86054981788608e-07,"FERMT2/PRKG1/SLC24A3/PECAM1/ITGA1/EDNRA/TACR2/ABCC3/CD38/ATP1A2/KCNJ8/RGS2/ATP2B4/AKAP12/KCNMA1/ITGA4/CDH5/ABCC2/AGTR1/CAV1/F2R/SLIT2/SLC19A1/HTR2B/ZEB2/MMP2",26
"GO:0000902","cell morphogenesis","49/477","761/18842",0.064388961892247,2.5434314884145,7.00461322144183,2.08871485457516e-09,5.40846602656554e-07,5.40846602656554e-07,"TIAM1/CDH1/FEZ1/FERMT2/SPARC/PRKG1/CCL2/MAP4K4/CLU/RDX/CDH19/MSN/CDH2/ITGA1/GREM1/GAS7/NRP2/EDNRA/MAP1B/KCTD12/ATP7A/SDC2/LST1/STC1/CHRNA3/PALMD/EPHA3/RGMA/BOC/PRICKLE1/PDPN/PTPRM/ITGA4/FLNA/DCLK1/ITPR1/MEF2C/PPP1R12B/TUBA1A/CDH5/CAP2/CDH11/PALLD/GAP43/SLIT2/FYN/NCKAP1L/NEXN/EVL",49
"GO:0002253","activation of immune response","42/477","597/18842",0.0703517587939698,2.77896821634377,7.11867422489968,2.45535968222532e-09,6.16518494755122e-07,6.16518494755122e-07,"HAVCR2/CTLA4/TRAC/CD3D/CLU/C1QC/GBP5/LILRB4/C7/CD300LF/RFTN1/IGLC1/GBP1/CD38/RAB11FIP2/HLA-DQB1/MASP1/CLEC2B/RNF144A/C1S/PRKCB/IGHM/LAPTM5/C3/CD300A/CD8A/LCP2/IGKC/MEF2C/IGHD/GBP2/SERPING1/C1R/PTPRC/FPR3/CFH/SLC19A1/FYN/A2M/LATS2/NCKAP1L/PRKD1",42
"GO:0050865","regulation of cell activation","41/477","579/18842",0.0708117443868739,2.79713812942868,7.07864901336754,3.1814771130622e-09,7.75344687024512e-07,7.75344687024512e-07,"HAVCR2/LILRB2/PRKG1/CCL2/CTLA4/LILRB4/HLA-DRA/HLA-DOA/JAK3/CD300LF/CD38/DDR2/LST1/CCL5/HLA-DQB1/CD27/CD84/IL6ST/CD2/HLA-DPA1/PDPN/ACTA2/THBS1/AXL/LAPTM5/FLNA/CD300A/CYGB/CD74/MEF2C/HLA-DMB/GLI3/SASH3/CAV1/SLAMF8/PTPRC/THBD/VCAM1/LGALS1/FYN/NCKAP1L",41
"GO:0034329","cell junction assembly","37/477","490/18842",0.0755102040816327,2.98273221238181,7.16697847443335,3.50123316637151e-09,8.28891943330125e-07,8.28891943330125e-07,"CDH1/SORBS1/FERMT2/DLC1/MAP4K4/CDH19/ADGRL2/NLGN4X/CLDN11/PECAM1/CDH2/FZD1/PHLDB2/GREM1/MAP1B/PCDH17/SDC2/COL16A1/EPHA3/LRRC15/HOPX/PRICKLE1/SRGAP2C/LSAMP/GJA1/THBS1/MPDZ/MEF2C/CDH5/CDH11/ANK2/CAV1/FGFR1/GAP43/GJC1/JAM3/NEGR1",37
"GO:0030036","actin cytoskeleton organization","46/477","705/18842",0.0652482269503546,2.57737335890688,6.87958168260004,4.46178620732431e-09,1.02695445871915e-06,1.02695445871915e-06,"SORBS1/FERMT2/DLC1/TGFBR1/TPM2/RDX/DIXDC1/WIPF1/AMOTL1/PHLDB2/DOCK2/RHOQ/LDB3/HMCN1/LCP1/ANTXR1/MYL9/SVIL/EPHA3/PDLIM4/FLNA/DPYSL3/SYNPO2/LMOD1/CSRP2/MYH11/CAP2/KANK2/PGM5/PALLD/SLIT2/CALD1/HIP1/PDLIM7/MYO5A/PDLIM3/CCDC88A/ZEB2/NCKAP1L/PRKD1/ASB2/SMTN/CNN1/EVL/CFL2/CSRP1",46
"GO:0008285","negative regulation of cell population proliferation","43/477","656/18842",0.0655487804878049,2.5892455386818,6.67713297414944,1.2841448255259e-08,2.87579027683989e-06,2.87579027683989e-06,"EFEMP2/HAVCR2/PTPN14/LILRB2/SPARC/PRKG1/DLC1/IGFBP6/CCL2/CTLA4/RERG/TGFB1I1/RPS6KA2/LILRB4/ADARB1/MCC/ITGA1/GREM1/CAV2/IGFBP7/AXIN2/PKD2/LST1/IL6ST/PDPN/OGN/ADAMTS1/THBS1/PTPRM/MN1/LAPTM5/CD300A/IGFBP5/MEF2C/KANK2/CAV1/F2R/BCHE/CYP1B1/MYOCD/PMP22/NEGR1/CNN1",43
"GO:0050851","antigen receptor-mediated signaling pathway","22/477","206/18842",0.106796116504854,4.21855854755653,7.48573365802793,1.40020061128831e-08,3.05317428029866e-06,3.05317428029866e-06,"CTLA4/TRAC/CD3D/LILRB4/RFTN1/IGLC1/GBP1/CD38/HLA-DQB1/CLEC2B/PRKCB/IGHM/LAPTM5/CD300A/CD8A/LCP2/IGKC/MEF2C/IGHD/PTPRC/FYN/NCKAP1L",22
"GO:0071711","basement membrane organization","9/477","28/18842",0.321428571428571,12.6967654986523,9.98205427435169,1.78377132708253e-08,3.78982800415534e-06,3.78982800415534e-06,"NID1/PHLDB2/HMCN1/PRICKLE1/COL4A1/COL8A1/LAMB2/COL3A1/COL8A2",9
"GO:0007160","cell-matrix adhesion","23/477","229/18842",0.100436681222707,3.96735418783701,7.28106046969273,2.10727077259502e-08,4.36521140543059e-06,4.36521140543059e-06,"EFEMP2/TIAM1/SORBS1/FERMT2/NID1/SERPINE1/DLC1/MAP4K4/SGCE/ITGA1/PHLDB2/GREM1/COL13A1/ITGA11/COL16A1/EPHA3/ITGBL1/THBS1/ITGA4/ADAMTS12/CDH11/VCAM1/COL3A1",23
"GO:0044057","regulation of system process","38/477","551/18842",0.0689655172413793,2.72421022193306,6.62007619385627,2.4875486020994e-08,5.02727505292576e-06,5.02727505292576e-06,"EGR2/PRKG1/PLN/NLGN4X/KCNE4/EDNRA/JPH2/TACR2/POPDC2/PTGER3/TSHZ3/CD38/ATP1A2/FBXO32/STC1/MYL9/CHRNA3/RGS2/ATP2B4/IL6ST/GJA1/QKI/ITGA4/FLNA/IGFBP5/PPP1R12B/DES/AGTR1/HSPB7/ANK2/CAV1/F2R/GJC1/CACNA2D1/MYOCD/MMP2/PRKD1/CNN1",38
"GO:0007517","muscle organ development","24/477","251/18842",0.0956175298804781,3.77699265829763,7.13798966566222,2.70176263024527e-08,5.33019170338389e-06,5.33019170338389e-06,"EFEMP2/EGR2/ZFPM2/TGFBR1/SGCE/EDNRA/CAV2/FHL1/JPH2/MYLK/POPDC2/ITGA11/SVIL/TAGLN/MEF2C/DES/SGCD/CAV1/BASP1/COL3A1/COL6A1/MYOCD/SMTN/CFL2",24
"GO:0009611","response to wounding","35/477","496/18842",0.0705645161290323,2.78737235409481,6.50131004529169,5.15407915178088e-08,9.93179066317589e-06,9.93179066317589e-06,"NREP/FERMT2/PRKG1/SERPINE1/MCAM/TNC/TGFBR1/MTR/TFPI/PHLDB2/EDNRA/MAP1B/MYLK/DDR2/MYL9/RGMA/VWF/IL6ST/PDPN/THBS1/AXL/DHFR/FLNA/DPYSL3/ANGPTL2/ANGPTL1/SERPING1/CAV1/F2R/THBD/GAP43/COL3A1/SLC11A1/MMP2/CSRP1",35
"GO:0070661","leukocyte proliferation","24/477","261/18842",0.0919540229885057,3.63228029591074,6.90134189134071,5.71128455419991e-08,1.0592840009486e-05,1.0592840009486e-05,"HAVCR2/IL2RB/LILRB2/CTLA4/CLU/LILRB4/MSN/GREM1/CSF2RA/CD38/LST1/CCL5/IL6ST/HLA-DPA1/LAPTM5/CD300A/CD74/MEF2C/HLA-DMB/SASH3/PTPRC/VCAM1/SLC11A1/NCKAP1L",24
"GO:0002252","immune effector process","41/477","642/18842",0.0638629283489097,2.52265261205483,6.32627912677974,5.84043930852362e-08,1.0592840009486e-05,1.0592840009486e-05,"HAVCR2/IL2RB/SLAMF7/CLU/C1QC/LILRB4/HLA-DRA/C7/DOCK2/JAK3/RFTN1/LCP1/ICAM1/IGLC1/RORA/CD27/MASP1/CD84/IL6ST/CD2/C1S/LAPTM5/C3/CTSC/CD300A/CD74/CD8A/IGKC/HLA-DMB/IGHD/SERPING1/SASH3/C1R/SLAMF8/PTPRC/CFH/LGALS1/A2M/SLC11A1/NCKAP1L/NKG7",41
"GO:0048729","tissue morphogenesis","31/477","408/18842",0.0759803921568627,3.00130513421301,6.5864181239312,5.88064977596372e-08,1.0592840009486e-05,1.0592840009486e-05,"EFEMP2/MTHFR/FERMT2/DLC1/ZFPM2/TNC/TGFBR1/MSN/PHLDB2/GREM1/NRP2/EDNRA/ATP7A/ADAMTS5/MYLK/PKD2/STC1/PRICKLE1/PDPN/ACTA2/GJA1/KIF26B/FLNA/MEF2C/ACTG2/COL4A1/ADAMTS12/SLIT2/COL3A1/MMP2/ASB2",31
"GO:0050867","positive regulation of cell activation","28/477","345/18842",0.0811594202898551,3.20588217421687,6.66433635808545,6.60892849509835e-08,1.16514003213585e-05,1.16514003213585e-05,"HAVCR2/LILRB2/CCL2/LILRB4/HLA-DRA/HLA-DOA/CD38/DDR2/CCL5/HLA-DQB1/CD27/IL6ST/CD2/HLA-DPA1/ACTA2/THBS1/AXL/FLNA/CD74/MEF2C/HLA-DMB/GLI3/SASH3/CAV1/PTPRC/VCAM1/FYN/NCKAP1L",28
"GO:0030048","actin filament-based movement","17/477","138/18842",0.123188405797101,4.86607115729347,7.3461169405824,7.79042820804376e-08,1.34482266941355e-05,1.34482266941355e-05,"PLN/WIPF1/KCNE4/ATP1A2/KCNJ8/STC1/PDPN/ACTA2/GJA1/QKI/FLNA/ANK2/CAV1/GJC1/MYO5A/CACNA2D1/ZEB2",17
"GO:0070848","response to growth factor","43/477","715/18842",0.0601398601398601,2.37558751521016,6.04357584883331,1.48104073316667e-07,2.50447010510593e-05,2.50447010510593e-05,"NREP/RBPMS2/FEZ1/FERMT2/DKK3/CCL2/TGFBR1/TGFB1I1/COL1A2/LUM/GREM1/NRP2/MAP1B/DDR2/CCL5/CHRDL2/RGMA/PDGFRL/CHRDL1/ATP2B4/DCN/NR3C1/PRKCB/ACTA2/THBS1/FSTL1/DOK5/MEF2C/CDH5/ADAMTS12/CAV1/MEIS2/FGFR1/SLIT2/VCAM1/FYN/VEGFC/COL3A1/DNM3OS/ZEB2/LATS2/MYOCD/PRKD1",43
"GO:0014706","striated muscle tissue development","24/477","277/18842",0.0866425992779783,3.42247349181482,6.54586642955845,1.74780937057445e-07,2.89646968891598e-05,2.89646968891598e-05,"EGR2/ZFPM2/TGFBR1/SORBS2/GREM1/EDNRA/CAV2/JPH2/POPDC2/SVIL/RGS2/HOPX/PRICKLE1/MEIS1/GJA1/MEF2C/MYH11/SGCD/PGM5/CAV1/COL6A1/MYOCD/ASB2/CFL2",24
"GO:0001667","ameboidal-type cell migration","20/477","200/18842",0.1,3.95010482180294,6.75961391632886,1.89468940541534e-07,3.0783130222101e-05,3.0783130222101e-05,"TNS1/TGFBR1/MAP4K4/AMOTL1/MCC/NRP2/EDNRA/DDR2/AKAP12/ACTA2/GLIPR2/GJA1/THBS1/ITGA4/CYGB/KANK2/HTR2B/ZEB2/MMP2/EVL",20
"GO:0002250","adaptive immune response","44/477","754/18842",0.0583554376657825,2.30510095702028,5.89454387124728,2.44552473690171e-07,3.89684960960914e-05,3.89684960960914e-05,"HAVCR2/IL2RB/LILRB2/CTLA4/TRAC/SLAMF7/CD3D/CLU/C1QC/LILRB4/HLA-DRA/C7/HLA-DOA/JAK3/IGLV1-44/RFTN1/CLEC4A/IGLC1/RORA/IL18BP/HLA-DQB1/CD27/CD84/IL6ST/HLA-DPA1/C1S/PRKCB/IGHM/C3/CTSC/CD74/CD8A/IGKC/MEF2C/HLA-DMB/IGHD/SASH3/C1R/PTPRC/LGALS1/FYN/SLC11A1/NCKAP1L/LAIR1",44
"GO:0070252","actin-mediated cell contraction","15/477","117/18842",0.128205128205128,5.0642369510294,7.10684323391324,2.67774803851795e-07,4.18638117870938e-05,4.18638117870938e-05,"PLN/KCNE4/ATP1A2/KCNJ8/STC1/PDPN/ACTA2/GJA1/QKI/FLNA/ANK2/CAV1/GJC1/CACNA2D1/ZEB2",15
"GO:0070663","regulation of leukocyte proliferation","21/477","224/18842",0.09375,3.70322327044025,6.55926400895805,2.80020812930874e-07,4.29676380730596e-05,4.29676380730596e-05,"HAVCR2/IL2RB/LILRB2/CTLA4/LILRB4/GREM1/CSF2RA/CD38/LST1/CCL5/IL6ST/HLA-DPA1/LAPTM5/CD300A/CD74/MEF2C/HLA-DMB/SASH3/PTPRC/VCAM1/NCKAP1L",21
"GO:0055001","muscle cell development","17/477","151/18842",0.112582781456954,4.44713787885099,6.85403878367208,2.91698451349706e-07,4.39456975978848e-05,4.39456975978848e-05,"EFEMP2/SORBS2/EDNRA/CAV2/MYL9/RGS2/PRICKLE1/MEIS1/LMOD1/CSRP2/MYH11/ANK2/PGM5/COL6A1/PRKD1/ASB2/CSRP1",17
"GO:0045216","cell-cell junction organization","19/477","187/18842",0.101604278074866,4.01347548739336,6.6743125098245,2.99059863088981e-07,4.42501790277732e-05,4.42501790277732e-05,"CDH1/FERMT2/TGFBR1/RDX/CDH19/NLGN4X/CLDN11/PECAM1/CDH2/HOPX/GJA1/MPDZ/CDH5/CDH11/ANK2/CAV1/F2R/GJC1/JAM3",19
"GO:0050853","B cell receptor signaling pathway","12/477","74/18842",0.162162162162162,6.40557538670746,7.50869543320925,3.19122300982203e-07,4.63903050164655e-05,4.63903050164655e-05,"CTLA4/RFTN1/IGLC1/CD38/PRKCB/IGHM/CD300A/IGKC/MEF2C/IGHD/PTPRC/NCKAP1L",12
"GO:0071363","cellular response to growth factor stimulus","41/477","685/18842",0.0598540145985401,2.36429631669957,5.8620246935706,3.31750847088104e-07,4.73946123960695e-05,4.73946123960695e-05,"NREP/RBPMS2/FEZ1/FERMT2/DKK3/CCL2/TGFBR1/TGFB1I1/COL1A2/GREM1/NRP2/MAP1B/DDR2/CCL5/CHRDL2/RGMA/PDGFRL/CHRDL1/ATP2B4/DCN/NR3C1/PRKCB/ACTA2/THBS1/FSTL1/DOK5/MEF2C/CDH5/ADAMTS12/CAV1/FGFR1/SLIT2/VCAM1/FYN/VEGFC/COL3A1/DNM3OS/ZEB2/LATS2/MYOCD/PRKD1",41
"GO:0097435","supramolecular fiber organization","45/477","794/18842",0.0566750629722922,2.23872439522836,5.74759421021876,4.01986005688257e-07,5.6455187171744e-05,5.6455187171744e-05,"EFEMP2/SORBS1/FERMT2/CRYAB/DLC1/CLIP4/TGFBR1/TPM2/CLU/RDX/WIPF1/PHLDB2/RHOQ/MAP1B/ATP7A/LCP1/MYL9/SVIL/FLNA/DPYSL3/SYNPO2/LMOD1/TUBA1A/CDH5/CSRP2/DES/MYH11/CAP2/KANK2/PGM5/SLIT2/BASP1/CALD1/HIP1/COL3A1/MYO5A/CCDC88A/ZEB2/NCKAP1L/PRKD1/ASB2/CNN1/EVL/CFL2/CSRP1",45
"GO:0060485","mesenchyme development","24/477","291/18842",0.0824742268041237,3.25781840973438,6.25557938246794,4.32750294905762e-07,5.97628157264857e-05,5.97628157264857e-05,"TIAM1/FERMT2/WWTR1/ZFPM2/TGFBR1/TGFB1I1/CDH2/GREM1/NRP2/EDNRA/ADAMTS5/AXIN2/PKD2/EPHA3/PRICKLE1/PDPN/ACTA2/GLIPR2/QKI/MEF2C/ACTG2/FGFR1/BASP1/HTR2B",24
"GO:0002694","regulation of leukocyte activation","34/477","520/18842",0.0653846153846154,2.582760845025,5.89856308237176,4.80764687713013e-07,6.47649313774621e-05,6.47649313774621e-05,"HAVCR2/LILRB2/CCL2/CTLA4/LILRB4/HLA-DRA/HLA-DOA/JAK3/CD300LF/CD38/LST1/CCL5/HLA-DQB1/CD27/CD84/IL6ST/CD2/HLA-DPA1/THBS1/AXL/LAPTM5/CD300A/CD74/MEF2C/HLA-DMB/GLI3/SASH3/CAV1/SLAMF8/PTPRC/VCAM1/LGALS1/FYN/NCKAP1L",34
"GO:0032970","regulation of actin filament-based process","28/477","380/18842",0.0736842105263158,2.91060355290743,6.06371392620975,4.84603638112799e-07,6.47649313774621e-05,6.47649313774621e-05,"FERMT2/DLC1/TGFBR1/RDX/PLN/DIXDC1/PHLDB2/RHOQ/ATP1A2/STC1/SVIL/EPHA3/PDPN/ACTA2/FLNA/SYNPO2/LMOD1/KANK2/ANK2/CAV1/SLIT2/CCDC88A/ZEB2/NCKAP1L/PRKD1/ASB2/EVL/CFL2",28
"GO:0002429","immune response-activating cell surface receptor signaling pathway","26/477","336/18842",0.0773809523809524,3.05662873115703,6.13034556716927,4.92935003078986e-07,6.4832689452579e-05,6.4832689452579e-05,"CTLA4/TRAC/CD3D/LILRB4/RFTN1/IGLC1/GBP1/CD38/RAB11FIP2/HLA-DQB1/MASP1/CLEC2B/PRKCB/IGHM/LAPTM5/C3/CD300A/CD8A/LCP2/IGKC/MEF2C/IGHD/PTPRC/FPR3/FYN/NCKAP1L",26
"GO:0051249","regulation of lymphocyte activation","31/477","453/18842",0.0684326710816777,2.70316224008589,5.91346134941503,5.91518900079079e-07,7.65832125946132e-05,7.65832125946132e-05,"HAVCR2/LILRB2/CCL2/CTLA4/LILRB4/HLA-DRA/HLA-DOA/JAK3/CD38/LST1/CCL5/HLA-DQB1/CD27/IL6ST/CD2/HLA-DPA1/AXL/LAPTM5/CD300A/CD74/MEF2C/HLA-DMB/GLI3/SASH3/CAV1/SLAMF8/PTPRC/VCAM1/LGALS1/FYN/NCKAP1L",31
"GO:0006956","complement activation","11/477","65/18842",0.169230769230769,6.68479277535881,7.39901506125849,6.36270538375737e-07,8.11098104766362e-05,8.11098104766362e-05,"CLU/C1QC/C7/MASP1/C1S/C3/IGHD/SERPING1/C1R/CFH/A2M",11
"GO:0001501","skeletal system development","26/477","341/18842",0.0762463343108504,3.01181012806089,6.04202163545651,6.53500991743532e-07,8.20440790543471e-05,8.20440790543471e-05,"PRKG1/MGP/TGFBR1/COL1A2/LUM/PCSK5/GREM1/EDNRA/RAB23/ATP7A/COL13A1/GPR161/DDR2/STC1/CHRDL2/PRELP/TRPS1/OGN/EFEMP1/GJA1/MEF2C/ADAMTS12/CDH11/FGFR1/PTPRC/COL3A1",26
"GO:1903522","regulation of blood circulation","22/477","257/18842",0.0856031128404669,3.38141268792469,6.19491911182195,7.00137013118278e-07,8.65870938910157e-05,8.65870938910157e-05,"PLN/KCNE4/EDNRA/JPH2/POPDC2/CD38/ATP1A2/STC1/RGS2/ATP2B4/GJA1/ITGA4/FLNA/DES/AGTR1/HSPB7/ANK2/CAV1/F2R/GJC1/CACNA2D1/MMP2",22
"GO:0022603","regulation of anatomical structure morphogenesis","44/477","786/18842",0.0559796437659033,2.21125460762505,5.59051272151775,7.60505909228836e-07,9.26698818216197e-05,9.26698818216197e-05,"TIAM1/CDH1/HSPB6/FERMT2/SPARC/SERPINE1/CCL2/RDX/AKT3/MSN/CDH2/GREM1/MAP1B/KCTD12/SDC2/LST1/ADAM12/CHRNA3/PALMD/RGMA/PTGIS/ATP2B4/DCN/PDPN/THBS4/PRKCB/ADAMTS1/GJA1/THBS1/QKI/PTPRM/C3/SERPINF1/RECK/MEF2C/CDH5/ADAMTS12/SLIT2/CYBB/YME1L1/FYN/VEGFC/CYP1B1/PRKD1",44
"GO:0045785","positive regulation of cell adhesion","30/477","437/18842",0.068649885583524,2.71174244059698,5.8348127618468,8.4393188847102e-07,0.000101345211998129,0.000101345211998129,"EFEMP2/HAVCR2/FERMT2/LILRB2/NID1/CCL2/MAP4K4/LILRB4/HLA-DRA/ADAM19/HLA-DOA/CCDC80/CCL5/COL16A1/HLA-DQB1/CD27/IL6ST/HLA-DPA1/PDPN/ITGA4/FLNA/EDIL3/HLA-DMB/GLI3/CAV1/LAMB2/PTPRC/VCAM1/FYN/NCKAP1L",30
"GO:0002757","immune response-activating signaling pathway","34/477","534/18842",0.0636704119850187,2.51504801388202,5.72390307430189,8.80381143009798e-07,0.000103607122270269,0.000103607122270269,"HAVCR2/CTLA4/TRAC/CD3D/GBP5/LILRB4/CD300LF/RFTN1/IGLC1/GBP1/CD38/RAB11FIP2/HLA-DQB1/MASP1/CLEC2B/RNF144A/PRKCB/IGHM/LAPTM5/C3/CD300A/CD8A/LCP2/IGKC/MEF2C/IGHD/GBP2/PTPRC/FPR3/SLC19A1/FYN/LATS2/NCKAP1L/PRKD1",34
"GO:0007169","cell surface receptor protein tyrosine kinase signaling pathway","37/477","609/18842",0.0607553366174056,2.39989948122674,5.65968331202915,8.91222317916509e-07,0.000103607122270269,0.000103607122270269,"TIAM1/SORBS1/IGFBP6/AKT3/ITGA1/GREM1/JAK3/RHOQ/NRP2/CAV2/PDGFC/CSF2RA/ANTXR1/DDR2/EPHA3/PDGFRL/EFS/DCN/PRICKLE1/PRKCB/EFEMP1/THBS1/AXL/CD8A/IGFBP5/DOK5/LCP2/ANGPTL1/ADAMTS12/FGFR1/HIP1/FYN/VEGFC/CCDC88A/MYOCD/MMP2/PRKD1",37
"GO:0002768","immune response-regulating cell surface receptor signaling pathway","28/477","392/18842",0.0714285714285714,2.82150344414495,5.87341303836065,9.02221853916233e-07,0.000103607122270269,0.000103607122270269,"LILRB2/CTLA4/TRAC/CD3D/LILRB4/RFTN1/IGLC1/GBP1/CD38/RAB11FIP2/HLA-DQB1/MASP1/CLEC2B/PRKCB/IGHM/LAPTM5/C3/CD300A/CD8A/LCP2/IGKC/MEF2C/IGHD/PTPRC/FPR3/FYN/NCKAP1L/LAIR1",28
"GO:0002696","positive regulation of leukocyte activation","25/477","325/18842",0.0769230769230769,3.03854217061764,5.97436518059724,9.12782998519148e-07,0.000103607122270269,0.000103607122270269,"HAVCR2/LILRB2/CCL2/LILRB4/HLA-DRA/HLA-DOA/CD38/CCL5/HLA-DQB1/CD27/IL6ST/CD2/HLA-DPA1/THBS1/AXL/CD74/MEF2C/HLA-DMB/GLI3/SASH3/CAV1/PTPRC/VCAM1/FYN/NCKAP1L",25
"GO:0002764","immune response-regulating signaling pathway","36/477","589/18842",0.0611205432937182,2.41432552775731,5.62024953901149,1.09369285673049e-06,0.000122464040687417,0.000122464040687417,"HAVCR2/LILRB2/CTLA4/TRAC/CD3D/GBP5/LILRB4/CD300LF/RFTN1/IGLC1/GBP1/CD38/RAB11FIP2/HLA-DQB1/MASP1/CLEC2B/RNF144A/PRKCB/IGHM/LAPTM5/C3/CD300A/CD8A/LCP2/IGKC/MEF2C/IGHD/GBP2/PTPRC/FPR3/SLC19A1/FYN/LATS2/NCKAP1L/LAIR1/PRKD1",36
"GO:0003015","heart process","21/477","244/18842",0.0860655737704918,3.39968037942056,6.08038235494769,1.14788985142897e-06,0.000126818870785872,0.000126818870785872,"WWTR1/PLN/KCNE4/EDNRA/JPH2/POPDC2/ATP1A2/KCNJ8/STC1/RGS2/ATP2B4/GJA1/FLNA/DES/SGCD/HSPB7/ANK2/CAV1/GJC1/FYN/CACNA2D1",21
"GO:0090066","regulation of anatomical structure size","29/477","423/18842",0.0685579196217494,2.7081096887065,5.72622770408475,1.32349993539782e-06,0.000144296321904031,0.000144296321904031,"CDH1/PRKG1/RDX/PECAM1/MSN/CDH2/ITGA1/EDNRA/MAP1B/CD38/SVIL/RGMA/RGS2/KCNMA1/ITGA4/PRR16/LMOD1/KANK2/AGTR1/CAV1/F2R/SLIT2/HTR2B/NCKAP1L/MMP2/PRKD1/ASB2/EVL/CFL2",29
"GO:0002460","adaptive immune response based on somatic recombination of immune receptors built from immunoglobulin superfamily domains","27/477","377/18842",0.0716180371352785,2.82898753816125,5.78125949670947,1.34498719301698e-06,0.000144734595861541,0.000144734595861542,"HAVCR2/IL2RB/CLU/C1QC/LILRB4/HLA-DRA/C7/JAK3/RFTN1/IGLC1/RORA/IL18BP/CD27/IL6ST/C1S/C3/CTSC/CD74/CD8A/IGKC/MEF2C/IGHD/C1R/PTPRC/LGALS1/SLC11A1/NCKAP1L",27
"GO:0051251","positive regulation of lymphocyte activation","23/477","289/18842",0.0795847750865052,3.14368203811306,5.91858536715926,1.39572680587131e-06,0.000148269132223714,0.000148269132223714,"HAVCR2/LILRB2/CCL2/LILRB4/HLA-DRA/HLA-DOA/CD38/CCL5/HLA-DQB1/CD27/IL6ST/HLA-DPA1/AXL/CD74/MEF2C/HLA-DMB/GLI3/SASH3/CAV1/PTPRC/VCAM1/FYN/NCKAP1L",23
"GO:0046651","lymphocyte proliferation","20/477","227/18842",0.0881057268722467,3.48026856546514,6.05892833106173,1.4332283001302e-06,0.000150325692340238,0.000150325692340238,"HAVCR2/LILRB2/CTLA4/LILRB4/MSN/CD38/LST1/CCL5/IL6ST/HLA-DPA1/LAPTM5/CD300A/CD74/MEF2C/HLA-DMB/SASH3/PTPRC/VCAM1/SLC11A1/NCKAP1L",20
"GO:0007159","leukocyte cell-cell adhesion","28/477","402/18842",0.0696517412935323,2.75131679130553,5.72022323581361,1.48207158419627e-06,0.000153505564333129,0.000153505564333129,"HAVCR2/LILRB2/CCL2/CTLA4/LILRB4/HLA-DRA/PECAM1/MSN/HLA-DOA/JAK3/ICAM1/CCL5/HLA-DQB1/CD27/CERCAM/IL6ST/HLA-DPA1/ITGA4/LAPTM5/CD300A/HLA-DMB/GLI3/CAV1/PTPRC/VCAM1/LGALS1/FYN/NCKAP1L",28
"GO:0085029","extracellular matrix assembly","9/477","45/18842",0.2,7.90020964360587,7.46861323480406,1.56121164549401e-06,0.000159706169068683,0.000159706169068683,"EFEMP2/TGFBR1/ATP7A/PRICKLE1/ELN/MYH11/COL8A1/COL3A1/COL8A2",9
"GO:0051146","striated muscle cell differentiation","22/477","271/18842",0.0811808118081181,3.20672716161124,5.89700286779274,1.70341857702387e-06,0.000170703843790171,0.000170703843790171,"PLEKHO1/SORBS2/DOCK2/GREM1/CAV2/ADAMTS5/POPDC2/ADAM12/MYL9/RGS2/PRICKLE1/MEIS1/MEF2C/LMOD1/CSRP2/MYH11/PGM5/COL6A1/MYOCD/PRKD1/ASB2/CSRP1",22
"GO:0009790","embryo development","37/477","626/18842",0.0591054313099042,2.33472649211995,5.47354428691384,1.70992264477241e-06,0.000170703843790171,0.000170703843790171,"PBX3/RBPMS2/MTHFR/SPARC/LAMA4/DLC1/TGFBR1/DACT1/MFAP5/PCSK5/GREM1/NRP2/EDNRA/GPR161/PKD2/ALDH1A3/CHRDL1/HOPX/PRICKLE1/MEIS1/EFEMP1/GJA1/ITGA4/COL12A1/SOX7/MEF2C/GLI3/COL8A1/MEIS2/FGFR1/BASP1/PRICKLE2/COL3A1/COL6A1/HTR2B/MMP2/ASB2",37
"GO:0032943","mononuclear cell proliferation","20/477","230/18842",0.0869565217391304,3.43487375808951,5.9876932476575,1.75799961054673e-06,0.00017341410444036,0.00017341410444036,"HAVCR2/LILRB2/CTLA4/LILRB4/MSN/CD38/LST1/CCL5/IL6ST/HLA-DPA1/LAPTM5/CD300A/CD74/MEF2C/HLA-DMB/SASH3/PTPRC/VCAM1/SLC11A1/NCKAP1L",20
"GO:0006937","regulation of muscle contraction","17/477","172/18842",0.0988372093023256,3.90417337038662,6.16638024032157,1.84433685925256e-06,0.000179790296656079,0.000179790296656079,"PRKG1/PLN/JPH2/TACR2/ATP1A2/STC1/MYL9/CHRNA3/RGS2/PPP1R12B/ANK2/CAV1/F2R/CACNA2D1/MYOCD/PRKD1/CNN1",17
"GO:0090257","regulation of muscle system process","21/477","252/18842",0.0833333333333333,3.29175401816911,5.9026125237004,1.930320736205e-06,0.000185984158374356,0.000185984158374356,"PRKG1/PLN/JPH2/TACR2/ATP1A2/FBXO32/STC1/MYL9/CHRNA3/RGS2/ATP2B4/IL6ST/IGFBP5/PPP1R12B/ANK2/CAV1/F2R/CACNA2D1/MYOCD/PRKD1/CNN1",21
"GO:0070665","positive regulation of leukocyte proliferation","15/477","138/18842",0.108695652173913,4.29359219761189,6.25832077420557,2.27282251259998e-06,0.000216466751027626,0.000216466751027626,"HAVCR2/IL2RB/LILRB2/CSF2RA/CD38/CCL5/IL6ST/HLA-DPA1/CD74/MEF2C/HLA-DMB/SASH3/PTPRC/VCAM1/NCKAP1L",15
"GO:0007417","central nervous system development","42/477","767/18842",0.0547588005215124,2.16303001976171,5.29986920355314,2.40665779630908e-06,0.000226608710229739,0.000226608710229739,"PBX3/CDH1/EGR2/FEZ1/DLC1/CLU/NLGN4X/DIXDC1/PLXDC1/FZD1/NRP2/PDGFC/ATP7A/ATXN1/GPR161/ATP1A2/PKD2/RORA/GLIS2/ACKR3/ATP2B4/NR3C1/MEIS1/SRGAP2C/EML1/QKI/C3/FLNA/DCLK1/RECK/TUBA1A/GNB4/COL4A1/MEIS2/FGFR1/SLIT2/BASP1/CFH/RTN1/COL3A1/ZEB2/SMARCA1",42
"GO:0050670","regulation of lymphocyte proliferation","18/477","198/18842",0.0909090909090909,3.59100438345721,5.90672692931708,3.07955529155449e-06,0.000286710057818208,0.000286710057818208,"HAVCR2/LILRB2/CTLA4/LILRB4/CD38/LST1/CCL5/IL6ST/HLA-DPA1/LAPTM5/CD300A/CD74/MEF2C/HLA-DMB/SASH3/PTPRC/VCAM1/NCKAP1L",18
"GO:0048660","regulation of smooth muscle cell proliferation","16/477","160/18842",0.1,3.95010482180294,6.03950649747041,3.17274772397273e-06,0.000292104307120422,0.000292104307120422,"EFEMP2/RBPMS2/PDE1A/PRKG1/DDR2/CCL5/ELN/OGN/ADAMTS1/GJA1/THBS1/IGFBP5/MEF2C/MYOCD/MMP2/CNN1",16
"GO:0002698","negative regulation of immune effector process","13/477","108/18842",0.12037037037037,4.75475580402205,6.3065815370911,3.44070325690649e-06,0.000313293046007991,0.000313293046007991,"HAVCR2/CLU/LILRB4/JAK3/MASP1/CD84/CD300A/SERPING1/SLAMF8/PTPRC/LGALS1/A2M/NCKAP1L",13
"GO:0032944","regulation of mononuclear cell proliferation","18/477","200/18842",0.09,3.55509433962264,5.85452121158562,3.55172970568569e-06,0.000319887308057735,0.000319887308057735,"HAVCR2/LILRB2/CTLA4/LILRB4/CD38/LST1/CCL5/IL6ST/HLA-DPA1/LAPTM5/CD300A/CD74/MEF2C/HLA-DMB/SASH3/PTPRC/VCAM1/NCKAP1L",18
"GO:0006760","folic acid-containing compound metabolic process","7/477","27/18842",0.259259259259259,10.2410125009706,7.74399433253929,3.64984405663913e-06,0.000325189331756042,0.000325189331756042,"MTHFR/ALDH1L2/MTR/MTRR/TYMS/DHFR/SLC19A1",7
"GO:0007229","integrin-mediated signaling pathway","13/477","109/18842",0.119266055045872,4.71113419114111,6.26227216641732,3.81799583277537e-06,0.000336552270961454,0.000336552270961454,"FERMT2/NID1/SERPINE1/ITGA1/ITGA11/COL16A1/ITGBL1/ADAMTS1/ITGA4/FLNA/LAMB2/COL3A1/PRKD1",13
"GO:0007599","hemostasis","19/477","222/18842",0.0855855855855856,3.38072034298449,5.75056782142586,4.02036052758086e-06,0.00034901298702231,0.00034901298702231,"PRKG1/SERPINE1/TFPI/MYL9/VWF/IL6ST/PDPN/THBS1/AXL/FLNA/ANGPTL2/ANGPTL1/FLI1/SERPING1/CAV1/F2R/THBD/COL3A1/CSRP1",19
"GO:0048659","smooth muscle cell proliferation","16/477","163/18842",0.098159509202454,3.87740350606423,5.94611709755999,4.04359724283632e-06,0.00034901298702231,0.00034901298702231,"EFEMP2/RBPMS2/PDE1A/PRKG1/DDR2/CCL5/ELN/OGN/ADAMTS1/GJA1/THBS1/IGFBP5/MEF2C/MYOCD/MMP2/CNN1",16
"GO:0007015","actin filament organization","29/477","448/18842",0.0647321428571429,2.55698749625636,5.37528800867876,4.12088166092102e-06,0.000352016757138057,0.000352016757138057,"SORBS1/FERMT2/DLC1/TGFBR1/TPM2/RDX/WIPF1/PHLDB2/RHOQ/LCP1/MYL9/SVIL/FLNA/DPYSL3/SYNPO2/LMOD1/CAP2/KANK2/SLIT2/CALD1/HIP1/MYO5A/CCDC88A/ZEB2/NCKAP1L/ASB2/CNN1/EVL/CFL2",29
"GO:1901888","regulation of cell junction assembly","21/477","265/18842",0.0792452830188679,3.13027174557968,5.62841162822888,4.28014156935058e-06,0.000361890337179989,0.000361890337179989,"FERMT2/DLC1/MAP4K4/NLGN4X/FZD1/PHLDB2/GREM1/MAP1B/SDC2/COL16A1/EPHA3/LRRC15/HOPX/PRICKLE1/SRGAP2C/LSAMP/THBS1/MEF2C/CAV1/FGFR1/NEGR1",21
"GO:0060322","head development","33/477","549/18842",0.0601092896174863,2.37437994753182,5.2670351066514,4.41794931330839e-06,0.000369768969798721,0.000369768969798721,"PBX3/CDH1/EGR2/FEZ1/DLC1/NLGN4X/DIXDC1/FZD1/NRP2/EDNRA/ATP7A/ATXN1/GPR161/ATP1A2/RORA/ATP2B4/PRICKLE1/MEIS1/SRGAP2C/EML1/FLNA/CRISPLD2/TUBA1A/GNB4/COL4A1/MEIS2/FGFR1/SLIT2/BASP1/RTN1/COL3A1/CRISPLD1/SMARCA1",33
"GO:0048589","developmental growth","26/477","381/18842",0.068241469816273,2.69560958968179,5.38860610431336,5.09107811832119e-06,0.000421846732884094,0.000421846732884094,"CDH1/PRKG1/ZFPM2/TGFBR1/SORBS2/NLGN4X/CDH2/NRP2/EDNRA/MAP1B/DDR2/STC1/RGMA/RGS2/PRICKLE1/MEIS1/ITGA4/KIF26B/DCLK1/CPQ/MEF2C/GAP43/SLIT2/BASP1/COL3A1/LATS2",26
"GO:0033627","cell adhesion mediated by integrin","11/477","80/18842",0.1375,5.43139412997904,6.40120157940796,5.29393642945184e-06,0.000434312448063742,0.000434312448063742,"SERPINE1/ICAM1/ITGA11/CCL5/COL16A1/ITGBL1/ITGA4/VCAM1/JAM3/CYP1B1/NCKAP1L",11
"GO:0001935","endothelial cell proliferation","17/477","186/18842",0.0913978494623656,3.61031085863709,5.7657410500848,5.37156506048917e-06,0.000436360667560915,0.000436360667560915,"SPARC/CCL2/TGFBR1/AKT3/NRP2/CAV2/THBS4/THBS1/PTPRM/ITGA4/MEF2C/AGTR1/CAV1/FGFR1/HTR2B/ZEB2/PRKD1",17
"GO:0040007","growth","36/477","632/18842",0.0569620253164557,2.25005970862192,5.15169355752947,5.44604789336388e-06,0.000438116047033137,0.000438116047033137,"CDH1/CRYAB/PRKG1/ZFPM2/TNC/RERG/TGFBR1/SORBS2/NLGN4X/CDH2/NRP2/EDNRA/MAP1B/IGFBP7/FHL1/RFTN1/CD38/DDR2/STC1/RGMA/RGS2/PRICKLE1/MEIS1/GJA1/ITGA4/KIF26B/DCLK1/IGFBP5/CPQ/MEF2C/AGTR1/GAP43/SLIT2/BASP1/COL3A1/LATS2",36
"GO:1901699","cellular response to nitrogen compound","36/477","634/18842",0.056782334384858,2.24296172846854,5.13082215317824,5.84186729981725e-06,0.000465439542752747,0.000465439542752747,"CDH1/SORBS1/AKT3/MTR/JAK3/RHOQ/EDNRA/CAV2/MAP1B/CSF2RA/ICAM1/PKD2/DDR2/STC1/CHRNA3/ATP2B4/PRKCB/GJA1/ITGA4/FLNA/IGFBP5/ITPR1/MEF2C/RGS10/GNG2/AGTR1/CAV1/SLIT2/VCAM1/CYBB/FYN/MYO5A/CACNA2D1/HTR2B/GNB5/PRKD1",36
"GO:0006897","endocytosis","38/477","688/18842",0.0552325581395349,2.18174394227488,5.08917208432948,6.07164853090363e-06,0.000479139806924452,0.000479139806924452,"IL2RB/SERPINE1/CCL2/STON1/CLU/LILRB4/PECAM1/FNBP1/DOCK2/GREM1/GAS7/RHOQ/CAV2/CD300LF/MYLK/IL10RA/APOC1/RAB11FIP2/EPHA3/ACKR3/MASP1/MFGE8/THBS1/ITGA4/AXL/C3/CD300A/ANK2/CAV1/PTPRC/HIP1/FYN/PDLIM7/MYO5A/SRPX/SLC11A1/NCKAP1L/PRKD1",38
"GO:1901342","regulation of vasculature development","25/477","362/18842",0.069060773480663,2.72797294323407,5.35002655624635,6.28362384780903e-06,0.000491189690593827,0.000491189690593827,"HSPB6/SPARC/SERPINE1/TGFBR1/AKT3/GREM1/ADAM12/PTGIS/ATP2B4/DCN/THBS4/PRKCB/ADAMTS1/THBS1/QKI/PTPRM/C3/SERPINF1/RECK/CDH5/CYBB/FYN/VEGFC/CYP1B1/PRKD1",25
"GO:0001936","regulation of endothelial cell proliferation","16/477","169/18842",0.0946745562130177,3.73974420999094,5.76583246909196,6.45310739266074e-06,0.000499723811734457,0.000499723811734457,"SPARC/CCL2/TGFBR1/AKT3/NRP2/CAV2/THBS4/THBS1/PTPRM/ITGA4/MEF2C/AGTR1/CAV1/FGFR1/HTR2B/PRKD1",16
"GO:0045597","positive regulation of cell differentiation","41/477","772/18842",0.0531088082901554,2.09785359707151,5.01983799049146,6.71039983818654e-06,0.000514578044855808,0.000514578044855808,"EFEMP2/TIAM1/EGR2/FERMT2/IL2RB/LILRB2/NID1/WWTR1/SERPINE1/TGFBR1/TGFB1I1/LILRB4/HLA-DRA/CDH2/FZD1/MAP1B/LMO3/AXIN2/DDR2/CD27/BOC/IL6ST/PDPN/GLIPR2/GJA1/QKI/AXL/SERPINF1/CD74/MEF2C/CDH5/TCF4/AGTR1/GLI3/FGFR1/LAMB2/SLIT2/ZEB2/MYOCD/NCKAP1L/PRKD1",41
"GO:0007162","negative regulation of cell adhesion","22/477","295/18842",0.0745762711864407,2.94584088405643,5.42871689607908,6.76912948217271e-06,0.000514578044855808,0.000514578044855808,"CDH1/HAVCR2/LILRB2/PRKG1/SERPINE1/DLC1/CTLA4/MAP4K4/LILRB4/PHLDB2/JAK3/GBP1/THBS1/LAPTM5/CD300A/GLI3/PTPRC/LGALS1/FYN/JAM3/CYP1B1/MMP2",22
"GO:0033002","muscle cell proliferation","18/477","211/18842",0.0853080568720379,3.36975766788876,5.5788255329147,7.52313299867761e-06,0.000566697091154934,0.000566697091154934,"EFEMP2/RBPMS2/PDE1A/PRKG1/ZFPM2/TGFBR1/DDR2/CCL5/ELN/OGN/ADAMTS1/GJA1/THBS1/IGFBP5/MEF2C/MYOCD/MMP2/CNN1",18
"GO:0055002","striated muscle cell development","14/477","134/18842",0.104477611940299,4.12697518695829,5.85435227263987,7.84342563881105e-06,0.000585501124713408,0.000585501124713408,"SORBS2/CAV2/MYL9/RGS2/PRICKLE1/MEIS1/LMOD1/CSRP2/MYH11/PGM5/COL6A1/PRKD1/ASB2/CSRP1",14
"GO:0002683","negative regulation of immune system process","31/477","514/18842",0.0603112840466926,2.38235893921967,5.12106802387901,8.08183053796841e-06,0.000597911141407199,0.000597911141407199,"HAVCR2/LILRB2/CCL2/CTLA4/CLU/C1QC/LILRB4/HLA-DOA/GREM1/JAK3/CD300LF/GBP1/IL18BP/LST1/MASP1/CD84/IL6ST/THBS1/QKI/LAPTM5/CD300A/SERPING1/GLI3/SLAMF8/PTPRC/SLIT2/LGALS1/FYN/COL3A1/A2M/NCKAP1L",31
"GO:0050863","regulation of T cell activation","24/477","346/18842",0.069364161849711,2.73995710182863,5.26445454247834,8.93615421720575e-06,0.000655265255254574,0.000655265255254574,"HAVCR2/LILRB2/CCL2/CTLA4/LILRB4/HLA-DRA/HLA-DOA/JAK3/CCL5/HLA-DQB1/CD27/IL6ST/CD2/HLA-DPA1/LAPTM5/CD300A/HLA-DMB/GLI3/CAV1/PTPRC/VCAM1/LGALS1/FYN/NCKAP1L",24
"GO:0060047","heart contraction","19/477","236/18842",0.0805084745762712,3.18016913619728,5.43169503571885,9.73788175632421e-06,0.000707790247657038,0.000707790247657038,"PLN/KCNE4/EDNRA/JPH2/POPDC2/ATP1A2/KCNJ8/STC1/RGS2/ATP2B4/GJA1/FLNA/DES/SGCD/HSPB7/ANK2/CAV1/GJC1/CACNA2D1",19
"GO:0007596","blood coagulation","18/477","216/18842",0.0833333333333333,3.29175401816911,5.45947366869258,1.0394030237695e-05,0.000748912474343832,0.000748912474343832,"PRKG1/SERPINE1/TFPI/MYL9/VWF/IL6ST/PDPN/THBS1/AXL/FLNA/ANGPTL2/ANGPTL1/SERPING1/CAV1/F2R/THBD/COL3A1/CSRP1",18
"GO:0120039","plasma membrane bounded cell projection morphogenesis","32/477","547/18842",0.0585009140767824,2.31084742774578,5.01412666116893,1.0720550655742e-05,0.000765780023564465,0.000765780023564465,"TIAM1/CDH1/FEZ1/PRKG1/MAP4K4/CDH2/ITGA1/GAS7/NRP2/EDNRA/MAP1B/KCTD12/ATP7A/SDC2/CHRNA3/EPHA3/RGMA/BOC/PRICKLE1/PDPN/PTPRM/ITGA4/DCLK1/PPP1R12B/TUBA1A/PALLD/GAP43/SLIT2/FYN/NCKAP1L/NEXN/EVL",32
"GO:0050671","positive regulation of lymphocyte proliferation","13/477","120/18842",0.108333333333333,4.27928022361985,5.80776092531076,1.11131789691201e-05,0.000786196329380368,0.000786196329380368,"HAVCR2/LILRB2/CD38/CCL5/IL6ST/HLA-DPA1/CD74/MEF2C/HLA-DMB/SASH3/PTPRC/VCAM1/NCKAP1L",13
"GO:0022407","regulation of cell-cell adhesion","29/477","472/18842",0.0614406779661017,2.4269711828874,5.05996277596085,1.11961340655182e-05,0.000786196329380368,0.000786196329380368,"CDH1/HAVCR2/LILRB2/PRKG1/CCL2/CTLA4/LILRB4/HLA-DRA/ADAM19/HLA-DOA/JAK3/CCL5/HLA-DQB1/EPHA3/CD27/IL6ST/HLA-DPA1/PDPN/ITGA4/LAPTM5/CD300A/HLA-DMB/GLI3/CAV1/PTPRC/VCAM1/LGALS1/FYN/NCKAP1L",29
"GO:0045765","regulation of angiogenesis","24/477","352/18842",0.0681818181818182,2.69325328759291,5.16821416006709,1.19029522269966e-05,0.000828805564310031,0.000828805564310031,"HSPB6/SPARC/SERPINE1/AKT3/GREM1/ADAM12/PTGIS/ATP2B4/DCN/THBS4/PRKCB/ADAMTS1/THBS1/QKI/PTPRM/C3/SERPINF1/RECK/CDH5/CYBB/FYN/VEGFC/CYP1B1/PRKD1",24
"GO:0032946","positive regulation of mononuclear cell proliferation","13/477","121/18842",0.107438016528926,4.24391427135853,5.7691685833055,1.21687713998786e-05,0.000840253665161617,0.000840253665161617,"HAVCR2/LILRB2/CD38/CCL5/IL6ST/HLA-DPA1/CD74/MEF2C/HLA-DMB/SASH3/PTPRC/VCAM1/NCKAP1L",13
"GO:0050866","negative regulation of cell activation","17/477","198/18842",0.0858585858585859,3.39150413993181,5.45192512799228,1.23404120418384e-05,0.000845063257674983,0.000845063257674983,"HAVCR2/LILRB2/PRKG1/CTLA4/LILRB4/JAK3/CD300LF/LST1/CD84/LAPTM5/CD300A/CYGB/GLI3/PTPRC/THBD/LGALS1/FYN",17
"GO:1903115","regulation of actin filament-based movement","8/477","44/18842",0.181818181818182,7.18200876691443,6.61630976803053,1.26552379420798e-05,0.000852801900615214,0.000852801900615214,"PLN/ATP1A2/STC1/PDPN/ACTA2/ANK2/CAV1/ZEB2",8
"GO:0019882","antigen processing and presentation","12/477","104/18842",0.115384615384615,4.55781325592646,5.86345908775837,1.2659260653593e-05,0.000852801900615214,0.000852801900615214,"LILRB2/HLA-DRA/HLA-DOA/RFTN1/CLEC4A/HLA-DQB1/HLA-DPA1/THBS1/CD74/CD8A/HLA-DMB/SLC11A1",12
"GO:0001503","ossification","24/477","354/18842",0.0677966101694915,2.67803716732402,5.13657860675974,1.3074712798962e-05,0.000866696562017593,0.000866696562017593,"FERMT2/WWTR1/MGP/TNC/TWIST2/SLC24A3/FZD1/GREM1/COL13A1/DDR2/STC1/ITGA11/CHRDL2/CHRDL1/IL6ST/PRICKLE1/IGFBP5/MEF2C/ADAMTS12/CDH11/VEGFC/PDLIM7/COL6A1/PRKD1",24
"GO:0048598","embryonic morphogenesis","24/477","354/18842",0.0677966101694915,2.67803716732402,5.13657860675974,1.3074712798962e-05,0.000866696562017593,0.000866696562017593,"RBPMS2/MTHFR/SPARC/DLC1/TGFBR1/DACT1/MFAP5/GREM1/EDNRA/PKD2/ALDH1A3/PRICKLE1/EFEMP1/GJA1/ITGA4/COL12A1/SOX7/MEF2C/GLI3/COL8A1/COL6A1/HTR2B/MMP2/ASB2",24
"GO:0048858","cell projection morphogenesis","32/477","553/18842",0.0578661844484629,2.28577494209211,4.94593314223805,1.33421856513637e-05,0.000871682607151894,0.000871682607151894,"TIAM1/CDH1/FEZ1/PRKG1/MAP4K4/CDH2/ITGA1/GAS7/NRP2/EDNRA/MAP1B/KCTD12/ATP7A/SDC2/CHRNA3/EPHA3/RGMA/BOC/PRICKLE1/PDPN/PTPRM/ITGA4/DCLK1/PPP1R12B/TUBA1A/PALLD/GAP43/SLIT2/FYN/NCKAP1L/NEXN/EVL",32
"GO:0050817","coagulation","18/477","220/18842",0.0818181818181818,3.23190394511149,5.36647829371857,1.33603296051521e-05,0.000871682607151894,0.000871682607151894,"PRKG1/SERPINE1/TFPI/MYL9/VWF/IL6ST/PDPN/THBS1/AXL/FLNA/ANGPTL2/ANGPTL1/SERPING1/CAV1/F2R/THBD/COL3A1/CSRP1",18
"GO:0086003","cardiac muscle cell contraction","11/477","88/18842",0.125,4.93763102725367,5.96684967542123,1.34836911999579e-05,0.000872858322522276,0.000872858322522276,"PLN/KCNE4/ATP1A2/KCNJ8/STC1/GJA1/FLNA/ANK2/CAV1/GJC1/CACNA2D1",11
"GO:0002443","leukocyte mediated immunity","27/477","429/18842",0.0629370629370629,2.48607995777807,5.01792590866361,1.4676044721895e-05,0.000942679895857532,0.000942679895857532,"HAVCR2/IL2RB/SLAMF7/CLU/C1QC/LILRB4/HLA-DRA/C7/JAK3/RFTN1/ICAM1/IGLC1/CD27/CD84/CD2/C1S/C3/CTSC/CD300A/CD74/CD8A/IGKC/IGHD/C1R/PTPRC/NCKAP1L/NKG7",27
"GO:0007043","cell-cell junction assembly","14/477","142/18842",0.0985915492957746,3.89446954262261,5.57966404904686,1.53093635062508e-05,0.000975795277021492,0.000975795277021492,"CDH1/CDH19/CLDN11/PECAM1/CDH2/HOPX/GJA1/MPDZ/CDH5/CDH11/ANK2/CAV1/GJC1/JAM3",14
"GO:1903037","regulation of leukocyte cell-cell adhesion","24/477","359/18842",0.0668523676880223,2.640738599534,5.05843397545612,1.6475263449148e-05,0.00103577516343517,0.00103577516343517,"HAVCR2/LILRB2/CCL2/CTLA4/LILRB4/HLA-DRA/HLA-DOA/JAK3/CCL5/HLA-DQB1/CD27/IL6ST/HLA-DPA1/ITGA4/LAPTM5/CD300A/HLA-DMB/GLI3/CAV1/PTPRC/VCAM1/LGALS1/FYN/NCKAP1L",24
"GO:0048812","neuron projection morphogenesis","31/477","533/18842",0.0581613508442777,2.29743432412553,4.89702558809283,1.65004008657304e-05,0.00103577516343517,0.00103577516343517,"TIAM1/CDH1/FEZ1/PRKG1/MAP4K4/CDH2/ITGA1/GAS7/NRP2/EDNRA/MAP1B/KCTD12/ATP7A/SDC2/CHRNA3/EPHA3/RGMA/BOC/PRICKLE1/PTPRM/ITGA4/DCLK1/PPP1R12B/TUBA1A/PALLD/GAP43/SLIT2/FYN/NCKAP1L/NEXN/EVL",31
"GO:0045596","negative regulation of cell differentiation","34/477","615/18842",0.0552845528455285,2.18379778766341,4.8103113039369,1.85564532854141e-05,0.00115608099190182,0.00115608099190182,"RBPMS2/CDH1/FERMT2/WWTR1/ZFPM2/CTLA4/TWIST2/TGFBR1/RUNX1T1/C1QC/LILRB4/DIXDC1/GREM1/JAK3/S1PR3/NFATC1/RORA/EPHA3/RGMA/RGS2/HOPX/PRICKLE1/MEIS1/EFEMP1/QKI/LBH/GLI3/ADAMTS12/CAV1/MEIS2/LGALS1/VEGFC/MYOCD/NEGR1",34
"GO:0042558","pteridine-containing compound metabolic process","7/477","34/18842",0.205882352941176,8.13256875077075,6.70856782495274,1.896662078196e-05,0.00117281656566657,0.00117281656566657,"MTHFR/ALDH1L2/MTR/MTRR/TYMS/DHFR/SLC19A1",7
"GO:0050870","positive regulation of T cell activation","18/477","226/18842",0.079646017699115,3.14610118550676,5.23090613346903,1.92381975973996e-05,0.00118079781697817,0.00118079781697817,"HAVCR2/LILRB2/CCL2/LILRB4/HLA-DRA/HLA-DOA/CCL5/HLA-DQB1/CD27/IL6ST/HLA-DPA1/HLA-DMB/GLI3/CAV1/PTPRC/VCAM1/FYN/NCKAP1L",18
"GO:0050852","T cell receptor signaling pathway","14/477","145/18842",0.096551724137931,3.81389431070628,5.48177891981542,1.94210184935884e-05,0.00118082565204001,0.00118082565204001,"CTLA4/TRAC/CD3D/LILRB4/RFTN1/GBP1/HLA-DQB1/CLEC2B/LAPTM5/CD300A/CD8A/LCP2/PTPRC/FYN",14
"GO:0002449","lymphocyte mediated immunity","23/477","339/18842",0.0678466076696165,2.68001212098724,5.03045059126617,1.95236681546563e-05,0.00118082565204001,0.00118082565204001,"HAVCR2/IL2RB/SLAMF7/CLU/C1QC/LILRB4/HLA-DRA/C7/RFTN1/IGLC1/CD27/CD2/C1S/C3/CTSC/CD74/CD8A/IGKC/IGHD/C1R/PTPRC/NCKAP1L/NKG7",23
"GO:1903039","positive regulation of leukocyte cell-cell adhesion","19/477","250/18842",0.076,3.00207966457023,5.1357514968919,2.1941304769185e-05,0.00131743225592368,0.00131743225592368,"HAVCR2/LILRB2/CCL2/LILRB4/HLA-DRA/HLA-DOA/CCL5/HLA-DQB1/CD27/IL6ST/HLA-DPA1/ITGA4/HLA-DMB/GLI3/CAV1/PTPRC/VCAM1/FYN/NCKAP1L",19
"GO:0008016","regulation of heart contraction","17/477","208/18842",0.0817307692307692,3.22845105628124,5.20831712701315,2.34254965380225e-05,0.00139642923966946,0.00139642923966946,"PLN/KCNE4/EDNRA/JPH2/POPDC2/ATP1A2/STC1/RGS2/ATP2B4/GJA1/FLNA/DES/HSPB7/ANK2/CAV1/GJC1/CACNA2D1",17
"GO:0035150","regulation of tube size","13/477","129/18842",0.10077519379845,3.98072578941381,5.4747068520021,2.43072420458772e-05,0.00141033387099419,0.00141033387099419,"PRKG1/PECAM1/ITGA1/EDNRA/CD38/RGS2/KCNMA1/ITGA4/AGTR1/CAV1/F2R/HTR2B/MMP2",13
"GO:0035296","regulation of tube diameter","13/477","129/18842",0.10077519379845,3.98072578941381,5.4747068520021,2.43072420458772e-05,0.00141033387099419,0.00141033387099419,"PRKG1/PECAM1/ITGA1/EDNRA/CD38/RGS2/KCNMA1/ITGA4/AGTR1/CAV1/F2R/HTR2B/MMP2",13
"GO:0097746","blood vessel diameter maintenance","13/477","129/18842",0.10077519379845,3.98072578941381,5.4747068520021,2.43072420458772e-05,0.00141033387099419,0.00141033387099419,"PRKG1/PECAM1/ITGA1/EDNRA/CD38/RGS2/KCNMA1/ITGA4/AGTR1/CAV1/F2R/HTR2B/MMP2",13
"GO:0022409","positive regulation of cell-cell adhesion","21/477","297/18842",0.0707070707070707,2.79300340935561,5.01951341387189,2.43395780294677e-05,0.00141033387099419,0.00141033387099419,"HAVCR2/LILRB2/CCL2/LILRB4/HLA-DRA/ADAM19/HLA-DOA/CCL5/HLA-DQB1/CD27/IL6ST/HLA-DPA1/PDPN/ITGA4/HLA-DMB/GLI3/CAV1/PTPRC/VCAM1/FYN/NCKAP1L",21
"GO:0051897","positive regulation of phosphatidylinositol 3-kinase/protein kinase B signal transduction","16/477","188/18842",0.0851063829787234,3.36179133770463,5.2450563913497,2.46861428445038e-05,0.0014163793120297,0.0014163793120297,"FERMT2/TGFBR1/PECAM1/PDGFC/DDR2/CCL5/DCN/TSPYL5/THBS1/AXL/FGFR1/F2R/HIP1/FYN/CCDC88A/PRKD1",16
"GO:0002468","dendritic cell antigen processing and presentation","5/477","15/18842",0.333333333333333,13.1670160726765,7.59722253788117,2.47857832783378e-05,0.0014163793120297,0.0014163793120297,"HLA-DRA/CLEC4A/THBS1/CD74/SLC11A1",5
"GO:0072001","renal system development","18/477","231/18842",0.0779220779220779,3.07800375724904,5.1213347253803,2.57970343604378e-05,0.00146407004596293,0.00146407004596293,"TGFBR1/PECAM1/PCSK5/GREM1/EDNRA/PKD2/KCNJ8/PRICKLE1/ACTA2/KIF26B/SERPINF1/MEF2C/KANK2/AGTR1/COL4A1/SLIT2/BASP1/MYOCD",18
"GO:0042060","wound healing","25/477","394/18842",0.0634517766497462,2.50641168896125,4.87004350449129,2.65230941771486e-05,0.001491557088347,0.001491557088347,"FERMT2/PRKG1/SERPINE1/MCAM/TGFBR1/TFPI/PHLDB2/MYLK/DDR2/MYL9/VWF/IL6ST/PDPN/THBS1/AXL/FLNA/ANGPTL2/ANGPTL1/SERPING1/CAV1/F2R/THBD/COL3A1/SLC11A1/CSRP1",25
"GO:0043408","regulation of MAPK cascade","34/477","626/18842",0.0543130990415335,2.14542434411022,4.69724015505126,2.66413769098909e-05,0.001491557088347,0.001491557088347,"HAVCR2/FERMT2/IL2RB/IGFBP6/MAP4K4/DACT1/LILRB4/PECAM1/ITGA1/CAV2/LMO3/PDGFC/ICAM1/RASSF2/GBP1/DDR2/RGS2/ACKR3/CD27/IL6ST/AKAP12/ACTA2/GLIPR2/THBS1/LAPTM5/CD300A/CD74/MEF2C/LBH/CAV1/FGFR1/F2R/PTPRC/HTR2B",34
"GO:0030100","regulation of endocytosis","21/477","300/18842",0.07,2.76507337526205,4.96661848936552,2.82391697862059e-05,0.00157040107952015,0.00157040107952015,"IL2RB/SERPINE1/CCL2/STON1/CLU/DOCK2/GREM1/CD300LF/MYLK/APOC1/EPHA3/MASP1/AXL/C3/CD300A/CAV1/PTPRC/HIP1/SLC11A1/NCKAP1L/PRKD1",21
"GO:0035265","organ growth","12/477","113/18842",0.106194690265487,4.19480158067568,5.48961029933149,2.94745196172733e-05,0.00162817246365817,0.00162817246365817,"PRKG1/ZFPM2/TGFBR1/SORBS2/NLGN4X/DDR2/STC1/RGS2/MEIS1/MEF2C/BASP1/LATS2",12
"GO:0048738","cardiac muscle tissue development","16/477","192/18842",0.0833333333333333,3.29175401816911,5.14392817316394,3.19694319157795e-05,0.00175429611161688,0.00175429611161688,"ZFPM2/TGFBR1/SORBS2/GREM1/EDNRA/JPH2/RGS2/HOPX/PRICKLE1/MEIS1/GJA1/MEF2C/MYH11/SGCD/MYOCD/ASB2",16
"GO:0002399","MHC class II protein complex assembly","5/477","16/18842",0.3125,12.3440775681342,7.31586780891641,3.53035886606912e-05,0.00189951646521095,0.00189951646521095,"HLA-DRA/HLA-DOA/HLA-DQB1/HLA-DPA1/HLA-DMB",5
"GO:0002503","peptide antigen assembly with MHC class II protein complex","5/477","16/18842",0.3125,12.3440775681342,7.31586780891641,3.53035886606912e-05,0.00189951646521095,0.00189951646521095,"HLA-DRA/HLA-DOA/HLA-DQB1/HLA-DPA1/HLA-DMB",5
"GO:0072537","fibroblast activation","5/477","16/18842",0.3125,12.3440775681342,7.31586780891641,3.53035886606912e-05,0.00189951646521095,0.00189951646521095,"DDR2/AKAP12/ACTA2/CYGB/ZEB2",5
"GO:0042113","B cell activation","18/477","238/18842",0.0756302521008403,2.98747423497701,4.97281746847077,3.83140882914909e-05,0.00204819700376318,0.00204819700376318,"CTLA4/JAK3/CD38/CD27/IL6ST/PRKCB/IGHM/ITGA4/LAPTM5/C3/CD300A/CD74/MEF2C/SASH3/SLAMF8/PTPRC/VCAM1/NCKAP1L",18
"GO:0071622","regulation of granulocyte chemotaxis","8/477","51/18842",0.156862745098039,6.19624285773009,5.988461755151,3.89356104828402e-05,0.00206807992603086,0.00206807992603086,"CCL2/CCL5/THBS4/THBS1/CD74/SLIT2/JAM3/NCKAP1L",8
"GO:0035904","aorta development","7/477","38/18842",0.184210526315789,7.27650888226856,6.24166596416775,4.07679359737666e-05,0.00215161221323968,0.00215161221323968,"EFEMP2/LOXL1/EGR2/EDNRA/MYLK/PKD2/COL3A1",7
"GO:0031032","actomyosin structure organization","16/477","196/18842",0.0816326530612245,3.22457536473709,5.04542804823265,4.10919693341638e-05,0.00215498770824609,0.00215498770824609,"SORBS1/FERMT2/DLC1/TGFBR1/PHLDB2/MYL9/LMOD1/CSRP2/MYH11/PGM5/CCDC88A/ZEB2/PRKD1/CNN1/EVL/CSRP1",16
"GO:0030098","lymphocyte differentiation","23/477","356/18842",0.0646067415730337,2.55203401408617,4.76453429726871,4.19997405768215e-05,0.00218874119760719,0.00218874119760719,"LILRB2/CTLA4/CD3D/LILRB4/HLA-DRA/JAK3/ATP7A/RORA/CD27/IL6ST/CD2/IGHM/ITGA4/AXL/LAPTM5/CD74/CD8A/GLI3/SLAMF8/PTPRC/VCAM1/LGALS1/NCKAP1L",23
"GO:0051216","cartilage development","13/477","136/18842",0.0955882352941176,3.77583549142928,5.23586465196335,4.25536654714114e-05,0.00219006007513115,0.00219006007513115,"MGP/TGFBR1/LUM/GREM1/ATP7A/STC1/CHRDL2/TRPS1/OGN/EFEMP1/MEF2C/ADAMTS12/COL3A1",13
"GO:0090090","negative regulation of canonical Wnt signaling pathway","13/477","136/18842",0.0955882352941176,3.77583549142928,5.23586465196335,4.25536654714114e-05,0.00219006007513115,0.00219006007513115,"DKK3/WWTR1/IGFBP6/DACT1/MCC/GREM1/AXIN2/CDON/PRICKLE1/GLI3/CAV1/RBMS3/LATS2",13
"GO:0006940","regulation of smooth muscle contraction","8/477","52/18842",0.153846153846154,6.07708434123528,5.90837916171298,4.50076418394254e-05,0.00230205753260172,0.00230205753260172,"PRKG1/TACR2/CHRNA3/RGS2/CAV1/F2R/MYOCD/CNN1",8
"GO:0002688","regulation of leukocyte chemotaxis","12/477","118/18842",0.101694915254237,4.01705575098604,5.29835094098868,4.54083244721286e-05,0.00230830292377949,0.00230830292377949,"SERPINE1/CCL2/GREM1/CCL5/THBS4/THBS1/CD74/SLAMF8/SLIT2/VEGFC/JAM3/NCKAP1L",12
"GO:0048041","focal adhesion assembly","10/477","83/18842",0.120481927710843,4.75916243590715,5.53147551998213,4.58197416865881e-05,0.00231501450984798,0.00231501450984798,"SORBS1/FERMT2/DLC1/MAP4K4/PHLDB2/GREM1/COL16A1/EPHA3/THBS1/CDH11",10
"GO:0035733","hepatic stellate cell activation","4/477","9/18842",0.444444444444444,17.5560214302353,8.00632433564425,4.61963931976781e-05,0.00231989887294522,0.00231989887294522,"DDR2/AKAP12/ACTA2/CYGB",4
"GO:0006958","complement activation, classical pathway","7/477","39/18842",0.179487179487179,7.08993173144117,6.13545609466574,4.86121510014409e-05,0.00242152839442444,0.00242152839442444,"CLU/C1QC/C7/C1S/C3/IGHD/C1R",7
"GO:0150063","visual system development","19/477","265/18842",0.0716981132075472,2.83215062695305,4.84074293094624,4.88046393759211e-05,0.00242152839442444,0.00242152839442444,"PBX3/MFAP5/ALDH1A3/CHRDL1/ATP2B4/PRICKLE1/MAB21L2/MEIS1/EFEMP1/PTPRM/C3/SERPINF1/SGCD/COL4A1/MEIS2/SSPN/MAF/ZEB2/CYP1B1",19
"GO:0150115","cell-substrate junction organization","11/477","101/18842",0.108910891089109,4.30209436037943,5.36252690301522,4.98609911975699e-05,0.00245921531585157,0.00245921531585157,"SORBS1/FERMT2/DLC1/MAP4K4/PHLDB2/GREM1/COL16A1/EPHA3/PRICKLE1/THBS1/CDH11",11
"GO:0016055","Wnt signaling pathway","26/477","436/18842",0.0596330275229358,2.35556709557056,4.61530336070025,5.24387158635915e-05,0.00257104851861372,0.00257104851861372,"TIAM1/FERMT2/DKK3/WWTR1/IGFBP6/TGFB1I1/DACT1/DIXDC1/AMOTL1/MCC/FZD1/GREM1/EDNRA/AXIN2/CDON/PKD2/NFATC1/PRICKLE1/RECK/CDK14/GLI3/CAV1/PRICKLE2/RBMS3/ZEB2/LATS2",26
"GO:0043542","endothelial cell migration","20/477","290/18842",0.0689655172413793,2.72421022193306,4.76880478472612,5.37184572631745e-05,0.00261453839823398,0.00261453839823398,"SPARC/TGFB1I1/AKT3/GREM1/NRP2/STC1/ATP2B4/DCN/THBS1/PTPRM/FSTL1/SERPINF1/MEF2C/CDH5/FGFR1/SLIT2/VEGFC/ZEB2/CYP1B1/PRKD1",20
"GO:0045807","positive regulation of endocytosis","14/477","159/18842",0.0880503144654088,3.47807971731076,5.05715455160737,5.42723394274975e-05,0.00261453839823398,0.00261453839823398,"IL2RB/SERPINE1/CCL2/CLU/DOCK2/GREM1/CD300LF/MASP1/AXL/C3/PTPRC/HIP1/SLC11A1/NCKAP1L",14
"GO:0051017","actin filament bundle assembly","14/477","159/18842",0.0880503144654088,3.47807971731076,5.05715455160737,5.42723394274975e-05,0.00261453839823398,0.00261453839823398,"SORBS1/FERMT2/DLC1/TGFBR1/PHLDB2/LCP1/MYL9/FLNA/DPYSL3/SYNPO2/CALD1/CCDC88A/ZEB2/EVL",14
"GO:0007565","female pregnancy","13/477","140/18842",0.0928571428571429,3.66795447738844,5.10639145323773,5.76032529046297e-05,0.00275896273738591,0.00275896273738591,"HAVCR2/TGFBR1/PCSK5/IGFBP7/CD38/STC1/COL16A1/RGS2/GJA1/IGFBP5/PAPPA/SLC19A1/MMP2",13
"GO:1903131","mononuclear cell differentiation","26/477","439/18842",0.0592255125284738,2.33946982612475,4.57653280577262,5.87401047855938e-05,0.00279724430030707,0.00279724430030707,"LILRB2/CTLA4/CD3D/C1QC/LILRB4/HLA-DRA/JAK3/ATP7A/RORA/CD27/IL6ST/CD2/NR3C1/QKI/IGHM/ITGA4/AXL/LAPTM5/CD74/CD8A/GLI3/SLAMF8/PTPRC/VCAM1/LGALS1/NCKAP1L",26
"GO:0050777","negative regulation of immune response","16/477","202/18842",0.0792079207920792,3.12879589845777,4.90232899611534,5.90850515169977e-05,0.00279759278211339,0.00279759278211339,"HAVCR2/CLU/LILRB4/JAK3/IL18BP/MASP1/IL6ST/CD300A/SERPING1/SLAMF8/PTPRC/LGALS1/FYN/COL3A1/A2M/NCKAP1L",16
"GO:0061564","axon development","25/477","414/18842",0.0603864734299517,2.38532899867327,4.59335162182846,5.95628101051503e-05,0.00279910825119195,0.00279910825119195,"NREP/TIAM1/CDH1/FEZ1/PRKG1/MTR/CDH2/NRP2/EDNRA/MAP1B/EPHA3/RGMA/BOC/PRICKLE1/PTPRM/ITGA4/DHFR/DCLK1/PALLD/GAP43/SLIT2/FYN/MMP2/NEXN/EVL",25
"GO:0060538","skeletal muscle organ development","11/477","103/18842",0.106796116504854,4.21855854755653,5.27864576053603,5.97990535945808e-05,0.00279910825119195,0.00279910825119195,"EGR2/CAV2/POPDC2/SVIL/MEF2C/DES/CAV1/BASP1/COL6A1/MYOCD/CFL2",11
"GO:0002009","morphogenesis of an epithelium","21/477","316/18842",0.0664556962025316,2.62506966005891,4.69505183672008,6.0130493448246e-05,0.00279910825119195,0.00279910825119195,"MTHFR/FERMT2/DLC1/TNC/MSN/PHLDB2/GREM1/EDNRA/ATP7A/PKD2/PRICKLE1/PDPN/GJA1/KIF26B/FLNA/MEF2C/COL4A1/ADAMTS12/SLIT2/MMP2/ASB2",21
"GO:0060840","artery development","9/477","70/18842",0.128571428571429,5.07870619946092,5.50974967817875,6.54548071745562e-05,0.00302993593434845,0.00302993593434845,"EFEMP2/LOXL1/EGR2/TGFBR1/AKT3/EDNRA/MYLK/PKD2/COL3A1",9
"GO:0048880","sensory system development","19/477","271/18842",0.0701107011070111,2.76944618502789,4.72846367645001,6.59533441482087e-05,0.00303605227562254,0.00303605227562254,"PBX3/MFAP5/ALDH1A3/CHRDL1/ATP2B4/PRICKLE1/MAB21L2/MEIS1/EFEMP1/PTPRM/C3/SERPINF1/SGCD/COL4A1/MEIS2/SSPN/MAF/ZEB2/CYP1B1",19
"GO:0042098","T cell proliferation","14/477","162/18842",0.0864197530864197,3.41367083365686,4.97236283591242,6.65603871961547e-05,0.00304706833318971,0.00304706833318971,"HAVCR2/LILRB2/CTLA4/LILRB4/MSN/CCL5/IL6ST/HLA-DPA1/LAPTM5/HLA-DMB/PTPRC/VCAM1/SLC11A1/NCKAP1L",14
"GO:0046631","alpha-beta T cell activation","15/477","183/18842",0.0819672131147541,3.23779083754339,4.9024881412071,6.77902057368359e-05,0.00307648054257086,0.00307648054257086,"TRAC/CD3D/LILRB4/HLA-DRA/JAK3/ATP7A/CLEC4A/RORA/IL6ST/CLEC2B/CD300A/GLI3/LGALS1/NCKAP1L/NKG7",15
"GO:0034332","adherens junction organization","8/477","55/18842",0.145454545454545,5.74560701353154,5.68015381402973,6.81448621650261e-05,0.00307648054257086,0.00307648054257086,"CDH1/FERMT2/RDX/CDH19/CDH2/CDH5/CDH11/JAM3",8
"GO:0002286","T cell activation involved in immune response","12/477","123/18842",0.0975609756097561,3.85376080175896,5.11734267590228,6.83167294029734e-05,0.00307648054257086,0.00307648054257086,"HAVCR2/HLA-DRA/JAK3/LCP1/ICAM1/RORA/IL6ST/CD74/HLA-DMB/LGALS1/SLC11A1/NCKAP1L",12
"GO:0061572","actin filament bundle organization","14/477","163/18842",0.0858895705521472,3.3927280678062,4.94454157847841,7.11632148884632e-05,0.0031873426949503,0.0031873426949503,"SORBS1/FERMT2/DLC1/TGFBR1/PHLDB2/LCP1/MYL9/FLNA/DPYSL3/SYNPO2/CALD1/CCDC88A/ZEB2/EVL",14
"GO:0060048","cardiac muscle contraction","13/477","143/18842",0.0909090909090909,3.59100438345721,5.01236482519855,7.17407890111695e-05,0.00319593643949758,0.00319593643949758,"PLN/KCNE4/JPH2/ATP1A2/KCNJ8/STC1/RGS2/GJA1/FLNA/ANK2/CAV1/GJC1/CACNA2D1",13
"GO:0030449","regulation of complement activation","6/477","29/18842",0.206896551724138,8.17263066579918,6.22965703461367,7.3841089563268e-05,0.0032719105247125,0.0032719105247125,"CLU/MASP1/C3/SERPING1/CFH/A2M",6
"GO:0006909","phagocytosis","17/477","228/18842",0.0745614035087719,2.94525359520394,4.76254939841781,7.46121516889174e-05,0.0032884908983743,0.0032884908983743,"IL2RB/CCL2/PECAM1/DOCK2/CD300LF/RAB11FIP2/MASP1/MFGE8/THBS1/AXL/C3/CD300A/PTPRC/FYN/SRPX/SLC11A1/NCKAP1L",17
"GO:0007420","brain development","29/477","524/18842",0.0553435114503817,2.18612671435659,4.4378579963814,7.50403666556847e-05,0.0032898649635397,0.0032898649635397,"PBX3/CDH1/EGR2/FEZ1/DLC1/NLGN4X/DIXDC1/FZD1/NRP2/ATP7A/ATXN1/GPR161/ATP1A2/RORA/ATP2B4/MEIS1/SRGAP2C/EML1/FLNA/TUBA1A/GNB4/COL4A1/MEIS2/FGFR1/SLIT2/BASP1/RTN1/COL3A1/SMARCA1",29
"GO:0030178","negative regulation of Wnt signaling pathway","14/477","165/18842",0.0848484848484849,3.35160409122673,4.88954354015017,8.12073530505538e-05,0.00354149540724678,0.00354149540724678,"DKK3/WWTR1/IGFBP6/DACT1/MCC/GREM1/AXIN2/CDON/NFATC1/PRICKLE1/GLI3/CAV1/RBMS3/LATS2",14
"GO:1904705","regulation of vascular associated smooth muscle cell proliferation","10/477","89/18842",0.112359550561798,4.43832002449768,5.2398833762639,8.36914366858742e-05,0.00363071855695892,0.00363071855695892,"EFEMP2/PRKG1/DDR2/ADAMTS1/GJA1/IGFBP5/MEF2C/MYOCD/MMP2/CNN1",10
"GO:0050864","regulation of B cell activation","11/477","107/18842",0.102803738317757,4.06085542428339,5.11709588358795,8.48539647774981e-05,0.0036619789174289,0.0036619789174289,"CTLA4/CD38/CD27/LAPTM5/CD300A/CD74/MEF2C/SASH3/SLAMF8/PTPRC/NCKAP1L",11
"GO:1990874","vascular associated smooth muscle cell proliferation","10/477","90/18842",0.111111111111111,4.38900535755882,5.19380225874838,9.20591804529211e-05,0.00395234388203577,0.00395234388203577,"EFEMP2/PRKG1/DDR2/ADAMTS1/GJA1/IGFBP5/MEF2C/MYOCD/MMP2/CNN1",10
"GO:0060348","bone development","12/477","127/18842",0.094488188976378,3.73238250879018,4.9792523759851,9.3241883056971e-05,0.00395977106274949,0.00395977106274949,"PRKG1/GREM1/RAB23/COL13A1/DDR2/STC1/OGN/GJA1/MEF2C/ADAMTS12/PTPRC/COL3A1",12
"GO:0010761","fibroblast migration","7/477","43/18842",0.162790697674419,6.43040319828385,5.74532536328243,9.33304821676961e-05,0.00395977106274949,0.00395977106274949,"TNS1/DDR2/AKAP12/ACTA2/THBS1/CYGB/ZEB2",7
"GO:0002685","regulation of leukocyte migration","16/477","210/18842",0.0761904761904762,3.00960367375462,4.71960903182124,9.36658373520275e-05,0.00395977106274949,0.00395977106274949,"SERPINE1/CCL2/MSN/GREM1/ICAM1/CCL5/THBS4/THBS1/ITGA4/CD300A/CD74/SLAMF8/SLIT2/VEGFC/JAM3/NCKAP1L",16
"GO:1904018","positive regulation of vasculature development","15/477","189/18842",0.0793650793650794,3.13500382682773,4.75412846256451,9.76652020978182e-05,0.00410788763747473,0.00410788763747473,"HSPB6/SERPINE1/TGFBR1/AKT3/GREM1/ADAM12/PTGIS/PRKCB/THBS1/C3/CDH5/CYBB/VEGFC/CYP1B1/PRKD1",15
"GO:0050900","leukocyte migration","22/477","352/18842",0.0625,2.46881551362683,4.48317637513277,9.97756563023572e-05,0.0041687702294311,0.0041687702294311,"SERPINE1/CCL2/PECAM1/MSN/GREM1/ICAM1/CCL5/THBS4/THBS1/ITGA4/C3/CD300A/CD74/SLAMF8/SLIT2/VCAM1/FYN/VEGFC/JAM3/NCKAP1L/MMP2/ASB2",22
"GO:0030888","regulation of B cell proliferation","8/477","58/18842",0.137931034482759,5.44842044386612,5.46816339057624,0.000100398005256028,0.0041687702294311,0.0041687702294311,"CTLA4/CD38/CD300A/CD74/MEF2C/SASH3/PTPRC/NCKAP1L",8
"GO:0043410","positive regulation of MAPK cascade","25/477","428/18842",0.058411214953271,2.30730421834284,4.40900077945646,0.000101112403724557,0.0041687702294311,0.0041687702294311,"HAVCR2/FERMT2/IL2RB/IGFBP6/PECAM1/ITGA1/CAV2/PDGFC/ICAM1/RASSF2/DDR2/ACKR3/CD27/IL6ST/AKAP12/ACTA2/GLIPR2/THBS1/LAPTM5/CD74/MEF2C/FGFR1/F2R/PTPRC/HTR2B",25
"GO:0007044","cell-substrate junction assembly","10/477","91/18842",0.10989010989011,4.34077452945377,5.14838887389702,0.000101125128664694,0.0041687702294311,0.0041687702294311,"SORBS1/FERMT2/DLC1/MAP4K4/PHLDB2/GREM1/COL16A1/EPHA3/THBS1/CDH11",10
"GO:0050808","synapse organization","30/477","562/18842",0.0533807829181495,2.10859687996598,4.30000946993487,0.000107874409253907,0.00442498690632612,0.00442498690632612,"CDH1/LILRB2/SPARC/SPARCL1/C1QC/ADGRL2/FILIP1/NLGN4X/DIXDC1/CDH2/FZD1/NRP2/MAP1B/PCDH17/IL10RA/SDC2/LRRC15/CHRDL1/PRICKLE1/SRGAP2C/LSAMP/C3/MEF2C/TUBA1A/CAP2/FGFR1/F2R/GAP43/FYN/NEGR1",30
"GO:0002455","humoral immune response mediated by circulating immunoglobulin","7/477","44/18842",0.159090909090909,6.28425767105012,5.65548949604768,0.000108593366210381,0.00443253513507002,0.00443253513507002,"CLU/C1QC/C7/C1S/C3/IGHD/C1R",7
"GO:0050766","positive regulation of phagocytosis","9/477","75/18842",0.12,4.74012578616352,5.23040250335328,0.000113063763753699,0.00456975794765492,0.00456975794765492,"IL2RB/CCL2/DOCK2/CD300LF/MASP1/C3/PTPRC/SLC11A1/NCKAP1L",9
"GO:1903053","regulation of extracellular matrix organization","9/477","75/18842",0.12,4.74012578616352,5.23040250335328,0.000113063763753699,0.00456975794765492,0.00456975794765492,"EFEMP2/NID1/TGFBR1/AEBP1/AXIN2/DDR2/PDPN/RECK/LAMB2",9
"GO:0010718","positive regulation of epithelial to mesenchymal transition","8/477","59/18842",0.135593220338983,5.35607433464805,5.40075537752762,0.000113609719673777,0.00456975794765492,0.00456975794765492,"TIAM1/FERMT2/WWTR1/TGFBR1/TGFB1I1/AXIN2/PDPN/GLIPR2",8
"GO:0046653","tetrahydrofolate metabolic process","5/477","20/18842",0.25,9.87526205450734,6.39998559267081,0.000115236664542313,0.00461280677486766,0.00461280677486766,"MTHFR/ALDH1L2/MTR/TYMS/DHFR",5
"GO:0048251","elastic fiber assembly","4/477","11/18842",0.363636363636364,14.3640175338289,7.14516703057438,0.00011620014050281,0.00462901136637637,0.00462901136637637,"EFEMP2/ATP7A/MYH11/COL3A1",4
"GO:0043068","positive regulation of programmed cell death","28/477","511/18842",0.0547945205479452,2.16444099824818,4.30081297477806,0.000117848511943743,0.00467221421036295,0.00467221421036295,"DLC1/CCL2/CTLA4/TGFBR1/CLU/RPS6KA2/ITGA1/HTRA1/RASSF2/CCL5/PTGIS/PRKCB/AKAP12/KCNMA1/THBS1/ITGA4/LAPTM5/ITPR1/MEF2C/MLLT11/PNMA1/CAV1/F2R/SLIT2/LGALS1/LATS2/CYP1B1/MMP2",28
"GO:0001654","eye development","18/477","261/18842",0.0689655172413793,2.72421022193306,4.52055362515541,0.000125589752299288,0.00492956562116642,0.00492956562116642,"PBX3/MFAP5/ALDH1A3/CHRDL1/ATP2B4/PRICKLE1/MAB21L2/MEIS1/EFEMP1/PTPRM/SERPINF1/SGCD/COL4A1/MEIS2/SSPN/MAF/ZEB2/CYP1B1",18
"GO:0090287","regulation of cellular response to growth factor stimulus","21/477","333/18842",0.0630630630630631,2.49105709483068,4.42425968813044,0.0001260816945707,0.00492956562116642,0.00492956562116642,"NREP/RBPMS2/DKK3/TGFB1I1/GREM1/CHRDL2/CHRDL1/ATP2B4/DCN/PRKCB/THBS1/FSTL1/DOK5/CDH5/ADAMTS12/CAV1/SLIT2/VEGFC/ZEB2/LATS2/MYOCD",21
"GO:0048762","mesenchymal cell differentiation","17/477","238/18842",0.0714285714285714,2.82150344414495,4.55754544462232,0.000126124536771335,0.00492956562116642,0.00492956562116642,"TIAM1/FERMT2/WWTR1/TGFBR1/TGFB1I1/CDH2/GREM1/NRP2/EDNRA/AXIN2/EPHA3/PDPN/GLIPR2/QKI/MEF2C/FGFR1/HTR2B",17
"GO:0060326","cell chemotaxis","20/477","311/18842",0.0643086816720257,2.54026033556459,4.41408402674382,0.000139829491635111,0.0054395641675518,0.0054395641675518,"SERPINE1/CCL2/ITGA1/GREM1/CCL5/ACKR3/THBS4/THBS1/C3/CD74/AGTR1/FGFR1/SLAMF8/SLIT2/VCAM1/VEGFC/JAM3/NCKAP1L/MMP2/PRKD1",20
"GO:0014812","muscle cell migration","10/477","95/18842",0.105263157894737,4.15800507558204,4.97306842284183,0.00014532967160748,0.00562711055579242,0.00562711055579242,"PRKG1/SERPINE1/DDR2/CCL5/THBS4/ADAMTS1/IGFBP5/MEF2C/SLIT2/MYOCD",10
"GO:0055074","calcium ion homeostasis","15/477","196/18842",0.076530612244898,3.02303940444102,4.58833623515063,0.000146504883749575,0.00562982631735671,0.00562982631735671,"SLC24A3/PLN/EDNRA/CAV2/JPH2/STC1/CCL5/ATP2B4/ITPR1/CDH5/SLC25A27/ANK2/CAV1/FGFR1/HTR2B",15
"GO:0002396","MHC protein complex assembly","5/477","21/18842",0.238095238095238,9.40501148048318,6.21072512999407,0.00014811756422686,0.00562982631735671,0.00562982631735671,"HLA-DRA/HLA-DOA/HLA-DQB1/HLA-DPA1/HLA-DMB",5
"GO:0002501","peptide antigen assembly with MHC protein complex","5/477","21/18842",0.238095238095238,9.40501148048318,6.21072512999407,0.00014811756422686,0.00562982631735671,0.00562982631735671,"HLA-DRA/HLA-DOA/HLA-DQB1/HLA-DPA1/HLA-DMB",5
"GO:0002577","regulation of antigen processing and presentation","5/477","21/18842",0.238095238095238,9.40501148048318,6.21072512999407,0.00014811756422686,0.00562982631735671,0.00562982631735671,"LILRB2/HLA-DOA/THBS1/CD74/SLC11A1",5
"GO:0022614","membrane to membrane docking","3/477","5/18842",0.6,23.7006289308176,8.18149597226802,0.000155228043306404,0.00587314870701762,0.00587314870701762,"MSN/ICAM1/VCAM1",3
"GO:0002695","negative regulation of leukocyte activation","14/477","176/18842",0.0795454545454545,3.14212883552506,4.60142119371307,0.000161559893654479,0.00604199470079685,0.00604199470079685,"HAVCR2/LILRB2/CTLA4/LILRB4/JAK3/CD300LF/LST1/CD84/LAPTM5/CD300A/GLI3/PTPRC/LGALS1/FYN",14
"GO:0002823","negative regulation of adaptive immune response based on somatic recombination of immune receptors built from immunoglobulin superfamily domains","8/477","62/18842",0.129032258064516,5.09690944748766,5.20739010788208,0.000162128166510883,0.00604199470079685,0.00604199470079685,"HAVCR2/LILRB4/JAK3/IL18BP/IL6ST/PTPRC/LGALS1/NCKAP1L",8
"GO:0086002","cardiac muscle cell action potential involved in contraction","8/477","62/18842",0.129032258064516,5.09690944748766,5.20739010788208,0.000162128166510883,0.00604199470079685,0.00604199470079685,"KCNE4/KCNJ8/GJA1/FLNA/ANK2/CAV1/GJC1/CACNA2D1",8
"GO:0044703","multi-organism reproductive process","13/477","155/18842",0.0838709677419355,3.31299114086698,4.65999792821522,0.000162607388158061,0.00604199470079685,0.00604199470079685,"HAVCR2/TGFBR1/PCSK5/IGFBP7/CD38/STC1/COL16A1/RGS2/GJA1/IGFBP5/PAPPA/SLC19A1/MMP2",13
"GO:0010810","regulation of cell-substrate adhesion","15/477","198/18842",0.0757575757575758,2.99250365288101,4.54232152534267,0.000163872288484019,0.00606181152847579,0.00606181152847579,"EFEMP2/FERMT2/SERPINE1/DLC1/MAP4K4/PHLDB2/GREM1/CCDC80/GBP1/COL16A1/EPHA3/PDPN/THBS1/FLNA/EDIL3",15
"GO:0061041","regulation of wound healing","12/477","135/18842",0.0888888888888889,3.51120428604705,4.71913664804844,0.000167191087471687,0.00615709044795734,0.00615709044795734,"FERMT2/PRKG1/SERPINE1/TFPI/PHLDB2/MYLK/DDR2/THBS1/SERPING1/CAV1/F2R/THBD",12
"GO:0007156","homophilic cell-cell adhesion","14/477","177/18842",0.0790960451977401,3.12437669521136,4.57635664418512,0.00017146445749645,0.00628652431334328,0.00628652431334328,"CDH1/POSTN/CDH19/PECAM1/CDH2/PCDH17/HMCN1/CD84/PTPRM/CDH5/PCDH7/CDH11/PALLD/NEXN",14
"GO:0051051","negative regulation of transport","24/477","418/18842",0.0574162679425837,2.26800276849929,4.22505219187826,0.000179456598842926,0.00655056113661887,0.00655056113661887,"LILRB2/CRYAB/PLN/RAB23/CD300LF/TACR2/APOC1/PTGER3/FRMD4A/ATP1A2/STC1/EPHA3/RGS2/CD84/PRKCB/GJA1/THBS1/CD300A/CD74/CAV1/F2R/NCKAP1L/DERL3/PRKD1",24
"GO:0014910","regulation of smooth muscle cell migration","9/477","80/18842",0.1125,4.4438679245283,4.97470821848727,0.000186747946609391,0.00678473464668359,0.00678473464668359,"PRKG1/SERPINE1/DDR2/CCL5/ADAMTS1/IGFBP5/MEF2C/SLIT2/MYOCD",9
"GO:0002504","antigen processing and presentation of peptide or polysaccharide antigen via MHC class II","6/477","34/18842",0.176470588235294,6.97077321494636,5.61583610050031,0.00018782194853898,0.00678473464668359,0.00678473464668359,"HLA-DRA/HLA-DOA/HLA-DQB1/HLA-DPA1/THBS1/HLA-DMB",6
"GO:0009410","response to xenobiotic stimulus","22/477","368/18842",0.0597826086956522,2.36147570868654,4.25078397595481,0.000188328381455132,0.00678473464668359,0.00678473464668359,"CDH1/MTHFR/FZD1/MAP1B/ABCC3/CD38/RORA/PRICKLE1/THBS1/PTPRM/MEF2C/ABCC2/SLC19A1/CYBB/FYN/VEGFC/HTR2B/BCHE/CES2/CYP1B1/NCKAP1L/MMP2",22
"GO:0007200","phospholipase C-activating G protein-coupled receptor signaling pathway","13/477","158/18842",0.0822784810126582,3.25008624578722,4.57729051108865,0.000196804147874046,0.00705939034322227,0.00705939034322227,"EDNRA/TACR2/PTGER3/PKD2/RGS2/PRKCB/ITPR1/AGTR1/F2R/GAP43/FPR3/HTR2B/PRKD1",13
"GO:0000165","MAPK cascade","35/477","723/18842",0.0484094052558783,1.91222225121857,4.03105195427013,0.000200102131524026,0.0071467511284831,0.0071467511284831,"HAVCR2/FERMT2/IL2RB/CRYAB/IGFBP6/MAP4K4/DACT1/LILRB4/PECAM1/ITGA1/CAV2/LMO3/PDGFC/ICAM1/RASSF2/GBP1/DDR2/RGS2/ACKR3/CD27/IL6ST/AKAP12/ACTA2/GLIPR2/THBS1/LAPTM5/CD300A/CD74/MEF2C/LBH/CAV1/FGFR1/F2R/PTPRC/HTR2B",35
"GO:0048588","developmental cell growth","14/477","180/18842",0.0777777777777778,3.07230375029117,4.50221541821645,0.000204388175171115,0.00726849965436848,0.00726849965436848,"CDH1/PRKG1/SORBS2/CDH2/NRP2/EDNRA/MAP1B/RGMA/RGS2/PRICKLE1/MEIS1/ITGA4/DCLK1/SLIT2",14
"GO:0032870","cellular response to hormone stimulus","32/477","639/18842",0.0500782472613459,1.97814325974482,4.05412475758381,0.000205880554282571,0.00729028321703156,0.00729028321703156,"SORBS1/CTSB/RDX/AKT3/TFPI/JAK3/RHOQ/EDNRA/CAV2/MAP1B/LMO3/IGFBP7/CSF2RA/AXIN2/ATP1A2/DDR2/STC1/NR3C1/PRKCB/MN1/SERPINF1/MEF2C/LBH/KANK2/GNG2/AGTR1/CAV1/SLIT2/FYN/MYO5A/LATS2/PRKD1",32
"GO:0044706","multi-multicellular organism process","13/477","159/18842",0.0817610062893082,3.22964545178856,4.55016098401373,0.000209495336297368,0.00738671641089359,0.00738671641089359,"HAVCR2/TGFBR1/PCSK5/IGFBP7/CD38/STC1/COL16A1/RGS2/GJA1/IGFBP5/PAPPA/SLC19A1/MMP2",13
"GO:0010717","regulation of epithelial to mesenchymal transition","11/477","119/18842",0.092436974789916,3.65135739830523,4.67594865654873,0.000220123341743425,0.00771478471323694,0.00771478471323694,"TIAM1/FERMT2/WWTR1/TGFBR1/TGFB1I1/GREM1/AXIN2/EPHA3/PDPN/GLIPR2/QKI",11
"GO:0030890","positive regulation of B cell proliferation","6/477","35/18842",0.171428571428571,6.77160826594789,5.50790961159551,0.000221882657977521,0.00771478471323694,0.00771478471323694,"CD38/CD74/MEF2C/SASH3/PTPRC/NCKAP1L",6
"GO:0002697","regulation of immune effector process","21/477","347/18842",0.0605187319884726,2.39055335037065,4.21347986913454,0.000222046987332353,0.00771478471323694,0.00771478471323694,"HAVCR2/CLU/LILRB4/HLA-DRA/JAK3/ICAM1/MASP1/CD84/LAPTM5/C3/CD300A/CD74/HLA-DMB/SERPING1/SASH3/SLAMF8/PTPRC/CFH/LGALS1/A2M/NCKAP1L",21
"GO:0050764","regulation of phagocytosis","10/477","100/18842",0.1,3.95010482180294,4.7670002927928,0.000222523961677966,0.00771478471323694,0.00771478471323694,"IL2RB/CCL2/DOCK2/CD300LF/MASP1/C3/CD300A/PTPRC/SLC11A1/NCKAP1L",10
"GO:0002820","negative regulation of adaptive immune response","8/477","65/18842",0.123076923076923,4.86166747298823,5.02613497506221,0.000226535594449052,0.00775650386613573,0.00775650386613573,"HAVCR2/LILRB4/JAK3/IL18BP/IL6ST/PTPRC/LGALS1/NCKAP1L",8
"GO:0051893","regulation of focal adhesion assembly","8/477","65/18842",0.123076923076923,4.86166747298823,5.02613497506221,0.000226535594449052,0.00775650386613573,0.00775650386613573,"FERMT2/DLC1/MAP4K4/PHLDB2/GREM1/COL16A1/EPHA3/THBS1",8
"GO:0090109","regulation of cell-substrate junction assembly","8/477","65/18842",0.123076923076923,4.86166747298823,5.02613497506221,0.000226535594449052,0.00775650386613573,0.00775650386613573,"FERMT2/DLC1/MAP4K4/PHLDB2/GREM1/COL16A1/EPHA3/THBS1",8
"GO:0007163","establishment or maintenance of cell polarity","14/477","182/18842",0.0769230769230769,3.03854217061764,4.45364167499096,0.000229245492157082,0.00781698826343039,0.00781698826343039,"FEZ1/RERG/AMOTL1/MSN/PHLDB2/RHOQ/FRMD4A/RAB11FIP2/PRICKLE1/CLIC4/GJA1/CDH5/CAP2/NCKAP1L",14
"GO:2001044","regulation of integrin-mediated signaling pathway","5/477","23/18842",0.217391304347826,8.58718439522377,5.86762005003309,0.000234901425682959,0.00797702136561066,0.00797702136561066,"NID1/SERPINE1/FLNA/LAMB2/PRKD1",5
"GO:0016049","cell growth","24/477","426/18842",0.0563380281690141,2.22541116721292,4.12291781817219,0.000237773905149191,0.00804161052271916,0.00804161052271916,"CDH1/CRYAB/PRKG1/TNC/RERG/TGFBR1/SORBS2/CDH2/NRP2/EDNRA/MAP1B/IGFBP7/FHL1/CD38/RGMA/RGS2/PRICKLE1/MEIS1/GJA1/ITGA4/DCLK1/AGTR1/SLIT2/LATS2",24
"GO:0060541","respiratory system development","9/477","83/18842",0.108433734939759,4.28324619231643,4.83118147952292,0.000247593289331141,0.00833229116789677,0.00833229116789677,"ATP7A/ALDH1A3/PDPN/RCN3/IGFBP5/CRISPLD2/GLI3/BASP1/COL3A1",9
"GO:0043114","regulation of vascular permeability","7/477","50/18842",0.14,5.53014675052411,5.16923729623045,0.000248379908094437,0.00833229116789677,0.00833229116789677,"FERMT2/PRKG1/TACR2/AKAP12/CDH5/SLIT2/ZEB2",7
"GO:0030193","regulation of blood coagulation","8/477","66/18842",0.121212121212121,4.78800584460962,4.96817365859624,0.000252163117175381,0.00842509511659359,0.00842509511659359,"PRKG1/SERPINE1/TFPI/THBS1/SERPING1/CAV1/F2R/THBD",8
"GO:0098771","inorganic ion homeostasis","23/477","402/18842",0.0572139303482587,2.26001022142954,4.11549742557485,0.000256046912932252,0.00852050088576964,0.00852050088576964,"SLC24A3/PLN/EDNRA/CAV2/ATP7A/JPH2/ATP1A2/STC1/CCL5/CYBRD1/ATP2B4/KCNMA1/ITPR1/ATP7B/CDH5/FXYD6/SLC25A27/AGTR1/ANK2/CAV1/FGFR1/HTR2B/SLC11A1",23
"GO:0010762","regulation of fibroblast migration","6/477","36/18842",0.166666666666667,6.58350803633823,5.4041311235537,0.00026062497181329,0.0086037391093423,0.0086037391093423,"DDR2/AKAP12/ACTA2/THBS1/CYGB/ZEB2",6
"GO:0014912","negative regulation of smooth muscle cell migration","6/477","36/18842",0.166666666666667,6.58350803633823,5.4041311235537,0.00026062497181329,0.0086037391093423,0.0086037391093423,"PRKG1/SERPINE1/IGFBP5/MEF2C/SLIT2/MYOCD",6
"GO:0097529","myeloid leukocyte migration","15/477","207/18842",0.072463768115942,2.86239479840792,4.34218099472851,0.000265983990694242,0.00874580693211304,0.00874580693211304,"SERPINE1/CCL2/PECAM1/GREM1/CCL5/THBS4/THBS1/CD300A/CD74/SLAMF8/SLIT2/VEGFC/JAM3/NCKAP1L/MMP2",15
"GO:0045766","positive regulation of angiogenesis","14/477","185/18842",0.0756756756756757,2.98926851379682,4.38201707051517,0.000271394038880403,0.0088541928975857,0.0088541928975857,"HSPB6/SERPINE1/AKT3/GREM1/ADAM12/PTGIS/PRKCB/THBS1/C3/CDH5/CYBB/VEGFC/CYP1B1/PRKD1",14
"GO:0050878","regulation of body fluid levels","20/477","327/18842",0.0611620795107034,2.41596625186724,4.16275277126175,0.000271417450638036,0.0088541928975857,0.0088541928975857,"PRKG1/SERPINE1/TFPI/MYL9/VWF/IL6ST/PRICKLE1/PDPN/THBS1/AXL/FLNA/ANGPTL2/ANGPTL1/FLI1/SERPING1/CAV1/F2R/THBD/COL3A1/CSRP1",20
"GO:0043065","positive regulation of apoptotic process","26/477","484/18842",0.0537190082644628,2.12195713567926,4.02997137236319,0.000278893580290735,0.0090624008089766,0.0090624008089766,"DLC1/CCL2/CTLA4/TGFBR1/CLU/RPS6KA2/ITGA1/HTRA1/RASSF2/CCL5/PTGIS/AKAP12/KCNMA1/THBS1/ITGA4/ITPR1/MEF2C/MLLT11/PNMA1/CAV1/F2R/SLIT2/LGALS1/LATS2/CYP1B1/MMP2",26
"GO:1900046","regulation of hemostasis","8/477","67/18842",0.119402985074627,4.71654307080947,4.91136596894452,0.000280115102277495,0.00906653803699735,0.00906653803699735,"PRKG1/SERPINE1/TFPI/THBS1/SERPING1/CAV1/F2R/THBD",8
"GO:0007423","sensory organ development","22/477","379/18842",0.0580474934036939,2.29293683587505,4.097901137959,0.000284077845639016,0.00915902345900735,0.00915902345900735,"PBX3/SPARC/MFAP5/EDNRA/ALDH1A3/CHRDL1/ATP2B4/PRICKLE1/MAB21L2/MEIS1/EFEMP1/PTPRM/SERPINF1/SLC25A27/GLI3/SGCD/COL4A1/MEIS2/SSPN/MAF/ZEB2/CYP1B1",22
"GO:0032703","negative regulation of interleukin-2 production","5/477","24/18842",0.208333333333333,8.22938504542278,5.7113127558262,0.000290587398793257,0.00933258599380205,0.00933258599380205,"HAVCR2/LILRB4/GBP1/LAPTM5/PTPRC",5
"GO:0060070","canonical Wnt signaling pathway","19/477","304/18842",0.0625,2.46881551362683,4.16090980455671,0.000292623485342127,0.00936169189013462,0.00936169189013462,"DKK3/WWTR1/IGFBP6/DACT1/DIXDC1/MCC/FZD1/GREM1/EDNRA/AXIN2/CDON/PRICKLE1/RECK/CDK14/GLI3/CAV1/RBMS3/ZEB2/LATS2",19
"GO:1903034","regulation of response to wounding","13/477","165/18842",0.0787878787878788,3.11220379899625,4.39177346195007,0.000301354910540597,0.00960394918745918,0.00960394918745918,"FERMT2/PRKG1/SERPINE1/TFPI/PHLDB2/MYLK/DDR2/RGMA/THBS1/SERPING1/CAV1/F2R/THBD",13
"GO:0060414","aorta smooth muscle tissue morphogenesis","3/477","6/18842",0.5,19.7505241090147,7.40304507651689,0.000304612209868263,0.00967056234087521,0.00967056234087521,"EFEMP2/MYLK/COL3A1",3
"GO:0050807","regulation of synapse organization","19/477","306/18842",0.0620915032679739,2.45267946451816,4.12893644564233,0.000317667554467239,0.0100351807478153,0.0100351807478153,"LILRB2/SPARC/SPARCL1/NLGN4X/CDH2/FZD1/NRP2/MAP1B/IL10RA/SDC2/LRRC15/PRICKLE1/SRGAP2C/LSAMP/MEF2C/TUBA1A/FGFR1/FYN/NEGR1",19
"GO:0001885","endothelial cell development","7/477","52/18842",0.134615384615385,5.31744879858087,5.02436493050093,0.000318519495133409,0.0100351807478153,0.0100351807478153,"RDX/PECAM1/MSN/S1PR3/ICAM1/STC1/CDH5",7
"GO:0006941","striated muscle contraction","16/477","234/18842",0.0683760683760684,2.70092637388235,4.21948350219736,0.000323733381094682,0.0101317592564576,0.0101317592564576,"PLN/KCNE4/JPH2/ATP1A2/KCNJ8/STC1/RGS2/DTNA/SYNM/GJA1/FLNA/ANK2/CAV1/GJC1/CACNA2D1/PRKD1",16
"GO:0014909","smooth muscle cell migration","9/477","86/18842",0.104651162790698,4.13383062746819,4.69429450356095,0.000324030437238868,0.0101317592564576,0.0101317592564576,"PRKG1/SERPINE1/DDR2/CCL5/ADAMTS1/IGFBP5/MEF2C/SLIT2/MYOCD",9
"GO:0007409","axonogenesis","21/477","357/18842",0.0588235294117647,2.32359107164879,4.06905825498042,0.000325347898622579,0.0101347093533334,0.0101347093533334,"TIAM1/CDH1/FEZ1/PRKG1/CDH2/NRP2/EDNRA/MAP1B/EPHA3/RGMA/BOC/PRICKLE1/PTPRM/ITGA4/DCLK1/PALLD/GAP43/SLIT2/FYN/NEXN/EVL",21
"GO:0051924","regulation of calcium ion transport","15/477","211/18842",0.0710900473933649,2.8081313899073,4.25665868774937,0.000326632018588197,0.0101366026442764,0.0101366026442764,"LILRB2/CCL2/PLN/JPH2/MYLK/ATP1A2/PKD2/STC1/CCL5/CD84/ANK2/CAV1/F2R/FYN/CACNA2D1",15
"GO:0043269","regulation of monoatomic ion transport","22/477","383/18842",0.0574412532637076,2.26898971487375,4.04360851315178,0.000328268512443136,0.0101493764705367,0.0101493764705367,"LILRB2/CCL2/PLN/EDNRA/FHL1/JPH2/TACR2/MYLK/ATP1A2/PKD2/STC1/CCL5/CD84/ATP2B4/FLNA/STOM/FXYD6/ANK2/CAV1/F2R/FYN/CACNA2D1",22
"GO:0010763","positive regulation of fibroblast migration","4/477","14/18842",0.285714285714286,11.2860137765798,6.20475621375907,0.000331791553717977,0.0101823141263228,0.0101823141263228,"DDR2/AKAP12/ACTA2/THBS1",4
"GO:0045916","negative regulation of complement activation","4/477","14/18842",0.285714285714286,11.2860137765798,6.20475621375907,0.000331791553717977,0.0101823141263228,0.0101823141263228,"CLU/MASP1/SERPING1/A2M",4
"GO:0048667","cell morphogenesis involved in neuron differentiation","25/477","463/18842",0.0539956803455724,2.13288597289575,3.97769476809425,0.000336882125327702,0.0102626379512303,0.0102626379512303,"TIAM1/CDH1/FEZ1/PRKG1/CDH2/NRP2/EDNRA/MAP1B/KCTD12/SDC2/CHRNA3/EPHA3/RGMA/BOC/PRICKLE1/PTPRM/ITGA4/DCLK1/MEF2C/PALLD/GAP43/SLIT2/FYN/NEXN/EVL",25
"GO:0003158","endothelium development","11/477","125/18842",0.088,3.47609224318658,4.47630225576896,0.000338124566821854,0.0102626379512303,0.0102626379512303,"RDX/PECAM1/MSN/EDNRA/S1PR3/ICAM1/STC1/PDPN/FSTL1/CDH5/ADAMTS12",11
"GO:0030168","platelet activation","11/477","125/18842",0.088,3.47609224318658,4.47630225576896,0.000338124566821854,0.0102626379512303,0.0102626379512303,"PRKG1/MYL9/VWF/IL6ST/PDPN/AXL/FLNA/F2R/THBD/COL3A1/CSRP1",11
"GO:0042102","positive regulation of T cell proliferation","9/477","87/18842",0.103448275862069,4.08631533289959,4.65004425846085,0.000353471313345421,0.0106258036594843,0.0106258036594843,"HAVCR2/LILRB2/CCL5/IL6ST/HLA-DPA1/HLA-DMB/PTPRC/VCAM1/NCKAP1L",9
"GO:0086001","cardiac muscle cell action potential","9/477","87/18842",0.103448275862069,4.08631533289959,4.65004425846085,0.000353471313345421,0.0106258036594843,0.0106258036594843,"KCNE4/ATP1A2/KCNJ8/GJA1/FLNA/ANK2/CAV1/GJC1/CACNA2D1",9
"GO:0031103","axon regeneration","6/477","38/18842",0.157894736842105,6.23700761337306,5.2079353009158,0.000353936979244227,0.0106258036594843,0.0106258036594843,"NREP/MTR/MAP1B/RGMA/DHFR/MMP2",6
"GO:0032956","regulation of actin cytoskeleton organization","20/477","334/18842",0.0598802395209581,2.36533222862451,4.05739722474732,0.000356963501790253,0.0106779768080651,0.0106779768080651,"FERMT2/DLC1/TGFBR1/RDX/DIXDC1/PHLDB2/RHOQ/SVIL/EPHA3/FLNA/SYNPO2/LMOD1/KANK2/SLIT2/CCDC88A/NCKAP1L/PRKD1/ASB2/EVL/CFL2",20
"GO:1902903","regulation of supramolecular fiber organization","21/477","361/18842",0.0581717451523546,2.29784491019007,4.0126322902613,0.000377205000066418,0.0112428799660084,0.0112428799660084,"FERMT2/CRYAB/DLC1/TGFBR1/CLU/RDX/PHLDB2/MAP1B/SVIL/FLNA/SYNPO2/LMOD1/CDH5/KANK2/SLIT2/CCDC88A/NCKAP1L/PRKD1/ASB2/EVL/CFL2",21
"GO:0051129","negative regulation of cellular component organization","35/477","749/18842",0.0467289719626168,1.84584337467427,3.80707354974393,0.000385943076000582,0.0114620943646624,0.0114620943646624,"CDH1/FEZ1/LILRB2/CRYAB/DLC1/DACT1/CLU/RDX/PHLDB2/MAP1B/CD300LF/DENND5A/APOC1/CD38/SVIL/EPHA3/RGMA/SRGAP2C/THBS1/CD300A/DPYSL3/RECK/ERCC1/LMOD1/CDH5/KANK2/CAV1/SLIT2/FYN/JAM3/PMP22/PRKD1/NEGR1/ASB2/EVL",35
"GO:0050803","regulation of synapse structure or activity","19/477","311/18842",0.0610932475884244,2.41324731878636,4.05008963202754,0.000388612610934915,0.0115001574793097,0.0115001574793097,"LILRB2/SPARC/SPARCL1/NLGN4X/CDH2/FZD1/NRP2/MAP1B/IL10RA/SDC2/LRRC15/PRICKLE1/SRGAP2C/LSAMP/MEF2C/TUBA1A/FGFR1/FYN/NEGR1",19
"GO:0034762","regulation of transmembrane transport","22/477","388/18842",0.0567010309278351,2.23975015669239,3.97667843775408,0.000391906815462165,0.0115133951833747,0.0115133951833747,"SORBS1/PLN/RHOQ/EDNRA/FHL1/JPH2/ATP1A2/RGS2/ATP2B4/PRKCB/THBS1/PTPRM/C3/FLNA/STOM/FXYD6/SLC25A27/ANK2/CAV1/F2R/FYN/CACNA2D1",22
"GO:0042129","regulation of T cell proliferation","12/477","148/18842",0.0810810810810811,3.20278769335373,4.33578838842126,0.000392613149576999,0.0115133951833747,0.0115133951833747,"HAVCR2/LILRB2/CTLA4/LILRB4/CCL5/IL6ST/HLA-DPA1/LAPTM5/HLA-DMB/PTPRC/VCAM1/NCKAP1L",12
"GO:0120035","regulation of plasma membrane bounded cell projection organization","29/477","578/18842",0.0501730103806228,1.98188650228867,3.86405196115169,0.000393228437954991,0.0115133951833747,0.0115133951833747,"TIAM1/CDH1/FEZ1/SYNE1/CDH2/FZD1/RHOQ/MAP1B/KCTD12/DENND5A/SDC2/CD38/DDR2/CHRNA3/EPHA3/RGMA/RGS2/PDPN/SRGAP2C/DPYSL3/SERPINF1/CAV1/GAP43/SLIT2/FYN/CCDC88A/PMP22/PRKD1/EVL",29
"GO:0036293","response to decreased oxygen levels","18/477","287/18842",0.0627177700348432,2.47741765827362,4.06470893769428,0.000402086271484446,0.0117312917095779,0.0117312917095779,"MTHFR/BNIP2/CD38/RORA/DDR2/STC1/PTGIS/KCNMA1/THBS1/CYGB/ITPR1/CAV1/VCAM1/CYBB/VEGFC/ZEB2/MYOCD/MMP2",18
"GO:0050856","regulation of T cell receptor signaling pathway","7/477","54/18842",0.12962962962963,5.12050625048529,4.88678103075639,0.000403715830181247,0.01173750655748,0.01173750655748,"CTLA4/LILRB4/GBP1/LAPTM5/CD300A/PTPRC/FYN",7
"GO:0002478","antigen processing and presentation of exogenous peptide antigen","6/477","39/18842",0.153846153846154,6.07708434123529,5.1150373170427,0.000409450584379279,0.0118212806347272,0.0118212806347272,"HLA-DRA/HLA-DOA/CLEC4A/HLA-DQB1/HLA-DPA1/HLA-DMB",6
"GO:0003180","aortic valve morphogenesis","6/477","39/18842",0.153846153846154,6.07708434123529,5.1150373170427,0.000409450584379279,0.0118212806347272,0.0118212806347272,"ADAMTS5/AXIN2/NFATC1/ELN/CDH11/SLIT2",6
"GO:0006816","calcium ion transport","23/477","416/18842",0.0552884615384615,2.18395218513143,3.93532852266245,0.000415243485347872,0.0119469011096961,0.0119469011096961,"LILRB2/CCL2/SLC24A3/PLN/EDNRA/JPH2/MYLK/ATP1A2/PKD2/STC1/CCL5/CHRNA3/CD84/ATP2B4/FLNA/ITPR1/ANK2/CAV1/F2R/PTPRC/FYN/CACNA2D1/HTR2B",23
"GO:0042310","vasoconstriction","8/477","71/18842",0.112676056338028,4.45082233442584,4.69487212369143,0.000418404649259339,0.0119961969680377,0.0119961969680377,"EDNRA/CD38/ITGA4/AGTR1/CAV1/F2R/HTR2B/MMP2",8
"GO:0001867","complement activation, lectin pathway","4/477","15/18842",0.266666666666667,10.5336128581412,5.95289576677375,0.000443430015696028,0.0125830859933469,0.0125830859933469,"MASP1/C3/SERPING1/A2M",4
"GO:0002826","negative regulation of T-helper 1 type immune response","4/477","15/18842",0.266666666666667,10.5336128581412,5.95289576677375,0.000443430015696028,0.0125830859933469,0.0125830859933469,"HAVCR2/JAK3/IL18BP/IL6ST",4
"GO:0046655","folic acid metabolic process","4/477","15/18842",0.266666666666667,10.5336128581412,5.95289576677375,0.000443430015696028,0.0125830859933469,0.0125830859933469,"ALDH1L2/MTRR/DHFR/SLC19A1",4
"GO:0030217","T cell differentiation","17/477","265/18842",0.0641509433962264,2.53402950832641,4.0530742336636,0.000446778089475327,0.0125918477870495,0.0125918477870495,"LILRB2/CTLA4/CD3D/LILRB4/HLA-DRA/JAK3/ATP7A/RORA/CD27/IL6ST/CD2/CD74/CD8A/GLI3/PTPRC/LGALS1/NCKAP1L",17
"GO:0051896","regulation of phosphatidylinositol 3-kinase/protein kinase B signal transduction","17/477","265/18842",0.0641509433962264,2.53402950832641,4.0530742336636,0.000446778089475327,0.0125918477870495,0.0125918477870495,"FERMT2/TGFBR1/PECAM1/PDGFC/DDR2/CCL5/DCN/RCN3/TSPYL5/THBS1/AXL/FGFR1/F2R/HIP1/FYN/CCDC88A/PRKD1",17
"GO:0050818","regulation of coagulation","8/477","72/18842",0.111111111111111,4.38900535755882,4.64324997715313,0.000460464738247404,0.0129335960037898,0.0129335960037898,"PRKG1/SERPINE1/TFPI/THBS1/SERPING1/CAV1/F2R/THBD",8
"GO:1990776","response to angiotensin","6/477","40/18842",0.15,5.9251572327044,5.02532054761455,0.000471532888148226,0.0131997348351223,0.0131997348351223,"DDR2/AGTR1/CAV1/CYBB/COL3A1/PRKD1",6
"GO:0002064","epithelial cell development","11/477","130/18842",0.0846153846153846,3.34239638767941,4.31904430760488,0.000473443124959621,0.0132085849609947,0.0132085849609947,"RDX/PECAM1/MSN/CDH2/S1PR3/ICAM1/STC1/IL6ST/ACTA2/FLNA/CDH5",11
"GO:0050920","regulation of chemotaxis","14/477","196/18842",0.0714285714285714,2.82150344414495,4.1312444220686,0.000487715176583547,0.0135611005139975,0.0135611005139975,"SERPINE1/CCL2/GREM1/CCL5/THBS4/THBS1/CD74/FGFR1/SLAMF8/SLIT2/VEGFC/JAM3/NCKAP1L/PRKD1",14
"GO:0002521","leukocyte differentiation","27/477","530/18842",0.0509433962264151,2.0123175507298,3.80980291084754,0.000490719020021403,0.0135989892973155,0.0135989892973155,"IL2RB/LILRB2/CTLA4/CD3D/C1QC/LILRB4/HLA-DRA/JAK3/ATP7A/RORA/CD27/IL6ST/CD2/NR3C1/QKI/IGHM/ITGA4/AXL/LAPTM5/CD74/CD8A/GLI3/SLAMF8/PTPRC/VCAM1/LGALS1/NCKAP1L",27
"GO:0150116","regulation of cell-substrate junction organization","8/477","73/18842",0.10958904109589,4.32888199649637,4.59256129387721,0.000505890254887769,0.0138430575859777,0.0138430575859777,"FERMT2/DLC1/MAP4K4/PHLDB2/GREM1/COL16A1/EPHA3/THBS1",8
"GO:0003179","heart valve morphogenesis","7/477","56/18842",0.125,4.93763102725367,4.755843675603,0.000506208840037563,0.0138430575859777,0.0138430575859777,"ADAMTS5/AXIN2/NFATC1/ELN/MEF2C/CDH11/SLIT2",7
"GO:0048844","artery morphogenesis","7/477","56/18842",0.125,4.93763102725367,4.755843675603,0.000506208840037563,0.0138430575859777,0.0138430575859777,"EFEMP2/TGFBR1/AKT3/EDNRA/MYLK/PKD2/COL3A1",7
"GO:0086009","membrane repolarization","7/477","56/18842",0.125,4.93763102725367,4.755843675603,0.000506208840037563,0.0138430575859777,0.0138430575859777,"KCNE4/ATP1A2/KCNJ8/FLNA/ANK2/CAV1/CACNA2D1",7
"GO:1901654","response to ketone","14/477","197/18842",0.0710659898477157,2.8071810916366,4.10931365374567,0.000513170518113425,0.0139356579095236,0.0139356579095236,"POSTN/PLN/IGFBP7/AXIN2/CD38/NR3C1/THBS1/SERPINF1/GNG2/CAV1/PTPRC/SLIT2/CYBB/PRKD1",14
"GO:0019886","antigen processing and presentation of exogenous peptide antigen via MHC class II","5/477","27/18842",0.185185185185185,7.31500892926469,5.29199515237368,0.000518461646361197,0.0139356579095236,0.0139356579095236,"HLA-DRA/HLA-DOA/HLA-DQB1/HLA-DPA1/HLA-DMB",5
"GO:0031579","membrane raft organization","5/477","27/18842",0.185185185185185,7.31500892926469,5.29199515237368,0.000518461646361197,0.0139356579095236,0.0139356579095236,"CAV2/RFTN1/CD2/CAV1/PTPRC",5
"GO:0014820","tonic smooth muscle contraction","3/477","7/18842",0.428571428571429,16.9290206648697,6.79314651188002,0.000523049675339347,0.0139356579095236,0.0139356579095236,"EDNRA/MYLK/CD38",3
"GO:0051715","cytolysis in another organism","3/477","7/18842",0.428571428571429,16.9290206648697,6.79314651188002,0.000523049675339347,0.0139356579095236,0.0139356579095236,"GBP5/GBP1/GBP2",3
"GO:0090027","negative regulation of monocyte chemotaxis","3/477","7/18842",0.428571428571429,16.9290206648697,6.79314651188002,0.000523049675339347,0.0139356579095236,0.0139356579095236,"GREM1/SLAMF8/SLIT2",3
"GO:1902462","positive regulation of mesenchymal stem cell proliferation","3/477","7/18842",0.428571428571429,16.9290206648697,6.79314651188002,0.000523049675339347,0.0139356579095236,0.0139356579095236,"FERMT2/TGFBR1/VEGFC",3
"GO:2000489","regulation of hepatic stellate cell activation","3/477","7/18842",0.428571428571429,16.9290206648697,6.79314651188002,0.000523049675339347,0.0139356579095236,0.0139356579095236,"DDR2/ACTA2/CYGB",3
"GO:0001837","epithelial to mesenchymal transition","13/477","175/18842",0.0742857142857143,2.93436358191075,4.1431968301206,0.000530574513975544,0.0140458160472887,0.0140458160472887,"TIAM1/FERMT2/WWTR1/TGFBR1/TGFB1I1/GREM1/EDNRA/AXIN2/EPHA3/PDPN/GLIPR2/QKI/FGFR1",13
"GO:0006874","intracellular calcium ion homeostasis","13/477","175/18842",0.0742857142857143,2.93436358191075,4.1431968301206,0.000530574513975544,0.0140458160472887,0.0140458160472887,"SLC24A3/PLN/EDNRA/CAV2/STC1/CCL5/ATP2B4/ITPR1/CDH5/SLC25A27/ANK2/CAV1/HTR2B",13
"GO:0007519","skeletal muscle tissue development","9/477","92/18842",0.0978260869565217,3.8642329778507,4.43830676549875,0.000535749619005215,0.0141376475894179,0.0141376475894179,"EGR2/CAV2/POPDC2/SVIL/MEF2C/CAV1/COL6A1/MYOCD/CFL2",9
"GO:0031102","neuron projection regeneration","6/477","41/18842",0.146341463414634,5.78064120263844,4.93859374258019,0.000540706727429066,0.0141781517198647,0.0141781517198647,"NREP/MTR/MAP1B/RGMA/DHFR/MMP2",6
"GO:1902622","regulation of neutrophil migration","6/477","41/18842",0.146341463414634,5.78064120263844,4.93859374258019,0.000540706727429066,0.0141781517198647,0.0141781517198647,"THBS4/CD74/SLAMF8/SLIT2/JAM3/NCKAP1L",6
"GO:0097553","calcium ion transmembrane import into cytosol","13/477","176/18842",0.0738636363636364,2.91769106155899,4.11931539658712,0.000560005127866182,0.0145764011183136,0.0145764011183136,"JPH2/ATP1A2/PKD2/ATP2B4/FLNA/ITPR1/ANK2/CAV1/F2R/PTPRC/FYN/CACNA2D1/HTR2B",13
"GO:0008277","regulation of G protein-coupled receptor signaling pathway","12/477","154/18842",0.0779220779220779,3.07800375724904,4.17292879471968,0.000562329302517795,0.0145764011183136,0.0145764011183136,"SERPINE1/GPRASP1/CAV2/KCTD12/PKD2/CCL5/RGS2/ATP2B4/C3/RGS10/SLIT2/RGS16",12
"GO:1902904","negative regulation of supramolecular fiber organization","12/477","154/18842",0.0779220779220779,3.07800375724904,4.17292879471968,0.000562329302517795,0.0145764011183136,0.0145764011183136,"CRYAB/DLC1/CLU/RDX/PHLDB2/MAP1B/SVIL/LMOD1/CDH5/KANK2/SLIT2/ASB2",12
"GO:0051145","smooth muscle cell differentiation","7/477","57/18842",0.12280701754386,4.85100592151238,4.6926883460815,0.000564690412621127,0.0145764011183136,0.0145764011183136,"EFEMP2/RBPMS2/EDNRA/NFATC1/QKI/MEF2C/MYOCD",7
"GO:1904645","response to amyloid-beta","7/477","57/18842",0.12280701754386,4.85100592151238,4.6926883460815,0.000564690412621127,0.0145764011183136,0.0145764011183136,"ICAM1/GJA1/ITGA4/VCAM1/FYN/CACNA2D1/MMP2",7
"GO:0048771","tissue remodeling","11/477","133/18842",0.0827067669172932,3.26700398795731,4.22832650077249,0.000574497431282835,0.0147377266737138,0.0147377266737138,"GREM1/EDNRA/ATP7A/CD38/DDR2/THBS4/GJA1/MEF2C/CAV1/F2R/MMP2",11
"GO:0097530","granulocyte migration","11/477","133/18842",0.0827067669172932,3.26700398795731,4.22832650077249,0.000574497431282835,0.0147377266737138,0.0147377266737138,"CCL2/PECAM1/CCL5/THBS4/THBS1/CD300A/CD74/SLAMF8/SLIT2/JAM3/NCKAP1L",11
"GO:0006959","humoral immune response","18/477","296/18842",0.0608108108108108,2.4020907700153,3.91843418025035,0.000579141139215275,0.0148109983936351,0.0148109983936351,"CCL2/CLU/C1QC/C7/CCL5/HLA-DQB1/MASP1/C1S/RNASE6/IGHM/C3/MEF2C/IGHD/SERPING1/C1R/CFH/A2M/SLC11A1",18
"GO:0042100","B cell proliferation","8/477","75/18842",0.106666666666667,4.21344514325646,4.49386263527721,0.000607632103546727,0.015491814184579,0.015491814184579,"CTLA4/CD38/CD300A/CD74/MEF2C/SASH3/PTPRC/NCKAP1L",8
"GO:0086065","cell communication involved in cardiac conduction","7/477","58/18842",0.120689655172414,4.76736788838285,4.63098833081158,0.000628416821475159,0.0159725821556539,0.0159725821556539,"ATP1A2/GJA1/FLNA/ANK2/CAV1/GJC1/CACNA2D1",7
"GO:0010927","cellular component assembly involved in morphogenesis","10/477","114/18842",0.087719298245614,3.4650042296517,4.25441735984985,0.000639362384148927,0.0161026039971368,0.0161026039971368,"PLN/MYL9/LMOD1/CSRP2/MYH11/ANK2/PGM5/PMP22/PRKD1/CSRP1",10
"GO:0030183","B cell differentiation","10/477","114/18842",0.087719298245614,3.4650042296517,4.25441735984985,0.000639362384148927,0.0161026039971368,0.0161026039971368,"JAK3/CD27/IL6ST/IGHM/ITGA4/LAPTM5/SLAMF8/PTPRC/VCAM1/NCKAP1L",10
"GO:0032989","cellular anatomical entity morphogenesis","10/477","114/18842",0.087719298245614,3.4650042296517,4.25441735984985,0.000639362384148927,0.0161026039971368,0.0161026039971368,"PLN/MYL9/LMOD1/CSRP2/MYH11/ANK2/PGM5/PMP22/PRKD1/CSRP1",10
"GO:0001822","kidney development","15/477","225/18842",0.0666666666666667,2.63340321453529,3.97233176892786,0.000641617587683273,0.0161104343380109,0.0161104343380109,"TGFBR1/PECAM1/PCSK5/GREM1/EDNRA/PKD2/KCNJ8/ACTA2/KIF26B/SERPINF1/MEF2C/KANK2/AGTR1/SLIT2/BASP1",15
"GO:0035051","cardiocyte differentiation","11/477","135/18842",0.0814814814814815,3.21860392887647,4.1692725543831,0.000651392718378339,0.016257349591816,0.016257349591816,"SORBS2/GREM1/EDNRA/RGS2/PRICKLE1/MEIS1/MEF2C/MYH11/VCAM1/MYOCD/ASB2",11
"GO:0050921","positive regulation of chemotaxis","11/477","135/18842",0.0814814814814815,3.21860392887647,4.1692725543831,0.000651392718378339,0.016257349591816,0.016257349591816,"SERPINE1/CCL2/CCL5/THBS4/THBS1/CD74/FGFR1/SLIT2/VEGFC/NCKAP1L/PRKD1",11
"GO:0031344","regulation of cell projection organization","29/477","598/18842",0.048494983277592,1.91560267278069,3.66702026454419,0.000677051711891093,0.016818369362973,0.016818369362973,"TIAM1/CDH1/FEZ1/SYNE1/CDH2/FZD1/RHOQ/MAP1B/KCTD12/DENND5A/SDC2/CD38/DDR2/CHRNA3/EPHA3/RGMA/RGS2/PDPN/SRGAP2C/DPYSL3/SERPINF1/CAV1/GAP43/SLIT2/FYN/CCDC88A/PMP22/PRKD1/EVL",29
"GO:0061337","cardiac conduction","9/477","95/18842",0.0947368421052632,3.74220456802383,4.31828658277205,0.00067793089153186,0.016818369362973,0.016818369362973,"KCNE4/ATP1A2/ATP2B4/GJA1/FLNA/ANK2/CAV1/GJC1/CACNA2D1",9
"GO:0070555","response to interleukin-1","10/477","115/18842",0.0869565217391304,3.43487375808951,4.22091845495423,0.000684767662545048,0.016907600525281,0.016907600525281,"MTHFR/CCL2/GBP1/CD38/CCL5/PTGIS/AKAP12/GBP2/ADAMTS12/MMP2",10
"GO:0032103","positive regulation of response to external stimulus","31/477","656/18842",0.0472560975609756,1.866665388352,3.64124982658063,0.000685608710655853,0.016907600525281,0.016907600525281,"HAVCR2/SERPINE1/CCL2/GBP5/CD300LF/RFTN1/PTGER3/GBP1/RAB11FIP2/CCL5/MASP1/IL6ST/RNF144A/THBS4/THBS1/CD300A/CD74/AGTR1/GBP2/FGFR1/THBD/SLIT2/SLC19A1/LGALS1/FYN/VEGFC/LATS2/OSMR/NCKAP1L/NKG7/PRKD1",31
"GO:0061448","connective tissue development","14/477","203/18842",0.0689655172413793,2.72421022193306,3.98054582715783,0.000690875075531077,0.0169869165455505,0.0169869165455505,"MGP/TGFBR1/LUM/GREM1/ATP7A/STC1/CHRDL2/TRPS1/OGN/ACTA2/EFEMP1/MEF2C/ADAMTS12/COL3A1",14
"GO:0110053","regulation of actin filament organization","16/477","251/18842",0.0637450199203187,2.51799510553175,3.90185884843278,0.000697572973531609,0.0170591119331523,0.0170591119331523,"FERMT2/DLC1/TGFBR1/RDX/PHLDB2/SVIL/FLNA/SYNPO2/LMOD1/KANK2/SLIT2/CCDC88A/NCKAP1L/ASB2/EVL/CFL2",16
"GO:0072657","protein localization to membrane","23/477","432/18842",0.0532407407407407,2.1030650671636,3.73793554452096,0.000697928909647433,0.0170591119331523,0.0170591119331523,"CDH1/SORBS1/FERMT2/RDX/CDH2/RHOQ/RFTN1/GBP1/RAB11FIP2/EPHA3/LRRC15/CHRDL1/ATP2B4/ITGA4/FLNA/GPC6/ANK2/CAV1/FYN/MYO5A/TTC7B/CCDC88A/NEGR1",23
"GO:0007389","pattern specification process","17/477","277/18842",0.0613718411552347,2.42425205670216,3.84853075036618,0.000736396781886373,0.0179464227491485,0.0179464227491485,"PBX3/TGFBR1/PCSK5/GREM1/NRP2/AXIN2/GPR161/PKD2/STC1/CHRDL1/PRICKLE1/MEIS1/C3/MEF2C/MEIS2/BASP1/ASB2",17
"GO:0002921","negative regulation of humoral immune response","4/477","17/18842",0.235294117647059,9.29436428659514,5.5138604678464,0.000742701828200074,0.0180470010218939,0.0180470010218939,"CLU/MASP1/SERPING1/A2M",4
"GO:0010975","regulation of neuron projection development","21/477","381/18842",0.0551181102362205,2.1772231301276,3.74118652297487,0.0007596367909141,0.0184045334781118,0.0184045334781118,"TIAM1/CDH1/FEZ1/CDH2/FZD1/MAP1B/KCTD12/DENND5A/SDC2/CD38/DDR2/CHRNA3/EPHA3/RGMA/RGS2/DPYSL3/SERPINF1/SLIT2/CCDC88A/PMP22/PRKD1",21
"GO:0071560","cellular response to transforming growth factor beta stimulus","17/477","278/18842",0.0611510791366906,2.41553172556295,3.83196843902641,0.000766514832208506,0.0185170317774918,0.0185170317774918,"NREP/FERMT2/DKK3/TGFBR1/TGFB1I1/COL1A2/DDR2/NR3C1/ACTA2/THBS1/MEF2C/CDH5/COL3A1/DNM3OS/ZEB2/LATS2/MYOCD",17
"GO:0007204","positive regulation of cytosolic calcium ion concentration","12/477","160/18842",0.075,2.9625786163522,4.01782547442221,0.000789859368843286,0.0189348692956787,0.0189348692956787,"CCL2/EDNRA/JPH2/S1PR3/PTGER3/CD38/ACKR3/AGTR1/CAV1/F2R/FPR3/CACNA2D1",12
"GO:1902905","positive regulation of supramolecular fiber organization","12/477","160/18842",0.075,2.9625786163522,4.01782547442221,0.000789859368843286,0.0189348692956787,0.0189348692956787,"FERMT2/TGFBR1/CLU/MAP1B/FLNA/SYNPO2/LMOD1/CCDC88A/NCKAP1L/PRKD1/EVL/CFL2",12
"GO:0060828","regulation of canonical Wnt signaling pathway","16/477","254/18842",0.062992125984252,2.48825500586012,3.84851848055975,0.000792127116477032,0.0189348692956787,0.0189348692956787,"DKK3/WWTR1/IGFBP6/DACT1/MCC/GREM1/AXIN2/CDON/PRICKLE1/RECK/CDK14/GLI3/CAV1/RBMS3/ZEB2/LATS2",16
"GO:0002920","regulation of humoral immune response","6/477","44/18842",0.136363636363636,5.38650657518582,4.69466922406482,0.000796294679447051,0.0189348692956787,0.0189348692956787,"CLU/MASP1/C3/SERPING1/CFH/A2M",6
"GO:0003176","aortic valve development","6/477","44/18842",0.136363636363636,5.38650657518582,4.69466922406482,0.000796294679447051,0.0189348692956787,0.0189348692956787,"ADAMTS5/AXIN2/NFATC1/ELN/CDH11/SLIT2",6
"GO:0043066","negative regulation of apoptotic process","35/477","780/18842",0.0448717948717949,1.77248293286029,3.55114964084673,0.00079752225249721,0.0189348692956787,0.0189348692956787,"HSPB6/IL2RB/CRYAB/SERPINE1/CCL2/TGFBR1/MAP4K4/CLU/BNIP2/AKT3/FZD1/GREM1/JAK3/ICAM1/CD38/DDR2/CCL5/ACKR3/CD27/IL6ST/PDPN/THBS1/FSTL1/AXL/FLNA/CD74/MEF2C/CDH5/SLC25A27/CAV1/F2R/YME1L1/FYN/HTR2B/NCKAP1L",35
"GO:0002578","negative regulation of antigen processing and presentation","3/477","8/18842",0.375,14.812893081761,6.29758529894087,0.000821166076980992,0.0192208534289958,0.0192208534289958,"LILRB2/HLA-DOA/THBS1",3
"GO:0014827","intestine smooth muscle contraction","3/477","8/18842",0.375,14.812893081761,6.29758529894087,0.000821166076980992,0.0192208534289958,0.0192208534289958,"TACR2/PTGER3/HTR2B",3
"GO:0032060","bleb assembly","3/477","8/18842",0.375,14.812893081761,6.29758529894087,0.000821166076980992,0.0192208534289958,0.0192208534289958,"MYLK/EMP3/PMP22",3
"GO:0033004","negative regulation of mast cell activation","3/477","8/18842",0.375,14.812893081761,6.29758529894087,0.000821166076980992,0.0192208534289958,0.0192208534289958,"CD300LF/CD84/CD300A",3
"GO:2000427","positive regulation of apoptotic cell clearance","3/477","8/18842",0.375,14.812893081761,6.29758529894087,0.000821166076980992,0.0192208534289958,0.0192208534289958,"CCL2/CD300LF/C3",3
"GO:0002687","positive regulation of leukocyte migration","11/477","139/18842",0.079136690647482,3.12598223308146,4.05440465607618,0.000831020843173551,0.0193967287508058,0.0193967287508058,"SERPINE1/CCL2/ICAM1/CCL5/THBS4/THBS1/ITGA4/CD74/VEGFC/JAM3/NCKAP1L",11
"GO:0045669","positive regulation of osteoblast differentiation","7/477","61/18842",0.114754098360656,4.53290717256075,4.4540335659321,0.000854415656392725,0.0198085464730983,0.0198085464730983,"FERMT2/WWTR1/FZD1/DDR2/IL6ST/MEF2C/PRKD1",7
"GO:0055080","monoatomic cation homeostasis","24/477","466/18842",0.0515021459227468,2.0343887494264,3.64390422392487,0.000855250616143265,0.0198085464730983,0.0198085464730983,"SLC24A3/PLN/EDNRA/CAV2/ATP7A/JPH2/ATP1A2/STC1/CCL5/CYBRD1/ATP2B4/KCNMA1/ITPR1/ATP7B/CDH5/FXYD6/SLC25A27/AGTR1/ANK2/CAV1/FGFR1/SLAMF8/HTR2B/SLC11A1",24
"GO:0010959","regulation of metal ion transport","19/477","332/18842",0.0572289156626506,2.2606021570559,3.7347331485479,0.000858049318495231,0.0198085464730983,0.0198085464730983,"LILRB2/CCL2/PLN/FHL1/JPH2/MYLK/ATP1A2/PKD2/STC1/CCL5/CD84/ATP2B4/FLNA/FXYD6/ANK2/CAV1/F2R/FYN/CACNA2D1",19
"GO:2000648","positive regulation of stem cell proliferation","5/477","30/18842",0.166666666666667,6.58350803633823,4.93248741495998,0.00085980801711095,0.0198085464730983,0.0198085464730983,"FERMT2/TGFBR1/GJA1/PTPRC/VEGFC",5
"GO:0070664","negative regulation of leukocyte proliferation","8/477","79/18842",0.10126582278481,4.0001061486612,4.30640355541146,0.000860617515123749,0.0198085464730983,0.0198085464730983,"HAVCR2/LILRB2/CTLA4/LILRB4/GREM1/LST1/LAPTM5/CD300A",8
"GO:0019884","antigen processing and presentation of exogenous antigen","6/477","45/18842",0.133333333333333,5.26680642907058,4.61828388011856,0.000899443966750025,0.0205878251615765,0.0205878251615765,"HLA-DRA/HLA-DOA/CLEC4A/HLA-DQB1/HLA-DPA1/HLA-DMB",6
"GO:0050858","negative regulation of antigen receptor-mediated signaling pathway","6/477","45/18842",0.133333333333333,5.26680642907058,4.61828388011856,0.000899443966750025,0.0205878251615765,0.0205878251615765,"CTLA4/LILRB4/GBP1/LAPTM5/CD300A/FYN",6
"GO:0001562","response to protozoan","4/477","18/18842",0.222222222222222,8.77801071511763,5.32064802982081,0.000935929092153272,0.0210736642869076,0.0210736642869076,"GBP1/GBP2/SLC11A1/NKG7",4
"GO:0016264","gap junction assembly","4/477","18/18842",0.222222222222222,8.77801071511763,5.32064802982081,0.000935929092153272,0.0210736642869076,0.0210736642869076,"HOPX/GJA1/CAV1/GJC1",4
"GO:0042832","defense response to protozoan","4/477","18/18842",0.222222222222222,8.77801071511763,5.32064802982081,0.000935929092153272,0.0210736642869076,0.0210736642869076,"GBP1/GBP2/SLC11A1/NKG7",4
"GO:0086014","atrial cardiac muscle cell action potential","4/477","18/18842",0.222222222222222,8.77801071511763,5.32064802982081,0.000935929092153272,0.0210736642869076,0.0210736642869076,"GJA1/FLNA/ANK2/GJC1",4
"GO:0086026","atrial cardiac muscle cell to AV node cell signaling","4/477","18/18842",0.222222222222222,8.77801071511763,5.32064802982081,0.000935929092153272,0.0210736642869076,0.0210736642869076,"GJA1/FLNA/ANK2/GJC1",4
"GO:0086066","atrial cardiac muscle cell to AV node cell communication","4/477","18/18842",0.222222222222222,8.77801071511763,5.32064802982081,0.000935929092153272,0.0210736642869076,0.0210736642869076,"GJA1/FLNA/ANK2/GJC1",4
"GO:0010594","regulation of endothelial cell migration","15/477","234/18842",0.0641025641025641,2.5321184755147,3.80072220062666,0.000958191342537309,0.0215164592527484,0.0215164592527484,"SPARC/AKT3/GREM1/NRP2/STC1/ATP2B4/DCN/THBS1/PTPRM/SERPINF1/MEF2C/FGFR1/SLIT2/VEGFC/PRKD1",15
"GO:0071559","response to transforming growth factor beta","17/477","284/18842",0.0598591549295775,2.36449936516373,3.73407142416836,0.000970265299741472,0.0217286980369131,0.0217286980369131,"NREP/FERMT2/DKK3/TGFBR1/TGFB1I1/COL1A2/DDR2/NR3C1/ACTA2/THBS1/MEF2C/CDH5/COL3A1/DNM3OS/ZEB2/LATS2/MYOCD",17
"GO:0001938","positive regulation of endothelial cell proliferation","9/477","100/18842",0.09,3.55509433962264,4.12871277490763,0.000982374011631848,0.021940568895907,0.021940568895907,"TGFBR1/AKT3/NRP2/THBS4/ITGA4/AGTR1/FGFR1/HTR2B/PRKD1",9
"GO:0007178","cell surface receptor protein serine/threonine kinase signaling pathway","21/477","389/18842",0.0539845758354756,2.13244733310698,3.63726564939191,0.000987854997837923,0.0220036734195834,0.0220036734195834,"NREP/RBPMS2/FERMT2/LTBP1/DKK3/WWTR1/TGFBR1/TGFB1I1/COL1A2/GREM1/CHRDL2/RGMA/CHRDL1/THBS1/FSTL1/CDH5/CAV1/COL3A1/ZEB2/LATS2/MYOCD",21
"GO:0031333","negative regulation of protein-containing complex assembly","11/477","142/18842",0.0774647887323944,3.05994035491777,3.97094354328608,0.000991166462942834,0.0220182448041403,0.0220182448041403,"CRYAB/DACT1/CLU/RDX/SVIL/LMOD1/CDH5/KANK2/SLIT2/JAM3/ASB2",11
"GO:0035886","vascular associated smooth muscle cell differentiation","5/477","31/18842",0.161290322580645,6.37113680935957,4.82343930137451,0.00100406938875516,0.0221647356079363,0.0221647356079363,"EFEMP2/EDNRA/NFATC1/QKI/MYOCD",5
"GO:0007566","embryo implantation","6/477","46/18842",0.130434782608696,5.15231063713426,4.54414029817084,0.00101257920476692,0.0221647356079363,0.0221647356079363,"TGFBR1/PCSK5/IGFBP7/STC1/GJA1/MMP2",6
"GO:0061028","establishment of endothelial barrier","6/477","46/18842",0.130434782608696,5.15231063713426,4.54414029817084,0.00101257920476692,0.0221647356079363,0.0221647356079363,"RDX/PECAM1/MSN/S1PR3/ICAM1/CDH5",6
"GO:1904646","cellular response to amyloid-beta","6/477","46/18842",0.130434782608696,5.15231063713426,4.54414029817084,0.00101257920476692,0.0221647356079363,0.0221647356079363,"ICAM1/GJA1/ITGA4/VCAM1/FYN/CACNA2D1",6
"GO:0035924","cellular response to vascular endothelial growth factor stimulus","8/477","81/18842",0.0987654320987654,3.90133809560784,4.21724232151441,0.00101549491012004,0.0221647356079363,0.0221647356079363,"GREM1/NRP2/ATP2B4/DCN/ADAMTS12/VCAM1/VEGFC/PRKD1",8
"GO:0001952","regulation of cell-matrix adhesion","10/477","121/18842",0.0826446280991736,3.26454943950656,4.02740836806146,0.00101648558182667,0.0221647356079363,0.0221647356079363,"EFEMP2/FERMT2/SERPINE1/DLC1/MAP4K4/PHLDB2/GREM1/COL16A1/EPHA3/THBS1",10
"GO:0090288","negative regulation of cellular response to growth factor stimulus","10/477","121/18842",0.0826446280991736,3.26454943950656,4.02740836806146,0.00101648558182667,0.0221647356079363,0.0221647356079363,"RBPMS2/GREM1/CHRDL2/CHRDL1/ATP2B4/DCN/THBS1/ADAMTS12/CAV1/SLIT2",10
"GO:0048678","response to axon injury","7/477","63/18842",0.111111111111111,4.38900535755882,4.34232172191245,0.00103763323694537,0.0225664803184497,0.0225664803184497,"NREP/MTR/MAP1B/RGMA/DHFR/DPYSL3/MMP2",7
"GO:0050678","regulation of epithelial cell proliferation","18/477","312/18842",0.0576923076923077,2.27890662796323,3.67108232199806,0.00106176077571127,0.0229706260771372,0.0229706260771372,"SPARC/CCL2/TGFBR1/AKT3/MCC/NRP2/CAV2/THBS4/THBS1/PTPRM/ITGA4/MEF2C/AGTR1/CAV1/FGFR1/VEGFC/HTR2B/PRKD1",18
"GO:0070482","response to oxygen levels","18/477","312/18842",0.0576923076923077,2.27890662796323,3.67108232199806,0.00106176077571127,0.0229706260771372,0.0229706260771372,"MTHFR/BNIP2/CD38/RORA/DDR2/STC1/PTGIS/KCNMA1/THBS1/CYGB/ITPR1/CAV1/VCAM1/CYBB/VEGFC/ZEB2/MYOCD/MMP2",18
"GO:0030010","establishment of cell polarity","10/477","122/18842",0.0819672131147541,3.23779083754339,3.99633772222536,0.00108279657262629,0.0233647197937017,0.0233647197937017,"FEZ1/AMOTL1/MSN/PHLDB2/RHOQ/FRMD4A/RAB11FIP2/PRICKLE1/GJA1/CDH5",10
"GO:0070374","positive regulation of ERK1 and ERK2 cascade","13/477","189/18842",0.0687830687830688,2.71700331658403,3.82334412478243,0.00108671290326348,0.0233883197829641,0.0233883197829641,"HAVCR2/FERMT2/PDGFC/ICAM1/DDR2/ACKR3/AKAP12/ACTA2/GLIPR2/CD74/F2R/PTPRC/HTR2B",13
"GO:0001906","cell killing","15/477","238/18842",0.0630252100840336,2.48956186248084,3.72700139692541,0.00113646284656892,0.0243956765457774,0.0243956765457773,"HAVCR2/SLAMF7/CLU/GBP5/HLA-DRA/C7/ICAM1/GBP1/CD2/CTSC/GBP2/PTPRC/CFH/NCKAP1L/NKG7",15
"GO:0032331","negative regulation of chondrocyte differentiation","4/477","19/18842",0.210526315789474,8.31601015116407,5.14188520659744,0.0011619754279462,0.0247633864349766,0.0247633864349766,"TGFBR1/GREM1/EFEMP1/ADAMTS12",4
"GO:0002495","antigen processing and presentation of peptide antigen via MHC class II","5/477","32/18842",0.15625,6.17203878406709,4.71908785065955,0.00116554679092938,0.0247633864349766,0.0247633864349766,"HLA-DRA/HLA-DOA/HLA-DQB1/HLA-DPA1/HLA-DMB",5
"GO:0090022","regulation of neutrophil chemotaxis","5/477","32/18842",0.15625,6.17203878406709,4.71908785065955,0.00116554679092938,0.0247633864349766,0.0247633864349766,"THBS4/CD74/SLIT2/JAM3/NCKAP1L",5
"GO:0090025","regulation of monocyte chemotaxis","5/477","32/18842",0.15625,6.17203878406709,4.71908785065955,0.00116554679092938,0.0247633864349766,0.0247633864349766,"SERPINE1/GREM1/CCL5/SLAMF8/SLIT2",5
"GO:0030097","hemopoiesis","34/477","768/18842",0.0442708333333333,1.74874432215234,3.4143081214073,0.00118615970463238,0.0250603951764792,0.0250603951764792,"IL2RB/LILRB2/CTLA4/CD3D/MFAP5/C1QC/LILRB4/HLA-DRA/JAK3/ATP7A/RORA/CD27/IL6ST/CD2/NR3C1/MEIS1/QKI/IGHM/ITGA4/AXL/LAPTM5/FLNA/CD74/CD8A/MEF2C/GLI3/MXRA7/MEIS2/SLAMF8/PTPRC/VCAM1/LGALS1/MAF/NCKAP1L",34
"GO:0007416","synapse assembly","16/477","264/18842",0.0606060606060606,2.39400292230481,3.67605386387907,0.00119009032607644,0.0250603951764792,0.0250603951764792,"CDH1/ADGRL2/NLGN4X/CDH2/FZD1/MAP1B/PCDH17/SDC2/LRRC15/PRICKLE1/SRGAP2C/LSAMP/MEF2C/FGFR1/GAP43/NEGR1",16
"GO:0002285","lymphocyte activation involved in immune response","13/477","191/18842",0.0680628272251309,2.6885530200753,3.78003675283871,0.00119617505043329,0.0250603951764792,0.0250603951764792,"HAVCR2/HLA-DRA/JAK3/LCP1/ICAM1/RORA/IL6ST/CD74/HLA-DMB/LGALS1/SLC11A1/NCKAP1L/NKG7",13
"GO:0003007","heart morphogenesis","13/477","191/18842",0.0680628272251309,2.6885530200753,3.78003675283871,0.00119617505043329,0.0250603951764792,0.0250603951764792,"DLC1/ZFPM2/TGFBR1/NRP2/EDNRA/ADAMTS5/PKD2/PRICKLE1/ELN/MEF2C/SLIT2/HTR2B/ASB2",13
"GO:0003071","renal system process involved in regulation of systemic arterial blood pressure","3/477","9/18842",0.333333333333333,13.1670160726765,5.88384578295753,0.00120865091887265,0.0250603951764792,0.0250603951764792,"PCSK5/AGTR1/F2R",3
"GO:0043301","negative regulation of leukocyte degranulation","3/477","9/18842",0.333333333333333,13.1670160726765,5.88384578295753,0.00120865091887265,0.0250603951764792,0.0250603951764792,"CD84/CD300A/NCKAP1L",3
"GO:0140639","positive regulation of pyroptotic inflammatory response","3/477","9/18842",0.333333333333333,13.1670160726765,5.88384578295753,0.00120865091887265,0.0250603951764792,0.0250603951764792,"GBP5/GBP1/GBP2",3
"GO:0050801","monoatomic ion homeostasis","24/477","478/18842",0.0502092050209205,1.9833162285203,3.50945122578639,0.00120938655830285,0.0250603951764792,0.0250603951764792,"SLC24A3/PLN/EDNRA/CAV2/ATP7A/JPH2/ATP1A2/STC1/CCL5/CYBRD1/ATP2B4/KCNMA1/ITPR1/ATP7B/CDH5/FXYD6/SLC25A27/AGTR1/ANK2/CAV1/FGFR1/SLAMF8/HTR2B/SLC11A1",24
"GO:0030038","contractile actin filament bundle assembly","9/477","103/18842",0.087378640776699,3.45154790254625,4.02069831923711,0.00121279489087233,0.0250603951764792,0.0250603951764792,"SORBS1/FERMT2/DLC1/TGFBR1/PHLDB2/MYL9/CCDC88A/ZEB2/EVL",9
"GO:0043149","stress fiber assembly","9/477","103/18842",0.087378640776699,3.45154790254625,4.02069831923711,0.00121279489087233,0.0250603951764792,0.0250603951764792,"SORBS1/FERMT2/DLC1/TGFBR1/PHLDB2/MYL9/CCDC88A/ZEB2/EVL",9
"GO:0055007","cardiac muscle cell differentiation","9/477","103/18842",0.087378640776699,3.45154790254625,4.02069831923711,0.00121279489087233,0.0250603951764792,0.0250603951764792,"SORBS2/GREM1/RGS2/PRICKLE1/MEIS1/MEF2C/MYH11/MYOCD/ASB2",9
"GO:0007259","cell surface receptor signaling pathway via JAK-STAT","11/477","146/18842",0.0753424657534247,2.97610637259125,3.86303012447427,0.00124356507810861,0.0256322891472835,0.0256322891472835,"IL2RB/CCL2/JAK3/CSF2RA/IL10RA/PKD2/IL6ST/CAV1/F2R/PTPRC/CYP1B1",11
"GO:0002704","negative regulation of leukocyte mediated immunity","7/477","65/18842",0.107692307692308,4.2539590388647,4.23517494633012,0.00125038239068794,0.0256452190327729,0.0256452190327729,"HAVCR2/LILRB4/JAK3/CD84/CD300A/PTPRC/NCKAP1L",7
"GO:0050871","positive regulation of B cell activation","7/477","65/18842",0.107692307692308,4.2539590388647,4.23517494633012,0.00125038239068794,0.0256452190327729,0.0256452190327729,"CD38/CD27/CD74/MEF2C/SASH3/PTPRC/NCKAP1L",7
"GO:0030195","negative regulation of blood coagulation","6/477","48/18842",0.125,4.93763102725367,4.40211844706762,0.00127134410878065,0.0257657269870262,0.0257657269870262,"PRKG1/SERPINE1/TFPI/THBS1/SERPING1/THBD",6
"GO:0101023","vascular endothelial cell proliferation","6/477","48/18842",0.125,4.93763102725367,4.40211844706762,0.00127134410878065,0.0257657269870262,0.0257657269870262,"CCL2/TGFBR1/AKT3/ITGA4/MEF2C/FGFR1",6
"GO:1900047","negative regulation of hemostasis","6/477","48/18842",0.125,4.93763102725367,4.40211844706762,0.00127134410878065,0.0257657269870262,0.0257657269870262,"PRKG1/SERPINE1/TFPI/THBS1/SERPING1/THBD",6
"GO:1905314","semi-lunar valve development","6/477","48/18842",0.125,4.93763102725367,4.40211844706762,0.00127134410878065,0.0257657269870262,0.0257657269870262,"ADAMTS5/AXIN2/NFATC1/ELN/CDH11/SLIT2",6
"GO:0060560","developmental growth involved in morphogenesis","12/477","169/18842",0.0710059171597633,2.80480815749321,3.79824563074477,0.00127180573711003,0.0257657269870262,0.0257657269870262,"CDH1/PRKG1/CDH2/NRP2/EDNRA/MAP1B/RGMA/PRICKLE1/ITGA4/KIF26B/DCLK1/SLIT2",12
"GO:0045446","endothelial cell differentiation","9/477","104/18842",0.0865384615384615,3.41835994194485,3.9855814678994,0.00129863181134328,0.0262450321677815,0.0262450321677815,"RDX/PECAM1/MSN/S1PR3/ICAM1/STC1/PDPN/FSTL1/CDH5",9
"GO:0050868","negative regulation of T cell activation","10/477","125/18842",0.08,3.16008385744235,3.9050193991463,0.00130325157593691,0.0262743127937062,0.0262743127937062,"HAVCR2/LILRB2/CTLA4/LILRB4/JAK3/LAPTM5/CD300A/GLI3/LGALS1/FYN",10
"GO:0060341","regulation of cellular localization","25/477","509/18842",0.0491159135559921,1.94013006964781,3.46533929722582,0.00130863926511371,0.0263188955114858,0.0263188955114858,"CDH1/SORBS1/FEZ1/PTPN14/CRYAB/RDX/PLN/MSN/CDH2/RHOQ/RAB23/LCP1/GBP1/RAB11FIP2/EPHA3/LRRC15/ATP2B4/FLNA/STOM/GPC6/CAV1/FYN/CACNA2D1/DERL3/PRKD1",25
"GO:0001649","osteoblast differentiation","14/477","217/18842",0.0645161290322581,2.54845472374383,3.69739573093502,0.0013164385085131,0.026347848989226,0.026347848989226,"FERMT2/WWTR1/TNC/TWIST2/FZD1/GREM1/DDR2/ITGA11/IL6ST/IGFBP5/MEF2C/VEGFC/COL6A1/PRKD1",14
"GO:0030595","leukocyte chemotaxis","14/477","217/18842",0.0645161290322581,2.54845472374383,3.69739573093502,0.0013164385085131,0.026347848989226,0.026347848989226,"SERPINE1/CCL2/GREM1/CCL5/THBS4/THBS1/C3/CD74/SLAMF8/SLIT2/VEGFC/JAM3/NCKAP1L/MMP2",14
"GO:0048483","autonomic nervous system development","5/477","33/18842",0.151515151515152,5.98500730576202,4.61908137995608,0.00134546158403766,0.0268638426152675,0.0268638426152675,"EGR2/NRP2/EDNRA/ACKR3/VCAM1",5
"GO:0048662","negative regulation of smooth muscle cell proliferation","7/477","66/18842",0.106060606060606,4.18950511403342,4.18320771971562,0.00136881518585044,0.0272644293989345,0.0272644293989345,"EFEMP2/PRKG1/OGN/IGFBP5/MEF2C/MYOCD/CNN1",7
"GO:0030855","epithelial cell differentiation","27/477","568/18842",0.0475352112676056,1.8776906723359,3.42306021162862,0.00137304970201999,0.0272831890430159,0.0272831890430159,"CTSB/SERPINE1/RDX/PECAM1/MSN/CDH2/GREM1/EDNRA/MAP1B/S1PR3/ICAM1/STC1/IL6ST/TAGLN/PDPN/CLIC4/ACTA2/FSTL1/FLNA/MEF2C/CDH5/LBH/COL4A1/CAV1/BASP1/MAF/ZEB2",27
"GO:0032963","collagen metabolic process","9/477","105/18842",0.0857142857142857,3.38580413297394,3.95089152280472,0.00138929929177989,0.0274600071706545,0.0274600071706545,"ADAMTS2/CTSB/DDR2/RCN3/CYGB/MMP11/CTSK/F2R/MMP2",9
"GO:0030902","hindbrain development","8/477","85/18842",0.0941176470588235,3.71774571463806,4.04717786580781,0.0013918902982953,0.0274600071706545,0.0274600071706545,"EGR2/DLC1/NLGN4X/ATP7A/GPR161/RORA/FLNA/TUBA1A",8
"GO:0033273","response to vitamin","8/477","85/18842",0.0941176470588235,3.71774571463806,4.04717786580781,0.0013918902982953,0.0274600071706545,0.0274600071706545,"MTHFR/POSTN/MAP1B/CDON/STC1/MN1/KANK2/BCHE",8
"GO:0043491","phosphatidylinositol 3-kinase/protein kinase B signal transduction","17/477","294/18842",0.0578231292517007,2.28407421668877,3.5762753172381,0.00141220875552336,0.0276263413216708,0.0276263413216708,"FERMT2/TGFBR1/PECAM1/PDGFC/DDR2/CCL5/DCN/RCN3/TSPYL5/THBS1/AXL/FGFR1/F2R/HIP1/FYN/CCDC88A/PRKD1",17
"GO:1904752","regulation of vascular associated smooth muscle cell migration","6/477","49/18842",0.122448979591837,4.83686304710564,4.33403065577235,0.0014182797248681,0.0276263413216708,0.0276263413216708,"PRKG1/DDR2/ADAMTS1/IGFBP5/MEF2C/MYOCD",6
"GO:1905144","response to acetylcholine","6/477","49/18842",0.122448979591837,4.83686304710564,4.33403065577235,0.0014182797248681,0.0276263413216708,0.0276263413216708,"EDNRA/CHRNA3/ATP2B4/PRKCB/ITPR1/RGS10",6
"GO:0002689","negative regulation of leukocyte chemotaxis","4/477","20/18842",0.2,7.90020964360587,4.97576770514154,0.00142366011879718,0.0276263413216708,0.0276263413216708,"CCL2/GREM1/SLAMF8/SLIT2",4
"GO:0006929","substrate-dependent cell migration","4/477","20/18842",0.2,7.90020964360587,4.97576770514154,0.00142366011879718,0.0276263413216708,0.0276263413216708,"ITGA11/PTPRC/SLIT2/VEGFC",4
"GO:0006957","complement activation, alternative pathway","4/477","20/18842",0.2,7.90020964360587,4.97576770514154,0.00142366011879718,0.0276263413216708,0.0276263413216708,"C7/MASP1/C3/CFH",4
"GO:0048745","smooth muscle tissue development","4/477","20/18842",0.2,7.90020964360587,4.97576770514154,0.00142366011879718,0.0276263413216708,0.0276263413216708,"EFEMP2/MYLK/PKD2/COL3A1",4
"GO:0019722","calcium-mediated signaling","14/477","219/18842",0.0639269406392694,2.52518116462288,3.65876374540983,0.00143594388436025,0.0277996052004884,0.0277996052004884,"RCAN2/JPH2/GBP1/ATP1A2/PKD2/NFATC1/ACKR3/ATP2B4/ITPR1/AGTR1/ANK2/PTPRC/HTR2B/PRKD1",14
"GO:0030111","regulation of Wnt signaling pathway","18/477","321/18842",0.0560747663551402,2.21501204960912,3.53847868022413,0.00146046102658572,0.0282083451428654,0.0282083451428655,"DKK3/WWTR1/IGFBP6/DACT1/DIXDC1/MCC/GREM1/AXIN2/CDON/NFATC1/PRICKLE1/RECK/CDK14/GLI3/CAV1/RBMS3/ZEB2/LATS2",18
"GO:0051250","negative regulation of lymphocyte activation","11/477","149/18842",0.0738255033557047,2.91618476777398,3.78448434194746,0.00146568971507278,0.0282434999513792,0.0282434999513792,"HAVCR2/LILRB2/CTLA4/LILRB4/JAK3/LST1/LAPTM5/CD300A/GLI3/LGALS1/FYN",11
"GO:0016064","immunoglobulin mediated immune response","12/477","172/18842",0.0697674418604651,2.75588708497879,3.72824416594924,0.00147844832315379,0.0283574601982692,0.0283574601982692,"IL2RB/CLU/C1QC/C7/IGLC1/CD27/C1S/C3/CD74/IGKC/IGHD/C1R",12
"GO:0097696","cell surface receptor signaling pathway via STAT","12/477","172/18842",0.0697674418604651,2.75588708497879,3.72824416594924,0.00147844832315379,0.0283574601982692,0.0283574601982692,"IL2RB/CCL2/JAK3/CSF2RA/IL10RA/PKD2/CCL5/IL6ST/CAV1/F2R/PTPRC/CYP1B1",12
"GO:0048705","skeletal system morphogenesis","9/477","106/18842",0.0849056603773585,3.35386258454966,3.91661873874197,0.0014849930984605,0.0284172120412094,0.0284172120412094,"MGP/TGFBR1/GREM1/RAB23/COL13A1/STC1/MEF2C/FGFR1/COL3A1",9
"GO:0003170","heart valve development","7/477","67/18842",0.104477611940299,4.12697518695829,4.13225925984383,0.00149583019560062,0.0284276353228137,0.0284276353228137,"ADAMTS5/AXIN2/NFATC1/ELN/MEF2C/CDH11/SLIT2",7
"GO:0030239","myofibril assembly","7/477","67/18842",0.104477611940299,4.12697518695829,4.13225925984383,0.00149583019560062,0.0284276353228137,0.0284276353228137,"MYL9/LMOD1/CSRP2/MYH11/PGM5/PRKD1/CSRP1",7
"GO:0090303","positive regulation of wound healing","7/477","67/18842",0.104477611940299,4.12697518695829,4.13225925984383,0.00149583019560062,0.0284276353228137,0.0284276353228137,"FERMT2/SERPINE1/MYLK/DDR2/THBS1/F2R/THBD",7
"GO:0002825","regulation of T-helper 1 type immune response","5/477","34/18842",0.147058823529412,5.80897767912196,4.52310437604788,0.00154505462464088,0.0290961877722144,0.0290961877722144,"HAVCR2/JAK3/IL18BP/IL6ST/SLC11A1",5
"GO:0035633","maintenance of blood-brain barrier","5/477","34/18842",0.147058823529412,5.80897767912196,4.52310437604788,0.00154505462464088,0.0290961877722144,0.0290961877722144,"PECAM1/GJA1/CDH5/JAM3/ZEB2",5
"GO:0050860","negative regulation of T cell receptor signaling pathway","5/477","34/18842",0.147058823529412,5.80897767912196,4.52310437604788,0.00154505462464088,0.0290961877722144,0.0290961877722144,"CTLA4/LILRB4/GBP1/LAPTM5/FYN",5
"GO:0086011","membrane repolarization during action potential","5/477","34/18842",0.147058823529412,5.80897767912196,4.52310437604788,0.00154505462464088,0.0290961877722144,0.0290961877722144,"KCNE4/KCNJ8/FLNA/CAV1/CACNA2D1",5
"GO:0045667","regulation of osteoblast differentiation","10/477","128/18842",0.078125,3.08601939203354,3.81641603240511,0.00155895595136559,0.029291403657631,0.029291403657631,"FERMT2/WWTR1/TWIST2/FZD1/GREM1/DDR2/IL6ST/MEF2C/VEGFC/PRKD1",10
"GO:0032535","regulation of cellular component size","17/477","297/18842",0.0572390572390572,2.26100275995454,3.53017748627489,0.00157409362704403,0.0295089135603774,0.0295089135603774,"CDH1/RDX/MSN/CDH2/MAP1B/SVIL/RGMA/KCNMA1/PRR16/LMOD1/KANK2/SLIT2/NCKAP1L/PRKD1/ASB2/EVL/CFL2",17
"GO:1904738","vascular associated smooth muscle cell migration","6/477","50/18842",0.12,4.74012578616352,4.26776410812584,0.00157781151806451,0.0295118425252428,0.0295118425252428,"PRKG1/DDR2/ADAMTS1/IGFBP5/MEF2C/MYOCD",6
"GO:0043270","positive regulation of monoatomic ion transport","12/477","174/18842",0.0689655172413793,2.72421022193306,3.68240576219334,0.00163102486024815,0.0303218710542166,0.0303218710542166,"CCL2/EDNRA/FHL1/TACR2/MYLK/STC1/CCL5/FLNA/FXYD6/ANK2/CAV1/F2R",12
"GO:0048002","antigen processing and presentation of peptide antigen","7/477","68/18842",0.102941176470588,4.06628437538537,4.0822930496406,0.00163184613367921,0.0303218710542166,0.0303218710542166,"HLA-DRA/HLA-DOA/CLEC4A/HLA-DQB1/HLA-DPA1/HLA-DMB/SLC11A1",7
"GO:0002274","myeloid leukocyte activation","14/477","222/18842",0.0630630630630631,2.49105709483068,3.60160947702621,0.00163209684892356,0.0303218710542166,0.0303218710542166,"HAVCR2/CLU/LILRB4/DOCK2/CD300LF/CCL5/CD84/CD2/THBS1/CD300A/CD74/LCP2/PTPRC/SLC11A1",14
"GO:0002604","regulation of dendritic cell antigen processing and presentation","3/477","10/18842",0.3,11.8503144654088,5.53107822130576,0.00169430685647913,0.0310597933911197,0.0310597933911197,"THBS1/CD74/SLC11A1",3
"GO:0006207","'de novo' pyrimidine nucleobase biosynthetic process","3/477","10/18842",0.3,11.8503144654088,5.53107822130576,0.00169430685647913,0.0310597933911197,0.0310597933911197,"TYMS/DHFR/UMPS",3
"GO:0019835","cytolysis","3/477","10/18842",0.3,11.8503144654088,5.53107822130576,0.00169430685647913,0.0310597933911197,0.0310597933911197,"GBP5/GBP1/GBP2",3
"GO:0060379","cardiac muscle cell myoblast differentiation","3/477","10/18842",0.3,11.8503144654088,5.53107822130576,0.00169430685647913,0.0310597933911197,0.0310597933911197,"GREM1/PRICKLE1/MYOCD",3
"GO:1902460","regulation of mesenchymal stem cell proliferation","3/477","10/18842",0.3,11.8503144654088,5.53107822130576,0.00169430685647913,0.0310597933911197,0.0310597933911197,"FERMT2/TGFBR1/VEGFC",3
"GO:2000425","regulation of apoptotic cell clearance","3/477","10/18842",0.3,11.8503144654088,5.53107822130576,0.00169430685647913,0.0310597933911197,0.0310597933911197,"CCL2/CD300LF/C3",3
"GO:1905874","regulation of postsynaptic density organization","4/477","21/18842",0.19047619047619,7.52400918438654,4.82079386612001,0.00172378777869607,0.031530475793103,0.031530475793103,"LILRB2/CDH2/PRICKLE1/FGFR1",4
"GO:0071347","cellular response to interleukin-1","8/477","88/18842",0.0909090909090909,3.59100438345721,3.92625249990206,0.00174091951498999,0.0317736984608085,0.0317736984608085,"CCL2/GBP1/CCL5/PTGIS/AKAP12/GBP2/ADAMTS12/MMP2",8
"GO:0002366","leukocyte activation involved in immune response","16/477","274/18842",0.0583941605839416,2.30663055287763,3.51124573518684,0.00174542116082312,0.0317858455792976,0.0317858455792976,"HAVCR2/HLA-DRA/DOCK2/JAK3/LCP1/ICAM1/RORA/CD84/IL6ST/CD300A/CD74/HLA-DMB/LGALS1/SLC11A1/NCKAP1L/NKG7",16
"GO:0001706","endoderm formation","6/477","51/18842",0.117647058823529,4.64718214329757,4.20323133025159,0.0017506263082324,0.0318107227851177,0.0318107227851177,"ITGA4/COL12A1/SOX7/COL8A1/COL6A1/MMP2",6
"GO:0019724","B cell mediated immunity","12/477","177/18842",0.0677966101694915,2.67803716732402,3.61484691353613,0.00188400977799483,0.0341141700001663,0.0341141700001663,"IL2RB/CLU/C1QC/C7/IGLC1/CD27/C1S/C3/CD74/IGKC/IGHD/C1R",12
"GO:0030003","intracellular monoatomic cation homeostasis","21/477","410/18842",0.0512195121951219,2.02322442092345,3.3759211325848,0.00188562513397009,0.0341141700001663,0.0341141700001663,"SLC24A3/PLN/EDNRA/CAV2/ATP7A/ATP1A2/STC1/CCL5/CYBRD1/ATP2B4/KCNMA1/ITPR1/ATP7B/CDH5/FXYD6/SLC25A27/ANK2/CAV1/SLAMF8/HTR2B/SLC11A1",21
"GO:0016525","negative regulation of angiogenesis","11/477","154/18842",0.0714285714285714,2.82150344414495,3.65783947465818,0.00190750829388393,0.0344348882856694,0.0344348882856694,"SPARC/SERPINE1/ATP2B4/DCN/THBS4/ADAMTS1/THBS1/QKI/PTPRM/SERPINF1/FYN",11
"GO:0072073","kidney epithelium development","9/477","110/18842",0.0818181818181818,3.23190394511149,3.78351505002505,0.00192209345013922,0.0345118704309394,0.0345118704309394,"PECAM1/GREM1/EDNRA/PKD2/KIF26B/MEF2C/KANK2/SLIT2/BASP1",9
"GO:0050673","epithelial cell proliferation","19/477","356/18842",0.0533707865168539,2.1082020116364,3.40203013904479,0.00192533001302462,0.0345118704309394,0.0345118704309394,"SPARC/CCL2/TGFBR1/AKT3/MCC/NRP2/CAV2/THBS4/THBS1/PTPRM/ITGA4/MEF2C/AGTR1/CAV1/FGFR1/VEGFC/HTR2B/ZEB2/PRKD1",19
"GO:0030323","respiratory tube development","7/477","70/18842",0.1,3.95010482180294,3.98517036963109,0.00193259810281871,0.0345118704309394,0.0345118704309394,"PCSK5/ATP7A/PDPN/RCN3/IGFBP5/CRISPLD2/COL3A1",7
"GO:0032272","negative regulation of protein polymerization","7/477","70/18842",0.1,3.95010482180294,3.98517036963109,0.00193259810281871,0.0345118704309394,0.0345118704309394,"RDX/SVIL/LMOD1/CDH5/KANK2/SLIT2/ASB2",7
"GO:0050672","negative regulation of lymphocyte proliferation","7/477","70/18842",0.1,3.95010482180294,3.98517036963109,0.00193259810281871,0.0345118704309394,0.0345118704309394,"HAVCR2/LILRB2/CTLA4/LILRB4/LST1/LAPTM5/CD300A",7
"GO:0050819","negative regulation of coagulation","6/477","52/18842",0.115384615384615,4.55781325592646,4.14035069928888,0.0019374228490714,0.0345236252202271,0.0345236252202271,"PRKG1/SERPINE1/TFPI/THBS1/SERPING1/THBD",6
"GO:0141091","transforming growth factor beta receptor superfamily signaling pathway","19/477","357/18842",0.0532212885154062,2.10229668387271,3.38874257844795,0.00198720905608503,0.0353347945036922,0.0353347945036922,"NREP/RBPMS2/FERMT2/DKK3/TGFBR1/TGFB1I1/COL1A2/GREM1/CHRDL2/RGMA/CHRDL1/THBS1/FSTL1/CDH5/CAV1/COL3A1/ZEB2/LATS2/MYOCD",19
"GO:0001666","response to hypoxia","16/477","278/18842",0.0575539568345324,2.27344162405924,3.4473180814064,0.00202151555154467,0.0358678326768718,0.0358678326768718,"MTHFR/CD38/RORA/DDR2/STC1/PTGIS/KCNMA1/THBS1/CYGB/ITPR1/CAV1/VCAM1/CYBB/VEGFC/MYOCD/MMP2",16
"GO:1902806","regulation of cell cycle G1/S phase transition","13/477","203/18842",0.0640394088669951,2.52962377750927,3.53131971219824,0.00206354637682017,0.0364855538143811,0.0364855538143811,"CCL2/DACT1/RDX/FHL1/PKD2/UBE2E2/DDR2/ATP2B4/ADAMTS1/MN1/RRM2/SLFN11/KANK2",13
"GO:0061037","negative regulation of cartilage development","4/477","22/18842",0.181818181818182,7.18200876691443,4.67570222917857,0.00206513694652966,0.0364855538143811,0.0364855538143811,"TGFBR1/GREM1/EFEMP1/ADAMTS12",4
"GO:0002263","cell activation involved in immune response","16/477","279/18842",0.0573476702508961,2.26529308777229,3.431506712631,0.00209596940850365,0.0368343072368421,0.0368343072368421,"HAVCR2/HLA-DRA/DOCK2/JAK3/LCP1/ICAM1/RORA/CD84/IL6ST/CD300A/CD74/HLA-DMB/LGALS1/SLC11A1/NCKAP1L/NKG7",16
"GO:0032945","negative regulation of mononuclear cell proliferation","7/477","71/18842",0.0985915492957746,3.89446954262261,3.93794958174623,0.00209821301180177,0.0368343072368421,0.0368343072368421,"HAVCR2/LILRB2/CTLA4/LILRB4/LST1/LAPTM5/CD300A",7
"GO:0061045","negative regulation of wound healing","7/477","71/18842",0.0985915492957746,3.89446954262261,3.93794958174623,0.00209821301180177,0.0368343072368421,0.0368343072368421,"PRKG1/SERPINE1/TFPI/PHLDB2/THBS1/SERPING1/THBD",7
"GO:2000181","negative regulation of blood vessel morphogenesis","11/477","156/18842",0.0705128205128205,2.78533032306617,3.60859718696253,0.0021121361954882,0.0370003393569032,0.0370003393569032,"SPARC/SERPINE1/ATP2B4/DCN/THBS4/ADAMTS1/THBS1/QKI/PTPRM/SERPINF1/FYN",11
"GO:0090130","tissue migration","8/477","91/18842",0.0879120879120879,3.47261962356302,3.81049581379941,0.00215571016605676,0.0376839967003086,0.0376839967003086,"MAP4K4/MCC/ACTA2/GLIPR2/KANK2/ACTG2/ZEB2/EVL",8
"GO:0006935","chemotaxis","22/477","443/18842",0.0496613995485327,1.96167733814141,3.30103275283399,0.00218137332989404,0.0379723937216429,0.0379723937216429,"SERPINE1/CMTM3/CCL2/ITGA1/GREM1/CCL5/ACKR3/THBS4/THBS1/C3/CD74/AGTR1/FGFR1/SLAMF8/SLIT2/VCAM1/FPR3/VEGFC/JAM3/NCKAP1L/MMP2/PRKD1",22
"GO:0042330","taxis","22/477","443/18842",0.0496613995485327,1.96167733814141,3.30103275283399,0.00218137332989404,0.0379723937216429,0.0379723937216429,"SERPINE1/CMTM3/CCL2/ITGA1/GREM1/CCL5/ACKR3/THBS4/THBS1/C3/CD74/AGTR1/FGFR1/SLAMF8/SLIT2/VCAM1/FPR3/VEGFC/JAM3/NCKAP1L/MMP2/PRKD1",22
"GO:0060284","regulation of cell development","31/477","707/18842",0.0438472418670438,1.73201201521769,3.19731065173976,0.00223475818877925,0.0388201391031968,0.0388201391031968,"TIAM1/CDH1/EGR2/IL2RB/LILRB2/CTLA4/C1QC/LILRB4/HLA-DRA/CDH2/JAK3/MAP1B/S1PR3/RGMA/CD27/CD2/MEIS1/QKI/AXL/SERPINF1/CD74/RECK/MEF2C/CDH5/GLI3/MEIS2/SLAMF8/SLIT2/LGALS1/NCKAP1L/NEGR1",31
"GO:0032102","negative regulation of response to external stimulus","21/477","416/18842",0.0504807692307692,1.99404329946783,3.30409200496807,0.00224383598572024,0.0388962865641797,0.0388962865641797,"HAVCR2/PRKG1/SERPINE1/CCL2/TFPI/PHLDB2/GREM1/IL10RA/NFATC1/RORA/RGMA/PTGIS/THBS1/CDH5/SERPING1/SLAMF8/PTPRC/THBD/SLIT2/FYN/A2M",21
"GO:0043277","apoptotic cell clearance","5/477","37/18842",0.135135135135135,5.33797948892289,4.25664454316655,0.00227454181988117,0.0392186308612909,0.0392186308612909,"CCL2/CD300LF/MFGE8/THBS1/C3",5
"GO:0021783","preganglionic parasympathetic fiber development","3/477","11/18842",0.272727272727273,10.7730131503716,5.22521099472089,0.00228609687497025,0.0392186308612909,0.0392186308612909,"EGR2/NRP2/ACKR3",3
"GO:0071265","L-methionine biosynthetic process","3/477","11/18842",0.272727272727273,10.7730131503716,5.22521099472089,0.00228609687497025,0.0392186308612909,0.0392186308612909,"MTHFR/MTR/MTRR",3
"GO:0097168","mesenchymal stem cell proliferation","3/477","11/18842",0.272727272727273,10.7730131503716,5.22521099472089,0.00228609687497025,0.0392186308612909,0.0392186308612909,"FERMT2/TGFBR1/VEGFC",3
"GO:1903044","protein localization to membrane raft","3/477","11/18842",0.272727272727273,10.7730131503716,5.22521099472089,0.00228609687497025,0.0392186308612909,0.0392186308612909,"RFTN1/CAV1/NEGR1",3
"GO:0002690","positive regulation of leukocyte chemotaxis","8/477","92/18842",0.0869565217391304,3.43487375808951,3.77298800664369,0.00230999212291881,0.0393839397747021,0.0393839397747021,"SERPINE1/CCL2/CCL5/THBS4/THBS1/CD74/VEGFC/NCKAP1L",8
"GO:0048661","positive regulation of smooth muscle cell proliferation","8/477","92/18842",0.0869565217391304,3.43487375808951,3.77298800664369,0.00230999212291881,0.0393839397747021,0.0393839397747021,"RBPMS2/DDR2/CCL5/ADAMTS1/GJA1/THBS1/IGFBP5/MMP2",8
"GO:1903035","negative regulation of response to wounding","8/477","92/18842",0.0869565217391304,3.43487375808951,3.77298800664369,0.00230999212291881,0.0393839397747021,0.0393839397747021,"PRKG1/SERPINE1/TFPI/PHLDB2/RGMA/THBS1/SERPING1/THBD",8
"GO:1901343","negative regulation of vasculature development","11/477","158/18842",0.069620253164557,2.75007297720457,3.56012683836861,0.00233424702587106,0.0397157512451079,0.0397157512451079,"SPARC/SERPINE1/ATP2B4/DCN/THBS4/ADAMTS1/THBS1/QKI/PTPRM/SERPINF1/FYN",11
"GO:0006873","intracellular monoatomic ion homeostasis","21/477","418/18842",0.0502392344497608,1.98450242243688,3.28041406624794,0.00237536262162473,0.0403324891040625,0.0403324891040625,"SLC24A3/PLN/EDNRA/CAV2/ATP7A/ATP1A2/STC1/CCL5/CYBRD1/ATP2B4/KCNMA1/ITPR1/ATP7B/CDH5/FXYD6/SLC25A27/ANK2/CAV1/SLAMF8/HTR2B/SLC11A1",21
"GO:0044089","positive regulation of cellular component biogenesis","23/477","475/18842",0.0484210526315789,1.91268233476774,3.24685604980184,0.00240888347464172,0.0408180132328861,0.0408180132328861,"FERMT2/TGFBR1/MAP4K4/CLU/GBP5/RHOQ/MAP1B/COL16A1/LRRC15/HOPX/FLNA/DPYSL3/SYNPO2/ERCC1/LMOD1/CDH5/GBP2/CAV1/CCDC88A/LATS2/NCKAP1L/PRKD1/EVL",23
"GO:0007588","excretion","4/477","23/18842",0.173913043478261,6.86974751617902,4.53942416850252,0.00245044968776054,0.0413825166005844,0.0413825166005844,"STC1/CHRNA3/KCNMA1/AGTR1",4
"GO:0001764","neuron migration","9/477","114/18842",0.0789473684210526,3.11850380668653,3.65638292367096,0.00245634967859874,0.0413825166005844,0.0413825166005844,"NRP2/MAP1B/GPR161/SRGAP2C/FLNA/MEF2C/TUBA1A/FGFR1/COL3A1",9
"GO:0022617","extracellular matrix disassembly","7/477","73/18842",0.0958904109589041,3.78777174693432,3.84603979192117,0.00246217483515425,0.0413825166005844,0.0413825166005844,"ADAMTS5/DDR2/PDPN/RECK/MMP11/CTSK/MMP2",7
"GO:0045744","negative regulation of G protein-coupled receptor signaling pathway","7/477","73/18842",0.0958904109589041,3.78777174693432,3.84603979192117,0.00246217483515425,0.0413825166005844,0.0413825166005844,"SERPINE1/GPRASP1/CCL5/RGS2/ATP2B4/SLIT2/RGS16",7
"GO:0030900","forebrain development","15/477","258/18842",0.0581395348837209,2.29657257081566,3.37950258014261,0.00250220192217842,0.0419701318363773,0.0419701318363773,"CDH1/FEZ1/DLC1/DIXDC1/NRP2/ATP7A/GPR161/ATP1A2/ATP2B4/SRGAP2C/FLNA/TUBA1A/FGFR1/SLIT2/COL3A1",15
"GO:0045745","positive regulation of G protein-coupled receptor signaling pathway","5/477","38/18842",0.131578947368421,5.19750634447755,4.17420463766384,0.002565542553311,0.0428590435418044,0.0428590435418044,"CAV2/PKD2/CCL5/RGS2/C3",5
"GO:0048246","macrophage chemotaxis","5/477","38/18842",0.131578947368421,5.19750634447755,4.17420463766384,0.002565542553311,0.0428590435418044,0.0428590435418044,"CCL2/CCL5/THBS1/SLAMF8/MMP2",5
"GO:0002548","monocyte chemotaxis","6/477","55/18842",0.109090909090909,4.30920526014866,3.96088315493546,0.00258884992010054,0.0431613892111731,0.0431613892111731,"SERPINE1/CCL2/GREM1/CCL5/SLAMF8/SLIT2",6
"GO:0060562","epithelial tube morphogenesis","12/477","184/18842",0.0652173913043478,2.57615531856713,3.46251032330991,0.00260107434678473,0.0432781165410808,0.0432781165410808,"MTHFR/DLC1/GREM1/EDNRA/PKD2/PRICKLE1/KIF26B/MEF2C/COL4A1/ADAMTS12/SLIT2/ASB2",12
"GO:0050854","regulation of antigen receptor-mediated signaling pathway","7/477","74/18842",0.0945945945945946,3.73658564224602,3.80129526359905,0.00266144463836269,0.0441938482434333,0.0441938482434333,"CTLA4/LILRB4/GBP1/LAPTM5/CD300A/PTPRC/FYN",7
"GO:0007266","Rho protein signal transduction","10/477","138/18842",0.072463768115942,2.86239479840792,3.53883035826349,0.00271933475722341,0.0448891629112857,0.0448891629112857,"FERMT2/DLC1/HEG1/COL1A2/PDPN/SYNPO2/KANK2/AGTR1/F2R/COL3A1",10
"GO:0071675","regulation of mononuclear cell migration","10/477","138/18842",0.072463768115942,2.86239479840792,3.53883035826349,0.00271933475722341,0.0448891629112857,0.0448891629112857,"SERPINE1/CCL2/MSN/GREM1/CCL5/THBS1/ITGA4/SLAMF8/SLIT2/JAM3",10
"GO:0007411","axon guidance","12/477","185/18842",0.0648648648648649,2.56223015468299,3.44132486811864,0.00271957033326881,0.0448891629112857,0.0448891629112857,"FEZ1/NRP2/EDNRA/EPHA3/BOC/PTPRM/PALLD/GAP43/SLIT2/FYN/NEXN/EVL",12
"GO:0051209","release of sequestered calcium ion into cytosol","9/477","116/18842",0.0775862068965517,3.06473649967469,3.59490003448781,0.00276439044018494,0.045538248881456,0.045538248881456,"JPH2/ATP1A2/PKD2/FLNA/ITPR1/ANK2/F2R/PTPRC/HTR2B",9
"GO:0031638","zymogen activation","6/477","56/18842",0.107142857142857,4.23225516621743,3.90389556151778,0.00283876684970809,0.0465459891223009,0.0465459891223009,"SERPINE1/MASP1/C1S/THBS1/C1R/THBD",6
"GO:0071870","cellular response to catecholamine stimulus","6/477","56/18842",0.107142857142857,4.23225516621743,3.90389556151778,0.00283876684970809,0.0465459891223009,0.0465459891223009,"CAV2/FLNA/GNG2/HTR2B/GNB5/PRKD1",6
"GO:0097485","neuron projection guidance","12/477","186/18842",0.0645161290322581,2.54845472374383,3.42027806203474,0.00284241739028292,0.0465459891223009,0.0465459891223009,"FEZ1/NRP2/EDNRA/EPHA3/BOC/PTPRM/PALLD/GAP43/SLIT2/FYN/NEXN/EVL",12
"GO:0006730","one-carbon metabolic process","4/477","24/18842",0.166666666666667,6.58350803633823,4.41104747773629,0.00288242214555399,0.046651068506539,0.046651068506539,"MTHFR/ALDH1L2/TYMS/DHFR",4
"GO:0060324","face development","4/477","24/18842",0.166666666666667,6.58350803633823,4.41104747773629,0.00288242214555399,0.046651068506539,0.046651068506539,"EDNRA/PRICKLE1/CRISPLD2/CRISPLD1",4
"GO:0032330","regulation of chondrocyte differentiation","5/477","39/18842",0.128205128205128,5.0642369510294,4.09461853941966,0.00288261490168332,0.046651068506539,0.046651068506539,"TGFBR1/GREM1/TRPS1/EFEMP1/ADAMTS12",5
"GO:0035850","epithelial cell differentiation involved in kidney development","5/477","39/18842",0.128205128205128,5.0642369510294,4.09461853941966,0.00288261490168332,0.046651068506539,0.046651068506539,"GREM1/EDNRA/ACTA2/MEF2C/BASP1",5
"GO:0060306","regulation of membrane repolarization","5/477","39/18842",0.128205128205128,5.0642369510294,4.09461853941966,0.00288261490168332,0.046651068506539,0.046651068506539,"KCNE4/FLNA/ANK2/CAV1/CACNA2D1",5
"GO:0086004","regulation of cardiac muscle cell contraction","5/477","39/18842",0.128205128205128,5.0642369510294,4.09461853941966,0.00288261490168332,0.046651068506539,0.046651068506539,"PLN/ATP1A2/STC1/ANK2/CAV1",5
"GO:0060627","regulation of vesicle-mediated transport","25/477","541/18842",0.0462107208872458,1.82537191395699,3.13925508554798,0.00295982687913623,0.0477552903879349,0.0477552903879349,"IL2RB/SERPINE1/CCL2/STON1/CLU/RDX/MSN/DOCK2/GREM1/CD300LF/MYLK/APOC1/EPHA3/MASP1/CD84/PRKCB/AXL/C3/CD300A/CAV1/PTPRC/HIP1/SLC11A1/NCKAP1L/PRKD1",25
"GO:0002291","T cell activation via T cell receptor contact with antigen bound to MHC molecule on antigen presenting cell","3/477","12/18842",0.25,9.87526205450734,4.95635432430046,0.00299118944138767,0.0477552903879349,0.0477552903879349,"HAVCR2/ICAM1/HLA-DMB",3
"GO:0014831","gastro-intestinal system smooth muscle contraction","3/477","12/18842",0.25,9.87526205450734,4.95635432430046,0.00299118944138767,0.0477552903879349,0.0477552903879349,"TACR2/PTGER3/HTR2B",3
"GO:0019856","pyrimidine nucleobase biosynthetic process","3/477","12/18842",0.25,9.87526205450734,4.95635432430046,0.00299118944138767,0.0477552903879349,0.0477552903879349,"TYMS/DHFR/UMPS",3
"GO:0051918","negative regulation of fibrinolysis","3/477","12/18842",0.25,9.87526205450734,4.95635432430046,0.00299118944138767,0.0477552903879349,0.0477552903879349,"SERPINE1/THBS1/THBD",3
"GO:0098903","regulation of membrane repolarization during action potential","3/477","12/18842",0.25,9.87526205450734,4.95635432430046,0.00299118944138767,0.0477552903879349,0.0477552903879349,"FLNA/CAV1/CACNA2D1",3
"GO:0140105","interleukin-10-mediated signaling pathway","3/477","12/18842",0.25,9.87526205450734,4.95635432430046,0.00299118944138767,0.0477552903879349,0.0477552903879349,"LILRB2/LILRB4/IL10RA",3
"GO:0071674","mononuclear cell migration","13/477","212/18842",0.0613207547169811,2.42223408884142,3.35620349105635,0.00300929413257048,0.0479519445816903,0.0479519445816903,"SERPINE1/CCL2/PECAM1/MSN/GREM1/CCL5/THBS1/ITGA4/SLAMF8/SLIT2/JAM3/MMP2/ASB2",13
"GO:1903036","positive regulation of response to wounding","7/477","76/18842",0.0921052631578947,3.63825444113428,3.71409763370929,0.00309691764464605,0.0487478131349138,0.0487478131349138,"FERMT2/SERPINE1/MYLK/DDR2/THBS1/F2R/THBD",7
"GO:0048545","response to steroid hormone","17/477","317/18842",0.0536277602523659,2.11835274355362,3.23627209303464,0.00310387190760923,0.0487478131349138,0.0487478131349138,"TFPI/LMO3/IGFBP7/AXIN2/CD38/ATP1A2/STC1/NR3C1/THBS1/SERPINF1/LBH/KANK2/CAV1/PTPRC/SLIT2/CYBB/BCHE",17
"GO:0007492","endoderm development","6/477","57/18842",0.105263157894737,4.15800507558204,3.8482240529067,0.00310630525407126,0.0487478131349138,0.0487478131349138,"ITGA4/COL12A1/SOX7/COL8A1/COL6A1/MMP2",6
"GO:0030837","negative regulation of actin filament polymerization","6/477","57/18842",0.105263157894737,4.15800507558204,3.8482240529067,0.00310630525407126,0.0487478131349138,0.0487478131349138,"RDX/SVIL/LMOD1/KANK2/SLIT2/ASB2",6
"GO:0044331","cell-cell adhesion mediated by cadherin","6/477","57/18842",0.105263157894737,4.15800507558204,3.8482240529067,0.00310630525407126,0.0487478131349138,0.0487478131349138,"CDH1/CDH19/ADAM19/CDH2/CDH5/CDH11",6
"GO:0048644","muscle organ morphogenesis","6/477","57/18842",0.105263157894737,4.15800507558204,3.8482240529067,0.00310630525407126,0.0487478131349138,0.0487478131349138,"EFEMP2/ZFPM2/TGFBR1/EDNRA/MYLK/COL3A1",6
"GO:0060415","muscle tissue morphogenesis","6/477","57/18842",0.105263157894737,4.15800507558204,3.8482240529067,0.00310630525407126,0.0487478131349138,0.0487478131349138,"EFEMP2/ZFPM2/TGFBR1/EDNRA/MYLK/COL3A1",6
"GO:0071869","response to catecholamine","6/477","57/18842",0.105263157894737,4.15800507558204,3.8482240529067,0.00310630525407126,0.0487478131349138,0.0487478131349138,"CAV2/FLNA/GNG2/HTR2B/GNB5/PRKD1",6
"GO:0051493","regulation of cytoskeleton organization","24/477","514/18842",0.0466926070038911,1.8444069206862,3.12817833196726,0.0031215594033145,0.0488945958711984,0.0488945958711984,"FERMT2/DLC1/TGFBR1/RDX/DIXDC1/PHLDB2/RHOQ/MAP1B/SVIL/EPHA3/CLIC4/FLNA/SYNPO2/LMOD1/CDH5/KANK2/SLIT2/CCDC88A/NCKAP1L/PRKD1/NEXN/ASB2/EVL/CFL2",24
"GO:0034446","substrate adhesion-dependent cell spreading","8/477","97/18842",0.0824742268041237,3.25781840973438,3.59292252548358,0.00321578682176128,0.0498869016768624,0.0498869016768624,"FERMT2/TGFB1I1/ANTXR1/GBP1/PDPN/ITGA4/FLNA/LAMB2",8
"GO:0051899","membrane depolarization","8/477","97/18842",0.0824742268041237,3.25781840973438,3.59292252548358,0.00321578682176128,0.0498869016768624,0.0498869016768624,"FHL1/ATP1A2/CHRNA3/DCN/MLLT11/ANK2/CAV1/CACNA2D1",8
"GO:0050727","regulation of inflammatory response","21/477","429/18842",0.048951048951049,1.9336177449385,3.1524714714002,0.00322096538339238,0.0498869016768624,0.0498869016768624,"SERPINE1/TNC/GBP5/IL10RA/PTGER3/GBP1/NFATC1/RORA/CCL5/PTGIS/IL6ST/CDH5/AGTR1/GBP2/ADAMTS12/SLAMF8/PTPRC/LGALS1/FYN/OSMR/NKG7",21
"GO:0001953","negative regulation of cell-matrix adhesion","5/477","40/18842",0.125,4.93763102725367,4.01771094307114,0.00322705518933119,0.0498869016768624,0.0498869016768624,"SERPINE1/DLC1/MAP4K4/PHLDB2/THBS1",5
"GO:0099622","cardiac muscle cell membrane repolarization","5/477","40/18842",0.125,4.93763102725367,4.01771094307114,0.00322705518933119,0.0498869016768624,0.0498869016768624,"KCNE4/KCNJ8/FLNA/ANK2/CACNA2D1",5
"GO:0150146","cell junction disassembly","5/477","40/18842",0.125,4.93763102725367,4.01771094307114,0.00322705518933119,0.0498869016768624,0.0498869016768624,"TGFBR1/MAP4K4/C1QC/PRICKLE1/C3",5
"GO:1904706","negative regulation of vascular associated smooth muscle cell proliferation","5/477","40/18842",0.125,4.93763102725367,4.01771094307114,0.00322705518933119,0.0498869016768624,0.0498869016768624,"EFEMP2/PRKG1/MEF2C/MYOCD/CNN1",5
