"ID","Description","GeneRatio","BgRatio","RichFactor","FoldEnrichment","zScore","pvalue","p.adjust","qvalue","geneID","Count"
"GO:0061061","muscle structure development","54/442","573/18842",0.0942408376963351,4.0173888322949,11.3685584677246,2.22855972421285e-18,1.84658458748277e-14,1.84658458748277e-14,"EFEMP2/RBPMS2/EGR2/PLEKHO1/NID1/SYNE1/ZFPM2/TGFBR1/SORBS2/SGCE/DOCK2/GREM1/JPH2/ADAMTS5/MYLK/POPDC2/BOC/RORA/ITGA11/ADAM12/MYL9/SVIL/TAGLN/LMOD1/MEIS1/PDLIM4/QKI/MEF2C/RGS2/CSRP2/DES/MYH11/CAV2/SGCD/ANK2/PGM5/CAV1/LAMB2/BASP1/FHL1/COL3A1/PDLIM7/COL6A1/PDLIM3/MYOCD/PRKD1/ASB2/PRICKLE1/SMTN/CFL2/CSRP1/LDB3/EDNRA/NFATC1",54
"GO:0001944","vasculature development","58/442","714/18842",0.0812324929971989,3.46285663586702,10.3984232257156,1.13089509351035e-16,4.68529837241339e-13,4.68529837241339e-13,"EFEMP2/LOXL1/EGR2/HSPB6/PTPN14/SPARC/SERPINE1/MCAM/CCL2/TGFBR1/AKT3/PECAM1/PLXDC1/AMOTL1/COL1A2/GREM1/MYLK/PKD2/PTGIS/RORA/ADAM12/PRKCB/ACKR3/ATP2B4/DCN/MFGE8/PDPN/THBS4/MEIS1/ACTA2/ADAMTS1/QKI/PTPRM/IGFBP7/C3/SERPINF1/RECK/THBS1/MEF2C/CDH5/AGTR1/COL4A1/CAV1/COL8A1/SLIT2/CYBB/FYN/VEGFC/COL3A1/JAM3/COL8A2/CYP1B1/MYOCD/MMP2/PRKD1/EDNRA/NRP2/NFATC1",58
"GO:0003012","muscle system process","46/442","477/18842",0.0964360587002096,4.11096881907093,10.6662947172138,3.68104915065981e-16,8.22048311865831e-13,8.2204831186583e-13,"CRYAB/PRKG1/SORBS2/TPM2/PLN/PPP1R12B/JPH2/TACR2/MYLK/PTGER3/CD38/ATP1A2/KCNJ8/FBXO32/STC1/MYL9/CHRNA3/ATP2B4/IL6ST/DTNA/LMOD1/MEIS1/ACTA2/SYNM/KCNMA1/FLNA/IGFBP5/GJA1/RGS2/DES/MYH11/ANK2/CAV1/F2R/SSPN/GJC1/CALD1/CACNA2D1/HTR2B/MYOCD/PRKD1/ASB2/SMTN/CNN1/EDNRA/KCNE4",46
"GO:0030198","extracellular matrix organization","35/442","278/18842",0.12589928057554,5.36695530453465,11.3689292284989,4.75460980392032e-16,8.22048311865831e-13,8.2204831186583e-13,"EFEMP2/LOXL1/POSTN/ADAMTS2/NID1/TGFBR1/COL1A2/LUM/PHLDB2/GREM1/CCDC80/ADAMTS5/COL13A1/DDR2/COL16A1/PDPN/ELN/ADAMTS1/RECK/MMP11/MYH11/AEBP1/COL4A1/ADAMTS12/COL8A1/LAMB2/PAPLN/HMCN1/COL3A1/COL8A2/COL12A1/CYP1B1/MMP2/PRICKLE1/CTSK",35
"GO:0043062","extracellular structure organization","35/442","279/18842",0.125448028673835,5.34771890559367,11.3394939856468,5.32133529198655e-16,8.22048311865831e-13,8.2204831186583e-13,"EFEMP2/LOXL1/POSTN/ADAMTS2/NID1/TGFBR1/COL1A2/LUM/PHLDB2/GREM1/CCDC80/ADAMTS5/COL13A1/DDR2/COL16A1/PDPN/ELN/ADAMTS1/RECK/MMP11/MYH11/AEBP1/COL4A1/ADAMTS12/COL8A1/LAMB2/PAPLN/HMCN1/COL3A1/COL8A2/COL12A1/CYP1B1/MMP2/PRICKLE1/CTSK",35
"GO:0045229","external encapsulating structure organization","35/442","280/18842",0.125,5.32861990950226,11.3101999328283,5.95255837701543e-16,8.22048311865831e-13,8.2204831186583e-13,"EFEMP2/LOXL1/POSTN/ADAMTS2/NID1/TGFBR1/COL1A2/LUM/PHLDB2/GREM1/CCDC80/ADAMTS5/COL13A1/DDR2/COL16A1/PDPN/ELN/ADAMTS1/RECK/MMP11/MYH11/AEBP1/COL4A1/ADAMTS12/COL8A1/LAMB2/PAPLN/HMCN1/COL3A1/COL8A2/COL12A1/CYP1B1/MMP2/PRICKLE1/CTSK",35
"GO:0006936","muscle contraction","40/442","375/18842",0.106666666666667,4.54708898944193,10.7533490089036,1.16369702086518e-15,1.37748478784127e-12,1.37748478784127e-12,"CRYAB/PRKG1/TPM2/PLN/PPP1R12B/JPH2/TACR2/MYLK/PTGER3/CD38/ATP1A2/KCNJ8/STC1/MYL9/CHRNA3/ATP2B4/DTNA/LMOD1/ACTA2/SYNM/KCNMA1/FLNA/GJA1/RGS2/DES/MYH11/ANK2/CAV1/F2R/SSPN/GJC1/CALD1/CACNA2D1/HTR2B/MYOCD/PRKD1/SMTN/CNN1/EDNRA/KCNE4",40
"GO:0001568","blood vessel development","55/442","687/18842",0.0800582241630277,3.41279877755603,9.98517185711163,1.41596268530675e-15,1.46658335130647e-12,1.46658335130647e-12,"EFEMP2/LOXL1/EGR2/HSPB6/SPARC/SERPINE1/MCAM/CCL2/TGFBR1/AKT3/PECAM1/PLXDC1/AMOTL1/COL1A2/GREM1/MYLK/PKD2/PTGIS/RORA/ADAM12/PRKCB/ACKR3/ATP2B4/DCN/MFGE8/THBS4/MEIS1/ACTA2/ADAMTS1/QKI/PTPRM/IGFBP7/C3/SERPINF1/RECK/THBS1/MEF2C/CDH5/AGTR1/COL4A1/CAV1/COL8A1/SLIT2/CYBB/FYN/VEGFC/COL3A1/JAM3/COL8A2/CYP1B1/MYOCD/MMP2/PRKD1/EDNRA/NRP2",55
"GO:0035239","tube morphogenesis","56/442","776/18842",0.0721649484536082,3.07631664878481,9.15477430436854,6.40566241749917e-14,5.8974798657109e-11,5.8974798657109e-11,"EFEMP2/RBPMS2/HSPB6/SPARC/SERPINE1/DLC1/MCAM/CCL2/TGFBR1/DACT1/AKT3/PLXDC1/AMOTL1/GREM1/KIF26B/MYLK/PKD2/PTGIS/RORA/ADAM12/PRKCB/ACKR3/ATP2B4/DCN/MFGE8/THBS4/MEIS1/ADAMTS1/QKI/PTPRM/IGFBP7/C3/SERPINF1/RECK/THBS1/MEF2C/CDH5/AGTR1/COL4A1/ADAMTS12/CAV1/COL8A1/SLIT2/CYBB/FYN/VEGFC/COL3A1/JAM3/COL8A2/CYP1B1/MMP2/PRKD1/ASB2/PRICKLE1/EDNRA/NRP2",56
"GO:0009887","animal organ morphogenesis","48/442","620/18842",0.0774193548387097,3.30030652459495,9.02688132339083,3.64999145831632e-13,3.02438292236091e-10,3.02438292236091e-10,"PBX3/EFEMP2/RBPMS2/SPARC/MGP/SERPINE1/DLC1/CCL2/ZFPM2/TGFBR1/MFAP5/FGFR1/MSN/COL1A2/GREM1/ADAMTS5/KIF26B/MYLK/COL13A1/PKD2/RAB23/STC1/FAM20C/DCN/ELN/TUBA1A/MEIS1/ACTA2/EFEMP1/PTPRM/ALDH1A3/MEF2C/GLI3/ACTG2/CAV1/MEIS2/SLIT2/BASP1/FHL1/COL3A1/HTR2B/MMP2/ASB2/PRICKLE1/EVL/FLI1/EDNRA/NRP2",48
"GO:0048514","blood vessel morphogenesis","48/442","648/18842",0.0740740740740741,3.15770068711245,8.66300979756657,1.82207378947158e-12,1.37251849268741e-09,1.37251849268741e-09,"EFEMP2/HSPB6/SPARC/SERPINE1/MCAM/CCL2/TGFBR1/AKT3/PLXDC1/AMOTL1/GREM1/MYLK/PKD2/PTGIS/RORA/ADAM12/PRKCB/ACKR3/ATP2B4/DCN/MFGE8/THBS4/MEIS1/ADAMTS1/QKI/PTPRM/IGFBP7/C3/SERPINF1/RECK/THBS1/CDH5/AGTR1/COL4A1/CAV1/COL8A1/SLIT2/CYBB/FYN/VEGFC/COL3A1/JAM3/COL8A2/CYP1B1/MMP2/PRKD1/EDNRA/NRP2",48
"GO:0008015","blood circulation","40/442","480/18842",0.0833333333333333,3.55241327300151,8.77941987218749,3.89240112335254e-12,2.4436763959393e-09,2.4436763959393e-09,"FERMT2/PRKG1/PLN/PECAM1/COL1A2/ITGA1/PCSK5/JPH2/TACR2/POPDC2/CD38/ATP1A2/KCNJ8/STC1/AKAP12/ATP2B4/ELN/KCNMA1/ITGA4/FLNA/GJA1/RGS2/CDH5/DES/AGTR1/SERPING1/SGCD/HSPB7/ANK2/CAV1/F2R/SLIT2/GJC1/VEGFC/CACNA2D1/HTR2B/ZEB2/MMP2/EDNRA/KCNE4",40
"GO:0007507","heart development","38/442","438/18842",0.0867579908675799,3.69840285956321,8.85608812218805,4.11534973047242e-12,2.4436763959393e-09,2.4436763959393e-09,"DLC1/HEG1/ZFPM2/TGFBR1/SORBS2/PCSK5/GREM1/JPH2/ADAMTS5/POPDC2/PKD2/HOPX/ELN/MEIS1/PDLIM4/GJA1/MEF2C/RGS2/MYH11/SGCD/HSPB7/CDH11/ANK2/SLIT2/BASP1/VCAM1/COL3A1/PDLIM7/PDLIM3/HTR2B/MYOCD/MMP2/ASB2/PRICKLE1/LDB3/EDNRA/NRP2/NFATC1",38
"GO:0060537","muscle tissue development","31/442","298/18842",0.104026845637584,4.43455616629718,9.26256446552719,4.12882808872197e-12,2.4436763959393e-09,2.4436763959393e-09,"EFEMP2/EGR2/ZFPM2/TGFBR1/SORBS2/GREM1/JPH2/MYLK/POPDC2/PKD2/HOPX/SVIL/MEIS1/IGFBP5/GJA1/MEF2C/RGS2/CSRP2/MYH11/CAV2/SGCD/PGM5/CAV1/COL3A1/COL6A1/MYOCD/ASB2/PRICKLE1/CFL2/CSRP1/EDNRA",31
"GO:0006939","smooth muscle contraction","17/442","85/18842",0.2,8.52579185520362,10.7779006069176,1.07413577260672e-11,5.74817245292482e-09,5.74817245292482e-09,"PRKG1/TACR2/MYLK/PTGER3/CD38/CHRNA3/ATP2B4/KCNMA1/RGS2/MYH11/CAV1/F2R/HTR2B/MYOCD/SMTN/CNN1/EDNRA",17
"GO:0003013","circulatory system process","43/442","564/18842",0.076241134751773,3.25008022849074,8.40867209364712,1.10995364768039e-11,5.74817245292482e-09,5.74817245292482e-09,"FERMT2/WWTR1/PRKG1/SLC24A3/PLN/PECAM1/COL1A2/ITGA1/PCSK5/JPH2/TACR2/POPDC2/CD38/ATP1A2/KCNJ8/STC1/AKAP12/ATP2B4/ELN/KCNMA1/ITGA4/FLNA/GJA1/RGS2/CDH5/DES/AGTR1/SERPING1/SGCD/HSPB7/ANK2/CAV1/F2R/SLIT2/GJC1/FYN/VEGFC/CACNA2D1/HTR2B/ZEB2/MMP2/EDNRA/KCNE4",43
"GO:0040017","positive regulation of locomotion","45/442","614/18842",0.0732899022801303,3.12427225964302,8.29428685799291,1.35529243751577e-11,6.60585478662098e-09,6.60585478662098e-09,"TIAM1/FERMT2/SPARC/SERPINE1/MCAM/CCL2/TWIST2/TGFBR1/MAP4K4/AKT3/FGFR1/PECAM1/GREM1/CCL5/PDGFC/TACR2/MYLK/ICAM1/DDR2/AKAP12/ACKR3/LRRC15/PDPN/THBS4/SYNPO2/SRGAP2C/ACTA2/GLIPR2/ADAMTS1/ITGA4/FLNA/CD74/IGFBP5/THBS1/CDH5/CAV1/F2R/PTPRC/SLIT2/VEGFC/JAM3/NCKAP1L/MMP2/PRKD1/NRP2",45
"GO:0031589","cell-substrate adhesion","32/442","333/18842",0.0960960960960961,4.0964765670648,8.83593748989741,1.5362023783209e-11,7.07165161487054e-09,7.07165161487054e-09,"EFEMP2/TIAM1/SORBS1/FERMT2/NID1/SERPINE1/DLC1/MAP4K4/TGFB1I1/SGCE/ITGA1/PHLDB2/GREM1/CCDC80/ANTXR1/COL13A1/GBP1/ITGA11/COL16A1/EPHA3/ITGBL1/PDPN/ITGA4/FLNA/EDIL3/THBS1/VWF/ADAMTS12/CDH11/LAMB2/VCAM1/COL3A1",32
"GO:0030335","positive regulation of cell migration","43/442","573/18842",0.075043630017452,3.19903184793853,8.2852504351134,1.85728401717813e-11,8.09971335070421e-09,8.09971335070421e-09,"TIAM1/FERMT2/SPARC/SERPINE1/MCAM/CCL2/TWIST2/TGFBR1/MAP4K4/AKT3/FGFR1/PECAM1/GREM1/CCL5/PDGFC/MYLK/ICAM1/DDR2/AKAP12/ACKR3/LRRC15/PDPN/THBS4/SYNPO2/SRGAP2C/ACTA2/GLIPR2/ADAMTS1/ITGA4/FLNA/CD74/IGFBP5/THBS1/CDH5/CAV1/F2R/PTPRC/VEGFC/JAM3/NCKAP1L/MMP2/PRKD1/NRP2",43
"GO:2000147","positive regulation of cell motility","44/442","600/18842",0.0733333333333333,3.12612368024133,8.20317774792878,2.27906574735547e-11,9.44216939129371e-09,9.44216939129371e-09,"TIAM1/FERMT2/SPARC/SERPINE1/MCAM/CCL2/TWIST2/TGFBR1/MAP4K4/AKT3/FGFR1/PECAM1/GREM1/CCL5/PDGFC/TACR2/MYLK/ICAM1/DDR2/AKAP12/ACKR3/LRRC15/PDPN/THBS4/SYNPO2/SRGAP2C/ACTA2/GLIPR2/ADAMTS1/ITGA4/FLNA/CD74/IGFBP5/THBS1/CDH5/CAV1/F2R/PTPRC/VEGFC/JAM3/NCKAP1L/MMP2/PRKD1/NRP2",44
"GO:0030336","negative regulation of cell migration","33/442","365/18842",0.0904109589041096,3.85412508522903,8.53410345713484,3.78475187415088e-11,1.4933549537721e-08,1.4933549537721e-08,"PRKG1/SERPINE1/DLC1/CCL2/TGFBR1/ADARB1/MCC/PHLDB2/GREM1/STC1/ATP2B4/DCN/CLIC4/SRGAP2C/PTPRM/CD300A/DPYSL3/SERPINF1/CYGB/CD74/RECK/IGFBP5/GJA1/THBS1/MEF2C/CDH11/SLIT2/COL3A1/MITF/ZEB2/CYP1B1/MYOCD/EVL",33
"GO:0001525","angiogenesis","43/442","594/18842",0.0723905723905724,3.08593476240535,8.00645940613086,5.90730833818308e-11,2.22490713137205e-08,2.22490713137205e-08,"HSPB6/SPARC/SERPINE1/MCAM/CCL2/TGFBR1/AKT3/PLXDC1/AMOTL1/GREM1/PTGIS/RORA/ADAM12/PRKCB/ACKR3/ATP2B4/DCN/MFGE8/THBS4/MEIS1/ADAMTS1/QKI/PTPRM/IGFBP7/C3/SERPINF1/RECK/THBS1/CDH5/AGTR1/COL4A1/COL8A1/SLIT2/CYBB/FYN/VEGFC/JAM3/COL8A2/CYP1B1/MMP2/PRKD1/EDNRA/NRP2",43
"GO:2000146","negative regulation of cell motility","33/442","380/18842",0.0868421052631579,3.70198856870684,8.24688864121288,1.09970910603631e-10,3.9618215880943e-08,3.9618215880943e-08,"PRKG1/SERPINE1/DLC1/CCL2/TGFBR1/ADARB1/MCC/PHLDB2/GREM1/STC1/ATP2B4/DCN/CLIC4/SRGAP2C/PTPRM/CD300A/DPYSL3/SERPINF1/CYGB/CD74/RECK/IGFBP5/GJA1/THBS1/MEF2C/CDH11/SLIT2/COL3A1/MITF/ZEB2/CYP1B1/MYOCD/EVL",33
"GO:0042692","muscle cell differentiation","32/442","365/18842",0.0876712328767123,3.73733341597967,8.18488534000892,1.66938263547711e-10,5.76354354898471e-08,5.76354354898471e-08,"EFEMP2/RBPMS2/PLEKHO1/NID1/SYNE1/SORBS2/DOCK2/GREM1/ADAMTS5/POPDC2/RORA/ADAM12/MYL9/LMOD1/MEIS1/QKI/MEF2C/RGS2/CSRP2/MYH11/CAV2/ANK2/PGM5/LAMB2/COL6A1/MYOCD/PRKD1/ASB2/PRICKLE1/CSRP1/EDNRA/NFATC1",32
"GO:0040013","negative regulation of locomotion","33/442","389/18842",0.0848329048843188,3.61633844757994,8.08145261907526,2.02935286573064e-10,6.72608713817763e-08,6.72608713817763e-08,"PRKG1/SERPINE1/DLC1/CCL2/TGFBR1/ADARB1/MCC/PHLDB2/GREM1/STC1/ATP2B4/DCN/CLIC4/SRGAP2C/PTPRM/CD300A/DPYSL3/SERPINF1/CYGB/CD74/RECK/IGFBP5/GJA1/THBS1/MEF2C/CDH11/SLIT2/COL3A1/MITF/ZEB2/CYP1B1/MYOCD/EVL",33
"GO:0030199","collagen fibril organization","14/442","65/18842",0.215384615384615,9.18162199791159,10.2408777964001,2.55153982326621e-10,8.13156114445531e-08,8.13156114445531e-08,"EFEMP2/LOXL1/ADAMTS2/TGFBR1/COL1A2/LUM/GREM1/DDR2/AEBP1/COL4A1/ADAMTS12/COL3A1/COL12A1/CYP1B1",14
"GO:0030036","actin cytoskeleton organization","45/442","705/18842",0.0638297872340425,2.7209974005969,7.21848809103342,1.20977490737492e-09,3.71266477129946e-07,3.71266477129946e-07,"SORBS1/FERMT2/DLC1/TGFBR1/TPM2/RDX/DIXDC1/WIPF1/AMOTL1/PHLDB2/DOCK2/ANTXR1/MYL9/SVIL/EPHA3/SYNPO2/LMOD1/PDLIM4/FLNA/DPYSL3/CSRP2/MYH11/CAP2/KANK2/PGM5/PALLD/SLIT2/CALD1/HIP1/HMCN1/PDLIM7/MYO5A/PDLIM3/CCDC88A/ZEB2/NCKAP1L/PRKD1/ASB2/SMTN/CNN1/EVL/CFL2/CSRP1/LDB3/RHOQ",45
"GO:0044057","regulation of system process","38/442","551/18842",0.0689655172413793,2.93992822593228,7.16303271338254,3.15257148004115e-09,9.32935974415035e-07,9.32935974415035e-07,"EGR2/PRKG1/NLGN4X/PLN/PPP1R12B/JPH2/TACR2/POPDC2/PTGER3/TSHZ3/CD38/ATP1A2/FBXO32/STC1/MYL9/CHRNA3/ATP2B4/IL6ST/QKI/ITGA4/FLNA/IGFBP5/GJA1/RGS2/DES/AGTR1/HSPB7/ANK2/CAV1/F2R/GJC1/CACNA2D1/MYOCD/MMP2/PRKD1/CNN1/EDNRA/KCNE4",38
"GO:0000902","cell morphogenesis","46/442","761/18842",0.0604467805519054,2.57678334651358,6.88188367858424,4.36368909826232e-09,1.24681130580006e-06,1.24681130580006e-06,"TIAM1/FEZ1/FERMT2/SPARC/PRKG1/CCL2/MAP4K4/CDH19/CLU/RDX/MSN/ITGA1/GREM1/PPP1R12B/KCTD12/SDC2/BOC/LST1/STC1/CHRNA3/PALMD/EPHA3/RGMA/PDPN/TUBA1A/PTPRM/ITGA4/FLNA/ITPR1/MEF2C/CDH5/CAP2/CDH11/PALLD/GAP43/SLIT2/FYN/MAP1B/DCLK1/NCKAP1L/NEXN/PRICKLE1/EVL/EDNRA/NRP2/GAS7",46
"GO:0007160","cell-matrix adhesion","23/442","229/18842",0.100436681222707,4.28151119366121,7.74350602290136,5.08097550036183e-09,1.40336543319994e-06,1.40336543319994e-06,"EFEMP2/TIAM1/SORBS1/FERMT2/NID1/SERPINE1/DLC1/MAP4K4/SGCE/ITGA1/PHLDB2/GREM1/COL13A1/ITGA11/COL16A1/EPHA3/ITGBL1/ITGA4/THBS1/ADAMTS12/CDH11/VCAM1/COL3A1",23
"GO:0007517","muscle organ development","24/442","251/18842",0.0956175298804781,4.07607578734834,7.60390556364742,6.25086823101421e-09,1.6707965858769e-06,1.6707965858769e-06,"EFEMP2/EGR2/ZFPM2/TGFBR1/SGCE/JPH2/MYLK/POPDC2/ITGA11/SVIL/TAGLN/MEF2C/DES/CAV2/SGCD/CAV1/BASP1/FHL1/COL3A1/COL6A1/MYOCD/SMTN/CFL2/EDNRA",24
"GO:0071711","basement membrane organization","9/442","28/18842",0.321428571428571,13.7021654815772,10.4248642914215,9.22355484057405e-09,2.38832423153114e-06,2.38832423153114e-06,"NID1/PHLDB2/COL4A1/COL8A1/LAMB2/HMCN1/COL3A1/COL8A2/PRICKLE1",9
"GO:0070848","response to growth factor","43/442","715/18842",0.0601398601398601,2.56369964876752,6.6068978182372,1.67483243639921e-08,4.20535199030419e-06,4.20535199030419e-06,"NREP/RBPMS2/FEZ1/FERMT2/DKK3/CCL2/TGFBR1/TGFB1I1/FGFR1/COL1A2/LUM/GREM1/CCL5/CHRDL1/DDR2/PRKCB/CHRDL2/RGMA/PDGFRL/ATP2B4/DCN/NR3C1/ACTA2/FSTL1/THBS1/DOK5/MEF2C/CDH5/ADAMTS12/CAV1/MEIS2/SLIT2/VCAM1/FYN/VEGFC/COL3A1/MAP1B/DNM3OS/ZEB2/LATS2/MYOCD/PRKD1/NRP2",43
"GO:0034329","cell junction assembly","34/442","490/18842",0.0693877551020408,2.95792778649922,6.80623919317647,1.89554553206658e-08,4.61955596432461e-06,4.61955596432461e-06,"SORBS1/FERMT2/DLC1/NLGN4X/MAP4K4/CDH19/FGFR1/CLDN11/PECAM1/FZD1/PHLDB2/GREM1/SDC2/HOPX/COL16A1/EPHA3/LRRC15/SRGAP2C/LSAMP/MPDZ/GJA1/THBS1/PCDH17/MEF2C/CDH5/CDH11/ANK2/CAV1/GAP43/GJC1/MAP1B/JAM3/NEGR1/PRICKLE1",34
"GO:0030048","actin filament-based movement","17/442","138/18842",0.123188405797101,5.25139353400223,7.76886906376961,2.58582996908848e-08,6.12176774967632e-06,6.12176774967632e-06,"PLN/WIPF1/ATP1A2/KCNJ8/STC1/PDPN/ACTA2/QKI/FLNA/GJA1/ANK2/CAV1/GJC1/MYO5A/CACNA2D1/ZEB2/KCNE4",17
"GO:0003018","vascular process in circulatory system","23/442","255/18842",0.0901960784313725,3.84496495430752,7.08918907634935,3.87779966058012e-08,8.92540221876858e-06,8.92540221876858e-06,"FERMT2/PRKG1/SLC24A3/PECAM1/ITGA1/TACR2/CD38/ATP1A2/KCNJ8/AKAP12/ATP2B4/KCNMA1/ITGA4/RGS2/CDH5/AGTR1/CAV1/F2R/SLIT2/HTR2B/ZEB2/MMP2/EDNRA",23
"GO:0071363","cellular response to growth factor stimulus","41/442","685/18842",0.0598540145985401,2.55151435082736,6.41111008025454,4.19652170914179e-08,9.24067531831731e-06,9.24067531831731e-06,"NREP/RBPMS2/FEZ1/FERMT2/DKK3/CCL2/TGFBR1/TGFB1I1/FGFR1/COL1A2/GREM1/CCL5/CHRDL1/DDR2/PRKCB/CHRDL2/RGMA/PDGFRL/ATP2B4/DCN/NR3C1/ACTA2/FSTL1/THBS1/DOK5/MEF2C/CDH5/ADAMTS12/CAV1/SLIT2/VCAM1/FYN/VEGFC/COL3A1/MAP1B/DNM3OS/ZEB2/LATS2/MYOCD/PRKD1/NRP2",41
"GO:0014706","striated muscle tissue development","24/442","277/18842",0.0866425992779783,3.69348383618929,6.99940267830973,4.23781875568498e-08,9.24067531831731e-06,9.24067531831731e-06,"EGR2/ZFPM2/TGFBR1/SORBS2/GREM1/JPH2/POPDC2/HOPX/SVIL/MEIS1/GJA1/MEF2C/RGS2/MYH11/CAV2/SGCD/PGM5/CAV1/COL6A1/MYOCD/ASB2/PRICKLE1/CFL2/EDNRA",24
"GO:0001667","ameboidal-type cell migration","20/442","200/18842",0.1,4.26289592760181,7.18995489378278,5.52248668622946e-08,1.17331601748968e-05,1.17331601748968e-05,"TNS1/TGFBR1/MAP4K4/AMOTL1/MCC/DDR2/AKAP12/ACTA2/GLIPR2/ITGA4/CYGB/GJA1/THBS1/KANK2/HTR2B/ZEB2/MMP2/EVL/EDNRA/NRP2",20
"GO:0009611","response to wounding","33/442","496/18842",0.0665322580645161,2.83620091957378,6.42309790949806,8.34864078313529e-08,1.72942093822647e-05,1.72942093822647e-05,"NREP/FERMT2/PRKG1/SERPINE1/MCAM/TNC/TGFBR1/TFPI/PHLDB2/MYLK/DDR2/MYL9/RGMA/ANGPTL2/IL6ST/PDPN/AXL/FLNA/DPYSL3/THBS1/VWF/ANGPTL1/SERPING1/CAV1/F2R/THBD/GAP43/COL3A1/MAP1B/SLC11A1/MMP2/CSRP1/EDNRA",33
"GO:0055001","muscle cell development","17/442","151/18842",0.112582781456954,4.79928680590932,7.26488062209211,9.90705043058277e-08,1.92701391643426e-05,1.92701391643426e-05,"EFEMP2/SORBS2/MYL9/LMOD1/MEIS1/RGS2/CSRP2/MYH11/CAV2/ANK2/PGM5/COL6A1/PRKD1/ASB2/PRICKLE1/CSRP1/EDNRA",17
"GO:0046649","lymphocyte activation","41/442","707/18842",0.057991513437058,2.472117864663,6.18368997842107,9.93122015590385e-08,1.92701391643426e-05,1.92701391643426e-05,"HAVCR2/LILRB2/CCL2/TRAC/SLAMF7/CD3D/HLA-DRA/PECAM1/MSN/HLA-DOA/JAK3/CCL5/CLEC4A/ICAM1/CD38/RORA/LST1/HLA-DQB1/PRKCB/CD84/IL6ST/CLEC2B/IGHM/ITGA4/AXL/C3/CD300A/CD74/CD8A/MEF2C/GLI3/SASH3/CAV1/PTPRC/VCAM1/LGALS1/FYN/SLC11A1/NCKAP1L/NKG7/CD2",41
"GO:0070252","actin-mediated cell contraction","15/442","117/18842",0.128205128205128,5.46525118923309,7.50900010588319,1.004440668251e-07,1.92701391643426e-05,1.92701391643426e-05,"PLN/ATP1A2/KCNJ8/STC1/PDPN/ACTA2/QKI/FLNA/GJA1/ANK2/CAV1/GJC1/CACNA2D1/ZEB2/KCNE4",15
"GO:0032970","regulation of actin filament-based process","28/442","380/18842",0.0736842105263158,3.14108120981186,6.53491229149148,1.02327555301843e-07,1.92701391643426e-05,1.92701391643426e-05,"FERMT2/DLC1/TGFBR1/RDX/PLN/DIXDC1/PHLDB2/ATP1A2/STC1/SVIL/EPHA3/PDPN/SYNPO2/LMOD1/ACTA2/FLNA/KANK2/ANK2/CAV1/SLIT2/CCDC88A/ZEB2/NCKAP1L/PRKD1/ASB2/EVL/CFL2/RHOQ",28
"GO:0008285","negative regulation of cell population proliferation","39/442","656/18842",0.0594512195121951,2.53434361549498,6.19954982621614,1.08945770774896e-07,2.00605479253509e-05,2.00605479253509e-05,"EFEMP2/HAVCR2/PTPN14/LILRB2/SPARC/PRKG1/DLC1/IGFBP6/CCL2/RERG/TGFB1I1/RPS6KA2/ADARB1/MCC/ITGA1/GREM1/PKD2/LST1/OGN/IL6ST/PDPN/ADAMTS1/PTPRM/MN1/IGFBP7/CD300A/IGFBP5/THBS1/MEF2C/KANK2/CAV2/CAV1/F2R/BCHE/CYP1B1/MYOCD/PMP22/NEGR1/CNN1",39
"GO:0048729","tissue morphogenesis","29/442","408/18842",0.071078431372549,3.02999955638364,6.42496004013713,1.30258408569974e-07,2.34635037698001e-05,2.34635037698001e-05,"EFEMP2/FERMT2/DLC1/ZFPM2/TNC/TGFBR1/MSN/PHLDB2/GREM1/ADAMTS5/KIF26B/MYLK/PKD2/STC1/PDPN/ACTA2/FLNA/GJA1/MEF2C/ACTG2/COL4A1/ADAMTS12/SLIT2/COL3A1/MMP2/ASB2/PRICKLE1/EDNRA/NRP2",29
"GO:0030155","regulation of cell adhesion","42/442","742/18842",0.0566037735849057,2.41295995901989,6.08620698288152,1.33551595633257e-07,2.35228344544811e-05,2.35228344544811e-05,"EFEMP2/HAVCR2/FERMT2/LILRB2/NID1/LAMA4/PRKG1/SERPINE1/DLC1/CCL2/TNC/MAP4K4/HLA-DRA/ADAM19/HLA-DOA/PHLDB2/GREM1/JAK3/CCL5/CCDC80/GBP1/COL16A1/HLA-DQB1/EPHA3/IL6ST/PDPN/ITGA4/FLNA/CD300A/EDIL3/THBS1/GLI3/CAV1/LAMB2/PTPRC/VCAM1/LGALS1/FYN/JAM3/CYP1B1/NCKAP1L/MMP2",42
"GO:0007169","cell surface receptor protein tyrosine kinase signaling pathway","37/442","609/18842",0.0607553366174056,2.58993677046415,6.1817812318083,1.36659513764911e-07,2.35228344544811e-05,2.35228344544811e-05,"TIAM1/SORBS1/IGFBP6/AKT3/FGFR1/ITGA1/GREM1/JAK3/PDGFC/CSF2RA/ANTXR1/EFS/DDR2/PRKCB/EPHA3/PDGFRL/DCN/EFEMP1/AXL/CD8A/IGFBP5/THBS1/DOK5/LCP2/ANGPTL1/CAV2/ADAMTS12/HIP1/FYN/VEGFC/CCDC88A/MYOCD/MMP2/PRKD1/PRICKLE1/NRP2/RHOQ",37
"GO:0042110","T cell activation","33/442","507/18842",0.0650887573964497,2.77466598837988,6.27818843487549,1.39104379467725e-07,2.35228344544811e-05,2.35228344544811e-05,"HAVCR2/LILRB2/CCL2/TRAC/SLAMF7/CD3D/HLA-DRA/PECAM1/MSN/HLA-DOA/JAK3/CCL5/CLEC4A/ICAM1/CD38/RORA/HLA-DQB1/CD84/IL6ST/CLEC2B/CD300A/CD74/CD8A/GLI3/CAV1/PTPRC/VCAM1/LGALS1/FYN/SLC11A1/NCKAP1L/NKG7/CD2",33
"GO:0050778","positive regulation of immune response","43/442","774/18842",0.0555555555555556,2.36827551533434,6.02480774489866,1.57531179284306e-07,2.61060670309953e-05,2.61060670309953e-05,"HAVCR2/TRAC/CD3D/CLU/C1QC/GBP5/HLA-DRA/C7/HLA-DOA/CCL5/RFTN1/IGLC1/GBP1/CD38/HLA-DQB1/PRKCB/RNF144A/MASP1/IL6ST/CLEC2B/C1S/CD300LF/IGHM/C3/CD300A/CD74/CD8A/LCP2/IGKC/MEF2C/GBP2/SERPING1/SASH3/C1R/PTPRC/CFH/FYN/A2M/SLC11A1/LATS2/NCKAP1L/PRKD1/IGHD",43
"GO:1903522","regulation of blood circulation","22/442","257/18842",0.0856031128404669,3.64917161117665,6.62749745075199,1.92417292536168e-07,3.12621507049939e-05,3.12621507049939e-05,"PLN/JPH2/POPDC2/CD38/ATP1A2/STC1/ATP2B4/ITGA4/FLNA/GJA1/RGS2/DES/AGTR1/HSPB7/ANK2/CAV1/F2R/GJC1/CACNA2D1/MMP2/EDNRA/KCNE4",22
"GO:0002253","activation of immune response","36/442","597/18842",0.0603015075376884,2.57059050910662,6.04411053866652,2.43746450805709e-07,3.88400594495405e-05,3.88400594495404e-05,"HAVCR2/TRAC/CD3D/CLU/C1QC/GBP5/C7/RFTN1/IGLC1/GBP1/CD38/HLA-DQB1/PRKCB/RNF144A/MASP1/CLEC2B/C1S/CD300LF/IGHM/C3/CD300A/CD8A/LCP2/IGKC/MEF2C/GBP2/SERPING1/C1R/PTPRC/CFH/FYN/A2M/LATS2/NCKAP1L/PRKD1/IGHD",36
"GO:0006956","complement activation","11/442","65/18842",0.169230769230769,7.21413156978768,7.77818408540405,2.9928504294218e-07,4.67901106758283e-05,4.67901106758283e-05,"CLU/C1QC/C7/MASP1/C1S/C3/SERPING1/C1R/CFH/A2M/IGHD",11
"GO:0097435","supramolecular fiber organization","43/442","794/18842",0.0541561712846348,2.30862122023776,5.83934138921342,3.16321239713365e-07,4.85377368937953e-05,4.85377368937953e-05,"EFEMP2/SORBS1/FERMT2/CRYAB/DLC1/CLIP4/TGFBR1/TPM2/CLU/RDX/WIPF1/PHLDB2/MYL9/SVIL/SYNPO2/TUBA1A/LMOD1/FLNA/DPYSL3/CDH5/CSRP2/DES/MYH11/CAP2/KANK2/PGM5/SLIT2/BASP1/CALD1/HIP1/COL3A1/MAP1B/MYO5A/CCDC88A/ZEB2/NCKAP1L/PRKD1/ASB2/CNN1/EVL/CFL2/CSRP1/RHOQ",43
"GO:0003015","heart process","21/442","244/18842",0.0860655737704918,3.66888583932943,6.50348266278172,3.33985366473386e-07,5.03164135745178e-05,5.03164135745178e-05,"WWTR1/PLN/JPH2/POPDC2/ATP1A2/KCNJ8/STC1/ATP2B4/FLNA/GJA1/RGS2/DES/SGCD/HSPB7/ANK2/CAV1/GJC1/FYN/CACNA2D1/EDNRA/KCNE4",21
"GO:0050851","antigen receptor-mediated signaling pathway","19/442","206/18842",0.0922330097087379,3.93179721477837,6.55760699249359,4.21824553177818e-07,6.24149687077035e-05,6.24149687077035e-05,"TRAC/CD3D/RFTN1/IGLC1/GBP1/CD38/HLA-DQB1/PRKCB/CLEC2B/IGHM/CD300A/CD8A/LCP2/IGKC/MEF2C/PTPRC/FYN/NCKAP1L/IGHD",19
"GO:0051146","striated muscle cell differentiation","22/442","271/18842",0.0811808118081181,3.46065352056235,6.32370590797784,4.79997301257307e-07,6.97764497932991e-05,6.97764497932991e-05,"PLEKHO1/SORBS2/DOCK2/GREM1/ADAMTS5/POPDC2/ADAM12/MYL9/LMOD1/MEIS1/MEF2C/RGS2/CSRP2/MYH11/CAV2/PGM5/COL6A1/MYOCD/PRKD1/ASB2/PRICKLE1/CSRP1",22
"GO:0001501","skeletal system development","25/442","341/18842",0.0733137829912024,3.12529026950279,6.13835554139228,5.48220710238997e-07,7.83199449144885e-05,7.83199449144885e-05,"PRKG1/MGP/TGFBR1/FGFR1/COL1A2/LUM/PCSK5/GREM1/PRELP/COL13A1/GPR161/RAB23/DDR2/STC1/OGN/CHRDL2/TRPS1/EFEMP1/GJA1/MEF2C/ADAMTS12/CDH11/PTPRC/COL3A1/EDNRA",25
"GO:0090257","regulation of muscle system process","21/442","252/18842",0.0833333333333333,3.55241327300151,6.32216415088041,5.69691346411815e-07,8.00078389214966e-05,8.00078389214966e-05,"PRKG1/PLN/PPP1R12B/JPH2/TACR2/ATP1A2/FBXO32/STC1/MYL9/CHRNA3/ATP2B4/IL6ST/IGFBP5/RGS2/ANK2/CAV1/F2R/CACNA2D1/MYOCD/PRKD1/CNN1",21
"GO:0022603","regulation of anatomical structure morphogenesis","42/442","786/18842",0.0534351145038168,2.27788332009257,5.67212638814884,6.22683854429121e-07,8.59926402966616e-05,8.59926402966616e-05,"TIAM1/HSPB6/FERMT2/SPARC/SERPINE1/CCL2/RDX/AKT3/MSN/GREM1/KCTD12/SDC2/PTGIS/LST1/ADAM12/CHRNA3/PALMD/PRKCB/RGMA/ATP2B4/DCN/PDPN/THBS4/ADAMTS1/QKI/PTPRM/C3/SERPINF1/RECK/GJA1/THBS1/MEF2C/CDH5/ADAMTS12/SLIT2/CYBB/YME1L1/FYN/VEGFC/MAP1B/CYP1B1/PRKD1",42
"GO:0006937","regulation of muscle contraction","17/442","172/18842",0.0988372093023256,4.21332737030411,6.56147133222665,6.49991567138369e-07,8.82922971362053e-05,8.82922971362053e-05,"PRKG1/PLN/PPP1R12B/JPH2/TACR2/ATP1A2/STC1/MYL9/CHRNA3/RGS2/ANK2/CAV1/F2R/CACNA2D1/MYOCD/PRKD1/CNN1",17
"GO:0009790","embryo development","36/442","626/18842",0.0575079872204473,2.45150564526622,5.72444760912628,7.56515361606419e-07,0.000101104617520497,0.000101104617520497,"PBX3/RBPMS2/SPARC/LAMA4/DLC1/TGFBR1/DACT1/MFAP5/FGFR1/PCSK5/GREM1/CHRDL1/GPR161/PKD2/HOPX/MEIS1/EFEMP1/ITGA4/ALDH1A3/SOX7/GJA1/MEF2C/GLI3/COL8A1/MEIS2/BASP1/PRICKLE2/COL3A1/COL6A1/HTR2B/COL12A1/MMP2/ASB2/PRICKLE1/EDNRA/NRP2",36
"GO:0050865","regulation of cell activation","34/442","579/18842",0.0587219343696028,2.5032549488508,5.69429631064129,9.72011956551052e-07,0.000127842715428286,0.000127842715428286,"HAVCR2/LILRB2/PRKG1/CCL2/HLA-DRA/HLA-DOA/JAK3/CCL5/CD38/DDR2/LST1/HLA-DQB1/CD84/IL6ST/PDPN/ACTA2/CD300LF/AXL/FLNA/CD300A/CYGB/CD74/THBS1/MEF2C/GLI3/SASH3/CAV1/PTPRC/THBD/VCAM1/LGALS1/FYN/NCKAP1L/CD2",34
"GO:0050853","B cell receptor signaling pathway","11/442","74/18842",0.148648648648649,6.33673718967837,7.12913562308602,1.15628832359468e-06,0.000149703203895398,0.000149703203895398,"RFTN1/IGLC1/CD38/PRKCB/IGHM/CD300A/IGKC/MEF2C/PTPRC/NCKAP1L/IGHD",11
"GO:0048660","regulation of smooth muscle cell proliferation","16/442","160/18842",0.1,4.26289592760181,6.42400288463571,1.18527557647845e-06,0.0001510952834877,0.0001510952834877,"EFEMP2/RBPMS2/PDE1A/PRKG1/CCL5/DDR2/OGN/ELN/ADAMTS1/IGFBP5/GJA1/THBS1/MEF2C/MYOCD/MMP2/CNN1",16
"GO:1901888","regulation of cell junction assembly","21/442","265/18842",0.0792452830188679,3.37814394262785,6.04265058689787,1.29270565464393e-06,0.000162293319005751,0.000162293319005751,"FERMT2/DLC1/NLGN4X/MAP4K4/FGFR1/FZD1/PHLDB2/GREM1/SDC2/HOPX/COL16A1/EPHA3/LRRC15/SRGAP2C/LSAMP/THBS1/MEF2C/CAV1/MAP1B/NEGR1/PRICKLE1",21
"GO:0007599","hemostasis","19/442","222/18842",0.0855855855855856,3.64842444254209,6.15217151028083,1.31980262753261e-06,0.000163222157787093,0.000163222157787093,"PRKG1/SERPINE1/TFPI/MYL9/ANGPTL2/IL6ST/PDPN/AXL/FLNA/THBS1/VWF/ANGPTL1/SERPING1/CAV1/F2R/THBD/COL3A1/CSRP1/FLI1",19
"GO:0048659","smooth muscle cell proliferation","16/442","163/18842",0.098159509202454,4.18443772034534,6.32854610942167,1.51854798765264e-06,0.000185039538613084,0.000185039538613084,"EFEMP2/RBPMS2/PDE1A/PRKG1/CCL5/DDR2/OGN/ELN/ADAMTS1/IGFBP5/GJA1/THBS1/MEF2C/MYOCD/MMP2/CNN1",16
"GO:0060485","mesenchyme development","22/442","291/18842",0.0756013745704467,3.22280791777456,5.92268949599389,1.58892453334968e-06,0.000190809111352688,0.000190809111352688,"TIAM1/FERMT2/WWTR1/ZFPM2/TGFBR1/TGFB1I1/FGFR1/GREM1/ADAMTS5/PKD2/EPHA3/PDPN/ACTA2/GLIPR2/QKI/MEF2C/ACTG2/BASP1/HTR2B/PRICKLE1/EDNRA/NRP2",22
"GO:1901342","regulation of vasculature development","25/442","362/18842",0.069060773480663,2.94398890027749,5.78830331485159,1.63735811627713e-06,0.000193090018709942,0.000193090018709942,"HSPB6/SPARC/SERPINE1/TGFBR1/AKT3/GREM1/PTGIS/ADAM12/PRKCB/ATP2B4/DCN/THBS4/ADAMTS1/QKI/PTPRM/C3/SERPINF1/RECK/THBS1/CDH5/CYBB/FYN/VEGFC/CYP1B1/PRKD1",25
"GO:0007229","integrin-mediated signaling pathway","13/442","109/18842",0.119266055045872,5.08418780356179,6.62780136940803,1.65452465947452e-06,0.000193090018709942,0.000193090018709942,"FERMT2/NID1/SERPINE1/ITGA1/ITGA11/COL16A1/ITGBL1/ADAMTS1/ITGA4/FLNA/LAMB2/COL3A1/PRKD1",13
"GO:0001935","endothelial cell proliferation","17/442","186/18842",0.0913978494623656,3.89619520264682,6.15218283054875,1.94015114598611e-06,0.000223279061050568,0.000223279061050568,"SPARC/CCL2/TGFBR1/AKT3/FGFR1/THBS4/PTPRM/ITGA4/THBS1/MEF2C/AGTR1/CAV2/CAV1/HTR2B/ZEB2/PRKD1/NRP2",17
"GO:0045216","cell-cell junction organization","17/442","187/18842",0.0909090909090909,3.87535993418346,6.12448522738761,2.08891109313544e-06,0.0002371057166811,0.0002371057166811,"FERMT2/TGFBR1/NLGN4X/CDH19/RDX/CLDN11/PECAM1/HOPX/MPDZ/GJA1/CDH5/CDH11/ANK2/CAV1/F2R/GJC1/JAM3",17
"GO:0007417","central nervous system development","40/442","767/18842",0.0521512385919166,2.22315302612871,5.36035461012276,2.13266858081748e-06,0.000238801241360185,0.000238801241360185,"PBX3/EGR2/FEZ1/DLC1/NLGN4X/CLU/FGFR1/DIXDC1/PLXDC1/FZD1/PDGFC/ATXN1/GPR161/ATP1A2/PKD2/RORA/GLIS2/ACKR3/ATP2B4/NR3C1/TUBA1A/MEIS1/SRGAP2C/EML1/QKI/C3/FLNA/RECK/GNB4/COL4A1/MEIS2/SLIT2/BASP1/CFH/RTN1/COL3A1/DCLK1/ZEB2/SMARCA1/NRP2",40
"GO:0050867","positive regulation of cell activation","24/442","345/18842",0.0695652173913043,2.96549281920126,5.71063705056897,2.33179495264666e-06,0.000257616706368403,0.000257616706368403,"HAVCR2/LILRB2/CCL2/HLA-DRA/HLA-DOA/CCL5/CD38/DDR2/HLA-DQB1/IL6ST/ACTA2/AXL/FLNA/CD74/THBS1/MEF2C/GLI3/SASH3/CAV1/PTPRC/VCAM1/FYN/NCKAP1L/CD2",24
"GO:0001936","regulation of endothelial cell proliferation","16/442","169/18842",0.0946745562130177,4.03587780127982,6.14433361413479,2.44894149641824e-06,0.000266999068938441,0.000266999068938441,"SPARC/CCL2/TGFBR1/AKT3/FGFR1/THBS4/PTPRM/ITGA4/THBS1/MEF2C/AGTR1/CAV2/CAV1/HTR2B/PRKD1/NRP2",16
"GO:0033627","cell adhesion mediated by integrin","11/442","80/18842",0.1375,5.86148190045249,6.75349058615177,2.55474996514979e-06,0.000274917639106898,0.000274917639106898,"SERPINE1/CCL5/ICAM1/ITGA11/COL16A1/ITGBL1/ITGA4/VCAM1/JAM3/CYP1B1/NCKAP1L",11
"GO:0033002","muscle cell proliferation","18/442","211/18842",0.0853080568720379,3.63659368231434,5.96926074421436,2.62265808764634e-06,0.000278606986079969,0.000278606986079969,"EFEMP2/RBPMS2/PDE1A/PRKG1/ZFPM2/TGFBR1/CCL5/DDR2/OGN/ELN/ADAMTS1/IGFBP5/GJA1/THBS1/MEF2C/MYOCD/MMP2/CNN1",18
"GO:0007015","actin filament organization","28/442","448/18842",0.0625,2.66430995475113,5.52572572816831,2.76994687024088e-06,0.000290528857807797,0.000290528857807797,"SORBS1/FERMT2/DLC1/TGFBR1/TPM2/RDX/WIPF1/PHLDB2/MYL9/SVIL/SYNPO2/LMOD1/FLNA/DPYSL3/CAP2/KANK2/SLIT2/CALD1/HIP1/MYO5A/CCDC88A/ZEB2/NCKAP1L/ASB2/CNN1/EVL/CFL2/RHOQ",28
"GO:0090066","regulation of anatomical structure size","27/442","423/18842",0.0638297872340425,2.7209974005969,5.54844866279644,2.82279678264766e-06,0.000292371176762731,0.000292371176762731,"PRKG1/RDX/PECAM1/MSN/ITGA1/CD38/SVIL/RGMA/LMOD1/KCNMA1/ITGA4/RGS2/KANK2/AGTR1/CAV1/PRR16/F2R/SLIT2/MAP1B/HTR2B/NCKAP1L/MMP2/PRKD1/ASB2/EVL/CFL2/EDNRA",27
"GO:0060047","heart contraction","19/442","236/18842",0.0805084745762712,3.4319924840862,5.82701209535531,3.27661335849445e-06,0.000329579796429785,0.000329579796429785,"PLN/JPH2/POPDC2/ATP1A2/KCNJ8/STC1/ATP2B4/FLNA/GJA1/RGS2/DES/SGCD/HSPB7/ANK2/CAV1/GJC1/CACNA2D1/EDNRA/KCNE4",19
"GO:0055002","striated muscle cell development","14/442","134/18842",0.104477611940299,4.45377186465861,6.21851324701526,3.27999300199246e-06,0.000329579796429785,0.000329579796429785,"SORBS2/MYL9/LMOD1/MEIS1/RGS2/CSRP2/MYH11/CAV2/PGM5/COL6A1/PRKD1/ASB2/PRICKLE1/CSRP1",14
"GO:0045765","regulation of angiogenesis","24/442","352/18842",0.0681818181818182,2.9065199506376,5.59626702220283,3.3013665343558e-06,0.000329579796429785,0.000329579796429785,"HSPB6/SPARC/SERPINE1/AKT3/GREM1/PTGIS/ADAM12/PRKCB/ATP2B4/DCN/THBS4/ADAMTS1/QKI/PTPRM/C3/SERPINF1/RECK/THBS1/CDH5/CYBB/FYN/VEGFC/CYP1B1/PRKD1",24
"GO:0002460","adaptive immune response based on somatic recombination of immune receptors built from immunoglobulin superfamily domains","25/442","377/18842",0.0663129973474801,2.82685406339643,5.5533375559223,3.38310575611751e-06,0.000333719217799878,0.000333719217799878,"HAVCR2/IL2RB/CLU/C1QC/HLA-DRA/C7/JAK3/RFTN1/IGLC1/RORA/IL18BP/IL6ST/C1S/C3/CTSC/CD74/CD8A/IGKC/MEF2C/C1R/PTPRC/LGALS1/SLC11A1/NCKAP1L/IGHD",25
"GO:0002250","adaptive immune response","39/442","754/18842",0.0517241379310345,2.20494616944921,5.23374117507633,3.49737033336638e-06,0.000340931889203222,0.000340931889203222,"HAVCR2/IL2RB/LILRB2/TRAC/SLAMF7/CD3D/CLU/C1QC/HLA-DRA/C7/HLA-DOA/JAK3/RFTN1/CLEC4A/IGLC1/RORA/IL18BP/HLA-DQB1/PRKCB/CD84/IL6ST/C1S/IGHM/C3/CTSC/CD74/CD8A/IGKC/MEF2C/SASH3/C1R/PTPRC/LGALS1/FYN/SLC11A1/IGLV1-44/NCKAP1L/LAIR1/IGHD",39
"GO:0002252","immune effector process","35/442","642/18842",0.0545171339563863,2.32400868327201,5.29025798465951,3.60034277430295e-06,0.000344191639690674,0.000344191639690674,"HAVCR2/IL2RB/SLAMF7/CLU/C1QC/HLA-DRA/C7/DOCK2/JAK3/RFTN1/ICAM1/IGLC1/RORA/MASP1/CD84/IL6ST/C1S/C3/CTSC/CD300A/CD74/CD8A/IGKC/SERPING1/SASH3/C1R/PTPRC/CFH/LGALS1/A2M/SLC11A1/NCKAP1L/NKG7/CD2/IGHD",35
"GO:0001503","ossification","24/442","354/18842",0.0677966101694915,2.89009893396733,5.56410606266826,3.6393228204596e-06,0.000344191639690674,0.000344191639690674,"FERMT2/WWTR1/MGP/TNC/TWIST2/SLC24A3/FZD1/GREM1/CHRDL1/COL13A1/DDR2/STC1/ITGA11/CHRDL2/IL6ST/IGFBP5/MEF2C/ADAMTS12/CDH11/VEGFC/PDLIM7/COL6A1/PRKD1/PRICKLE1",24
"GO:0007596","blood coagulation","18/442","216/18842",0.0833333333333333,3.55241327300151,5.84752744183953,3.65542653786861e-06,0.000344191639690674,0.000344191639690674,"PRKG1/SERPINE1/TFPI/MYL9/ANGPTL2/IL6ST/PDPN/AXL/FLNA/THBS1/VWF/ANGPTL1/SERPING1/CAV1/F2R/THBD/COL3A1/CSRP1",18
"GO:0050817","coagulation","18/442","220/18842",0.0818181818181818,3.48782394076512,5.75270388900409,4.73170097477844e-06,0.000440526677269822,0.000440526677269822,"PRKG1/SERPINE1/TFPI/MYL9/ANGPTL2/IL6ST/PDPN/AXL/FLNA/THBS1/VWF/ANGPTL1/SERPING1/CAV1/F2R/THBD/COL3A1/CSRP1",18
"GO:0006897","endocytosis","36/442","688/18842",0.0523255813953488,2.2305850783963,5.09652191732543,6.52640166989251e-06,0.000589119756513532,0.000589119756513532,"IL2RB/SERPINE1/CCL2/STON1/CLU/PECAM1/FNBP1/DOCK2/GREM1/MYLK/IL10RA/APOC1/EPHA3/ACKR3/MASP1/MFGE8/CD300LF/ITGA4/AXL/C3/CD300A/THBS1/CAV2/ANK2/CAV1/PTPRC/HIP1/FYN/PDLIM7/MYO5A/SRPX/SLC11A1/NCKAP1L/PRKD1/RHOQ/GAS7",36
"GO:0060322","head development","31/442","549/18842",0.0564663023679417,2.40709970411031,5.18588372107435,6.54847912545542e-06,0.000589119756513532,0.000589119756513532,"PBX3/EGR2/FEZ1/DLC1/NLGN4X/FGFR1/DIXDC1/FZD1/ATXN1/GPR161/ATP1A2/RORA/ATP2B4/TUBA1A/MEIS1/SRGAP2C/EML1/FLNA/CRISPLD2/GNB4/COL4A1/MEIS2/SLIT2/BASP1/RTN1/COL3A1/CRISPLD1/SMARCA1/PRICKLE1/EDNRA/NRP2",31
"GO:0086003","cardiac muscle cell contraction","11/442","88/18842",0.125,5.32861990950226,6.30809217720766,6.59608080390614e-06,0.000589119756513532,0.000589119756513532,"PLN/ATP1A2/KCNJ8/STC1/FLNA/GJA1/ANK2/CAV1/GJC1/CACNA2D1/KCNE4",11
"GO:0040007","growth","34/442","632/18842",0.0537974683544304,2.29333008763389,5.12586477817284,6.61213340040532e-06,0.000589119756513532,0.000589119756513532,"CRYAB/PRKG1/ZFPM2/TNC/RERG/TGFBR1/NLGN4X/SORBS2/RFTN1/KIF26B/CD38/DDR2/STC1/RGMA/CPQ/MEIS1/ITGA4/IGFBP7/IGFBP5/GJA1/MEF2C/RGS2/AGTR1/GAP43/SLIT2/BASP1/FHL1/COL3A1/MAP1B/DCLK1/LATS2/PRICKLE1/EDNRA/NRP2",34
"GO:1901699","cellular response to nitrogen compound","34/442","634/18842",0.0536277602523659,2.28609560786217,5.10553149502213,7.07107942798578e-06,0.000623308129152023,0.000623308129152023,"SORBS1/AKT3/JAK3/CSF2RA/ICAM1/PKD2/DDR2/STC1/CHRNA3/PRKCB/ATP2B4/ITGA4/FLNA/IGFBP5/GJA1/ITPR1/MEF2C/RGS10/GNG2/AGTR1/CAV2/CAV1/SLIT2/VCAM1/CYBB/FYN/MAP1B/MYO5A/CACNA2D1/HTR2B/GNB5/PRKD1/EDNRA/RHOQ",34
"GO:1903115","regulation of actin filament-based movement","8/442","44/18842",0.181818181818182,7.75071986836693,6.94823982639962,7.27106498378086e-06,0.00063165371010194,0.00063165371010194,"PLN/ATP1A2/STC1/PDPN/ACTA2/ANK2/CAV1/ZEB2",8
"GO:0042060","wound healing","25/442","394/18842",0.0634517766497462,2.70488320279303,5.30056660210845,7.31821821986317e-06,0.00063165371010194,0.00063165371010194,"FERMT2/PRKG1/SERPINE1/MCAM/TGFBR1/TFPI/PHLDB2/MYLK/DDR2/MYL9/ANGPTL2/IL6ST/PDPN/AXL/FLNA/THBS1/VWF/ANGPTL1/SERPING1/CAV1/F2R/THBD/COL3A1/SLC11A1/CSRP1",25
"GO:0085029","extracellular matrix assembly","8/442","45/18842",0.177777777777778,7.57848164906988,6.84765468738762,8.66355649339385e-06,0.000740064217569705,0.000740064217569705,"EFEMP2/TGFBR1/ELN/MYH11/COL8A1/COL3A1/COL8A2/PRICKLE1",8
"GO:0008016","regulation of heart contraction","17/442","208/18842",0.0817307692307692,3.48409763313609,5.58343520902363,8.79265421425909e-06,0.000743427885911743,0.000743427885911743,"PLN/JPH2/POPDC2/ATP1A2/STC1/ATP2B4/FLNA/GJA1/RGS2/DES/HSPB7/ANK2/CAV1/GJC1/CACNA2D1/EDNRA/KCNE4",17
"GO:0030100","regulation of endocytosis","21/442","300/18842",0.07,2.98402714932127,5.36888556950115,9.07391387457051e-06,0.000759459094592841,0.000759459094592841,"IL2RB/SERPINE1/CCL2/STON1/CLU/DOCK2/GREM1/MYLK/APOC1/EPHA3/MASP1/CD300LF/AXL/C3/CD300A/CAV1/PTPRC/HIP1/SLC11A1/NCKAP1L/PRKD1",21
"GO:0072001","renal system development","18/442","231/18842",0.0779220779220779,3.32173708644297,5.50285883531186,9.31392776911528e-06,0.000771752054948892,0.000771752054948892,"TGFBR1/PECAM1/PCSK5/GREM1/KIF26B/PKD2/KCNJ8/ACTA2/SERPINF1/MEF2C/KANK2/AGTR1/COL4A1/SLIT2/BASP1/MYOCD/PRICKLE1/EDNRA",18
"GO:0051897","positive regulation of phosphatidylinositol 3-kinase/protein kinase B signal transduction","16/442","188/18842",0.0851063829787234,3.6279965341292,5.61270122508711,9.6833051247351e-06,0.000794414517460941,0.000794414517460941,"FERMT2/TGFBR1/FGFR1/PECAM1/CCL5/PDGFC/DDR2/DCN/TSPYL5/AXL/THBS1/F2R/HIP1/FYN/CCDC88A/PRKD1",16
"GO:0035150","regulation of tube size","13/442","129/18842",0.10077519379845,4.29594163246694,5.82179429951928,1.09019718874288e-05,0.000868593644800337,0.000868593644800337,"PRKG1/PECAM1/ITGA1/CD38/KCNMA1/ITGA4/RGS2/AGTR1/CAV1/F2R/HTR2B/MMP2/EDNRA",13
"GO:0035296","regulation of tube diameter","13/442","129/18842",0.10077519379845,4.29594163246694,5.82179429951928,1.09019718874288e-05,0.000868593644800337,0.000868593644800337,"PRKG1/PECAM1/ITGA1/CD38/KCNMA1/ITGA4/RGS2/AGTR1/CAV1/F2R/HTR2B/MMP2/EDNRA",13
"GO:0097746","blood vessel diameter maintenance","13/442","129/18842",0.10077519379845,4.29594163246694,5.82179429951928,1.09019718874288e-05,0.000868593644800337,0.000868593644800337,"PRKG1/PECAM1/ITGA1/CD38/KCNMA1/ITGA4/RGS2/AGTR1/CAV1/F2R/HTR2B/MMP2/EDNRA",13
"GO:0048598","embryonic morphogenesis","23/442","354/18842",0.0649717514124294,2.76967814505202,5.2096092531978,1.16065493384014e-05,0.000915922550647559,0.000915922550647559,"RBPMS2/SPARC/DLC1/TGFBR1/DACT1/MFAP5/GREM1/PKD2/EFEMP1/ITGA4/ALDH1A3/SOX7/GJA1/MEF2C/GLI3/COL8A1/COL6A1/HTR2B/COL12A1/MMP2/ASB2/PRICKLE1/EDNRA",23
"GO:0048589","developmental growth","24/442","381/18842",0.062992125984252,2.68528877329248,5.15066616370769,1.25679459280462e-05,0.000977869456791078,0.000977869456791078,"PRKG1/ZFPM2/TGFBR1/NLGN4X/SORBS2/KIF26B/DDR2/STC1/RGMA/CPQ/MEIS1/ITGA4/MEF2C/RGS2/GAP43/SLIT2/BASP1/COL3A1/MAP1B/DCLK1/LATS2/PRICKLE1/EDNRA/NRP2",24
"GO:0048738","cardiac muscle tissue development","16/442","192/18842",0.0833333333333333,3.55241327300151,5.50955329703622,1.26275684137877e-05,0.000977869456791078,0.000977869456791078,"ZFPM2/TGFBR1/SORBS2/GREM1/JPH2/HOPX/MEIS1/GJA1/MEF2C/RGS2/MYH11/SGCD/MYOCD/ASB2/PRICKLE1/EDNRA",16
"GO:0035265","organ growth","12/442","113/18842",0.106194690265487,4.52696912665679,5.82824477428896,1.39114929684645e-05,0.00106101723321879,0.00106101723321878,"PRKG1/ZFPM2/TGFBR1/NLGN4X/SORBS2/DDR2/STC1/MEIS1/MEF2C/RGS2/BASP1/LATS2",12
"GO:0070661","leukocyte proliferation","19/442","261/18842",0.0727969348659004,3.10325757181741,5.30313119130636,1.39573833479179e-05,0.00106101723321879,0.00106101723321878,"HAVCR2/IL2RB/LILRB2/CLU/MSN/GREM1/CCL5/CSF2RA/CD38/LST1/IL6ST/CD300A/CD74/MEF2C/SASH3/PTPRC/VCAM1/SLC11A1/NCKAP1L",19
"GO:0045785","positive regulation of cell adhesion","26/442","437/18842",0.0594965675057208,2.53627675326423,5.03612457576463,1.49779296599066e-05,0.00112824659238169,0.00112824659238169,"EFEMP2/HAVCR2/FERMT2/LILRB2/NID1/CCL2/MAP4K4/HLA-DRA/ADAM19/HLA-DOA/CCL5/CCDC80/COL16A1/HLA-DQB1/IL6ST/PDPN/ITGA4/FLNA/EDIL3/GLI3/CAV1/LAMB2/PTPRC/VCAM1/FYN/NCKAP1L",26
"GO:0031032","actomyosin structure organization","16/442","196/18842",0.0816326530612245,3.47991504294025,5.40911477418364,1.63437973100907e-05,0.00122004238298569,0.00122004238298569,"SORBS1/FERMT2/DLC1/TGFBR1/PHLDB2/MYL9/LMOD1/CSRP2/MYH11/PGM5/CCDC88A/ZEB2/PRKD1/CNN1/EVL/CSRP1",16
"GO:0002468","dendritic cell antigen processing and presentation","5/442","15/18842",0.333333333333333,14.209653092006,7.93232826932868,1.71720721442521e-05,0.00126704546465386,0.00126704546465386,"HLA-DRA/CLEC4A/CD74/THBS1/SLC11A1",5
"GO:0150063","visual system development","19/442","265/18842",0.0716981132075472,3.05641594809186,5.22516859173482,1.72792828271647e-05,0.00126704546465386,0.00126704546465386,"PBX3/MFAP5/CHRDL1/ATP2B4/MAB21L2/MEIS1/EFEMP1/PTPRM/ALDH1A3/C3/SERPINF1/SGCD/COL4A1/MEIS2/SSPN/MAF/ZEB2/CYP1B1/PRICKLE1",19
"GO:0043542","endothelial cell migration","20/442","290/18842",0.0689655172413793,2.93992822593228,5.15992621179036,1.83597378531776e-05,0.00133446305132833,0.00133446305132833,"SPARC/TGFB1I1/AKT3/FGFR1/GREM1/STC1/ATP2B4/DCN/PTPRM/FSTL1/SERPINF1/THBS1/MEF2C/CDH5/SLIT2/VEGFC/ZEB2/CYP1B1/PRKD1/NRP2",20
"GO:0070665","positive regulation of leukocyte proliferation","13/442","138/18842",0.0942028985507246,4.01577152600171,5.51093045712376,2.25836898036366e-05,0.00161651171992902,0.00161651171992902,"HAVCR2/IL2RB/LILRB2/CCL5/CSF2RA/CD38/IL6ST/CD74/MEF2C/SASH3/PTPRC/VCAM1/NCKAP1L",13
"GO:0071622","regulation of granulocyte chemotaxis","8/442","51/18842",0.156862745098039,6.68689557270872,6.30288804720463,2.26303837209469e-05,0.00161651171992902,0.00161651171992902,"CCL2/CCL5/THBS4/CD74/THBS1/SLIT2/JAM3/NCKAP1L",8
"GO:0048880","sensory system development","19/442","271/18842",0.0701107011070111,2.98874622230385,5.11093745233068,2.35970352283101e-05,0.00166383089869082,0.00166383089869082,"PBX3/MFAP5/CHRDL1/ATP2B4/MAB21L2/MEIS1/EFEMP1/PTPRM/ALDH1A3/C3/SERPINF1/SGCD/COL4A1/MEIS2/SSPN/MAF/ZEB2/CYP1B1/PRICKLE1",19
"GO:0045807","positive regulation of endocytosis","14/442","159/18842",0.0880503144654088,3.7534932695865,5.40397675780707,2.36944298872214e-05,0.00166383089869082,0.00166383089869082,"IL2RB/SERPINE1/CCL2/CLU/DOCK2/GREM1/MASP1/CD300LF/AXL/C3/PTPRC/HIP1/SLC11A1/NCKAP1L",14
"GO:0048041","focal adhesion assembly","10/442","83/18842",0.120481927710843,5.1360191898817,5.85289789101036,2.40333654652363e-05,0.00167344929617603,0.00167344929617603,"SORBS1/FERMT2/DLC1/MAP4K4/PHLDB2/GREM1/COL16A1/EPHA3/THBS1/CDH11",10
"GO:0072537","fibroblast activation","5/442","16/18842",0.3125,13.3215497737557,7.64188499976435,2.44972325852973e-05,0.00169153391001478,0.00169153391001478,"DDR2/AKAP12/ACTA2/CYGB/ZEB2",5
"GO:0150115","cell-substrate junction organization","11/442","101/18842",0.108910891089109,4.64275794095247,5.68916877973611,2.493421275111e-05,0.0017030690213231,0.0017030690213231,"SORBS1/FERMT2/DLC1/MAP4K4/PHLDB2/GREM1/COL16A1/EPHA3/THBS1/CDH11/PRICKLE1",11
"GO:0035904","aorta development","7/442","38/18842",0.184210526315789,7.85270302452965,6.55364309168604,2.50753585084985e-05,0.0017030690213231,0.0017030690213231,"EFEMP2/LOXL1/EGR2/MYLK/PKD2/COL3A1/EDNRA",7
"GO:0006940","regulation of smooth muscle contraction","8/442","52/18842",0.153846153846154,6.55830142707971,6.22063292389724,2.62027004922932e-05,0.00176516728682229,0.00176516728682229,"PRKG1/TACR2/CHRNA3/RGS2/CAV1/F2R/MYOCD/CNN1",8
"GO:0006958","complement activation, classical pathway","7/442","39/18842",0.179487179487179,7.65135166492633,6.44440518728678,2.99487475256953e-05,0.00197997914646967,0.00197997914646967,"CLU/C1QC/C7/C1S/C3/C1R/IGHD",7
"GO:0060538","skeletal muscle organ development","11/442","103/18842",0.106796116504854,4.55260730132232,5.6033378492896,3.00050702340569e-05,0.00197997914646967,0.00197997914646967,"EGR2/POPDC2/SVIL/MEF2C/DES/CAV2/CAV1/BASP1/COL6A1/MYOCD/CFL2",11
"GO:0002696","positive regulation of leukocyte activation","21/442","325/18842",0.0646153846153846,2.75448659937348,4.94493537966614,3.01082998376995e-05,0.00197997914646967,0.00197997914646967,"HAVCR2/LILRB2/CCL2/HLA-DRA/HLA-DOA/CCL5/CD38/HLA-DQB1/IL6ST/AXL/CD74/THBS1/MEF2C/GLI3/SASH3/CAV1/PTPRC/VCAM1/FYN/NCKAP1L/CD2",21
"GO:0002443","leukocyte mediated immunity","25/442","429/18842",0.0582750582750583,2.48420508601504,4.81963869991809,3.0801095686179e-05,0.00200958959728881,0.00200958959728881,"HAVCR2/IL2RB/SLAMF7/CLU/C1QC/HLA-DRA/C7/JAK3/RFTN1/ICAM1/IGLC1/CD84/C1S/C3/CTSC/CD300A/CD74/CD8A/IGKC/C1R/PTPRC/NCKAP1L/NKG7/CD2/IGHD",25
"GO:0060048","cardiac muscle contraction","13/442","143/18842",0.0909090909090909,3.87535993418346,5.34940208678284,3.29554533220348e-05,0.0021333506736436,0.0021333506736436,"PLN/JPH2/ATP1A2/KCNJ8/STC1/FLNA/GJA1/RGS2/ANK2/CAV1/GJC1/CACNA2D1/KCNE4",13
"GO:0045597","positive regulation of cell differentiation","37/442","772/18842",0.0479274611398964,2.04309778913558,4.58678936368503,3.32729327482528e-05,0.00213720558722498,0.00213720558722498,"EFEMP2/TIAM1/EGR2/FERMT2/IL2RB/LILRB2/NID1/WWTR1/SERPINE1/TGFBR1/TGFB1I1/LMO3/FGFR1/HLA-DRA/FZD1/BOC/DDR2/IL6ST/PDPN/GLIPR2/QKI/AXL/SERPINF1/CD74/GJA1/MEF2C/CDH5/TCF4/AGTR1/GLI3/LAMB2/SLIT2/MAP1B/ZEB2/MYOCD/NCKAP1L/PRKD1",37
"GO:0035733","hepatic stellate cell activation","4/442","9/18842",0.444444444444444,18.9462041226747,8.34619068209913,3.42822470609545e-05,0.00218509768574668,0.00218509768574668,"DDR2/AKAP12/ACTA2/CYGB",4
"GO:0060840","artery development","9/442","70/18842",0.128571428571429,5.4808661926309,5.82116514681643,3.63175223931909e-05,0.00229715259961817,0.00229715259961817,"EFEMP2/LOXL1/EGR2/TGFBR1/AKT3/MYLK/PKD2/COL3A1/EDNRA",9
"GO:0120039","plasma membrane bounded cell projection morphogenesis","29/442","547/18842",0.0530164533820841,2.26003623218377,4.63515954684888,4.14496009366941e-05,0.0025862042484487,0.0025862042484487,"TIAM1/FEZ1/PRKG1/MAP4K4/ITGA1/PPP1R12B/KCTD12/SDC2/BOC/CHRNA3/EPHA3/RGMA/PDPN/TUBA1A/PTPRM/ITGA4/PALLD/GAP43/SLIT2/FYN/MAP1B/DCLK1/NCKAP1L/NEXN/PRICKLE1/EVL/EDNRA/NRP2/GAS7",29
"GO:1904018","positive regulation of vasculature development","15/442","189/18842",0.0793650793650794,3.38325073619191,5.10364538455382,4.15116057257635e-05,0.0025862042484487,0.0025862042484487,"HSPB6/SERPINE1/TGFBR1/AKT3/GREM1/PTGIS/ADAM12/PRKCB/C3/THBS1/CDH5/CYBB/VEGFC/CYP1B1/PRKD1",15
"GO:0090287","regulation of cellular response to growth factor stimulus","21/442","333/18842",0.0630630630630631,2.68831274713628,4.81767763262421,4.29337422296591e-05,0.00265484319488773,0.00265484319488773,"NREP/RBPMS2/DKK3/TGFB1I1/GREM1/CHRDL1/PRKCB/CHRDL2/ATP2B4/DCN/FSTL1/THBS1/DOK5/CDH5/ADAMTS12/CAV1/SLIT2/VEGFC/ZEB2/LATS2/MYOCD",21
"GO:1904705","regulation of vascular associated smooth muscle cell proliferation","10/442","89/18842",0.112359550561798,4.78977070517057,5.55426707534297,4.43409863044667e-05,0.00272155120384304,0.00272155120384304,"EFEMP2/PRKG1/DDR2/ADAMTS1/IGFBP5/GJA1/MEF2C/MYOCD/MMP2/CNN1",10
"GO:0060348","bone development","12/442","127/18842",0.094488188976378,4.02793315993872,5.30649093679606,4.5067328798344e-05,0.00274579328252263,0.00274579328252263,"PRKG1/GREM1/COL13A1/RAB23/DDR2/STC1/OGN/GJA1/MEF2C/ADAMTS12/PTPRC/COL3A1",12
"GO:0002698","negative regulation of immune effector process","11/442","108/18842",0.101851851851852,4.34183844477962,5.39804211582446,4.67363513732084e-05,0.00282669640495186,0.00282669640495186,"HAVCR2/CLU/JAK3/MASP1/CD84/CD300A/SERPING1/PTPRC/LGALS1/A2M/NCKAP1L",11
"GO:0001654","eye development","18/442","261/18842",0.0689655172413793,2.93992822593228,4.89131432197701,4.77767471745265e-05,0.00286868208034874,0.00286868208034874,"PBX3/MFAP5/CHRDL1/ATP2B4/MAB21L2/MEIS1/EFEMP1/PTPRM/ALDH1A3/SERPINF1/SGCD/COL4A1/MEIS2/SSPN/MAF/ZEB2/CYP1B1/PRICKLE1",18
"GO:0030449","regulation of complement activation","6/442","29/18842",0.206896551724138,8.81978467779685,6.53159072768522,4.83856786200028e-05,0.00287252161235386,0.00287252161235386,"CLU/MASP1/C3/SERPING1/CFH/A2M",6
"GO:1990874","vascular associated smooth muscle cell proliferation","10/442","90/18842",0.111111111111111,4.73655103066868,5.50709506384089,4.88559186495165e-05,0.00287252161235386,0.00287252161235386,"EFEMP2/PRKG1/DDR2/ADAMTS1/IGFBP5/GJA1/MEF2C/MYOCD/MMP2/CNN1",10
"GO:0002429","immune response-activating cell surface receptor signaling pathway","21/442","336/18842",0.0625,2.66430995475113,4.77091598275849,4.88807081030527e-05,0.00287252161235386,0.00287252161235386,"TRAC/CD3D/RFTN1/IGLC1/GBP1/CD38/HLA-DQB1/PRKCB/MASP1/CLEC2B/IGHM/C3/CD300A/CD8A/LCP2/IGKC/MEF2C/PTPRC/FYN/NCKAP1L/IGHD",21
"GO:0048858","cell projection morphogenesis","29/442","553/18842",0.0524412296564195,2.23551504340782,4.57056428118131,5.03790368617177e-05,0.00293972323546615,0.00293972323546615,"TIAM1/FEZ1/PRKG1/MAP4K4/ITGA1/PPP1R12B/KCTD12/SDC2/BOC/CHRNA3/EPHA3/RGMA/PDPN/TUBA1A/PTPRM/ITGA4/PALLD/GAP43/SLIT2/FYN/MAP1B/DCLK1/NCKAP1L/NEXN/PRICKLE1/EVL/EDNRA/NRP2/GAS7",29
"GO:0007044","cell-substrate junction assembly","10/442","91/18842",0.10989010989011,4.68450101934265,5.46061249133069,5.37569402034432e-05,0.00311489515052958,0.00311489515052958,"SORBS1/FERMT2/DLC1/MAP4K4/PHLDB2/GREM1/COL16A1/EPHA3/THBS1/CDH11",10
"GO:0002449","lymphocyte mediated immunity","21/442","339/18842",0.0619469026548673,2.64073199054979,4.72466062744934,5.55528394147065e-05,0.00319660296798791,0.00319660296798791,"HAVCR2/IL2RB/SLAMF7/CLU/C1QC/HLA-DRA/C7/RFTN1/IGLC1/C1S/C3/CTSC/CD74/CD8A/IGKC/C1R/PTPRC/NCKAP1L/NKG7/CD2/IGHD",21
"GO:0051051","negative regulation of transport","24/442","418/18842",0.0574162679425837,2.44759574790535,4.6387148354442,5.59588229289293e-05,0.00319775728820074,0.00319775728820074,"LILRB2/CRYAB/PLN/TACR2/APOC1/PTGER3/FRMD4A/ATP1A2/RAB23/STC1/PRKCB/EPHA3/CD84/CD300LF/CD300A/CD74/GJA1/THBS1/RGS2/CAV1/F2R/NCKAP1L/DERL3/PRKD1",24
"GO:0051251","positive regulation of lymphocyte activation","19/442","289/18842",0.0657439446366782,2.80259593856174,4.78623959542292,5.67151376465438e-05,0.00321877829136481,0.00321877829136481,"HAVCR2/LILRB2/CCL2/HLA-DRA/HLA-DOA/CCL5/CD38/HLA-DQB1/IL6ST/AXL/CD74/MEF2C/GLI3/SASH3/CAV1/PTPRC/VCAM1/FYN/NCKAP1L",19
"GO:0002768","immune response-regulating cell surface receptor signaling pathway","23/442","392/18842",0.0586734693877551,2.50118893711331,4.65515773828055,5.74151994562811e-05,0.00323634246731119,0.00323634246731119,"LILRB2/TRAC/CD3D/RFTN1/IGLC1/GBP1/CD38/HLA-DQB1/PRKCB/MASP1/CLEC2B/IGHM/C3/CD300A/CD8A/LCP2/IGKC/MEF2C/PTPRC/FYN/NCKAP1L/LAIR1/IGHD",23
"GO:0010761","fibroblast migration","7/442","43/18842",0.162790697674419,6.93959802167736,6.04335499048385,5.78726349793442e-05,0.00324008549620842,0.00324008549620842,"TNS1/DDR2/AKAP12/ACTA2/CYGB/THBS1/ZEB2",7
"GO:0045596","negative regulation of cell differentiation","31/442","615/18842",0.0504065040650407,2.14877680903506,4.48920893574761,5.83396079543067e-05,0.00324430866784822,0.00324430866784822,"RBPMS2/FERMT2/WWTR1/ZFPM2/TWIST2/TGFBR1/RUNX1T1/C1QC/DIXDC1/GREM1/JAK3/S1PR3/HOPX/RORA/EPHA3/RGMA/MEIS1/EFEMP1/QKI/RGS2/LBH/GLI3/ADAMTS12/CAV1/MEIS2/LGALS1/VEGFC/MYOCD/NEGR1/PRICKLE1/NFATC1",31
"GO:0050766","positive regulation of phagocytosis","9/442","75/18842",0.12,5.11547511312217,5.53486945936325,6.32552303129305e-05,0.00349330892516811,0.00349330892516811,"IL2RB/CCL2/DOCK2/MASP1/CD300LF/C3/PTPRC/SLC11A1/NCKAP1L",9
"GO:0002764","immune response-regulating signaling pathway","30/442","589/18842",0.0509337860780985,2.17125429249668,4.47606014966612,6.36603485035462e-05,0.00349330892516811,0.00349330892516811,"HAVCR2/LILRB2/TRAC/CD3D/GBP5/RFTN1/IGLC1/GBP1/CD38/HLA-DQB1/PRKCB/RNF144A/MASP1/CLEC2B/CD300LF/IGHM/C3/CD300A/CD8A/LCP2/IGKC/MEF2C/GBP2/PTPRC/FYN/LATS2/NCKAP1L/LAIR1/PRKD1/IGHD",30
"GO:0048812","neuron projection morphogenesis","28/442","533/18842",0.0525328330206379,2.23941999949063,4.49887565539603,6.58281980234324e-05,0.00358850295277737,0.00358850295277737,"TIAM1/FEZ1/PRKG1/MAP4K4/ITGA1/PPP1R12B/KCTD12/SDC2/BOC/CHRNA3/EPHA3/RGMA/TUBA1A/PTPRM/ITGA4/PALLD/GAP43/SLIT2/FYN/MAP1B/DCLK1/NCKAP1L/NEXN/PRICKLE1/EVL/EDNRA/NRP2/GAS7",28
"GO:0002455","humoral immune response mediated by circulating immunoglobulin","7/442","44/18842",0.159090909090909,6.78187988482106,5.95105246114901,6.7445904978505e-05,0.00365265861863982,0.00365265861863982,"CLU/C1QC/C7/C1S/C3/C1R/IGHD",7
"GO:0002757","immune response-activating signaling pathway","28/442","534/18842",0.052434456928839,2.2352263290796,4.48798001926344,6.79868892062391e-05,0.00365804781794089,0.00365804781794089,"HAVCR2/TRAC/CD3D/GBP5/RFTN1/IGLC1/GBP1/CD38/HLA-DQB1/PRKCB/RNF144A/MASP1/CLEC2B/CD300LF/IGHM/C3/CD300A/CD8A/LCP2/IGKC/MEF2C/GBP2/PTPRC/FYN/LATS2/NCKAP1L/PRKD1/IGHD",28
"GO:0010810","regulation of cell-substrate adhesion","15/442","198/18842",0.0757575757575758,3.22946661181955,4.88785392893757,7.07360806616268e-05,0.00378141396362735,0.00378141396362735,"EFEMP2/FERMT2/SERPINE1/DLC1/MAP4K4/PHLDB2/GREM1/CCDC80/GBP1/COL16A1/EPHA3/PDPN/FLNA/EDIL3/THBS1",15
"GO:0014812","muscle cell migration","10/442","95/18842",0.105263157894737,4.4872588711598,5.28122047857472,7.77727419970558e-05,0.00413092910376669,0.00413092910376669,"PRKG1/SERPINE1/CCL5/DDR2/THBS4/ADAMTS1/IGFBP5/MEF2C/SLIT2/MYOCD",10
"GO:0043408","regulation of MAPK cascade","31/442","626/18842",0.0495207667731629,2.11101875009035,4.3816354751295,8.07914771507491e-05,0.00426393745013444,0.00426393745013444,"HAVCR2/FERMT2/IL2RB/IGFBP6/MAP4K4/DACT1/LMO3/FGFR1/PECAM1/ITGA1/PDGFC/ICAM1/RASSF2/GBP1/DDR2/AKAP12/ACKR3/IL6ST/ACTA2/GLIPR2/CD300A/CD74/THBS1/MEF2C/RGS2/LBH/CAV2/CAV1/F2R/PTPRC/HTR2B",31
"GO:0061041","regulation of wound healing","12/442","135/18842",0.0888888888888889,3.78924082453494,5.04086448324678,8.1909917864373e-05,0.00429560493306452,0.00429560493306452,"FERMT2/PRKG1/SERPINE1/TFPI/PHLDB2/MYLK/DDR2/THBS1/SERPING1/CAV1/F2R/THBD",12
"GO:0070663","regulation of leukocyte proliferation","16/442","224/18842",0.0714285714285714,3.04492566257272,4.77187676348312,8.25690351772765e-05,0.00430293726716297,0.00430293726716297,"HAVCR2/IL2RB/LILRB2/GREM1/CCL5/CSF2RA/CD38/LST1/IL6ST/CD300A/CD74/MEF2C/SASH3/PTPRC/VCAM1/NCKAP1L",16
"GO:0051216","cartilage development","12/442","136/18842",0.0882352941176471,3.76137875964866,5.00909383180678,8.7967430257938e-05,0.00455561329448296,0.00455561329448296,"MGP/TGFBR1/LUM/GREM1/STC1/OGN/CHRDL2/TRPS1/EFEMP1/MEF2C/ADAMTS12/COL3A1",12
"GO:0002683","negative regulation of immune system process","27/442","514/18842",0.0525291828793774,2.23926439776749,4.4151167538579,8.88131259238748e-05,0.00457084199630576,0.00457084199630576,"HAVCR2/LILRB2/CCL2/CLU/C1QC/HLA-DOA/GREM1/JAK3/GBP1/IL18BP/LST1/MASP1/CD84/IL6ST/CD300LF/QKI/CD300A/THBS1/SERPING1/GLI3/PTPRC/SLIT2/LGALS1/FYN/COL3A1/A2M/NCKAP1L",27
"GO:0050900","leukocyte migration","21/442","352/18842",0.0596590909090909,2.5432049568079,4.5298172753953,9.48294719887153e-05,0.00485035188208948,0.00485035188208948,"SERPINE1/CCL2/PECAM1/MSN/GREM1/CCL5/ICAM1/THBS4/ITGA4/C3/CD300A/CD74/THBS1/SLIT2/VCAM1/FYN/VEGFC/JAM3/NCKAP1L/MMP2/ASB2",21
"GO:0086002","cardiac muscle cell action potential involved in contraction","8/442","62/18842",0.129032258064516,5.50051087432492,5.50128398043403,9.59489301383979e-05,0.00487750205599242,0.00487750205599242,"KCNJ8/FLNA/GJA1/ANK2/CAV1/GJC1/CACNA2D1/KCNE4",8
"GO:0051017","actin filament bundle assembly","13/442","159/18842",0.0817610062893082,3.48538660747318,4.87779345942145,9.8888489691435e-05,0.00496955114844977,0.00496955114844977,"SORBS1/FERMT2/DLC1/TGFBR1/PHLDB2/MYL9/SYNPO2/FLNA/DPYSL3/CALD1/CCDC88A/ZEB2/EVL",13
"GO:0050878","regulation of body fluid levels","20/442","327/18842",0.0611620795107034,2.60727579669835,4.5441914579987,9.89592010009911e-05,0.00496955114844977,0.00496955114844977,"PRKG1/SERPINE1/TFPI/MYL9/ANGPTL2/IL6ST/PDPN/AXL/FLNA/THBS1/VWF/ANGPTL1/SERPING1/CAV1/F2R/THBD/COL3A1/PRICKLE1/CSRP1/FLI1",20
"GO:0006909","phagocytosis","16/442","228/18842",0.0701754385964912,2.99150591410653,4.68903384150629,0.000101642518205487,0.00507355364970278,0.00507355364970278,"IL2RB/CCL2/PECAM1/DOCK2/MASP1/MFGE8/CD300LF/AXL/C3/CD300A/THBS1/PTPRC/FYN/SRPX/SLC11A1/NCKAP1L",16
"GO:0002577","regulation of antigen processing and presentation","5/442","21/18842",0.238095238095238,10.1497522085757,6.50207284494597,0.000103581586451851,0.00513938338526968,0.00513938338526968,"LILRB2/HLA-DOA/CD74/THBS1/SLC11A1",5
"GO:0002688","regulation of leukocyte chemotaxis","11/442","118/18842",0.0932203389830508,3.97388603420508,5.02250302248003,0.000105147764036744,0.00516505028410248,0.00516505028410248,"SERPINE1/CCL2/GREM1/CCL5/THBS4/CD74/THBS1/SLIT2/VEGFC/JAM3/NCKAP1L",11
"GO:0014910","regulation of smooth muscle cell migration","9/442","80/18842",0.1125,4.79575791855204,5.27300438326558,0.000105345582671171,0.00516505028410248,0.00516505028410248,"PRKG1/SERPINE1/CCL5/DDR2/ADAMTS1/IGFBP5/MEF2C/SLIT2/MYOCD",9
"GO:0016055","Wnt signaling pathway","24/442","436/18842",0.055045871559633,2.34654821702852,4.40899537171193,0.000107445027831163,0.00521463164610709,0.00521463164610709,"TIAM1/FERMT2/DKK3/WWTR1/IGFBP6/TGFB1I1/DACT1/DIXDC1/AMOTL1/MCC/FZD1/GREM1/PKD2/RECK/GLI3/CAV1/PRICKLE2/RBMS3/ZEB2/LATS2/PRICKLE1/CDK14/EDNRA/NFATC1",24
"GO:0002694","regulation of leukocyte activation","27/442","520/18842",0.0519230769230769,2.2134267316394,4.34893571967975,0.000107615497403369,0.00521463164610709,0.00521463164610709,"HAVCR2/LILRB2/CCL2/HLA-DRA/HLA-DOA/JAK3/CCL5/CD38/LST1/HLA-DQB1/CD84/IL6ST/CD300LF/AXL/CD300A/CD74/THBS1/MEF2C/GLI3/SASH3/CAV1/PTPRC/VCAM1/LGALS1/FYN/NCKAP1L/CD2",27
"GO:0043269","regulation of monoatomic ion transport","22/442","383/18842",0.0574412532637076,2.44866084614203,4.43931765831284,0.000112750677527574,0.00543169833717138,0.00543169833717138,"LILRB2/CCL2/PLN/CCL5/JPH2/TACR2/MYLK/ATP1A2/PKD2/STC1/CD84/ATP2B4/FLNA/STOM/FXYD6/ANK2/CAV1/F2R/FYN/FHL1/CACNA2D1/EDNRA",22
"GO:0007565","female pregnancy","12/442","140/18842",0.0857142857142857,3.65391079508727,4.88495435985249,0.000116213244603594,0.00556614418951088,0.00556614418951088,"HAVCR2/TGFBR1/PCSK5/CD38/STC1/COL16A1/IGFBP7/IGFBP5/GJA1/RGS2/PAPPA/MMP2",12
"GO:0032870","cellular response to hormone stimulus","31/442","639/18842",0.0485133020344288,2.06807157677083,4.25729260490309,0.00011718334364744,0.00558035164059015,0.00558035164059015,"SORBS1/CTSB/RDX/AKT3/LMO3/TFPI/JAK3/CSF2RA/ATP1A2/DDR2/STC1/PRKCB/NR3C1/MN1/IGFBP7/SERPINF1/MEF2C/LBH/KANK2/GNG2/AGTR1/CAV2/CAV1/SLIT2/FYN/MAP1B/MYO5A/LATS2/PRKD1/EDNRA/RHOQ",31
"GO:0050764","regulation of phagocytosis","10/442","100/18842",0.1,4.26289592760181,5.07048442530636,0.000120077933249344,0.00568551859945181,0.00568551859945181,"IL2RB/CCL2/DOCK2/MASP1/CD300LF/C3/CD300A/PTPRC/SLC11A1/NCKAP1L",10
"GO:0007420","brain development","27/442","524/18842",0.0515267175572519,2.19653034437498,4.30531102239493,0.000122056512398772,0.00572650082124442,0.00572650082124442,"PBX3/EGR2/FEZ1/DLC1/NLGN4X/FGFR1/DIXDC1/FZD1/ATXN1/GPR161/ATP1A2/RORA/ATP2B4/TUBA1A/MEIS1/SRGAP2C/EML1/FLNA/GNB4/COL4A1/MEIS2/SLIT2/BASP1/RTN1/COL3A1/SMARCA1/NRP2",27
"GO:0050671","positive regulation of lymphocyte proliferation","11/442","120/18842",0.0916666666666667,3.90765460030166,4.95235211879291,0.000122325687347365,0.00572650082124442,0.00572650082124442,"HAVCR2/LILRB2/CCL5/CD38/IL6ST/CD74/MEF2C/SASH3/PTPRC/VCAM1/NCKAP1L",11
"GO:0022614","membrane to membrane docking","3/442","5/18842",0.6,25.5773755656109,8.51861198927031,0.000123792956872046,0.00573382892210066,0.00573382892210066,"MSN/ICAM1/VCAM1",3
"GO:0045766","positive regulation of angiogenesis","14/442","185/18842",0.0756756756756757,3.22597529656353,4.71562755431242,0.000123866205292785,0.00573382892210066,0.00573382892210066,"HSPB6/SERPINE1/AKT3/GREM1/PTGIS/ADAM12/PRKCB/C3/THBS1/CDH5/CYBB/VEGFC/CYP1B1/PRKD1",14
"GO:0061572","actin filament bundle organization","13/442","163/18842",0.0797546012269939,3.39985564778058,4.76931830881856,0.000127138194408729,0.00585259488261514,0.00585259488261514,"SORBS1/FERMT2/DLC1/TGFBR1/PHLDB2/MYL9/SYNPO2/FLNA/DPYSL3/CALD1/CCDC88A/ZEB2/EVL",13
"GO:0032956","regulation of actin cytoskeleton organization","20/442","334/18842",0.0598802395209581,2.55263229197713,4.43727454510068,0.000131742518846414,0.00599937438109834,0.00599937438109834,"FERMT2/DLC1/TGFBR1/RDX/DIXDC1/PHLDB2/SVIL/EPHA3/SYNPO2/LMOD1/FLNA/KANK2/SLIT2/CCDC88A/NCKAP1L/PRKD1/ASB2/EVL/CFL2/RHOQ",20
"GO:0032946","positive regulation of mononuclear cell proliferation","11/442","121/18842",0.0909090909090909,3.87535993418346,4.91784207616854,0.000131774817446283,0.00599937438109834,0.00599937438109834,"HAVCR2/LILRB2/CCL5/CD38/IL6ST/CD74/MEF2C/SASH3/PTPRC/VCAM1/NCKAP1L",11
"GO:0007043","cell-cell junction assembly","12/442","142/18842",0.0845070422535211,3.60244726276209,4.8245799137455,0.000133039457090859,0.0060089905340948,0.0060089905340948,"CDH19/CLDN11/PECAM1/HOPX/MPDZ/GJA1/CDH5/CDH11/ANK2/CAV1/GJC1/JAM3",12
"GO:0051893","regulation of focal adhesion assembly","8/442","65/18842",0.123076923076923,5.24664114166377,5.31549037440798,0.000134723987081322,0.0060089905340948,0.0060089905340948,"FERMT2/DLC1/MAP4K4/PHLDB2/GREM1/COL16A1/EPHA3/THBS1",8
"GO:0090109","regulation of cell-substrate junction assembly","8/442","65/18842",0.123076923076923,5.24664114166377,5.31549037440798,0.000134723987081322,0.0060089905340948,0.0060089905340948,"FERMT2/DLC1/MAP4K4/PHLDB2/GREM1/COL16A1/EPHA3/THBS1",8
"GO:1902903","regulation of supramolecular fiber organization","21/442","361/18842",0.0581717451523546,2.47980095511463,4.39995635627635,0.000134886825892063,0.0060089905340948,0.0060089905340948,"FERMT2/CRYAB/DLC1/TGFBR1/CLU/RDX/PHLDB2/SVIL/SYNPO2/LMOD1/FLNA/CDH5/KANK2/SLIT2/MAP1B/CCDC88A/NCKAP1L/PRKD1/ASB2/EVL/CFL2",21
"GO:0002685","regulation of leukocyte migration","15/442","210/18842",0.0714285714285714,3.04492566257272,4.6186136276713,0.000136785625450901,0.00605904022485743,0.00605904022485743,"SERPINE1/CCL2/MSN/GREM1/CCL5/ICAM1/THBS4/ITGA4/CD300A/CD74/THBS1/SLIT2/VEGFC/JAM3/NCKAP1L",15
"GO:0006941","striated muscle contraction","16/442","234/18842",0.0683760683760684,2.91480063425765,4.56810250524756,0.000137472792936664,0.00605904022485743,0.00605904022485743,"PLN/JPH2/ATP1A2/KCNJ8/STC1/DTNA/SYNM/FLNA/GJA1/RGS2/ANK2/CAV1/GJC1/CACNA2D1/PRKD1/KCNE4",16
"GO:0006816","calcium ion transport","23/442","416/18842",0.0552884615384615,2.35688957535677,4.33740360166018,0.000139648746262877,0.0061223783679058,0.0061223783679058,"LILRB2/CCL2/SLC24A3/PLN/CCL5/JPH2/MYLK/ATP1A2/PKD2/STC1/CHRNA3/CD84/ATP2B4/FLNA/ITPR1/ANK2/CAV1/F2R/PTPRC/FYN/CACNA2D1/HTR2B/EDNRA",23
"GO:1903034","regulation of response to wounding","13/442","165/18842",0.0787878787878788,3.35864527629233,4.71634147549477,0.000143700814880825,0.00625397731572138,0.00625397731572138,"FERMT2/PRKG1/SERPINE1/TFPI/PHLDB2/MYLK/DDR2/RGMA/THBS1/SERPING1/CAV1/F2R/THBD",13
"GO:0051924","regulation of calcium ion transport","15/442","211/18842",0.0710900473933649,3.03049473526195,4.59704982069666,0.000144159988812791,0.00625397731572138,0.00625397731572138,"LILRB2/CCL2/PLN/CCL5/JPH2/MYLK/ATP1A2/PKD2/STC1/CD84/ANK2/CAV1/F2R/FYN/CACNA2D1",15
"GO:0030890","positive regulation of B cell proliferation","6/442","35/18842",0.171428571428571,7.30782159017453,5.78905744541233,0.000146784582741282,0.00633467214892843,0.00633467214892843,"CD38/CD74/MEF2C/SASH3/PTPRC/NCKAP1L",6
"GO:0060326","cell chemotaxis","19/442","311/18842",0.0610932475884244,2.60434156348664,4.42162390253518,0.000149053604466781,0.00639926511197797,0.00639926511197797,"SERPINE1/CCL2/FGFR1/ITGA1/GREM1/CCL5/ACKR3/THBS4/C3/CD74/THBS1/AGTR1/SLIT2/VCAM1/VEGFC/JAM3/NCKAP1L/MMP2/PRKD1",19
"GO:0030193","regulation of blood coagulation","8/442","66/18842",0.121212121212121,5.16714657891129,5.25609739926582,0.000150209690577581,0.00641565719652494,0.00641565719652494,"PRKG1/SERPINE1/TFPI/THBS1/SERPING1/CAV1/F2R/THBD",8
"GO:0043114","regulation of vascular permeability","7/442","50/18842",0.14,5.96805429864253,5.4517889126761,0.000155765646097157,0.0066188417618515,0.0066188417618515,"FERMT2/PRKG1/TACR2/AKAP12/CDH5/SLIT2/ZEB2",7
"GO:2001044","regulation of integrin-mediated signaling pathway","5/442","23/18842",0.217391304347826,9.26716506000393,6.14860301303599,0.000164780845813566,0.00696619432862861,0.00696619432862861,"NID1/SERPINE1/FLNA/LAMB2/PRKD1",5
"GO:0019882","antigen processing and presentation","10/442","104/18842",0.0961538461538462,4.09893839192482,4.91159097500554,0.000166624238279766,0.00699423213014674,0.00699423213014673,"LILRB2/HLA-DRA/HLA-DOA/RFTN1/CLEC4A/HLA-DQB1/CD74/CD8A/THBS1/SLC11A1",10
"GO:1900046","regulation of hemostasis","8/442","67/18842",0.119402985074627,5.09002498818127,5.19789602365339,0.000167132266687069,0.00699423213014674,0.00699423213014673,"PRKG1/SERPINE1/TFPI/THBS1/SERPING1/CAV1/F2R/THBD",8
"GO:0010762","regulation of fibroblast migration","6/442","36/18842",0.166666666666667,7.10482654600302,5.68238377309647,0.00017268728261997,0.00715443411894537,0.00715443411894537,"DDR2/AKAP12/ACTA2/CYGB/THBS1/ZEB2",6
"GO:0014912","negative regulation of smooth muscle cell migration","6/442","36/18842",0.166666666666667,7.10482654600302,5.68238377309647,0.00017268728261997,0.00715443411894537,0.00715443411894537,"PRKG1/SERPINE1/IGFBP5/MEF2C/SLIT2/MYOCD",6
"GO:0003158","endothelium development","11/442","125/18842",0.088,3.75134841628959,4.78339973269903,0.000176038691529124,0.00722107226737784,0.00722107226737784,"RDX/PECAM1/MSN/S1PR3/ICAM1/STC1/PDPN/FSTL1/CDH5/ADAMTS12/EDNRA",11
"GO:0030168","platelet activation","11/442","125/18842",0.088,3.75134841628959,4.78339973269903,0.000176038691529124,0.00722107226737784,0.00722107226737784,"PRKG1/MYL9/IL6ST/PDPN/AXL/FLNA/VWF/F2R/THBD/COL3A1/CSRP1",11
"GO:0002009","morphogenesis of an epithelium","19/442","316/18842",0.060126582278481,2.56313362735552,4.3431318648081,0.000182975948743274,0.00746866360239786,0.00746866360239786,"FERMT2/DLC1/TNC/MSN/PHLDB2/GREM1/KIF26B/PKD2/PDPN/FLNA/GJA1/MEF2C/COL4A1/ADAMTS12/SLIT2/MMP2/ASB2/PRICKLE1/EDNRA",19
"GO:0014909","smooth muscle cell migration","9/442","86/18842",0.104651162790698,4.46117015679259,4.98604578315374,0.000184602061598609,0.00748061191914194,0.00748061191914194,"PRKG1/SERPINE1/CCL5/DDR2/ADAMTS1/IGFBP5/MEF2C/SLIT2/MYOCD",9
"GO:0051896","regulation of phosphatidylinositol 3-kinase/protein kinase B signal transduction","17/442","265/18842",0.0641509433962264,2.73468795355588,4.40768659657176,0.000185074275093422,0.00748061191914194,0.00748061191914194,"FERMT2/TGFBR1/FGFR1/PECAM1/CCL5/PDGFC/DDR2/DCN/RCN3/TSPYL5/AXL/THBS1/F2R/HIP1/FYN/CCDC88A/PRKD1",17
"GO:0051249","regulation of lymphocyte activation","24/442","453/18842",0.0529801324503311,2.25848790866321,4.20216682539176,0.000191239706348973,0.00769229226605624,0.00769229226605625,"HAVCR2/LILRB2/CCL2/HLA-DRA/HLA-DOA/JAK3/CCL5/CD38/LST1/HLA-DQB1/IL6ST/AXL/CD300A/CD74/MEF2C/GLI3/SASH3/CAV1/PTPRC/VCAM1/LGALS1/FYN/NCKAP1L/CD2",24
"GO:0043068","positive regulation of programmed cell death","26/442","511/18842",0.050880626223092,2.16898814320249,4.15223261613965,0.000198185419178555,0.00793316127204594,0.00793316127204594,"DLC1/CCL2/TGFBR1/RPS6KA2/CLU/ITGA1/CCL5/HTRA1/RASSF2/PTGIS/PRKCB/AKAP12/MLLT11/KCNMA1/ITGA4/THBS1/ITPR1/MEF2C/CAV1/F2R/SLIT2/LGALS1/LATS2/CYP1B1/MMP2/PNMA1",26
"GO:0001885","endothelial cell development","7/442","52/18842",0.134615384615385,5.73851374869474,5.30315871173561,0.000200395253547277,0.00798305322544586,0.00798305322544586,"RDX/PECAM1/MSN/S1PR3/ICAM1/STC1/CDH5",7
"GO:0086001","cardiac muscle cell action potential","9/442","87/18842",0.103448275862069,4.40989233889842,4.94078501540049,0.000201705785888245,0.00799681407593302,0.00799681407593302,"ATP1A2/KCNJ8/FLNA/GJA1/ANK2/CAV1/GJC1/CACNA2D1/KCNE4",9
"GO:0043065","positive regulation of apoptotic process","25/442","484/18842",0.0516528925619835,2.20190905351333,4.15179405386898,0.000208518079583613,0.00822752765442769,0.00822752765442769,"DLC1/CCL2/TGFBR1/RPS6KA2/CLU/ITGA1/CCL5/HTRA1/RASSF2/PTGIS/AKAP12/MLLT11/KCNMA1/ITGA4/THBS1/ITPR1/MEF2C/CAV1/F2R/SLIT2/LGALS1/LATS2/CYP1B1/MMP2/PNMA1",25
"GO:0043410","positive regulation of MAPK cascade","23/442","428/18842",0.0537383177570093,2.29080855922527,4.18662294760395,0.000211186213687467,0.0082933126379827,0.0082933126379827,"HAVCR2/FERMT2/IL2RB/IGFBP6/FGFR1/PECAM1/ITGA1/PDGFC/ICAM1/RASSF2/DDR2/AKAP12/ACKR3/IL6ST/ACTA2/GLIPR2/CD74/THBS1/MEF2C/CAV2/F2R/PTPRC/HTR2B",23
"GO:0007159","leukocyte cell-cell adhesion","22/442","402/18842",0.054726368159204,2.33292811958308,4.18690875180039,0.000223986383380052,0.00873573741693259,0.00873573741693259,"HAVCR2/LILRB2/CCL2/HLA-DRA/PECAM1/MSN/HLA-DOA/JAK3/CCL5/ICAM1/HLA-DQB1/CERCAM/IL6ST/ITGA4/CD300A/GLI3/CAV1/PTPRC/VCAM1/LGALS1/FYN/NCKAP1L",22
"GO:0007162","negative regulation of cell adhesion","18/442","295/18842",0.0610169491525424,2.6010890405706,4.29579803244464,0.000224560954598919,0.00873573741693259,0.00873573741693259,"HAVCR2/LILRB2/PRKG1/SERPINE1/DLC1/MAP4K4/PHLDB2/JAK3/GBP1/CD300A/THBS1/GLI3/PTPRC/LGALS1/FYN/JAM3/CYP1B1/MMP2",18
"GO:0055074","calcium ion homeostasis","14/442","196/18842",0.0714285714285714,3.04492566257272,4.46032925402754,0.0002267891431482,0.00878119084171022,0.00878119084171021,"SLC24A3/FGFR1/PLN/CCL5/JPH2/STC1/ATP2B4/ITPR1/CDH5/CAV2/ANK2/CAV1/HTR2B/EDNRA",14
"GO:0006959","humoral immune response","18/442","296/18842",0.0608108108108108,2.5923015775957,4.27957115013274,0.000234047332002132,0.00902007531613797,0.00902007531613797,"CCL2/CLU/C1QC/C7/CCL5/HLA-DQB1/MASP1/C1S/RNASE6/IGHM/C3/MEF2C/SERPING1/C1R/CFH/A2M/SLC11A1/IGHD",18
"GO:0060414","aorta smooth muscle tissue morphogenesis","3/442","6/18842",0.5,21.3144796380091,7.71331707485715,0.000243268762675322,0.00933206003485056,0.00933206003485056,"EFEMP2/MYLK/COL3A1",3
"GO:0010763","positive regulation of fibroblast migration","4/442","14/18842",0.285714285714286,12.1797026502909,6.48554345575864,0.000248072947617484,0.00942904790806638,0.00942904790806638,"DDR2/AKAP12/ACTA2/THBS1",4
"GO:0045916","negative regulation of complement activation","4/442","14/18842",0.285714285714286,12.1797026502909,6.48554345575864,0.000248072947617484,0.00942904790806638,0.00942904790806638,"CLU/MASP1/SERPING1/A2M",4
"GO:0042310","vasoconstriction","8/442","71/18842",0.112676056338028,4.80326301701612,4.9761793859854,0.00025127229472327,0.00948502567299905,0.00948502567299905,"CD38/ITGA4/AGTR1/CAV1/F2R/HTR2B/MMP2/EDNRA",8
"GO:0050866","negative regulation of cell activation","14/442","198/18842",0.0707070707070707,3.01416883769825,4.41583785767133,0.00025183510114166,0.00948502567299905,0.00948502567299905,"HAVCR2/LILRB2/PRKG1/JAK3/LST1/CD84/CD300LF/CD300A/CYGB/GLI3/PTPRC/THBD/LGALS1/FYN",14
"GO:0007423","sensory organ development","21/442","379/18842",0.0554089709762533,2.36202676727277,4.15153124411466,0.000262064837635977,0.00982565269073171,0.00982565269073171,"PBX3/SPARC/MFAP5/CHRDL1/ATP2B4/MAB21L2/MEIS1/EFEMP1/PTPRM/ALDH1A3/SERPINF1/GLI3/SGCD/COL4A1/MEIS2/SSPN/MAF/ZEB2/CYP1B1/PRICKLE1/EDNRA",21
"GO:0097553","calcium ion transmembrane import into cytosol","13/442","176/18842",0.0738636363636364,3.14872994652406,4.43881185932909,0.000272037252275121,0.0101536066322147,0.0101536066322147,"JPH2/ATP1A2/PKD2/ATP2B4/FLNA/ITPR1/ANK2/CAV1/F2R/PTPRC/FYN/CACNA2D1/HTR2B",13
"GO:0050818","regulation of coagulation","8/442","72/18842",0.111111111111111,4.73655103066868,4.92333318741354,0.000276980527527227,0.0102917517986126,0.0102917517986126,"PRKG1/SERPINE1/TFPI/THBS1/SERPING1/CAV1/F2R/THBD",8
"GO:0008277","regulation of G protein-coupled receptor signaling pathway","12/442","154/18842",0.0779220779220779,3.32173708644297,4.48379950120235,0.000284431733248106,0.0104746726297503,0.0104746726297503,"SERPINE1/GPRASP1/CCL5/KCTD12/PKD2/ATP2B4/C3/RGS2/RGS10/CAV2/SLIT2/RGS16",12
"GO:1902904","negative regulation of supramolecular fiber organization","12/442","154/18842",0.0779220779220779,3.32173708644297,4.48379950120235,0.000284431733248106,0.0104746726297503,0.0104746726297503,"CRYAB/DLC1/CLU/RDX/PHLDB2/SVIL/LMOD1/CDH5/KANK2/SLIT2/MAP1B/ASB2",12
"GO:0001822","kidney development","15/442","225/18842",0.0666666666666667,2.84193061840121,4.30788275496534,0.000290004864573416,0.0106326562294483,0.0106326562294483,"TGFBR1/PECAM1/PCSK5/GREM1/KIF26B/PKD2/KCNJ8/ACTA2/SERPINF1/MEF2C/KANK2/AGTR1/SLIT2/BASP1/EDNRA",15
"GO:0044703","multi-organism reproductive process","12/442","155/18842",0.0774193548387097,3.30030652459495,4.45693156343148,0.000301902617125611,0.011020110508823,0.011020110508823,"HAVCR2/TGFBR1/PCSK5/CD38/STC1/COL16A1/IGFBP7/IGFBP5/GJA1/RGS2/PAPPA/MMP2",12
"GO:0150116","regulation of cell-substrate junction organization","8/442","73/18842",0.10958904109589,4.67166676997459,4.87145079062,0.000304798898316884,0.0110341126853116,0.0110341126853116,"FERMT2/DLC1/MAP4K4/PHLDB2/GREM1/COL16A1/EPHA3/THBS1",8
"GO:0110053","regulation of actin filament organization","16/442","251/18842",0.0637450199203187,2.71738385823223,4.24528704014388,0.000304949529922322,0.0110341126853116,0.0110341126853116,"FERMT2/DLC1/TGFBR1/RDX/PHLDB2/SVIL/SYNPO2/LMOD1/FLNA/KANK2/SLIT2/CCDC88A/NCKAP1L/ASB2/EVL/CFL2",16
"GO:0007519","skeletal muscle tissue development","9/442","92/18842",0.0978260869565217,4.17022427700177,4.7242999438346,0.000308238060696992,0.0110884557087698,0.0110884557087698,"EGR2/POPDC2/SVIL/MEF2C/CAV2/CAV1/COL6A1/MYOCD/CFL2",9
"GO:0050777","negative regulation of immune response","14/442","202/18842",0.0693069306930693,2.95448232606066,4.32851250204854,0.000309127838369035,0.0110884557087698,0.0110884557087698,"HAVCR2/CLU/JAK3/IL18BP/MASP1/IL6ST/CD300A/SERPING1/PTPRC/LGALS1/FYN/COL3A1/A2M/NCKAP1L",14
"GO:1990776","response to angiotensin","6/442","40/18842",0.15,6.39434389140272,5.29323040987566,0.000314411246332056,0.0112293602892561,0.0112293602892561,"DDR2/AGTR1/CAV1/CYBB/COL3A1/PRKD1",6
"GO:0046651","lymphocyte proliferation","15/442","227/18842",0.066079295154185,2.81689158211573,4.26839516270685,0.000318790199629956,0.0113016862247327,0.0113016862247327,"HAVCR2/LILRB2/MSN/CCL5/CD38/LST1/IL6ST/CD300A/CD74/MEF2C/SASH3/PTPRC/VCAM1/SLC11A1/NCKAP1L",15
"GO:0048844","artery morphogenesis","7/442","56/18842",0.125,5.32861990950226,5.02782907531116,0.000320528151437629,0.0113016862247327,0.0113016862247327,"EFEMP2/TGFBR1/AKT3/MYLK/PKD2/COL3A1/EDNRA",7
"GO:0086009","membrane repolarization","7/442","56/18842",0.125,5.32861990950226,5.02782907531116,0.000320528151437629,0.0113016862247327,0.0113016862247327,"ATP1A2/KCNJ8/FLNA/ANK2/CAV1/CACNA2D1/KCNE4",7
"GO:0071560","cellular response to transforming growth factor beta stimulus","17/442","278/18842",0.0611510791366906,2.60680686220255,4.18316017140775,0.000324668533671609,0.0113991672457752,0.0113991672457752,"NREP/FERMT2/DKK3/TGFBR1/TGFB1I1/COL1A2/DDR2/NR3C1/ACTA2/THBS1/MEF2C/CDH5/COL3A1/DNM3OS/ZEB2/LATS2/MYOCD",17
"GO:0001867","complement activation, lectin pathway","4/442","15/18842",0.266666666666667,11.3677224736048,6.22576365125731,0.000332036902335023,0.0115599066081849,0.0115599066081849,"MASP1/C3/SERPING1/A2M",4
"GO:0002826","negative regulation of T-helper 1 type immune response","4/442","15/18842",0.266666666666667,11.3677224736048,6.22576365125731,0.000332036902335023,0.0115599066081849,0.0115599066081849,"HAVCR2/JAK3/IL18BP/IL6ST",4
"GO:0010959","regulation of metal ion transport","19/442","332/18842",0.0572289156626506,2.43960911519381,4.10170685227037,0.000341244843119741,0.0118307730966116,0.0118307730966116,"LILRB2/CCL2/PLN/CCL5/JPH2/MYLK/ATP1A2/PKD2/STC1/CD84/ATP2B4/FLNA/FXYD6/ANK2/CAV1/F2R/FYN/FHL1/CACNA2D1",19
"GO:0035051","cardiocyte differentiation","11/442","135/18842",0.0814814814814815,3.4734707558237,4.47018800732638,0.000344828443030072,0.0118558028172082,0.0118558028172082,"SORBS2/GREM1/MEIS1/MEF2C/RGS2/MYH11/VCAM1/MYOCD/ASB2/PRICKLE1/EDNRA",11
"GO:0050921","positive regulation of chemotaxis","11/442","135/18842",0.0814814814814815,3.4734707558237,4.47018800732638,0.000344828443030072,0.0118558028172082,0.0118558028172082,"SERPINE1/CCL2/FGFR1/CCL5/THBS4/CD74/THBS1/SLIT2/VEGFC/NCKAP1L/PRKD1",11
"GO:0050807","regulation of synapse organization","18/442","306/18842",0.0588235294117647,2.50758583976577,4.1208703440152,0.000349890835474551,0.0119801465402567,0.0119801465402567,"LILRB2/SPARC/NLGN4X/SPARCL1/FGFR1/FZD1/IL10RA/SDC2/LRRC15/TUBA1A/SRGAP2C/LSAMP/MEF2C/FYN/MAP1B/NEGR1/PRICKLE1/NRP2",18
"GO:0010927","cellular component assembly involved in morphogenesis","10/442","114/18842",0.087719298245614,3.73938239263317,4.54688094969682,0.000353099163731467,0.0119909002896678,0.0119909002896678,"PLN/MYL9/LMOD1/CSRP2/MYH11/ANK2/PGM5/PMP22/PRKD1/CSRP1",10
"GO:0032989","cellular anatomical entity morphogenesis","10/442","114/18842",0.087719298245614,3.73938239263317,4.54688094969682,0.000353099163731467,0.0119909002896678,0.0119909002896678,"PLN/MYL9/LMOD1/CSRP2/MYH11/ANK2/PGM5/PMP22/PRKD1/CSRP1",10
"GO:0051145","smooth muscle cell differentiation","7/442","57/18842",0.12280701754386,5.23513534968643,4.96310336828077,0.000358130721074969,0.0120238896025639,0.0120238896025639,"EFEMP2/RBPMS2/QKI/MEF2C/MYOCD/EDNRA/NFATC1",7
"GO:1904645","response to amyloid-beta","7/442","57/18842",0.12280701754386,5.23513534968643,4.96310336828077,0.000358130721074969,0.0120238896025639,0.0120238896025639,"ICAM1/ITGA4/GJA1/VCAM1/FYN/CACNA2D1/MMP2",7
"GO:0034762","regulation of transmembrane transport","21/442","388/18842",0.0541237113402062,2.30723748658861,4.03254568174045,0.000358423935775197,0.0120238896025639,0.0120238896025639,"SORBS1/PLN/JPH2/ATP1A2/PRKCB/ATP2B4/PTPRM/C3/FLNA/THBS1/RGS2/STOM/FXYD6/ANK2/CAV1/F2R/FYN/FHL1/CACNA2D1/EDNRA/RHOQ",21
"GO:0007200","phospholipase C-activating G protein-coupled receptor signaling pathway","12/442","158/18842",0.0759493670886076,3.2376424766596,4.37762453404221,0.000359875776215633,0.0120239140392046,0.0120239140392046,"TACR2/PTGER3/PKD2/PRKCB/ITPR1/RGS2/AGTR1/F2R/GAP43/HTR2B/PRKD1/EDNRA",12
"GO:0031579","membrane raft organization","5/442","27/18842",0.185185185185185,7.89425171778113,5.55611344629773,0.000365946203996232,0.0120815210710643,0.0120815210710643,"RFTN1/CAV2/CAV1/PTPRC/CD2",5
"GO:0032943","mononuclear cell proliferation","15/442","230/18842",0.0652173913043478,2.78014951800118,4.20996102323295,0.000366567412399621,0.0120815210710643,0.0120815210710643,"HAVCR2/LILRB2/MSN/CCL5/CD38/LST1/IL6ST/CD300A/CD74/MEF2C/SASH3/PTPRC/VCAM1/SLC11A1/NCKAP1L",15
"GO:1903053","regulation of extracellular matrix organization","8/442","75/18842",0.106666666666667,4.54708898944193,4.77045152203864,0.000367286197964346,0.0120815210710643,0.0120815210710643,"EFEMP2/NID1/TGFBR1/DDR2/PDPN/RECK/AEBP1/LAMB2",8
"GO:0090090","negative regulation of canonical Wnt signaling pathway","11/442","136/18842",0.0808823529411765,3.44793052967793,4.44050410471811,0.000367432212154019,0.0120815210710643,0.0120815210710643,"DKK3/WWTR1/IGFBP6/DACT1/MCC/GREM1/GLI3/CAV1/RBMS3/LATS2/PRICKLE1",11
"GO:0007178","cell surface receptor protein serine/threonine kinase signaling pathway","21/442","389/18842",0.0539845758354756,2.3013062848236,4.01952778450137,0.000370838767898307,0.0121453360901398,0.0121453360901398,"NREP/RBPMS2/FERMT2/LTBP1/DKK3/WWTR1/TGFBR1/TGFB1I1/COL1A2/GREM1/CHRDL1/CHRDL2/RGMA/FSTL1/THBS1/CDH5/CAV1/COL3A1/ZEB2/LATS2/MYOCD",21
"GO:0050808","synapse organization","27/442","562/18842",0.0480427046263345,2.04801049902578,3.90930804725657,0.000373138099468256,0.0121725287094251,0.0121725287094251,"LILRB2/SPARC/NLGN4X/SPARCL1/C1QC/FGFR1/FILIP1/DIXDC1/FZD1/CHRDL1/IL10RA/SDC2/LRRC15/TUBA1A/SRGAP2C/LSAMP/C3/PCDH17/MEF2C/CAP2/F2R/GAP43/FYN/MAP1B/NEGR1/PRICKLE1/NRP2",27
"GO:0007163","establishment or maintenance of cell polarity","13/442","182/18842",0.0714285714285714,3.04492566257272,4.29646815643542,0.000376427770030964,0.0122316882450062,0.0122316882450062,"FEZ1/RERG/AMOTL1/MSN/PHLDB2/FRMD4A/CLIC4/GJA1/CDH5/CAP2/NCKAP1L/PRICKLE1/RHOQ",13
"GO:0044706","multi-multicellular organism process","12/442","159/18842",0.0754716981132075,3.21727994535986,4.35161016103584,0.000381180860829853,0.0123377523938913,0.0123377523938913,"HAVCR2/TGFBR1/PCSK5/CD38/STC1/COL16A1/IGFBP7/IGFBP5/GJA1/RGS2/PAPPA/MMP2",12
"GO:0061337","cardiac conduction","9/442","95/18842",0.0947368421052632,4.03853298404382,4.60165511452839,0.000391958645856937,0.0126372347843213,0.0126372347843213,"ATP1A2/ATP2B4/FLNA/GJA1/ANK2/CAV1/GJC1/CACNA2D1/KCNE4",9
"GO:0097529","myeloid leukocyte migration","14/442","207/18842",0.0676328502415459,2.88311801866789,4.22233037054579,0.000396156300528754,0.0126729425878764,0.0126729425878764,"SERPINE1/CCL2/PECAM1/GREM1/CCL5/THBS4/CD300A/CD74/THBS1/SLIT2/VEGFC/JAM3/NCKAP1L/MMP2",14
"GO:0046631","alpha-beta T cell activation","13/442","183/18842",0.0710382513661202,3.02828672452588,4.27331501322768,0.000396774298595125,0.0126729425878764,0.0126729425878764,"TRAC/CD3D/HLA-DRA/JAK3/CLEC4A/RORA/IL6ST/CLEC2B/CD300A/GLI3/LGALS1/NCKAP1L/NKG7",13
"GO:0030888","regulation of B cell proliferation","7/442","58/18842",0.120689655172414,5.14487439538149,4.89988096166798,0.000399183926555121,0.0126729425878764,0.0126729425878764,"CD38/CD300A/CD74/MEF2C/SASH3/PTPRC/NCKAP1L",7
"GO:0086065","cell communication involved in cardiac conduction","7/442","58/18842",0.120689655172414,5.14487439538149,4.89988096166798,0.000399183926555121,0.0126729425878764,0.0126729425878764,"ATP1A2/FLNA/GJA1/ANK2/CAV1/GJC1/CACNA2D1",7
"GO:1902905","positive regulation of supramolecular fiber organization","12/442","160/18842",0.075,3.19717194570136,4.325801138132,0.000403542637833618,0.0127624209812571,0.0127624209812571,"FERMT2/TGFBR1/CLU/SYNPO2/LMOD1/FLNA/MAP1B/CCDC88A/NCKAP1L/PRKD1/EVL/CFL2",12
"GO:0051129","negative regulation of cellular component organization","33/442","749/18842",0.0440587449933244,1.87817844607289,3.80121635190978,0.000413394311496004,0.0129331362808027,0.0129331362808027,"FEZ1/LILRB2/CRYAB/DLC1/DACT1/CLU/RDX/PHLDB2/DENND5A/APOC1/CD38/SVIL/EPHA3/RGMA/LMOD1/SRGAP2C/CD300LF/CD300A/DPYSL3/RECK/THBS1/CDH5/KANK2/CAV1/SLIT2/FYN/MAP1B/JAM3/PMP22/PRKD1/NEGR1/ASB2/EVL",33
"GO:0071559","response to transforming growth factor beta","17/442","284/18842",0.0598591549295775,2.55173347778982,4.08380421155319,0.000415199612372139,0.0129331362808027,0.0129331362808027,"NREP/FERMT2/DKK3/TGFBR1/TGFB1I1/COL1A2/DDR2/NR3C1/ACTA2/THBS1/MEF2C/CDH5/COL3A1/DNM3OS/ZEB2/LATS2/MYOCD",17
"GO:0014820","tonic smooth muscle contraction","3/442","7/18842",0.428571428571429,18.2695539754363,7.08274370518329,0.000418305638819106,0.0129331362808027,0.0129331362808027,"MYLK/CD38/EDNRA",3
"GO:0051715","cytolysis in another organism","3/442","7/18842",0.428571428571429,18.2695539754363,7.08274370518329,0.000418305638819106,0.0129331362808027,0.0129331362808027,"GBP5/GBP1/GBP2",3
"GO:1902462","positive regulation of mesenchymal stem cell proliferation","3/442","7/18842",0.428571428571429,18.2695539754363,7.08274370518329,0.000418305638819106,0.0129331362808027,0.0129331362808027,"FERMT2/TGFBR1/VEGFC",3
"GO:2000489","regulation of hepatic stellate cell activation","3/442","7/18842",0.428571428571429,18.2695539754363,7.08274370518329,0.000418305638819106,0.0129331362808027,0.0129331362808027,"DDR2/ACTA2/CYGB",3
"GO:0050803","regulation of synapse structure or activity","18/442","311/18842",0.0578778135048231,2.46727095488208,4.04385230256253,0.000424539148647877,0.0130770683483134,0.0130770683483134,"LILRB2/SPARC/NLGN4X/SPARCL1/FGFR1/FZD1/IL10RA/SDC2/LRRC15/TUBA1A/SRGAP2C/LSAMP/MEF2C/FYN/MAP1B/NEGR1/PRICKLE1/NRP2",18
"GO:0010594","regulation of endothelial cell migration","15/442","234/18842",0.0641025641025641,2.73262559461654,4.13349106837558,0.000439745614465523,0.0134735104749469,0.0134735104749469,"SPARC/AKT3/FGFR1/GREM1/STC1/ATP2B4/DCN/PTPRM/SERPINF1/THBS1/MEF2C/SLIT2/VEGFC/PRKD1/NRP2",15
"GO:0050678","regulation of epithelial cell proliferation","18/442","312/18842",0.0576923076923077,2.45936303515489,4.02862762950098,0.000441019696131422,0.0134735104749469,0.0134735104749469,"SPARC/CCL2/TGFBR1/AKT3/FGFR1/MCC/THBS4/PTPRM/ITGA4/THBS1/MEF2C/AGTR1/CAV2/CAV1/VEGFC/HTR2B/PRKD1/NRP2",18
"GO:0002687","positive regulation of leukocyte migration","11/442","139/18842",0.079136690647482,3.37351476285035,4.35309252764712,0.000442846079947009,0.0134735104749469,0.0134735104749469,"SERPINE1/CCL2/CCL5/ICAM1/THBS4/ITGA4/CD74/THBS1/VEGFC/JAM3/NCKAP1L",11
"GO:0010718","positive regulation of epithelial to mesenchymal transition","7/442","59/18842",0.11864406779661,5.05767313444283,4.838099369477,0.000443913632592385,0.0134735104749469,0.0134735104749469,"TIAM1/FERMT2/WWTR1/TGFBR1/TGFB1I1/PDPN/GLIPR2",7
"GO:0000165","MAPK cascade","32/442","723/18842",0.0442600276625173,1.88675891678088,3.76844167776985,0.000466825640793918,0.014104844432488,0.014104844432488,"HAVCR2/FERMT2/IL2RB/CRYAB/IGFBP6/MAP4K4/DACT1/LMO3/FGFR1/PECAM1/ITGA1/PDGFC/ICAM1/RASSF2/GBP1/DDR2/AKAP12/ACKR3/IL6ST/ACTA2/GLIPR2/CD300A/CD74/THBS1/MEF2C/RGS2/LBH/CAV2/CAV1/F2R/PTPRC/HTR2B",32
"GO:0036293","response to decreased oxygen levels","17/442","287/18842",0.0592334494773519,2.52506030554811,4.03507567789761,0.000468118780947888,0.014104844432488,0.014104844432488,"BNIP2/CD38/PTGIS/RORA/DDR2/STC1/KCNMA1/CYGB/THBS1/ITPR1/CAV1/VCAM1/CYBB/VEGFC/ZEB2/MYOCD/MMP2",17
"GO:0016049","cell growth","22/442","426/18842",0.0516431924882629,2.20149554946572,3.88761734233123,0.000495457769194892,0.0148745038969162,0.0148745038969162,"CRYAB/PRKG1/TNC/RERG/TGFBR1/SORBS2/CD38/RGMA/MEIS1/ITGA4/IGFBP7/GJA1/RGS2/AGTR1/SLIT2/FHL1/MAP1B/DCLK1/LATS2/PRICKLE1/EDNRA/NRP2",22
"GO:0010717","regulation of epithelial to mesenchymal transition","10/442","119/18842",0.0840336134453782,3.58226548537967,4.37966457486994,0.000497706233418244,0.0148880644408071,0.0148880644408071,"TIAM1/FERMT2/WWTR1/TGFBR1/TGFB1I1/GREM1/EPHA3/PDPN/GLIPR2/QKI",10
"GO:0001906","cell killing","15/442","238/18842",0.0630252100840336,2.68669911403475,4.05860819431583,0.000525096711218019,0.0155948077030556,0.0155948077030556,"HAVCR2/SLAMF7/CLU/GBP5/HLA-DRA/C7/ICAM1/GBP1/CTSC/GBP2/PTPRC/CFH/NCKAP1L/NKG7/CD2",15
"GO:0048762","mesenchymal cell differentiation","15/442","238/18842",0.0630252100840336,2.68669911403475,4.05860819431583,0.000525096711218019,0.0155948077030556,0.0155948077030556,"TIAM1/FERMT2/WWTR1/TGFBR1/TGFB1I1/FGFR1/GREM1/EPHA3/PDPN/GLIPR2/QKI/MEF2C/HTR2B/EDNRA/NRP2",15
"GO:0031333","negative regulation of protein-containing complex assembly","11/442","142/18842",0.0774647887323944,3.30224332419859,4.26804302911961,0.000530815806176496,0.0156994948306611,0.0156994948306611,"CRYAB/DACT1/CLU/RDX/SVIL/LMOD1/CDH5/KANK2/SLIT2/JAM3/ASB2",11
"GO:0030178","negative regulation of Wnt signaling pathway","12/442","165/18842",0.0727272727272727,3.10028794734677,4.19973077601755,0.00053269385126184,0.0156994948306611,0.0156994948306611,"DKK3/WWTR1/IGFBP6/DACT1/MCC/GREM1/GLI3/CAV1/RBMS3/LATS2/PRICKLE1/NFATC1",12
"GO:0002920","regulation of humoral immune response","6/442","44/18842",0.136363636363636,5.8130399012752,4.95386509589841,0.000534305761796577,0.0156994948306611,0.0156994948306611,"CLU/MASP1/C3/SERPING1/CFH/A2M",6
"GO:0070374","positive regulation of ERK1 and ERK2 cascade","13/442","189/18842",0.0687830687830688,2.93215063803299,4.13763081505065,0.000539536445691569,0.0157971695724394,0.0157971695724394,"HAVCR2/FERMT2/PDGFC/ICAM1/DDR2/AKAP12/ACKR3/ACTA2/GLIPR2/CD74/F2R/PTPRC/HTR2B",13
"GO:0045669","positive regulation of osteoblast differentiation","7/442","61/18842",0.114754098360656,4.89184778577257,4.71862653200862,0.000545346940995472,0.0159110730742552,0.0159110730742552,"FERMT2/WWTR1/FZD1/DDR2/IL6ST/MEF2C/PRKD1",7
"GO:0002921","negative regulation of humoral immune response","4/442","17/18842",0.235294117647059,10.0303433590631,5.77318440676702,0.00055778481078261,0.0162168594461218,0.0162168594461218,"CLU/MASP1/SERPING1/A2M",4
"GO:0001952","regulation of cell-matrix adhesion","10/442","121/18842",0.0826446280991736,3.52305448562133,4.31528010192503,0.000567872901584905,0.016395104050636,0.016395104050636,"EFEMP2/FERMT2/SERPINE1/DLC1/MAP4K4/PHLDB2/GREM1/COL16A1/EPHA3/THBS1",10
"GO:0090288","negative regulation of cellular response to growth factor stimulus","10/442","121/18842",0.0826446280991736,3.52305448562133,4.31528010192503,0.000567872901584905,0.016395104050636,0.016395104050636,"RBPMS2/GREM1/CHRDL1/CHRDL2/ATP2B4/DCN/THBS1/ADAMTS12/CAV1/SLIT2",10
"GO:0001938","positive regulation of endothelial cell proliferation","9/442","100/18842",0.09,3.83660633484163,4.40803769432853,0.000572628147592901,0.016460706128758,0.016460706128758,"TGFBR1/AKT3/FGFR1/THBS4/ITGA4/AGTR1/HTR2B/PRKD1/NRP2",9
"GO:0120035","regulation of plasma membrane bounded cell projection organization","27/442","578/18842",0.0467128027681661,1.99131816687282,3.75174431429187,0.000574118280377875,0.016460706128758,0.016460706128758,"TIAM1/FEZ1/SYNE1/FZD1/KCTD12/DENND5A/SDC2/CD38/DDR2/CHRNA3/EPHA3/RGMA/PDPN/SRGAP2C/DPYSL3/SERPINF1/RGS2/CAV1/GAP43/SLIT2/FYN/MAP1B/CCDC88A/PMP22/PRKD1/EVL/RHOQ",27
"GO:0003007","heart morphogenesis","13/442","191/18842",0.0680628272251309,2.90144748999076,4.09358824681812,0.000595871349078637,0.0170254827533296,0.0170254827533296,"DLC1/ZFPM2/TGFBR1/ADAMTS5/PKD2/ELN/MEF2C/SLIT2/HTR2B/ASB2/PRICKLE1/EDNRA/NRP2",13
"GO:0002823","negative regulation of adaptive immune response based on somatic recombination of immune receptors built from immunoglobulin superfamily domains","7/442","62/18842",0.112903225806452,4.8129470150343,4.66082738555729,0.000602543051468191,0.0171569475067541,0.0171569475067541,"HAVCR2/JAK3/IL18BP/IL6ST/PTPRC/LGALS1/NCKAP1L",7
"GO:2000648","positive regulation of stem cell proliferation","5/442","30/18842",0.166666666666667,7.10482654600302,5.18645565900704,0.000609680471832893,0.017300727361669,0.017300727361669,"FERMT2/TGFBR1/GJA1/PTPRC/VEGFC",5
"GO:0043491","phosphatidylinositol 3-kinase/protein kinase B signal transduction","17/442","294/18842",0.0578231292517007,2.46493982208268,3.92372990326168,0.000614689672380546,0.017383340018243,0.017383340018243,"FERMT2/TGFBR1/FGFR1/PECAM1/CCL5/PDGFC/DDR2/DCN/RCN3/TSPYL5/AXL/THBS1/F2R/HIP1/FYN/CCDC88A/PRKD1",17
"GO:0035924","cellular response to vascular endothelial growth factor stimulus","8/442","81/18842",0.0987654320987654,4.2102675828166,4.48755670072833,0.000619796204764085,0.0174681338526367,0.0174681338526367,"GREM1/ATP2B4/DCN/ADAMTS12/VCAM1/VEGFC/PRKD1/NRP2",8
"GO:0050852","T cell receptor signaling pathway","11/442","145/18842",0.0758620689655172,3.23392104852551,4.18523699167197,0.000632928487075243,0.0177335194533679,0.0177335194533679,"TRAC/CD3D/RFTN1/GBP1/HLA-DQB1/CLEC2B/CD300A/CD8A/LCP2/PTPRC/FYN",11
"GO:0001649","osteoblast differentiation","14/442","217/18842",0.0645161290322581,2.75025543716246,4.01917910242693,0.000634200197052813,0.0177335194533679,0.0177335194533679,"FERMT2/WWTR1/TNC/TWIST2/FZD1/GREM1/DDR2/ITGA11/IL6ST/IGFBP5/MEF2C/VEGFC/COL6A1/PRKD1",14
"GO:0048667","cell morphogenesis involved in neuron differentiation","23/442","463/18842",0.0496760259179266,2.11763728584971,3.77385002073147,0.00063563302892231,0.0177335194533679,0.0177335194533679,"TIAM1/FEZ1/PRKG1/KCTD12/SDC2/BOC/CHRNA3/EPHA3/RGMA/PTPRM/ITGA4/MEF2C/PALLD/GAP43/SLIT2/FYN/MAP1B/DCLK1/NEXN/PRICKLE1/EVL/EDNRA/NRP2",23
"GO:0002286","T cell activation involved in immune response","10/442","123/18842",0.0813008130081301,3.46576904683074,4.25224058312077,0.000646032454972607,0.0179631708788692,0.0179631708788692,"HAVCR2/HLA-DRA/JAK3/ICAM1/RORA/IL6ST/CD74/LGALS1/SLC11A1/NCKAP1L",10
"GO:0002578","negative regulation of antigen processing and presentation","3/442","8/18842",0.375,15.9858597285068,6.57066872151485,0.000657645682512096,0.0179843304465189,0.0179843304465189,"LILRB2/HLA-DOA/THBS1",3
"GO:0014827","intestine smooth muscle contraction","3/442","8/18842",0.375,15.9858597285068,6.57066872151485,0.000657645682512096,0.0179843304465189,0.0179843304465189,"TACR2/PTGER3/HTR2B",3
"GO:0032060","bleb assembly","3/442","8/18842",0.375,15.9858597285068,6.57066872151485,0.000657645682512096,0.0179843304465189,0.0179843304465189,"MYLK/EMP3/PMP22",3
"GO:0033004","negative regulation of mast cell activation","3/442","8/18842",0.375,15.9858597285068,6.57066872151485,0.000657645682512096,0.0179843304465189,0.0179843304465189,"CD84/CD300LF/CD300A",3
"GO:2000427","positive regulation of apoptotic cell clearance","3/442","8/18842",0.375,15.9858597285068,6.57066872151485,0.000657645682512096,0.0179843304465189,0.0179843304465189,"CCL2/CD300LF/C3",3
"GO:0007259","cell surface receptor signaling pathway via JAK-STAT","11/442","146/18842",0.0753424657534247,3.21177090435753,4.15811423856977,0.000670401915169503,0.0182728627272845,0.0182728627272845,"IL2RB/CCL2/JAK3/CSF2RA/IL10RA/PKD2/IL6ST/CAV1/F2R/PTPRC/CYP1B1",11
"GO:0007566","embryo implantation","6/442","46/18842",0.130434782608696,5.56029903600236,4.79947482015111,0.000681562230185113,0.018395519997765,0.018395519997765,"TGFBR1/PCSK5/STC1/IGFBP7/GJA1/MMP2",6
"GO:0061028","establishment of endothelial barrier","6/442","46/18842",0.130434782608696,5.56029903600236,4.79947482015111,0.000681562230185113,0.018395519997765,0.018395519997765,"RDX/PECAM1/MSN/S1PR3/ICAM1/CDH5",6
"GO:1904646","cellular response to amyloid-beta","6/442","46/18842",0.130434782608696,5.56029903600236,4.79947482015111,0.000681562230185113,0.018395519997765,0.018395519997765,"ICAM1/ITGA4/GJA1/VCAM1/FYN/CACNA2D1",6
"GO:0022409","positive regulation of cell-cell adhesion","17/442","297/18842",0.0572390572390572,2.44004144004144,3.87698386632615,0.000688651576935872,0.0185105638931443,0.0185105638931443,"HAVCR2/LILRB2/CCL2/HLA-DRA/ADAM19/HLA-DOA/CCL5/HLA-DQB1/IL6ST/PDPN/ITGA4/GLI3/CAV1/PTPRC/VCAM1/FYN/NCKAP1L",17
"GO:0019722","calcium-mediated signaling","14/442","219/18842",0.0639269406392694,2.72513894915184,3.97993073864367,0.000694096416292315,0.0185105638931443,0.0185105638931443,"JPH2/GBP1/ATP1A2/PKD2/ACKR3/ATP2B4/ITPR1/RCAN2/AGTR1/ANK2/PTPRC/HTR2B/PRKD1/NFATC1",14
"GO:0001562","response to protozoan","4/442","18/18842",0.222222222222222,9.47310206133736,5.57412792023107,0.00070394521550431,0.0185105638931443,0.0185105638931443,"GBP1/GBP2/SLC11A1/NKG7",4
"GO:0016264","gap junction assembly","4/442","18/18842",0.222222222222222,9.47310206133736,5.57412792023107,0.00070394521550431,0.0185105638931443,0.0185105638931443,"HOPX/GJA1/CAV1/GJC1",4
"GO:0042832","defense response to protozoan","4/442","18/18842",0.222222222222222,9.47310206133736,5.57412792023107,0.00070394521550431,0.0185105638931443,0.0185105638931443,"GBP1/GBP2/SLC11A1/NKG7",4
"GO:0086014","atrial cardiac muscle cell action potential","4/442","18/18842",0.222222222222222,9.47310206133736,5.57412792023107,0.00070394521550431,0.0185105638931443,0.0185105638931443,"FLNA/GJA1/ANK2/GJC1",4
"GO:0086026","atrial cardiac muscle cell to AV node cell signaling","4/442","18/18842",0.222222222222222,9.47310206133736,5.57412792023107,0.00070394521550431,0.0185105638931443,0.0185105638931443,"FLNA/GJA1/ANK2/GJC1",4
"GO:0086066","atrial cardiac muscle cell to AV node cell communication","4/442","18/18842",0.222222222222222,9.47310206133736,5.57412792023107,0.00070394521550431,0.0185105638931443,0.0185105638931443,"FLNA/GJA1/ANK2/GJC1",4
"GO:0030038","contractile actin filament bundle assembly","9/442","103/18842",0.087378640776699,3.72486051926372,4.29777703714741,0.000710398179823785,0.0185105638931443,0.0185105638931443,"SORBS1/FERMT2/DLC1/TGFBR1/PHLDB2/MYL9/CCDC88A/ZEB2/EVL",9
"GO:0043149","stress fiber assembly","9/442","103/18842",0.087378640776699,3.72486051926372,4.29777703714741,0.000710398179823785,0.0185105638931443,0.0185105638931443,"SORBS1/FERMT2/DLC1/TGFBR1/PHLDB2/MYL9/CCDC88A/ZEB2/EVL",9
"GO:0055007","cardiac muscle cell differentiation","9/442","103/18842",0.087378640776699,3.72486051926372,4.29777703714741,0.000710398179823785,0.0185105638931443,0.0185105638931443,"SORBS2/GREM1/MEIS1/MEF2C/RGS2/MYH11/MYOCD/ASB2/PRICKLE1",9
"GO:0035886","vascular associated smooth muscle cell differentiation","5/442","31/18842",0.161290322580645,6.87563859290614,5.07439391846651,0.000713065483429088,0.0185218200491957,0.0185218200491957,"EFEMP2/QKI/MYOCD/EDNRA/NFATC1",5
"GO:0060541","respiratory system development","8/442","83/18842",0.0963855421686747,4.10881535190536,4.39929748421403,0.000729804525277773,0.0188973759264113,0.0188973759264113,"PDPN/RCN3/ALDH1A3/IGFBP5/CRISPLD2/GLI3/BASP1/COL3A1",8
"GO:0050920","regulation of chemotaxis","13/442","196/18842",0.0663265306122449,2.82743097238896,3.98593649394949,0.000758829358607308,0.0195877260604989,0.0195877260604989,"SERPINE1/CCL2/FGFR1/GREM1/CCL5/THBS4/CD74/THBS1/SLIT2/VEGFC/JAM3/NCKAP1L/PRKD1",13
"GO:0045446","endothelial cell differentiation","9/442","104/18842",0.0865384615384615,3.68904455273234,4.26193918246451,0.000761913605864797,0.0196062612987444,0.0196062612987444,"RDX/PECAM1/MSN/S1PR3/ICAM1/STC1/PDPN/FSTL1/CDH5",9
"GO:0097696","cell surface receptor signaling pathway via STAT","12/442","172/18842",0.0697674418604651,2.97411343786173,4.03105169077971,0.000770568044251591,0.019767575277612,0.019767575277612,"IL2RB/CCL2/JAK3/CCL5/CSF2RA/IL10RA/PKD2/IL6ST/CAV1/F2R/PTPRC/CYP1B1",12
"GO:1901654","response to ketone","13/442","197/18842",0.065989847715736,2.81307853090475,3.96481321775499,0.000795554304820636,0.0203410128351732,0.0203410128351732,"POSTN/PLN/CD38/NR3C1/IGFBP7/SERPINF1/THBS1/GNG2/CAV1/PTPRC/SLIT2/CYBB/PRKD1",13
"GO:0050673","epithelial cell proliferation","19/442","356/18842",0.0533707865168539,2.27514108495602,3.76457506653851,0.000797831181683717,0.0203410128351732,0.0203410128351732,"SPARC/CCL2/TGFBR1/AKT3/FGFR1/MCC/THBS4/PTPRM/ITGA4/THBS1/MEF2C/AGTR1/CAV2/CAV1/VEGFC/HTR2B/ZEB2/PRKD1/NRP2",19
"GO:0002820","negative regulation of adaptive immune response","7/442","65/18842",0.107692307692308,4.59081099895579,4.49459247074263,0.000803172388343967,0.0204143754902396,0.0204143754902396,"HAVCR2/JAK3/IL18BP/IL6ST/PTPRC/LGALS1/NCKAP1L",7
"GO:0032963","collagen metabolic process","9/442","105/18842",0.0857142857142857,3.65391079508727,4.22654152396135,0.000816432357233895,0.0206879465200002,0.0206879465200002,"ADAMTS2/CTSB/DDR2/RCN3/CYGB/MMP11/F2R/MMP2/CTSK",9
"GO:0007409","axonogenesis","19/442","357/18842",0.0532212885154062,2.26876814074046,3.7511190129045,0.000824878857355128,0.0207221165075868,0.0207221165075868,"TIAM1/FEZ1/PRKG1/BOC/EPHA3/RGMA/PTPRM/ITGA4/PALLD/GAP43/SLIT2/FYN/MAP1B/DCLK1/NEXN/PRICKLE1/EVL/EDNRA/NRP2",19
"GO:0141091","transforming growth factor beta receptor superfamily signaling pathway","19/442","357/18842",0.0532212885154062,2.26876814074046,3.7511190129045,0.000824878857355128,0.0207221165075868,0.0207221165075868,"NREP/RBPMS2/FERMT2/DKK3/TGFBR1/TGFB1I1/COL1A2/GREM1/CHRDL1/CHRDL2/RGMA/FSTL1/THBS1/CDH5/CAV1/COL3A1/ZEB2/LATS2/MYOCD",19
"GO:0090022","regulation of neutrophil chemotaxis","5/442","32/18842",0.15625,6.66077488687783,4.96718887207497,0.00082900923244734,0.0207221165075868,0.0207221165075868,"THBS4/CD74/SLIT2/JAM3/NCKAP1L",5
"GO:0043066","negative regulation of apoptotic process","33/442","780/18842",0.0423076923076923,1.80353289244692,3.5524030931923,0.000830196807393375,0.0207221165075868,0.0207221165075868,"HSPB6/IL2RB/CRYAB/SERPINE1/CCL2/TGFBR1/MAP4K4/CLU/BNIP2/AKT3/FZD1/GREM1/JAK3/CCL5/ICAM1/CD38/DDR2/ACKR3/IL6ST/PDPN/FSTL1/AXL/FLNA/CD74/THBS1/MEF2C/CDH5/CAV1/F2R/YME1L1/FYN/HTR2B/NCKAP1L",33
"GO:0061564","axon development","21/442","414/18842",0.0507246376811594,2.16233851400092,3.706362516575,0.000830285141264642,0.0207221165075868,0.0207221165075868,"NREP/TIAM1/FEZ1/PRKG1/BOC/EPHA3/RGMA/PTPRM/ITGA4/PALLD/GAP43/SLIT2/FYN/MAP1B/DCLK1/MMP2/NEXN/PRICKLE1/EVL/EDNRA/NRP2",21
"GO:0050670","regulation of lymphocyte proliferation","13/442","198/18842",0.0656565656565657,2.79887106357695,3.94382178640509,0.000833761600214296,0.0207463922503773,0.0207463922503773,"HAVCR2/LILRB2/CCL5/CD38/LST1/IL6ST/CD300A/CD74/MEF2C/SASH3/PTPRC/VCAM1/NCKAP1L",13
"GO:0043270","positive regulation of monoatomic ion transport","12/442","174/18842",0.0689655172413793,2.93992822593228,3.98442437309384,0.000852912225412018,0.0211062979559823,0.0211062979559823,"CCL2/CCL5/TACR2/MYLK/STC1/FLNA/FXYD6/ANK2/CAV1/F2R/FHL1/EDNRA",12
"GO:0030195","negative regulation of blood coagulation","6/442","48/18842",0.125,5.32861990950226,4.65387439765331,0.00085841448360681,0.0211062979559823,0.0211062979559823,"PRKG1/SERPINE1/TFPI/THBS1/SERPING1/THBD",6
"GO:0101023","vascular endothelial cell proliferation","6/442","48/18842",0.125,5.32861990950226,4.65387439765331,0.00085841448360681,0.0211062979559823,0.0211062979559823,"CCL2/TGFBR1/AKT3/FGFR1/ITGA4/MEF2C",6
"GO:1900047","negative regulation of hemostasis","6/442","48/18842",0.125,5.32861990950226,4.65387439765331,0.00085841448360681,0.0211062979559823,0.0211062979559823,"PRKG1/SERPINE1/TFPI/THBS1/SERPING1/THBD",6
"GO:0032103","positive regulation of response to external stimulus","29/442","656/18842",0.0442073170731707,1.88451191921421,3.57389026791211,0.000869894751788848,0.0212679663143905,0.0212679663143905,"HAVCR2/SERPINE1/CCL2/FGFR1/GBP5/CCL5/RFTN1/PTGER3/GBP1/RNF144A/MASP1/IL6ST/THBS4/CD300LF/CD300A/CD74/THBS1/AGTR1/GBP2/THBD/SLIT2/LGALS1/FYN/VEGFC/LATS2/OSMR/NCKAP1L/NKG7/PRKD1",29
"GO:1903039","positive regulation of leukocyte cell-cell adhesion","15/442","250/18842",0.06,2.55773755656109,3.84286774054079,0.000870912859835504,0.0212679663143905,0.0212679663143905,"HAVCR2/LILRB2/CCL2/HLA-DRA/HLA-DOA/CCL5/HLA-DQB1/IL6ST/ITGA4/GLI3/CAV1/PTPRC/VCAM1/FYN/NCKAP1L",15
"GO:0048705","skeletal system morphogenesis","9/442","106/18842",0.0849056603773585,3.61943993852984,4.19157398868892,0.000874083698524704,0.0212679663143905,0.0212679663143905,"MGP/TGFBR1/FGFR1/GREM1/COL13A1/RAB23/STC1/MEF2C/COL3A1",9
"GO:0032331","negative regulation of chondrocyte differentiation","4/442","19/18842",0.210526315789474,8.9745177423196,5.39002780998961,0.00087525663929606,0.0212679663143905,0.0212679663143905,"TGFBR1/GREM1/EFEMP1/ADAMTS12",4
"GO:0048662","negative regulation of smooth muscle cell proliferation","7/442","66/18842",0.106060606060606,4.52125325654737,4.44142046203962,0.000880642538926419,0.0212820271145188,0.0212820271145188,"EFEMP2/PRKG1/OGN/IGFBP5/MEF2C/MYOCD/CNN1",7
"GO:0045667","regulation of osteoblast differentiation","10/442","128/18842",0.078125,3.33038744343891,4.10019018579114,0.000880972157890412,0.0212820271145188,0.0212820271145188,"FERMT2/WWTR1/TWIST2/FZD1/GREM1/DDR2/IL6ST/MEF2C/VEGFC/PRKD1",10
"GO:0007389","pattern specification process","16/442","277/18842",0.0577617328519856,2.46232255745953,3.80005414835377,0.000890528903947582,0.0214101640837461,0.0214101640837461,"PBX3/TGFBR1/PCSK5/GREM1/CHRDL1/GPR161/PKD2/STC1/MEIS1/C3/MEF2C/MEIS2/BASP1/ASB2/PRICKLE1/NRP2",16
"GO:0060070","canonical Wnt signaling pathway","17/442","304/18842",0.0559210526315789,2.38385627530364,3.77007976040999,0.000891444196100942,0.0214101640837461,0.0214101640837461,"DKK3/WWTR1/IGFBP6/DACT1/DIXDC1/MCC/FZD1/GREM1/RECK/GLI3/CAV1/RBMS3/ZEB2/LATS2/PRICKLE1/CDK14/EDNRA",17
"GO:0001837","epithelial to mesenchymal transition","12/442","175/18842",0.0685714285714286,2.92312863606981,3.96135982956819,0.000896760444141891,0.0214137090494516,0.0214137090494516,"TIAM1/FERMT2/WWTR1/TGFBR1/TGFB1I1/FGFR1/GREM1/EPHA3/PDPN/GLIPR2/QKI/EDNRA",12
"GO:0006874","intracellular calcium ion homeostasis","12/442","175/18842",0.0685714285714286,2.92312863606981,3.96135982956819,0.000896760444141891,0.0214137090494516,0.0214137090494516,"SLC24A3/PLN/CCL5/STC1/ATP2B4/ITPR1/CDH5/CAV2/ANK2/CAV1/HTR2B/EDNRA",12
"GO:0032944","regulation of mononuclear cell proliferation","13/442","200/18842",0.065,2.77088235294118,3.90222811954694,0.00091481128498991,0.021781972147777,0.021781972147777,"HAVCR2/LILRB2/CCL5/CD38/LST1/IL6ST/CD300A/CD74/MEF2C/SASH3/PTPRC/VCAM1/NCKAP1L",13
"GO:0050870","positive regulation of T cell activation","14/442","226/18842",0.0619469026548673,2.64073199054979,3.84594330967343,0.000942869632148246,0.0223765308466425,0.0223765308466425,"HAVCR2/LILRB2/CCL2/HLA-DRA/HLA-DOA/CCL5/HLA-DQB1/IL6ST/GLI3/CAV1/PTPRC/VCAM1/FYN/NCKAP1L",14
"GO:0031344","regulation of cell projection organization","27/442","598/18842",0.0451505016722408,1.92471889707774,3.56167666474051,0.000954617021327877,0.0223765308466425,0.0223765308466425,"TIAM1/FEZ1/SYNE1/FZD1/KCTD12/DENND5A/SDC2/CD38/DDR2/CHRNA3/EPHA3/RGMA/PDPN/SRGAP2C/DPYSL3/SERPINF1/RGS2/CAV1/GAP43/SLIT2/FYN/MAP1B/CCDC88A/PMP22/PRKD1/EVL/RHOQ",27
"GO:0048483","autonomic nervous system development","5/442","33/18842",0.151515151515152,6.45893322363911,4.86447635238779,0.000958437925435105,0.0223765308466425,0.0223765308466425,"EGR2/ACKR3/VCAM1/EDNRA/NRP2",5
"GO:1904752","regulation of vascular associated smooth muscle cell migration","6/442","49/18842",0.122448979591837,5.21987256441038,4.58409402604161,0.000959120919217166,0.0223765308466425,0.0223765308466425,"PRKG1/DDR2/ADAMTS1/IGFBP5/MEF2C/MYOCD",6
"GO:1905144","response to acetylcholine","6/442","49/18842",0.122448979591837,5.21987256441038,4.58409402604161,0.000959120919217166,0.0223765308466425,0.0223765308466425,"CHRNA3/PRKCB/ATP2B4/ITPR1/RGS10/EDNRA",6
"GO:0030239","myofibril assembly","7/442","67/18842",0.104477611940299,4.45377186465861,4.38930008833464,0.000963885404021011,0.0223765308466425,0.0223765308466425,"MYL9/LMOD1/CSRP2/MYH11/PGM5/PRKD1/CSRP1",7
"GO:0090303","positive regulation of wound healing","7/442","67/18842",0.104477611940299,4.45377186465861,4.38930008833464,0.000963885404021011,0.0223765308466425,0.0223765308466425,"FERMT2/SERPINE1/MYLK/DDR2/THBS1/F2R/THBD",7
"GO:0003071","renal system process involved in regulation of systemic arterial blood pressure","3/442","9/18842",0.333333333333333,14.209653092006,6.14337621463713,0.000969327400237666,0.0223765308466425,0.0223765308466425,"PCSK5/AGTR1/F2R",3
"GO:0043301","negative regulation of leukocyte degranulation","3/442","9/18842",0.333333333333333,14.209653092006,6.14337621463713,0.000969327400237666,0.0223765308466425,0.0223765308466425,"CD84/CD300A/NCKAP1L",3
"GO:0140639","positive regulation of pyroptotic inflammatory response","3/442","9/18842",0.333333333333333,14.209653092006,6.14337621463713,0.000969327400237666,0.0223765308466425,0.0223765308466425,"GBP5/GBP1/GBP2",3
"GO:0030855","epithelial cell differentiation","26/442","568/18842",0.0457746478873239,1.9513256006628,3.56813057995452,0.000969487638660954,0.0223765308466425,0.0223765308466425,"CTSB/SERPINE1/RDX/PECAM1/MSN/GREM1/S1PR3/ICAM1/STC1/IL6ST/TAGLN/PDPN/CLIC4/ACTA2/FSTL1/FLNA/MEF2C/CDH5/LBH/COL4A1/CAV1/BASP1/MAF/MAP1B/ZEB2/EDNRA",26
"GO:0007156","homophilic cell-cell adhesion","12/442","177/18842",0.0677966101694915,2.89009893396733,3.91571767260698,0.000990107544653554,0.0227859209815142,0.0227859209815142,"POSTN/CDH19/PECAM1/CD84/PTPRM/PCDH17/CDH5/PCDH7/CDH11/PALLD/HMCN1/NEXN",12
"GO:0002064","epithelial cell development","10/442","130/18842",0.0769230769230769,3.27915071353985,4.04146492920769,0.000992724773633435,0.0227859209815142,0.0227859209815142,"RDX/PECAM1/MSN/S1PR3/ICAM1/STC1/IL6ST/ACTA2/FLNA/CDH5",10
"GO:0016525","negative regulation of angiogenesis","11/442","154/18842",0.0714285714285714,3.04492566257272,3.94921402573059,0.00104196277246575,0.0238500097587049,0.0238500097587049,"SPARC/SERPINE1/ATP2B4/DCN/THBS4/ADAMTS1/QKI/PTPRM/SERPINF1/THBS1/FYN",11
"GO:0061448","connective tissue development","13/442","203/18842",0.0640394088669951,2.72993335265141,3.84078754464514,0.0010487047313408,0.0239382022145727,0.0239382022145727,"MGP/TGFBR1/LUM/GREM1/STC1/OGN/CHRDL2/TRPS1/ACTA2/EFEMP1/MEF2C/ADAMTS12/COL3A1",13
"GO:0060627","regulation of vesicle-mediated transport","25/442","541/18842",0.0462107208872458,1.96991493881784,3.54771781221617,0.00105783017802322,0.0240801671843417,0.0240801671843417,"IL2RB/SERPINE1/CCL2/STON1/CLU/RDX/MSN/DOCK2/GREM1/MYLK/APOC1/PRKCB/EPHA3/MASP1/CD84/CD300LF/AXL/C3/CD300A/CAV1/PTPRC/HIP1/SLC11A1/NCKAP1L/PRKD1",25
"GO:1904738","vascular associated smooth muscle cell migration","6/442","50/18842",0.12,5.11547511312217,4.51619492126816,0.00106866936555171,0.024129658447643,0.024129658447643,"PRKG1/DDR2/ADAMTS1/IGFBP5/MEF2C/MYOCD",6
"GO:0006929","substrate-dependent cell migration","4/442","20/18842",0.2,8.52579185520362,5.21901462528533,0.0010739552062149,0.024129658447643,0.024129658447643,"ITGA11/PTPRC/SLIT2/VEGFC",4
"GO:0006957","complement activation, alternative pathway","4/442","20/18842",0.2,8.52579185520362,5.21901462528533,0.0010739552062149,0.024129658447643,0.024129658447643,"C7/MASP1/C3/CFH",4
"GO:0048745","smooth muscle tissue development","4/442","20/18842",0.2,8.52579185520362,5.21901462528533,0.0010739552062149,0.024129658447643,0.024129658447643,"EFEMP2/MYLK/PKD2/COL3A1",4
"GO:0071347","cellular response to interleukin-1","8/442","88/18842",0.0909090909090909,3.87535993418346,4.19025830095687,0.0010745648041492,0.024129658447643,0.024129658447643,"CCL2/CCL5/GBP1/PTGIS/AKAP12/GBP2/ADAMTS12/MMP2",8
"GO:0002825","regulation of T-helper 1 type immune response","5/442","34/18842",0.147058823529412,6.26896459941443,4.76592966842776,0.00110229699193088,0.0245527765460733,0.0245527765460732,"HAVCR2/JAK3/IL18BP/IL6ST/SLC11A1",5
"GO:0035633","maintenance of blood-brain barrier","5/442","34/18842",0.147058823529412,6.26896459941443,4.76592966842776,0.00110229699193088,0.0245527765460733,0.0245527765460732,"PECAM1/GJA1/CDH5/JAM3/ZEB2",5
"GO:0086011","membrane repolarization during action potential","5/442","34/18842",0.147058823529412,6.26896459941443,4.76592966842776,0.00110229699193088,0.0245527765460733,0.0245527765460732,"KCNJ8/FLNA/CAV1/CACNA2D1/KCNE4",5
"GO:0072073","kidney epithelium development","9/442","110/18842",0.0818181818181818,3.48782394076512,4.0558147356826,0.00113871406268277,0.0252959375962182,0.0252959375962182,"PECAM1/GREM1/KIF26B/PKD2/MEF2C/KANK2/SLIT2/BASP1/EDNRA",9
"GO:0048588","developmental cell growth","12/442","180/18842",0.0666666666666667,2.84193061840121,3.84843915996797,0.00114518855362379,0.0253717442655795,0.0253717442655795,"PRKG1/SORBS2/RGMA/MEIS1/ITGA4/RGS2/SLIT2/MAP1B/DCLK1/PRICKLE1/EDNRA/NRP2",12
"GO:0051493","regulation of cytoskeleton organization","24/442","514/18842",0.0466926070038911,1.99045724245999,3.52869361295527,0.0011509984335719,0.0254324613882047,0.0254324613882047,"FERMT2/DLC1/TGFBR1/RDX/DIXDC1/PHLDB2/SVIL/EPHA3/SYNPO2/CLIC4/LMOD1/FLNA/CDH5/KANK2/SLIT2/MAP1B/CCDC88A/NCKAP1L/PRKD1/NEXN/ASB2/EVL/CFL2/RHOQ",24
"GO:2000181","negative regulation of blood vessel morphogenesis","11/442","156/18842",0.0705128205128205,3.0058881540782,3.89910596892477,0.00115753250874625,0.0255088148071048,0.0255088148071048,"SPARC/SERPINE1/ATP2B4/DCN/THBS4/ADAMTS1/QKI/PTPRM/SERPINF1/THBS1/FYN",11
"GO:0048771","tissue remodeling","10/442","133/18842",0.075187969924812,3.20518490797129,3.95548500528733,0.00118190605666078,0.0258765959851352,0.0258765959851352,"GREM1/CD38/DDR2/THBS4/GJA1/MEF2C/CAV1/F2R/MMP2/EDNRA",10
"GO:0097530","granulocyte migration","10/442","133/18842",0.075187969924812,3.20518490797129,3.95548500528733,0.00118190605666078,0.0258765959851352,0.0258765959851352,"CCL2/PECAM1/CCL5/THBS4/CD300A/CD74/THBS1/SLIT2/JAM3/NCKAP1L",10
"GO:0070482","response to oxygen levels","17/442","312/18842",0.0544871794871795,2.32273175542406,3.65145174158406,0.00118359037875528,0.0258765959851352,0.0258765959851352,"BNIP2/CD38/PTGIS/RORA/DDR2/STC1/KCNMA1/CYGB/THBS1/ITPR1/CAV1/VCAM1/CYBB/VEGFC/ZEB2/MYOCD/MMP2",17
"GO:0001706","endoderm formation","6/442","51/18842",0.117647058823529,5.01517167953154,4.4500865653033,0.00118756578015585,0.0258951843536089,0.0258951843536089,"ITGA4/SOX7/COL8A1/COL6A1/COL12A1/MMP2",6
"GO:0032272","negative regulation of protein polymerization","7/442","70/18842",0.1,4.26289592760181,4.23888043849237,0.00125125387897573,0.0272123087695353,0.0272123087695353,"RDX/SVIL/LMOD1/CDH5/KANK2/SLIT2/ASB2",7
"GO:1901343","negative regulation of vasculature development","11/442","158/18842",0.069620253164557,2.96783893693797,3.84979285084141,0.00128345860900471,0.0278396283618142,0.0278396283618142,"SPARC/SERPINE1/ATP2B4/DCN/THBS4/ADAMTS1/QKI/PTPRM/SERPINF1/THBS1/FYN",11
"GO:0050819","negative regulation of coagulation","6/442","52/18842",0.115384615384615,4.91872607030978,4.38568449957399,0.00131632715319176,0.0284780333977726,0.0284780333977726,"PRKG1/SERPINE1/TFPI/THBS1/SERPING1/THBD",6
"GO:0090130","tissue migration","8/442","91/18842",0.0879120879120879,3.74760081547412,4.07208011489304,0.00133699001334629,0.0288497376317379,0.0288497376317379,"MAP4K4/MCC/ACTA2/GLIPR2/KANK2/ACTG2/ZEB2/EVL",8
"GO:0061045","negative regulation of wound healing","7/442","71/18842",0.0985915492957746,4.20285513988911,4.19060728961044,0.00136062686475335,0.0289100638544731,0.0289100638544731,"PRKG1/SERPINE1/TFPI/PHLDB2/THBS1/SERPING1/THBD",7
"GO:0002604","regulation of dendritic cell antigen processing and presentation","3/442","10/18842",0.3,12.7886877828054,5.77924945867788,0.00136071987729236,0.0289100638544731,0.0289100638544731,"CD74/THBS1/SLC11A1",3
"GO:0019835","cytolysis","3/442","10/18842",0.3,12.7886877828054,5.77924945867788,0.00136071987729236,0.0289100638544731,0.0289100638544731,"GBP5/GBP1/GBP2",3
"GO:0060379","cardiac muscle cell myoblast differentiation","3/442","10/18842",0.3,12.7886877828054,5.77924945867788,0.00136071987729236,0.0289100638544731,0.0289100638544731,"GREM1/MYOCD/PRICKLE1",3
"GO:1902460","regulation of mesenchymal stem cell proliferation","3/442","10/18842",0.3,12.7886877828054,5.77924945867788,0.00136071987729236,0.0289100638544731,0.0289100638544731,"FERMT2/TGFBR1/VEGFC",3
"GO:2000425","regulation of apoptotic cell clearance","3/442","10/18842",0.3,12.7886877828054,5.77924945867788,0.00136071987729236,0.0289100638544731,0.0289100638544731,"CCL2/CD300LF/C3",3
"GO:0098771","inorganic ion homeostasis","20/442","402/18842",0.0497512437810945,2.12084374507553,3.52072284822478,0.00138192809552521,0.0292855657276774,0.0292855657276774,"SLC24A3/FGFR1/PLN/CCL5/JPH2/ATP1A2/STC1/CYBRD1/ATP2B4/KCNMA1/ITPR1/CDH5/FXYD6/AGTR1/CAV2/ANK2/CAV1/HTR2B/SLC11A1/EDNRA",20
"GO:0007204","positive regulation of cytosolic calcium ion concentration","11/442","160/18842",0.06875,2.93074095022624,3.80125070150607,0.0014204308581365,0.0300247196186711,0.0300247196186711,"CCL2/JPH2/S1PR3/PTGER3/CD38/ACKR3/AGTR1/CAV1/F2R/CACNA2D1/EDNRA",11
"GO:0002690","positive regulation of leukocyte chemotaxis","8/442","92/18842",0.0869565217391304,3.70686602400157,4.0337988381228,0.00143496638978908,0.0301015987488413,0.0301015987488413,"SERPINE1/CCL2/CCL5/THBS4/CD74/THBS1/VEGFC/NCKAP1L",8
"GO:0048661","positive regulation of smooth muscle cell proliferation","8/442","92/18842",0.0869565217391304,3.70686602400157,4.0337988381228,0.00143496638978908,0.0301015987488413,0.0301015987488413,"RBPMS2/CCL5/DDR2/ADAMTS1/IGFBP5/GJA1/THBS1/MMP2",8
"GO:1903035","negative regulation of response to wounding","8/442","92/18842",0.0869565217391304,3.70686602400157,4.0337988381228,0.00143496638978908,0.0301015987488413,0.0301015987488413,"PRKG1/SERPINE1/TFPI/PHLDB2/RGMA/THBS1/SERPING1/THBD",8
"GO:0050863","regulation of T cell activation","18/442","346/18842",0.0520231213872832,2.21769152302984,3.5431588356661,0.00144574864923406,0.030226257419598,0.030226257419598,"HAVCR2/LILRB2/CCL2/HLA-DRA/HLA-DOA/JAK3/CCL5/HLA-DQB1/IL6ST/CD300A/GLI3/CAV1/PTPRC/VCAM1/LGALS1/FYN/NCKAP1L/CD2",18
"GO:0007411","axon guidance","12/442","185/18842",0.0648648648648649,2.76512168276874,3.73933010704507,0.00144820470620087,0.030226257419598,0.030226257419598,"FEZ1/BOC/EPHA3/PTPRM/PALLD/GAP43/SLIT2/FYN/NEXN/EVL/EDNRA/NRP2",12
"GO:0001764","neuron migration","9/442","114/18842",0.0789473684210526,3.36544415336985,3.92621088149389,0.00146464906056975,0.0304926686328668,0.0304926686328668,"FGFR1/GPR161/TUBA1A/SRGAP2C/FLNA/MEF2C/COL3A1/MAP1B/NRP2",9
"GO:0097485","neuron projection guidance","12/442","186/18842",0.0645161290322581,2.75025543716246,3.71794395617559,0.00151611448368791,0.0314850240898196,0.0314850240898196,"FEZ1/BOC/EPHA3/PTPRM/PALLD/GAP43/SLIT2/FYN/NEXN/EVL/EDNRA/NRP2",12
"GO:0042113","B cell activation","14/442","238/18842",0.0588235294117647,2.50758583976577,3.62761810449483,0.00154327104138845,0.0319688596223617,0.0319688596223617,"JAK3/CD38/PRKCB/IL6ST/IGHM/ITGA4/C3/CD300A/CD74/MEF2C/SASH3/PTPRC/VCAM1/NCKAP1L",14
"GO:0070555","response to interleukin-1","9/442","115/18842",0.0782608695652174,3.33617942160142,3.89471072935244,0.00155684390164311,0.0321253440068415,0.0321253440068415,"CCL2/CCL5/GBP1/CD38/PTGIS/AKAP12/GBP2/ADAMTS12/MMP2",9
"GO:0007266","Rho protein signal transduction","10/442","138/18842",0.072463768115942,3.08905502000131,3.81747650213938,0.00156193669268526,0.0321253440068415,0.0321253440068415,"FERMT2/DLC1/HEG1/COL1A2/PDPN/SYNPO2/KANK2/AGTR1/F2R/COL3A1",10
"GO:0061037","negative regulation of cartilage development","4/442","22/18842",0.181818181818182,7.75071986836693,4.91027499984099,0.00156245638845729,0.0321253440068415,0.0321253440068415,"TGFBR1/GREM1/EFEMP1/ADAMTS12",4
"GO:0022617","extracellular matrix disassembly","7/442","73/18842",0.0958904109589041,4.08770842372776,4.09667341409547,0.00160168630602401,0.0327693153869505,0.0327693153869505,"ADAMTS5/DDR2/PDPN/RECK/MMP11/MMP2/CTSK",7
"GO:0045744","negative regulation of G protein-coupled receptor signaling pathway","7/442","73/18842",0.0958904109589041,4.08770842372776,4.09667341409547,0.00160168630602401,0.0327693153869505,0.0327693153869505,"SERPINE1/GPRASP1/CCL5/ATP2B4/RGS2/SLIT2/RGS16",7
"GO:0043277","apoptotic cell clearance","5/442","37/18842",0.135135135135135,5.76067017243488,4.4924834403833,0.00163015653378877,0.0332696478792457,0.0332696478792457,"CCL2/MFGE8/CD300LF/C3/THBS1",5
"GO:0051209","release of sequestered calcium ion into cytosol","9/442","116/18842",0.0775862068965517,3.30741925417382,3.86355585618273,0.00165364073434283,0.0336660125915594,0.0336660125915594,"JPH2/ATP1A2/PKD2/FLNA/ITPR1/ANK2/F2R/PTPRC/HTR2B",9
"GO:0010975","regulation of neuron projection development","19/442","381/18842",0.0498687664041995,2.12585361218988,3.44089167239002,0.00175588152252861,0.0356598879795883,0.0356598879795883,"TIAM1/FEZ1/FZD1/KCTD12/DENND5A/SDC2/CD38/DDR2/CHRNA3/EPHA3/RGMA/DPYSL3/SERPINF1/RGS2/SLIT2/MAP1B/CCDC88A/PMP22/PRKD1",19
"GO:0034332","adherens junction organization","6/442","55/18842",0.109090909090909,4.65043192102016,4.20195191703526,0.00176712438588856,0.0358004710549453,0.0358004710549453,"FERMT2/CDH19/RDX/CDH5/CDH11/JAM3",6
"GO:0021783","preganglionic parasympathetic fiber development","3/442","11/18842",0.272727272727273,11.6260798025504,5.46370096695547,0.00183855559777259,0.036856787358277,0.036856787358277,"EGR2/ACKR3/NRP2",3
"GO:0048251","elastic fiber assembly","3/442","11/18842",0.272727272727273,11.6260798025504,5.46370096695547,0.00183855559777259,0.036856787358277,0.036856787358277,"EFEMP2/MYH11/COL3A1",3
"GO:0097168","mesenchymal stem cell proliferation","3/442","11/18842",0.272727272727273,11.6260798025504,5.46370096695547,0.00183855559777259,0.036856787358277,0.036856787358277,"FERMT2/TGFBR1/VEGFC",3
"GO:1903044","protein localization to membrane raft","3/442","11/18842",0.272727272727273,11.6260798025504,5.46370096695547,0.00183855559777259,0.036856787358277,0.036856787358277,"RFTN1/CAV1/NEGR1",3
"GO:0045745","positive regulation of G protein-coupled receptor signaling pathway","5/442","38/18842",0.131578947368421,5.60907358894975,4.40792825505033,0.00184150494404136,0.036856787358277,0.036856787358277,"CCL5/PKD2/C3/RGS2/CAV2",5
"GO:0007588","excretion","4/442","23/18842",0.173913043478261,7.41373204800315,4.77013485383814,0.00185670387111913,0.03707144162914,0.03707144162914,"STC1/CHRNA3/KCNMA1/AGTR1",4
"GO:0022407","regulation of cell-cell adhesion","22/442","472/18842",0.0466101694915254,1.98694301710254,3.36560154018627,0.00186284040959144,0.0371045568121987,0.0371045568121987,"HAVCR2/LILRB2/PRKG1/CCL2/HLA-DRA/ADAM19/HLA-DOA/JAK3/CCL5/HLA-DQB1/EPHA3/IL6ST/PDPN/ITGA4/CD300A/GLI3/CAV1/PTPRC/VCAM1/LGALS1/FYN/NCKAP1L",22
"GO:0042100","B cell proliferation","7/442","75/18842",0.0933333333333333,3.97870286576169,4.00603358471402,0.00187473710532159,0.0372519703949513,0.0372519703949513,"CD38/CD300A/CD74/MEF2C/SASH3/PTPRC/NCKAP1L",7
"GO:0050729","positive regulation of inflammatory response","11/442","166/18842",0.0662650602409639,2.82481055443493,3.66002535091704,0.00190492832923205,0.0376712079618539,0.0376712079618539,"SERPINE1/GBP5/CCL5/PTGER3/GBP1/IL6ST/AGTR1/GBP2/LGALS1/OSMR/NKG7",11
"GO:0051963","regulation of synapse assembly","11/442","166/18842",0.0662650602409639,2.82481055443493,3.66002535091704,0.00190492832923205,0.0376712079618539,0.0376712079618539,"NLGN4X/FGFR1/FZD1/SDC2/LRRC15/SRGAP2C/LSAMP/MEF2C/MAP1B/NEGR1/PRICKLE1",11
"GO:0030595","leukocyte chemotaxis","13/442","217/18842",0.0599078341013825,2.55380862022228,3.5680706958367,0.00190954096667827,0.0376725153568957,0.0376725153568957,"SERPINE1/CCL2/GREM1/CCL5/THBS4/C3/CD74/THBS1/SLIT2/VEGFC/JAM3/NCKAP1L/MMP2",13
"GO:0003179","heart valve morphogenesis","6/442","56/18842",0.107142857142857,4.56738849385908,4.14363468434392,0.00194071593402267,0.0380160099983732,0.0380160099983732,"ADAMTS5/ELN/MEF2C/CDH11/SLIT2/NFATC1",6
"GO:0031638","zymogen activation","6/442","56/18842",0.107142857142857,4.56738849385908,4.14363468434392,0.00194071593402267,0.0380160099983732,0.0380160099983732,"SERPINE1/MASP1/C1S/THBS1/C1R/THBD",6
"GO:0071870","cellular response to catecholamine stimulus","6/442","56/18842",0.107142857142857,4.56738849385908,4.14363468434392,0.00194071593402267,0.0380160099983732,0.0380160099983732,"FLNA/GNG2/CAV2/HTR2B/GNB5/PRKD1",6
"GO:0034446","substrate adhesion-dependent cell spreading","8/442","97/18842",0.0824742268041237,3.51579045575407,3.85009821067044,0.00201361575491404,0.039186689215464,0.039186689215464,"FERMT2/TGFB1I1/ANTXR1/GBP1/PDPN/ITGA4/FLNA/LAMB2",8
"GO:0051899","membrane depolarization","8/442","97/18842",0.0824742268041237,3.51579045575407,3.85009821067044,0.00201361575491404,0.039186689215464,0.039186689215464,"ATP1A2/CHRNA3/DCN/MLLT11/ANK2/CAV1/FHL1/CACNA2D1",8
"GO:0044089","positive regulation of cellular component biogenesis","22/442","475/18842",0.0463157894736842,1.97439390331031,3.33362272287757,0.00201466686046194,0.039186689215464,0.039186689215464,"FERMT2/TGFBR1/MAP4K4/CLU/GBP5/HOPX/COL16A1/LRRC15/SYNPO2/LMOD1/FLNA/DPYSL3/CDH5/GBP2/CAV1/MAP1B/CCDC88A/LATS2/NCKAP1L/PRKD1/EVL/RHOQ",22
"GO:1903036","positive regulation of response to wounding","7/442","76/18842",0.0921052631578947,3.92635151226482,3.96188285634807,0.00202412215001978,0.0392783984427725,0.0392783984427725,"FERMT2/SERPINE1/MYLK/DDR2/THBS1/F2R/THBD",7
"GO:0032102","negative regulation of response to external stimulus","20/442","416/18842",0.0480769230769231,2.04946919596241,3.35471032652152,0.00206609391256991,0.0396546976514754,0.0396546976514754,"HAVCR2/PRKG1/SERPINE1/CCL2/TFPI/PHLDB2/GREM1/IL10RA/PTGIS/RORA/RGMA/THBS1/CDH5/SERPING1/PTPRC/THBD/SLIT2/FYN/A2M/NFATC1",20
"GO:0003180","aortic valve morphogenesis","5/442","39/18842",0.128205128205128,5.46525118923309,4.32632183292491,0.00207222834698151,0.0396546976514754,0.0396546976514754,"ADAMTS5/ELN/CDH11/SLIT2/NFATC1",5
"GO:0032330","regulation of chondrocyte differentiation","5/442","39/18842",0.128205128205128,5.46525118923309,4.32632183292491,0.00207222834698151,0.0396546976514754,0.0396546976514754,"TGFBR1/GREM1/TRPS1/EFEMP1/ADAMTS12",5
"GO:0035850","epithelial cell differentiation involved in kidney development","5/442","39/18842",0.128205128205128,5.46525118923309,4.32632183292491,0.00207222834698151,0.0396546976514754,0.0396546976514754,"GREM1/ACTA2/MEF2C/BASP1/EDNRA",5
"GO:0060306","regulation of membrane repolarization","5/442","39/18842",0.128205128205128,5.46525118923309,4.32632183292491,0.00207222834698151,0.0396546976514754,0.0396546976514754,"FLNA/ANK2/CAV1/CACNA2D1/KCNE4",5
"GO:0086004","regulation of cardiac muscle cell contraction","5/442","39/18842",0.128205128205128,5.46525118923309,4.32632183292491,0.00207222834698151,0.0396546976514754,0.0396546976514754,"PLN/ATP1A2/STC1/ANK2/CAV1",5
"GO:0007492","endoderm development","6/442","57/18842",0.105263157894737,4.4872588711598,4.08667606120349,0.00212690242966358,0.0402363322652795,0.0402363322652795,"ITGA4/SOX7/COL8A1/COL6A1/COL12A1/MMP2",6
"GO:0030837","negative regulation of actin filament polymerization","6/442","57/18842",0.105263157894737,4.4872588711598,4.08667606120349,0.00212690242966358,0.0402363322652795,0.0402363322652795,"RDX/SVIL/LMOD1/KANK2/SLIT2/ASB2",6
"GO:0048644","muscle organ morphogenesis","6/442","57/18842",0.105263157894737,4.4872588711598,4.08667606120349,0.00212690242966358,0.0402363322652795,0.0402363322652795,"EFEMP2/ZFPM2/TGFBR1/MYLK/COL3A1/EDNRA",6
"GO:0060415","muscle tissue morphogenesis","6/442","57/18842",0.105263157894737,4.4872588711598,4.08667606120349,0.00212690242966358,0.0402363322652795,0.0402363322652795,"EFEMP2/ZFPM2/TGFBR1/MYLK/COL3A1/EDNRA",6
"GO:0071869","response to catecholamine","6/442","57/18842",0.105263157894737,4.4872588711598,4.08667606120349,0.00212690242966358,0.0402363322652795,0.0402363322652795,"FLNA/GNG2/CAV2/HTR2B/GNB5/PRKD1",6
"GO:0001894","tissue homeostasis","12/442","194/18842",0.0618556701030928,2.63684284181555,3.55177884489309,0.00215965437933713,0.0406702186072442,0.0406702186072442,"WWTR1/PECAM1/IL10RA/CD38/TUBA1A/GJA1/CDH5/F2R/COL3A1/JAM3/ZEB2/PRICKLE1",12
"GO:0060249","anatomical structure homeostasis","12/442","194/18842",0.0618556701030928,2.63684284181555,3.55177884489309,0.00215965437933713,0.0406702186072442,0.0406702186072442,"WWTR1/PECAM1/IL10RA/CD38/TUBA1A/GJA1/CDH5/F2R/COL3A1/JAM3/ZEB2/PRICKLE1",12
"GO:1903037","regulation of leukocyte cell-cell adhesion","18/442","359/18842",0.0501392757660167,2.13738514475857,3.37227313040489,0.00216540997041191,0.0406861383556307,0.0406861383556307,"HAVCR2/LILRB2/CCL2/HLA-DRA/HLA-DOA/JAK3/CCL5/HLA-DQB1/IL6ST/ITGA4/CD300A/GLI3/CAV1/PTPRC/VCAM1/LGALS1/FYN/NCKAP1L",18
"GO:0001937","negative regulation of endothelial cell proliferation","7/442","77/18842",0.0909090909090909,3.87535993418346,3.91847872425849,0.00218255203943342,0.0408181198506675,0.0408181198506675,"SPARC/CCL2/PTPRM/THBS1/MEF2C/CAV2/CAV1",7
"GO:0060419","heart growth","7/442","77/18842",0.0909090909090909,3.87535993418346,3.91847872425849,0.00218255203943342,0.0408181198506675,0.0408181198506675,"ZFPM2/TGFBR1/SORBS2/MEIS1/MEF2C/RGS2/BASP1",7
"GO:0060324","face development","4/442","24/18842",0.166666666666667,7.10482654600302,4.63816736433371,0.00218721279431528,0.0408181198506675,0.0408181198506675,"CRISPLD2/CRISPLD1/PRICKLE1/EDNRA",4
"GO:0048568","embryonic organ development","14/442","248/18842",0.0564516129032258,2.40647350751715,3.45561365300357,0.00226112270918768,0.0421026129625374,0.0421026129625374,"PBX3/RBPMS2/SPARC/TGFBR1/MFAP5/PCSK5/PKD2/EFEMP1/ALDH1A3/MEF2C/GLI3/ASB2/PRICKLE1/EDNRA",14
"GO:0001953","negative regulation of cell-matrix adhesion","5/442","40/18842",0.125,5.32861990950226,4.24748273358831,0.00232334507564572,0.042834100716861,0.042834100716861,"SERPINE1/DLC1/MAP4K4/PHLDB2/THBS1",5
"GO:0099622","cardiac muscle cell membrane repolarization","5/442","40/18842",0.125,5.32861990950226,4.24748273358831,0.00232334507564572,0.042834100716861,0.042834100716861,"KCNJ8/FLNA/ANK2/CACNA2D1/KCNE4",5
"GO:0150146","cell junction disassembly","5/442","40/18842",0.125,5.32861990950226,4.24748273358831,0.00232334507564572,0.042834100716861,0.042834100716861,"TGFBR1/MAP4K4/C1QC/C3/PRICKLE1",5
"GO:1904706","negative regulation of vascular associated smooth muscle cell proliferation","5/442","40/18842",0.125,5.32861990950226,4.24748273358831,0.00232334507564572,0.042834100716861,0.042834100716861,"EFEMP2/PRKG1/MEF2C/MYOCD/CNN1",5
"GO:0071868","cellular response to monoamine stimulus","6/442","58/18842",0.103448275862069,4.40989233889842,4.03101878583418,0.00232625456463763,0.042834100716861,0.042834100716861,"FLNA/GNG2/CAV2/HTR2B/GNB5/PRKD1",6
"GO:0002274","myeloid leukocyte activation","13/442","222/18842",0.0585585585585586,2.49629040805511,3.47581568561092,0.00233205530574317,0.0428456990319023,0.0428456990319023,"HAVCR2/CLU/DOCK2/CCL5/CD84/CD300LF/CD300A/CD74/THBS1/LCP2/PTPRC/SLC11A1/CD2",13
"GO:0030010","establishment of cell polarity","9/442","122/18842",0.0737704918032787,3.14475929085379,3.68349215215037,0.00234046153826537,0.0429050095266967,0.0429050095266967,"FEZ1/AMOTL1/MSN/PHLDB2/FRMD4A/GJA1/CDH5/PRICKLE1/RHOQ",9
"GO:0070509","calcium ion import","7/442","78/18842",0.0897435897435897,3.82567583246316,3.87579791135931,0.00235038737133114,0.0429918537722954,0.0429918537722954,"CCL2/PLN/PKD2/STC1/ATP2B4/FYN/CACNA2D1",7
"GO:0014831","gastro-intestinal system smooth muscle contraction","3/442","12/18842",0.25,10.6572398190045,5.18647964007442,0.00240896196246555,0.0437733746074332,0.0437733746074332,"TACR2/PTGER3/HTR2B",3
"GO:0051918","negative regulation of fibrinolysis","3/442","12/18842",0.25,10.6572398190045,5.18647964007442,0.00240896196246555,0.0437733746074332,0.0437733746074332,"SERPINE1/THBS1/THBD",3
"GO:0098903","regulation of membrane repolarization during action potential","3/442","12/18842",0.25,10.6572398190045,5.18647964007442,0.00240896196246555,0.0437733746074332,0.0437733746074332,"FLNA/CAV1/CACNA2D1",3
"GO:0001666","response to hypoxia","15/442","278/18842",0.0539568345323741,2.30012370194342,3.38474138728651,0.00247668086730104,0.0449054215896201,0.0449054215896201,"CD38/PTGIS/RORA/DDR2/STC1/KCNMA1/CYGB/THBS1/ITPR1/CAV1/VCAM1/CYBB/VEGFC/MYOCD/MMP2",15
"GO:0016064","immunoglobulin mediated immune response","11/442","172/18842",0.063953488372093,2.72627065137325,3.52496776249032,0.00251625707915147,0.0454241964223292,0.0454241964223292,"IL2RB/CLU/C1QC/C7/IGLC1/C1S/C3/CD74/IGKC/C1R/IGHD",11
"GO:0034764","positive regulation of transmembrane transport","11/442","172/18842",0.063953488372093,2.72627065137325,3.52496776249032,0.00251625707915147,0.0454241964223292,0.0454241964223292,"SORBS1/PTPRM/C3/FLNA/FXYD6/ANK2/CAV1/F2R/FHL1/EDNRA/RHOQ",11
"GO:0046209","nitric oxide metabolic process","7/442","79/18842",0.0886075949367089,3.77724955610287,3.8338181611123,0.00252799386683047,0.0454450370379679,0.0454450370379679,"CLU/PKD2/PTGIS/ATP2B4/CYGB/CAV1/CYP1B1",7
"GO:0019229","regulation of vasoconstriction","6/442","59/18842",0.101694915254237,4.33514840095099,3.97660896802839,0.00253934976449181,0.0454450370379679,0.0454450370379679,"CD38/ITGA4/AGTR1/CAV1/F2R/MMP2",6
"GO:0021675","nerve development","6/442","59/18842",0.101694915254237,4.33514840095099,3.97660896802839,0.00253934976449181,0.0454450370379679,0.0454450370379679,"EGR2/ACKR3/ITGA4/VCAM1/EDNRA/NRP2",6
"GO:0071867","response to monoamine","6/442","59/18842",0.101694915254237,4.33514840095099,3.97660896802839,0.00253934976449181,0.0454450370379679,0.0454450370379679,"FLNA/GNG2/CAV2/HTR2B/GNB5/PRKD1",6
"GO:0003338","metanephros morphogenesis","4/442","25/18842",0.16,6.8206334841629,4.51356044827119,0.00255614551880977,0.0455488640190489,0.0455488640190489,"GREM1/KIF26B/PKD2/BASP1",4
"GO:0086064","cell communication by electrical coupling involved in cardiac conduction","4/442","25/18842",0.16,6.8206334841629,4.51356044827119,0.00255614551880977,0.0455488640190489,0.0455488640190489,"ATP1A2/GJA1/CAV1/GJC1",4
"GO:1902622","regulation of neutrophil migration","5/442","41/18842",0.121951219512195,5.19865357024611,4.17124495313193,0.00259587865492914,0.045984111931331,0.045984111931331,"THBS4/CD74/SLIT2/JAM3/NCKAP1L",5
"GO:0010596","negative regulation of endothelial cell migration","8/442","101/18842",0.0792079207920792,3.37655122978361,3.71163862081738,0.00259721993529603,0.045984111931331,0.045984111931331,"STC1/ATP2B4/DCN/PTPRM/SERPINF1/THBS1/MEF2C/SLIT2",8
"GO:0032231","regulation of actin filament bundle assembly","8/442","101/18842",0.0792079207920792,3.37655122978361,3.71163862081738,0.00259721993529603,0.045984111931331,0.045984111931331,"FERMT2/DLC1/TGFBR1/PHLDB2/SYNPO2/FLNA/CCDC88A/EVL",8
"GO:0018212","peptidyl-tyrosine modification","9/442","124/18842",0.0725806451612903,3.09403736680777,3.62593276001617,0.00261399917618966,0.0461825099656877,0.0461825099656877,"FGFR1/JAK3/IL10RA/DDR2/EPHA3/THBS4/EFEMP1/TPST1/FYN",9
"GO:0060828","regulation of canonical Wnt signaling pathway","14/442","254/18842",0.0551181102362205,2.34962767663092,3.35636126265528,0.00281091155850473,0.0495557727101493,0.0495557727101493,"DKK3/WWTR1/IGFBP6/DACT1/MCC/GREM1/RECK/GLI3/CAV1/RBMS3/ZEB2/LATS2/PRICKLE1/CDK14",14
