"ID","Description","GeneRatio","BgRatio","RichFactor","FoldEnrichment","zScore","pvalue","p.adjust","qvalue","geneID","Count"
"GO:0061061","muscle structure development","54/443","573/18842",0.0942408376963351,4.00832023447934,11.3475137101348,2.46798776233418e-18,2.0449746598701e-14,2.0449746598701e-14,"EFEMP2/RBPMS2/EGR2/PLEKHO1/NID1/SYNE1/ZFPM2/TGFBR1/SORBS2/SGCE/DOCK2/GREM1/FHL1/JPH2/ADAMTS5/MYLK/POPDC2/BOC/RORA/ITGA11/ADAM12/MYL9/SVIL/TAGLN/LMOD1/MEIS1/PDLIM4/QKI/MEF2C/RGS2/CSRP2/DES/MYH11/CAV2/SGCD/ANK2/PGM5/CAV1/LAMB2/BASP1/COL3A1/PDLIM7/COL6A1/PDLIM3/MYOCD/PRKD1/ASB2/PRICKLE1/SMTN/CFL2/CSRP1/LDB3/EDNRA/NFATC1",54
"GO:0001944","vasculature development","58/443","714/18842",0.0812324929971989,3.45503980373188,10.3774207530754,1.25591276908867e-16,5.20324660233436e-13,5.20324660233436e-13,"EFEMP2/LOXL1/EGR2/HSPB6/PTPN14/SPARC/SERPINE1/MCAM/CCL2/TGFBR1/AKT3/PECAM1/PLXDC1/AMOTL1/COL1A2/GREM1/MYLK/PKD2/PTGIS/RORA/ADAM12/PRKCB/ACKR3/ATP2B4/DCN/MFGE8/PDPN/THBS4/MEIS1/ACTA2/ADAMTS1/QKI/PTPRM/IGFBP7/C3/SERPINF1/RECK/THBS1/MEF2C/CDH5/AGTR1/COL4A1/CAV1/COL8A1/SLIT2/CYBB/FYN/VEGFC/COL3A1/JAM3/COL8A2/CYP1B1/MYOCD/MMP2/PRKD1/EDNRA/NRP2/NFATC1",58
"GO:0003012","muscle system process","46/443","477/18842",0.0964360587002096,4.10168897975023,10.6467902540448,4.01393770036534e-16,8.81075602645781e-13,8.81075602645781e-13,"CRYAB/PRKG1/SORBS2/TPM2/PLN/PPP1R12B/JPH2/TACR2/MYLK/PTGER3/CD38/ATP1A2/KCNJ8/FBXO32/STC1/MYL9/CHRNA3/ATP2B4/IL6ST/DTNA/LMOD1/MEIS1/ACTA2/SYNM/KCNMA1/FLNA/IGFBP5/GJA1/RGS2/DES/MYH11/ANK2/CAV1/F2R/SSPN/GJC1/CALD1/CACNA2D1/HTR2B/MYOCD/PRKD1/ASB2/SMTN/CNN1/EDNRA/KCNE4",46
"GO:0030198","extracellular matrix organization","35/443","278/18842",0.12589928057554,5.35484028127385,11.3505152800203,5.09655471525245e-16,8.81075602645781e-13,8.81075602645781e-13,"EFEMP2/LOXL1/POSTN/ADAMTS2/NID1/TGFBR1/COL1A2/LUM/PHLDB2/GREM1/CCDC80/HMCN1/ADAMTS5/COL13A1/DDR2/COL16A1/PDPN/ELN/ADAMTS1/RECK/MMP11/MYH11/AEBP1/COL4A1/ADAMTS12/COL8A1/LAMB2/PAPLN/COL3A1/COL8A2/COL12A1/CYP1B1/MMP2/PRICKLE1/CTSK",35
"GO:0043062","extracellular structure organization","35/443","279/18842",0.125448028673835,5.33564730535531,11.3211017483723,5.70373639508901e-16,8.81075602645781e-13,8.81075602645781e-13,"EFEMP2/LOXL1/POSTN/ADAMTS2/NID1/TGFBR1/COL1A2/LUM/PHLDB2/GREM1/CCDC80/HMCN1/ADAMTS5/COL13A1/DDR2/COL16A1/PDPN/ELN/ADAMTS1/RECK/MMP11/MYH11/AEBP1/COL4A1/ADAMTS12/COL8A1/LAMB2/PAPLN/COL3A1/COL8A2/COL12A1/CYP1B1/MMP2/PRICKLE1/CTSK",35
"GO:0045229","external encapsulating structure organization","35/443","280/18842",0.125,5.3165914221219,11.2918292694923,6.37998264044736e-16,8.81075602645781e-13,8.81075602645781e-13,"EFEMP2/LOXL1/POSTN/ADAMTS2/NID1/TGFBR1/COL1A2/LUM/PHLDB2/GREM1/CCDC80/HMCN1/ADAMTS5/COL13A1/DDR2/COL16A1/PDPN/ELN/ADAMTS1/RECK/MMP11/MYH11/AEBP1/COL4A1/ADAMTS12/COL8A1/LAMB2/PAPLN/COL3A1/COL8A2/COL12A1/CYP1B1/MMP2/PRICKLE1/CTSK",35
"GO:0006936","muscle contraction","40/443","375/18842",0.106666666666667,4.53682468021068,10.7346458213764,1.25661029519622e-15,1.48746755799941e-12,1.48746755799941e-12,"CRYAB/PRKG1/TPM2/PLN/PPP1R12B/JPH2/TACR2/MYLK/PTGER3/CD38/ATP1A2/KCNJ8/STC1/MYL9/CHRNA3/ATP2B4/DTNA/LMOD1/ACTA2/SYNM/KCNMA1/FLNA/GJA1/RGS2/DES/MYH11/ANK2/CAV1/F2R/SSPN/GJC1/CALD1/CACNA2D1/HTR2B/MYOCD/PRKD1/SMTN/CNN1/EDNRA/KCNE4",40
"GO:0001568","blood vessel development","55/443","687/18842",0.0800582241630277,3.40509494284372,9.96481396603974,1.56247112131956e-15,1.61832946390673e-12,1.61832946390673e-12,"EFEMP2/LOXL1/EGR2/HSPB6/SPARC/SERPINE1/MCAM/CCL2/TGFBR1/AKT3/PECAM1/PLXDC1/AMOTL1/COL1A2/GREM1/MYLK/PKD2/PTGIS/RORA/ADAM12/PRKCB/ACKR3/ATP2B4/DCN/MFGE8/THBS4/MEIS1/ACTA2/ADAMTS1/QKI/PTPRM/IGFBP7/C3/SERPINF1/RECK/THBS1/MEF2C/CDH5/AGTR1/COL4A1/CAV1/COL8A1/SLIT2/CYBB/FYN/VEGFC/COL3A1/JAM3/COL8A2/CYP1B1/MYOCD/MMP2/PRKD1/EDNRA/NRP2",55
"GO:0035239","tube morphogenesis","56/443","776/18842",0.0721649484536082,3.06937236741058,9.13471982538208,7.05261835752181e-14,6.49311063449174e-11,6.49311063449174e-11,"EFEMP2/RBPMS2/HSPB6/SPARC/SERPINE1/DLC1/MCAM/CCL2/TGFBR1/DACT1/AKT3/PLXDC1/AMOTL1/GREM1/KIF26B/MYLK/PKD2/PTGIS/RORA/ADAM12/PRKCB/ACKR3/ATP2B4/DCN/MFGE8/THBS4/MEIS1/ADAMTS1/QKI/PTPRM/IGFBP7/C3/SERPINF1/RECK/THBS1/MEF2C/CDH5/AGTR1/COL4A1/ADAMTS12/CAV1/COL8A1/SLIT2/CYBB/FYN/VEGFC/COL3A1/JAM3/COL8A2/CYP1B1/MMP2/PRKD1/ASB2/PRICKLE1/EDNRA/NRP2",56
"GO:0009887","animal organ morphogenesis","48/443","620/18842",0.0774193548387097,3.29285662273356,9.00806372890111,3.96978547046698e-13,3.28936424082894e-10,3.28936424082894e-10,"PBX3/EFEMP2/RBPMS2/SPARC/MGP/SERPINE1/DLC1/CCL2/ZFPM2/TGFBR1/MFAP5/FGFR1/MSN/COL1A2/GREM1/FHL1/ADAMTS5/KIF26B/MYLK/COL13A1/PKD2/RAB23/STC1/FAM20C/DCN/ELN/TUBA1A/MEIS1/ACTA2/EFEMP1/PTPRM/ALDH1A3/MEF2C/GLI3/ACTG2/CAV1/MEIS2/SLIT2/BASP1/COL3A1/HTR2B/MMP2/ASB2/PRICKLE1/EVL/FLI1/EDNRA/NRP2",48
"GO:0048514","blood vessel morphogenesis","48/443","648/18842",0.0740740740740741,3.15057269459075,8.64438822892429,1.97872067344887e-12,1.49051631819976e-09,1.49051631819976e-09,"EFEMP2/HSPB6/SPARC/SERPINE1/MCAM/CCL2/TGFBR1/AKT3/PLXDC1/AMOTL1/GREM1/MYLK/PKD2/PTGIS/RORA/ADAM12/PRKCB/ACKR3/ATP2B4/DCN/MFGE8/THBS4/MEIS1/ADAMTS1/QKI/PTPRM/IGFBP7/C3/SERPINF1/RECK/THBS1/CDH5/AGTR1/COL4A1/CAV1/COL8A1/SLIT2/CYBB/FYN/VEGFC/COL3A1/JAM3/COL8A2/CYP1B1/MMP2/PRKD1/EDNRA/NRP2",48
"GO:0008015","blood circulation","40/443","480/18842",0.0833333333333333,3.5443942814146,8.76197008679081,4.17971362320913e-12,2.60824761779999e-09,2.60824761779999e-09,"FERMT2/PRKG1/PLN/PECAM1/COL1A2/ITGA1/PCSK5/JPH2/TACR2/POPDC2/CD38/ATP1A2/KCNJ8/STC1/AKAP12/ATP2B4/ELN/KCNMA1/ITGA4/FLNA/GJA1/RGS2/CDH5/DES/AGTR1/SERPING1/SGCD/HSPB7/ANK2/CAV1/F2R/SLIT2/GJC1/VEGFC/CACNA2D1/HTR2B/ZEB2/MMP2/EDNRA/KCNE4",40
"GO:0060537","muscle tissue development","31/443","298/18842",0.104026845637584,4.42454588149742,9.24626082401,4.37756262389451e-12,2.60824761779999e-09,2.60824761779999e-09,"EFEMP2/EGR2/ZFPM2/TGFBR1/SORBS2/GREM1/JPH2/MYLK/POPDC2/PKD2/HOPX/SVIL/MEIS1/IGFBP5/GJA1/MEF2C/RGS2/CSRP2/MYH11/CAV2/SGCD/PGM5/CAV1/COL3A1/COL6A1/MYOCD/ASB2/PRICKLE1/CFL2/CSRP1/EDNRA",31
"GO:0007507","heart development","38/443","438/18842",0.0867579908675799,3.69005432037684,8.83891018600511,4.406887116727e-12,2.60824761779999e-09,2.60824761779999e-09,"DLC1/HEG1/ZFPM2/TGFBR1/SORBS2/PCSK5/GREM1/JPH2/ADAMTS5/POPDC2/PKD2/HOPX/ELN/MEIS1/PDLIM4/GJA1/MEF2C/RGS2/MYH11/SGCD/HSPB7/CDH11/ANK2/SLIT2/BASP1/VCAM1/COL3A1/PDLIM7/PDLIM3/HTR2B/MYOCD/MMP2/ASB2/PRICKLE1/LDB3/EDNRA/NRP2/NFATC1",38
"GO:0006939","smooth muscle contraction","17/443","85/18842",0.2,8.50654627539503,10.7627850812717,1.11312598577374e-11,6.14890794541413e-09,6.14890794541413e-09,"PRKG1/TACR2/MYLK/PTGER3/CD38/CHRNA3/ATP2B4/KCNMA1/RGS2/MYH11/CAV1/F2R/HTR2B/MYOCD/SMTN/CNN1/EDNRA",17
"GO:0003013","circulatory system process","43/443","564/18842",0.076241134751773,3.24274370427293,8.39095882350634,1.19554071903297e-11,6.19140649869197e-09,6.19140649869197e-09,"FERMT2/WWTR1/PRKG1/SLC24A3/PLN/PECAM1/COL1A2/ITGA1/PCSK5/JPH2/TACR2/POPDC2/CD38/ATP1A2/KCNJ8/STC1/AKAP12/ATP2B4/ELN/KCNMA1/ITGA4/FLNA/GJA1/RGS2/CDH5/DES/AGTR1/SERPING1/SGCD/HSPB7/ANK2/CAV1/F2R/SLIT2/GJC1/FYN/VEGFC/CACNA2D1/HTR2B/ZEB2/MMP2/EDNRA/KCNE4",43
"GO:0040017","positive regulation of locomotion","45/443","614/18842",0.0732899022801303,3.11721972632554,8.27632117004597,1.46327675762848e-11,7.13218306688798e-09,7.13218306688798e-09,"TIAM1/FERMT2/SPARC/SERPINE1/MCAM/CCL2/TWIST2/TGFBR1/MAP4K4/AKT3/FGFR1/PECAM1/GREM1/CCL5/PDGFC/TACR2/MYLK/ICAM1/DDR2/AKAP12/ACKR3/LRRC15/PDPN/THBS4/SYNPO2/SRGAP2C/ACTA2/GLIPR2/ADAMTS1/ITGA4/FLNA/CD74/IGFBP5/THBS1/CDH5/CAV1/F2R/PTPRC/SLIT2/VEGFC/JAM3/NCKAP1L/MMP2/PRKD1/NRP2",45
"GO:0031589","cell-substrate adhesion","32/443","333/18842",0.0960960960960961,4.08722944163125,8.81974998945206,1.62975873874217e-11,7.50232272734313e-09,7.50232272734313e-09,"EFEMP2/TIAM1/SORBS1/FERMT2/NID1/SERPINE1/DLC1/MAP4K4/TGFB1I1/SGCE/ITGA1/PHLDB2/GREM1/CCDC80/ANTXR1/COL13A1/GBP1/ITGA11/COL16A1/EPHA3/ITGBL1/PDPN/ITGA4/FLNA/EDIL3/THBS1/VWF/ADAMTS12/CDH11/LAMB2/VCAM1/COL3A1",32
"GO:0030335","positive regulation of cell migration","43/443","573/18842",0.075043630017452,3.1918105570854,8.26760398094696,1.99953225994151e-11,8.72006542414494e-09,8.72006542414494e-09,"TIAM1/FERMT2/SPARC/SERPINE1/MCAM/CCL2/TWIST2/TGFBR1/MAP4K4/AKT3/FGFR1/PECAM1/GREM1/CCL5/PDGFC/MYLK/ICAM1/DDR2/AKAP12/ACKR3/LRRC15/PDPN/THBS4/SYNPO2/SRGAP2C/ACTA2/GLIPR2/ADAMTS1/ITGA4/FLNA/CD74/IGFBP5/THBS1/CDH5/CAV1/F2R/PTPRC/VEGFC/JAM3/NCKAP1L/MMP2/PRKD1/NRP2",43
"GO:2000147","positive regulation of cell motility","44/443","600/18842",0.0733333333333333,3.11906696764485,8.18541700473909,2.4562702329082e-11,1.01763275749387e-08,1.01763275749387e-08,"TIAM1/FERMT2/SPARC/SERPINE1/MCAM/CCL2/TWIST2/TGFBR1/MAP4K4/AKT3/FGFR1/PECAM1/GREM1/CCL5/PDGFC/TACR2/MYLK/ICAM1/DDR2/AKAP12/ACKR3/LRRC15/PDPN/THBS4/SYNPO2/SRGAP2C/ACTA2/GLIPR2/ADAMTS1/ITGA4/FLNA/CD74/IGFBP5/THBS1/CDH5/CAV1/F2R/PTPRC/VEGFC/JAM3/NCKAP1L/MMP2/PRKD1/NRP2",44
"GO:0030336","negative regulation of cell migration","33/443","365/18842",0.0904109589041096,3.84542502860323,8.51794003337844,4.01837805904474e-11,1.58553717129737e-08,1.58553717129737e-08,"PRKG1/SERPINE1/DLC1/CCL2/TGFBR1/ADARB1/MCC/PHLDB2/GREM1/STC1/ATP2B4/DCN/CLIC4/SRGAP2C/PTPRM/CD300A/DPYSL3/SERPINF1/CYGB/CD74/RECK/IGFBP5/GJA1/THBS1/MEF2C/CDH11/SLIT2/COL3A1/MITF/ZEB2/CYP1B1/MYOCD/EVL",33
"GO:0001525","angiogenesis","43/443","594/18842",0.0723905723905724,3.07896876971369,7.98896061188357,6.35259355605606e-11,2.39261773661275e-08,2.39261773661275e-08,"HSPB6/SPARC/SERPINE1/MCAM/CCL2/TGFBR1/AKT3/PLXDC1/AMOTL1/GREM1/PTGIS/RORA/ADAM12/PRKCB/ACKR3/ATP2B4/DCN/MFGE8/THBS4/MEIS1/ADAMTS1/QKI/PTPRM/IGFBP7/C3/SERPINF1/RECK/THBS1/CDH5/AGTR1/COL4A1/COL8A1/SLIT2/CYBB/FYN/VEGFC/JAM3/COL8A2/CYP1B1/MMP2/PRKD1/EDNRA/NRP2",43
"GO:2000146","negative regulation of cell motility","33/443","380/18842",0.0868421052631579,3.6936319353689,8.23090152014092,1.16667011065579e-10,4.20305588560605e-08,4.20305588560605e-08,"PRKG1/SERPINE1/DLC1/CCL2/TGFBR1/ADARB1/MCC/PHLDB2/GREM1/STC1/ATP2B4/DCN/CLIC4/SRGAP2C/PTPRM/CD300A/DPYSL3/SERPINF1/CYGB/CD74/RECK/IGFBP5/GJA1/THBS1/MEF2C/CDH11/SLIT2/COL3A1/MITF/ZEB2/CYP1B1/MYOCD/EVL",33
"GO:0042692","muscle cell differentiation","32/443","365/18842",0.0876712328767123,3.72889699743344,8.16910681101826,1.76807225724432e-10,6.10426946813602e-08,6.10426946813602e-08,"EFEMP2/RBPMS2/PLEKHO1/NID1/SYNE1/SORBS2/DOCK2/GREM1/ADAMTS5/POPDC2/RORA/ADAM12/MYL9/LMOD1/MEIS1/QKI/MEF2C/RGS2/CSRP2/MYH11/CAV2/ANK2/PGM5/LAMB2/COL6A1/MYOCD/PRKD1/ASB2/PRICKLE1/CSRP1/EDNRA/NFATC1",32
"GO:0040013","negative regulation of locomotion","33/443","389/18842",0.0848329048843188,3.60817515537321,8.06556492803345,2.15189960903015e-10,7.13225606416952e-08,7.13225606416952e-08,"PRKG1/SERPINE1/DLC1/CCL2/TGFBR1/ADARB1/MCC/PHLDB2/GREM1/STC1/ATP2B4/DCN/CLIC4/SRGAP2C/PTPRM/CD300A/DPYSL3/SERPINF1/CYGB/CD74/RECK/IGFBP5/GJA1/THBS1/MEF2C/CDH11/SLIT2/COL3A1/MITF/ZEB2/CYP1B1/MYOCD/EVL",33
"GO:0030199","collagen fibril organization","14/443","65/18842",0.215384615384615,9.16089598888696,10.2267619320163,2.62803708237047e-10,8.37535202481603e-08,8.37535202481603e-08,"EFEMP2/LOXL1/ADAMTS2/TGFBR1/COL1A2/LUM/GREM1/DDR2/AEBP1/COL4A1/ADAMTS12/COL3A1/COL12A1/CYP1B1",14
"GO:0030036","actin cytoskeleton organization","45/443","705/18842",0.0638297872340425,2.71485519427501,7.20105310089712,1.29979145512383e-09,3.98891555450224e-07,3.98891555450224e-07,"SORBS1/FERMT2/DLC1/TGFBR1/TPM2/RDX/DIXDC1/WIPF1/AMOTL1/PHLDB2/DOCK2/HMCN1/ANTXR1/MYL9/SVIL/EPHA3/SYNPO2/LMOD1/PDLIM4/FLNA/DPYSL3/CSRP2/MYH11/CAP2/KANK2/PGM5/PALLD/SLIT2/CALD1/HIP1/PDLIM7/MYO5A/PDLIM3/CCDC88A/ZEB2/NCKAP1L/PRKD1/ASB2/SMTN/CNN1/EVL/CFL2/CSRP1/LDB3/RHOQ",45
"GO:0000902","cell morphogenesis","47/443","761/18842",0.0617608409986859,2.62685725981318,7.10865247560103,1.58091020679062e-09,4.67836499052396e-07,4.67836499052396e-07,"TIAM1/FEZ1/FERMT2/SPARC/PRKG1/CCL2/MAP4K4/CDH19/CLU/RDX/MSN/ITGA1/GREM1/PPP1R12B/KCTD12/SDC2/BOC/LST1/STC1/CHRNA3/PALMD/EPHA3/RGMA/PDPN/TUBA1A/PTPRM/ITGA4/FLNA/ITPR1/MEF2C/CDH5/VIM/CAP2/CDH11/PALLD/GAP43/SLIT2/FYN/MAP1B/DCLK1/NCKAP1L/NEXN/PRICKLE1/EVL/EDNRA/NRP2/GAS7",47
"GO:0044057","regulation of system process","38/443","551/18842",0.0689655172413793,2.93329181910174,7.14679320698017,3.35570301637879e-09,9.58805351507402e-07,9.58805351507402e-07,"EGR2/PRKG1/NLGN4X/PLN/PPP1R12B/JPH2/TACR2/POPDC2/PTGER3/TSHZ3/CD38/ATP1A2/FBXO32/STC1/MYL9/CHRNA3/ATP2B4/IL6ST/QKI/ITGA4/FLNA/IGFBP5/GJA1/RGS2/DES/AGTR1/HSPB7/ANK2/CAV1/F2R/GJC1/CACNA2D1/MYOCD/MMP2/PRKD1/CNN1/EDNRA/KCNE4",38
"GO:0007160","cell-matrix adhesion","23/443","229/18842",0.100436681222707,4.2718463828403,7.72963853951949,5.30232470010605e-09,1.46450208216929e-06,1.46450208216929e-06,"EFEMP2/TIAM1/SORBS1/FERMT2/NID1/SERPINE1/DLC1/MAP4K4/SGCE/ITGA1/PHLDB2/GREM1/COL13A1/ITGA11/COL16A1/EPHA3/ITGBL1/ITGA4/THBS1/ADAMTS12/CDH11/VCAM1/COL3A1",23
"GO:0007517","muscle organ development","24/443","251/18842",0.0956175298804781,4.06687471333627,7.58993834856908,6.53148334097165e-09,1.74580228913842e-06,1.74580228913842e-06,"EFEMP2/EGR2/ZFPM2/TGFBR1/SGCE/FHL1/JPH2/MYLK/POPDC2/ITGA11/SVIL/TAGLN/MEF2C/DES/CAV2/SGCD/CAV1/BASP1/COL3A1/COL6A1/MYOCD/SMTN/CFL2/EDNRA",24
"GO:0071711","basement membrane organization","9/443","28/18842",0.321428571428571,13.6712350854563,10.4115196313835,9.4061328215726e-09,2.43560051748596e-06,2.43560051748596e-06,"NID1/PHLDB2/HMCN1/COL4A1/COL8A1/LAMB2/COL3A1/COL8A2/PRICKLE1",9
"GO:0070848","response to growth factor","43/443","715/18842",0.0601398601398601,2.55791251637753,6.59006727603049,1.78944720894062e-08,4.4931392646309e-06,4.4931392646309e-06,"NREP/RBPMS2/FEZ1/FERMT2/DKK3/CCL2/TGFBR1/TGFB1I1/FGFR1/COL1A2/LUM/GREM1/CCL5/CHRDL1/DDR2/PRKCB/CHRDL2/RGMA/PDGFRL/ATP2B4/DCN/NR3C1/ACTA2/FSTL1/THBS1/DOK5/MEF2C/CDH5/ADAMTS12/CAV1/MEIS2/SLIT2/VCAM1/FYN/VEGFC/COL3A1/MAP1B/DNM3OS/ZEB2/LATS2/MYOCD/PRKD1/NRP2",43
"GO:0034329","cell junction assembly","34/443","490/18842",0.0693877551020408,2.95125074860644,6.79088147603302,2.00428174618384e-08,4.88455251437626e-06,4.88455251437626e-06,"SORBS1/FERMT2/DLC1/NLGN4X/MAP4K4/CDH19/FGFR1/CLDN11/PECAM1/FZD1/PHLDB2/GREM1/SDC2/HOPX/COL16A1/EPHA3/LRRC15/SRGAP2C/LSAMP/MPDZ/GJA1/THBS1/PCDH17/MEF2C/CDH5/CDH11/ANK2/CAV1/GAP43/GJC1/MAP1B/JAM3/NEGR1/PRICKLE1",34
"GO:0030048","actin filament-based movement","17/443","138/18842",0.123188405797101,5.23953937252593,7.75617675073572,2.67249880556958e-08,6.32695002941415e-06,6.32695002941415e-06,"PLN/WIPF1/ATP1A2/KCNJ8/STC1/PDPN/ACTA2/QKI/FLNA/GJA1/ANK2/CAV1/GJC1/MYO5A/CACNA2D1/ZEB2/KCNE4",17
"GO:0003018","vascular process in circulatory system","23/443","255/18842",0.0901960784313725,3.83628557517815,7.07574421825142,4.04132694502675e-08,9.30178751846991e-06,9.30178751846991e-06,"FERMT2/PRKG1/SLC24A3/PECAM1/ITGA1/TACR2/CD38/ATP1A2/KCNJ8/AKAP12/ATP2B4/KCNMA1/ITGA4/RGS2/CDH5/AGTR1/CAV1/F2R/SLIT2/HTR2B/ZEB2/MMP2/EDNRA",23
"GO:0014706","striated muscle tissue development","24/443","277/18842",0.0866425992779783,3.68514640089316,6.98581540342929,4.4221349311764e-08,9.74361454551416e-06,9.74361454551416e-06,"EGR2/ZFPM2/TGFBR1/SORBS2/GREM1/JPH2/POPDC2/HOPX/SVIL/MEIS1/GJA1/MEF2C/RGS2/MYH11/CAV2/SGCD/PGM5/CAV1/COL6A1/MYOCD/ASB2/PRICKLE1/CFL2/EDNRA",24
"GO:0071363","cellular response to growth factor stimulus","41/443","685/18842",0.0598540145985401,2.54575472475326,6.39470552048556,4.4684691374552e-08,9.74361454551416e-06,9.74361454551416e-06,"NREP/RBPMS2/FEZ1/FERMT2/DKK3/CCL2/TGFBR1/TGFB1I1/FGFR1/COL1A2/GREM1/CCL5/CHRDL1/DDR2/PRKCB/CHRDL2/RGMA/PDGFRL/ATP2B4/DCN/NR3C1/ACTA2/FSTL1/THBS1/DOK5/MEF2C/CDH5/ADAMTS12/CAV1/SLIT2/VCAM1/FYN/VEGFC/COL3A1/MAP1B/DNM3OS/ZEB2/LATS2/MYOCD/PRKD1/NRP2",41
"GO:0001667","ameboidal-type cell migration","20/443","200/18842",0.1,4.25327313769752,7.1770504893596,5.73035725333449e-08,1.21748051797768e-05,1.21748051797768e-05,"TNS1/TGFBR1/MAP4K4/AMOTL1/MCC/DDR2/AKAP12/ACTA2/GLIPR2/ITGA4/CYGB/GJA1/THBS1/KANK2/HTR2B/ZEB2/MMP2/EVL/EDNRA/NRP2",20
"GO:0009611","response to wounding","33/443","496/18842",0.0665322580645161,2.82979866016165,6.40811323104624,8.80315471208626e-08,1.82357349860867e-05,1.82357349860867e-05,"NREP/FERMT2/PRKG1/SERPINE1/MCAM/TNC/TGFBR1/TFPI/PHLDB2/MYLK/DDR2/MYL9/RGMA/ANGPTL2/IL6ST/PDPN/AXL/FLNA/DPYSL3/THBS1/VWF/ANGPTL1/SERPING1/CAV1/F2R/THBD/GAP43/COL3A1/MAP1B/SLC11A1/MMP2/CSRP1/EDNRA",33
"GO:0055001","muscle cell development","17/443","151/18842",0.112582781456954,4.78845320138131,7.25255214297172,1.02323868376646e-07,2.01953254177418e-05,2.01953254177418e-05,"EFEMP2/SORBS2/MYL9/LMOD1/MEIS1/RGS2/CSRP2/MYH11/CAV2/ANK2/PGM5/COL6A1/PRKD1/ASB2/PRICKLE1/CSRP1/EDNRA",17
"GO:0070252","actin-mediated cell contraction","15/443","117/18842",0.128205128205128,5.45291427909938,7.49692352505194,1.03430146325764e-07,2.01953254177418e-05,2.01953254177418e-05,"PLN/ATP1A2/KCNJ8/STC1/PDPN/ACTA2/QKI/FLNA/GJA1/ANK2/CAV1/GJC1/CACNA2D1/ZEB2/KCNE4",15
"GO:0046649","lymphocyte activation","41/443","707/18842",0.057991513437058,2.46653746316263,6.16738154357104,1.05624115523714e-07,2.01953254177418e-05,2.01953254177418e-05,"HAVCR2/LILRB2/CCL2/TRAC/SLAMF7/CD3D/HLA-DRA/PECAM1/MSN/HLA-DOA/JAK3/CCL5/CLEC4A/ICAM1/CD38/RORA/LST1/HLA-DQB1/PRKCB/CD84/IL6ST/CLEC2B/IGHM/ITGA4/AXL/C3/CD300A/CD74/CD8A/MEF2C/GLI3/SASH3/CAV1/PTPRC/VCAM1/LGALS1/FYN/SLC11A1/NCKAP1L/NKG7/CD2",41
"GO:0032970","regulation of actin filament-based process","28/443","380/18842",0.0736842105263158,3.13399073304028,6.52081204485064,1.07240443927183e-07,2.01953254177418e-05,2.01953254177418e-05,"FERMT2/DLC1/TGFBR1/RDX/PLN/DIXDC1/PHLDB2/ATP1A2/STC1/SVIL/EPHA3/PDPN/SYNPO2/LMOD1/ACTA2/FLNA/KANK2/ANK2/CAV1/SLIT2/CCDC88A/ZEB2/NCKAP1L/PRKD1/ASB2/EVL/CFL2/RHOQ",28
"GO:0008285","negative regulation of cell population proliferation","39/443","656/18842",0.0594512195121951,2.52862274954578,6.1835855428945,1.15608110088147e-07,2.12873066708974e-05,2.12873066708974e-05,"EFEMP2/HAVCR2/PTPN14/LILRB2/SPARC/PRKG1/DLC1/IGFBP6/CCL2/RERG/TGFB1I1/RPS6KA2/ADARB1/MCC/ITGA1/GREM1/PKD2/LST1/OGN/IL6ST/PDPN/ADAMTS1/PTPRM/MN1/IGFBP7/CD300A/IGFBP5/THBS1/MEF2C/KANK2/CAV2/CAV1/F2R/BCHE/CYP1B1/MYOCD/PMP22/NEGR1/CNN1",39
"GO:0097435","supramolecular fiber organization","44/443","794/18842",0.0554156171284635,2.35697755741424,6.06212801676749,1.2820014698776e-07,2.30927482160995e-05,2.30927482160995e-05,"EFEMP2/SORBS1/FERMT2/CRYAB/DLC1/CLIP4/TGFBR1/TPM2/CLU/RDX/WIPF1/PHLDB2/MYL9/SVIL/SYNPO2/TUBA1A/LMOD1/FLNA/DPYSL3/CDH5/CSRP2/DES/MYH11/VIM/CAP2/KANK2/PGM5/SLIT2/BASP1/CALD1/HIP1/COL3A1/MAP1B/MYO5A/CCDC88A/ZEB2/NCKAP1L/PRKD1/ASB2/CNN1/EVL/CFL2/CSRP1/RHOQ",44
"GO:0048729","tissue morphogenesis","29/443","408/18842",0.071078431372549,3.02315982826539,6.41072594245589,1.3664451620103e-07,2.40901374732284e-05,2.40901374732284e-05,"EFEMP2/FERMT2/DLC1/ZFPM2/TNC/TGFBR1/MSN/PHLDB2/GREM1/ADAMTS5/KIF26B/MYLK/PKD2/STC1/PDPN/ACTA2/FLNA/GJA1/MEF2C/ACTG2/COL4A1/ADAMTS12/SLIT2/COL3A1/MMP2/ASB2/PRICKLE1/EDNRA/NRP2",29
"GO:0030155","regulation of cell adhesion","42/443","742/18842",0.0566037735849057,2.40751309680991,6.0697644546037,1.42129098319404e-07,2.42933785115368e-05,2.42933785115368e-05,"EFEMP2/HAVCR2/FERMT2/LILRB2/NID1/LAMA4/PRKG1/SERPINE1/DLC1/CCL2/TNC/MAP4K4/HLA-DRA/ADAM19/HLA-DOA/PHLDB2/GREM1/JAK3/CCL5/CCDC80/GBP1/COL16A1/HLA-DQB1/EPHA3/IL6ST/PDPN/ITGA4/FLNA/CD300A/EDIL3/THBS1/GLI3/CAV1/LAMB2/PTPRC/VCAM1/LGALS1/FYN/JAM3/CYP1B1/NCKAP1L/MMP2",42
"GO:0007169","cell surface receptor protein tyrosine kinase signaling pathway","37/443","609/18842",0.0607553366174056,2.58409041206582,6.166181073252,1.44660236354338e-07,2.42933785115368e-05,2.42933785115368e-05,"TIAM1/SORBS1/IGFBP6/AKT3/FGFR1/ITGA1/GREM1/JAK3/PDGFC/CSF2RA/ANTXR1/EFS/DDR2/PRKCB/EPHA3/PDGFRL/DCN/EFEMP1/AXL/CD8A/IGFBP5/THBS1/DOK5/LCP2/ANGPTL1/CAV2/ADAMTS12/HIP1/FYN/VEGFC/CCDC88A/MYOCD/MMP2/PRKD1/PRICKLE1/NRP2/RHOQ",37
"GO:0042110","T cell activation","33/443","507/18842",0.0650887573964497,2.7684026340043,6.26327389303768,1.46592918848279e-07,2.42933785115368e-05,2.42933785115368e-05,"HAVCR2/LILRB2/CCL2/TRAC/SLAMF7/CD3D/HLA-DRA/PECAM1/MSN/HLA-DOA/JAK3/CCL5/CLEC4A/ICAM1/CD38/RORA/HLA-DQB1/CD84/IL6ST/CLEC2B/CD300A/CD74/CD8A/GLI3/CAV1/PTPRC/VCAM1/LGALS1/FYN/SLC11A1/NCKAP1L/NKG7/CD2",33
"GO:0050778","positive regulation of immune response","43/443","774/18842",0.0555555555555556,2.36292952094306,6.0082163944249,1.67781545869549e-07,2.72595664524527e-05,2.72595664524527e-05,"HAVCR2/TRAC/CD3D/CLU/C1QC/GBP5/HLA-DRA/C7/HLA-DOA/CCL5/RFTN1/IGLC1/GBP1/CD38/HLA-DQB1/PRKCB/RNF144A/MASP1/IL6ST/CLEC2B/C1S/CD300LF/IGHM/C3/CD300A/CD74/CD8A/LCP2/IGKC/MEF2C/GBP2/SERPING1/SASH3/C1R/PTPRC/CFH/FYN/A2M/SLC11A1/LATS2/NCKAP1L/PRKD1/IGHD",43
"GO:1903522","regulation of blood circulation","22/443","257/18842",0.0856031128404669,3.64093420347647,6.61453910631062,2.00031890077628e-07,3.18743123304466e-05,3.18743123304466e-05,"PLN/JPH2/POPDC2/CD38/ATP1A2/STC1/ATP2B4/ITGA4/FLNA/GJA1/RGS2/DES/AGTR1/HSPB7/ANK2/CAV1/F2R/GJC1/CACNA2D1/MMP2/EDNRA/KCNE4",22
"GO:0022603","regulation of anatomical structure morphogenesis","43/443","786/18842",0.0547073791348601,2.32685426108134,5.89631194232451,2.55665938124098e-07,3.95187900375882e-05,3.95187900375881e-05,"TIAM1/HSPB6/FERMT2/SPARC/SERPINE1/CCL2/RDX/AKT3/MSN/GREM1/KCTD12/SDC2/PTGIS/LST1/ADAM12/CHRNA3/PALMD/PRKCB/RGMA/ATP2B4/DCN/PDPN/THBS4/ADAMTS1/QKI/PTPRM/C3/SERPINF1/RECK/GJA1/THBS1/MEF2C/CDH5/VIM/ADAMTS12/SLIT2/CYBB/YME1L1/FYN/VEGFC/MAP1B/CYP1B1/PRKD1",43
"GO:0002253","activation of immune response","36/443","597/18842",0.0603015075376884,2.56478782172715,6.02875197745475,2.57544612844528e-07,3.95187900375882e-05,3.95187900375881e-05,"HAVCR2/TRAC/CD3D/CLU/C1QC/GBP5/C7/RFTN1/IGLC1/GBP1/CD38/HLA-DQB1/PRKCB/RNF144A/MASP1/CLEC2B/C1S/CD300LF/IGHM/C3/CD300A/CD8A/LCP2/IGKC/MEF2C/GBP2/SERPING1/C1R/PTPRC/CFH/FYN/A2M/LATS2/NCKAP1L/PRKD1/IGHD",36
"GO:0006956","complement activation","11/443","65/18842",0.169230769230769,7.19784684841118,7.76678250722852,3.06088911173504e-07,4.6113685781521e-05,4.6113685781521e-05,"CLU/C1QC/C7/MASP1/C1S/C3/SERPING1/C1R/CFH/A2M/IGHD",11
"GO:0003015","heart process","21/443","244/18842",0.0860655737704918,3.66060392998557,6.49080777812753,3.46605453043505e-07,5.12852282842586e-05,5.12852282842586e-05,"WWTR1/PLN/JPH2/POPDC2/ATP1A2/KCNJ8/STC1/ATP2B4/FLNA/GJA1/RGS2/DES/SGCD/HSPB7/ANK2/CAV1/GJC1/FYN/CACNA2D1/EDNRA/KCNE4",21
"GO:0050851","antigen receptor-mediated signaling pathway","19/443","206/18842",0.0922330097087379,3.92292182603169,6.54532457735186,4.36530597481303e-07,6.34577636970189e-05,6.34577636970189e-05,"TRAC/CD3D/RFTN1/IGLC1/GBP1/CD38/HLA-DQB1/PRKCB/CLEC2B/IGHM/CD300A/CD8A/LCP2/IGKC/MEF2C/PTPRC/FYN/NCKAP1L/IGHD",19
"GO:0051146","striated muscle cell differentiation","22/443","271/18842",0.0811808118081181,3.45284166159946,6.31092825108799,4.98635832899449e-07,7.12361467483592e-05,7.12361467483592e-05,"PLEKHO1/SORBS2/DOCK2/GREM1/ADAMTS5/POPDC2/ADAM12/MYL9/LMOD1/MEIS1/MEF2C/RGS2/CSRP2/MYH11/CAV2/PGM5/COL6A1/MYOCD/PRKD1/ASB2/PRICKLE1/CSRP1",22
"GO:0001501","skeletal system development","25/443","341/18842",0.0733137829912024,3.11823543819466,6.12506279699299,5.71554740374988e-07,8.02695352330025e-05,8.02695352330025e-05,"PRKG1/MGP/TGFBR1/FGFR1/COL1A2/LUM/PCSK5/GREM1/PRELP/COL13A1/GPR161/RAB23/DDR2/STC1/OGN/CHRDL2/TRPS1/EFEMP1/GJA1/MEF2C/ADAMTS12/CDH11/PTPRC/COL3A1/EDNRA",25
"GO:0090257","regulation of muscle system process","21/443","252/18842",0.0833333333333333,3.5443942814146,6.30959835390503,5.9097725437826e-07,8.16139588296378e-05,8.16139588296378e-05,"PRKG1/PLN/PPP1R12B/JPH2/TACR2/ATP1A2/FBXO32/STC1/MYL9/CHRNA3/ATP2B4/IL6ST/IGFBP5/RGS2/ANK2/CAV1/F2R/CACNA2D1/MYOCD/PRKD1/CNN1",21
"GO:0006937","regulation of muscle contraction","17/443","172/18842",0.0988372093023256,4.20381647330569,6.54962481417219,6.70627396001003e-07,9.10953869387592e-05,9.10953869387592e-05,"PRKG1/PLN/PPP1R12B/JPH2/TACR2/ATP1A2/STC1/MYL9/CHRNA3/RGS2/ANK2/CAV1/F2R/CACNA2D1/MYOCD/PRKD1/CNN1",17
"GO:0009790","embryo development","36/443","626/18842",0.0575079872204473,2.4459717724778,5.70922555362181,7.98121552721952e-07,0.000106665083642808,0.000106665083642808,"PBX3/RBPMS2/SPARC/LAMA4/DLC1/TGFBR1/DACT1/MFAP5/FGFR1/PCSK5/GREM1/CHRDL1/GPR161/PKD2/HOPX/MEIS1/EFEMP1/ITGA4/ALDH1A3/SOX7/GJA1/MEF2C/GLI3/COL8A1/MEIS2/BASP1/PRICKLE2/COL3A1/COL6A1/HTR2B/COL12A1/MMP2/ASB2/PRICKLE1/EDNRA/NRP2",36
"GO:0090066","regulation of anatomical structure size","28/443","423/18842",0.066193853427896,2.81540538665557,5.85959375783588,9.45308090761352e-07,0.000124330521270612,0.000124330521270612,"PRKG1/RDX/PECAM1/MSN/ITGA1/CD38/SVIL/RGMA/LMOD1/KCNMA1/ITGA4/RGS2/VIM/KANK2/AGTR1/CAV1/PRR16/F2R/SLIT2/MAP1B/HTR2B/NCKAP1L/MMP2/PRKD1/ASB2/EVL/CFL2/EDNRA",28
"GO:0050865","regulation of cell activation","34/443","579/18842",0.0587219343696028,2.49760426047868,5.67945963663958,1.02298060160516e-06,0.000132444019764068,0.000132444019764068,"HAVCR2/LILRB2/PRKG1/CCL2/HLA-DRA/HLA-DOA/JAK3/CCL5/CD38/DDR2/LST1/HLA-DQB1/CD84/IL6ST/PDPN/ACTA2/CD300LF/AXL/FLNA/CD300A/CYGB/CD74/THBS1/MEF2C/GLI3/SASH3/CAV1/PTPRC/THBD/VCAM1/LGALS1/FYN/NCKAP1L/CD2",34
"GO:0050853","B cell receptor signaling pathway","11/443","74/18842",0.148648648648649,6.32243304252334,7.11825918681659,1.18205516437278e-06,0.000150684755261428,0.000150684755261428,"RFTN1/IGLC1/CD38/PRKCB/IGHM/CD300A/IGKC/MEF2C/PTPRC/NCKAP1L/IGHD",11
"GO:0048660","regulation of smooth muscle cell proliferation","16/443","160/18842",0.1,4.25327313769752,6.4124731973896,1.22076180676062e-06,0.000153261095921492,0.000153261095921492,"EFEMP2/RBPMS2/PDE1A/PRKG1/CCL5/DDR2/OGN/ELN/ADAMTS1/IGFBP5/GJA1/THBS1/MEF2C/MYOCD/MMP2/CNN1",16
"GO:1901888","regulation of cell junction assembly","21/443","265/18842",0.0792452830188679,3.37051833553388,6.0302482800096,1.34012061959498e-06,0.000165734917223343,0.000165734917223343,"FERMT2/DLC1/NLGN4X/MAP4K4/FGFR1/FZD1/PHLDB2/GREM1/SDC2/HOPX/COL16A1/EPHA3/LRRC15/SRGAP2C/LSAMP/THBS1/MEF2C/CAV1/MAP1B/NEGR1/PRICKLE1",21
"GO:0007599","hemostasis","19/443","222/18842",0.0855855855855856,3.64018872145283,6.14014106123217,1.3647108304696e-06,0.000166294028548104,0.000166294028548104,"PRKG1/SERPINE1/TFPI/MYL9/ANGPTL2/IL6ST/PDPN/AXL/FLNA/THBS1/VWF/ANGPTL1/SERPING1/CAV1/F2R/THBD/COL3A1/CSRP1/FLI1",19
"GO:0048659","smooth muscle cell proliferation","16/443","163/18842",0.098159509202454,4.1749920370037,6.31707975094093,1.56377771251759e-06,0.000187789306172765,0.000187789306172765,"EFEMP2/RBPMS2/PDE1A/PRKG1/CCL5/DDR2/OGN/ELN/ADAMTS1/IGFBP5/GJA1/THBS1/MEF2C/MYOCD/MMP2/CNN1",16
"GO:0060485","mesenchyme development","22/443","291/18842",0.0756013745704467,3.21553295633489,5.91014008112119,1.64894210646012e-06,0.000195187632773265,0.000195187632773265,"TIAM1/FERMT2/WWTR1/ZFPM2/TGFBR1/TGFB1I1/FGFR1/GREM1/ADAMTS5/PKD2/EPHA3/PDPN/ACTA2/GLIPR2/QKI/MEF2C/ACTG2/BASP1/HTR2B/PRICKLE1/EDNRA/NRP2",22
"GO:0007229","integrin-mediated signaling pathway","13/443","109/18842",0.119266055045872,5.07271108165759,6.61682902552903,1.69640156720968e-06,0.00019624128947665,0.00019624128947665,"FERMT2/NID1/SERPINE1/ITGA1/ITGA11/COL16A1/ITGBL1/ADAMTS1/ITGA4/FLNA/LAMB2/COL3A1/PRKD1",13
"GO:1901342","regulation of vasculature development","25/443","362/18842",0.069060773480663,2.93734332713917,5.77519458026874,1.70521033578552e-06,0.00019624128947665,0.00019624128947665,"HSPB6/SPARC/SERPINE1/TGFBR1/AKT3/GREM1/PTGIS/ADAM12/PRKCB/ATP2B4/DCN/THBS4/ADAMTS1/QKI/PTPRM/C3/SERPINF1/RECK/THBS1/CDH5/CYBB/FYN/VEGFC/CYP1B1/PRKD1",25
"GO:0001935","endothelial cell proliferation","17/443","186/18842",0.0913978494623656,3.88740017961601,6.14060147965106,2.00034138220563e-06,0.00022705244784871,0.00022705244784871,"SPARC/CCL2/TGFBR1/AKT3/FGFR1/THBS4/PTPRM/ITGA4/THBS1/MEF2C/AGTR1/CAV2/CAV1/HTR2B/ZEB2/PRKD1/NRP2",17
"GO:0045216","cell-cell junction organization","17/443","187/18842",0.0909090909090909,3.86661194336138,6.11292138702987,2.1536084991662e-06,0.000241145946271502,0.000241145946271502,"FERMT2/TGFBR1/NLGN4X/CDH19/RDX/CLDN11/PECAM1/HOPX/MPDZ/GJA1/CDH5/CDH11/ANK2/CAV1/F2R/GJC1/JAM3",17
"GO:0007417","central nervous system development","40/443","767/18842",0.0521512385919166,2.21813462200653,5.34454261310721,2.25539383704368e-06,0.000249175911116586,0.000249175911116586,"PBX3/EGR2/FEZ1/DLC1/NLGN4X/CLU/FGFR1/DIXDC1/PLXDC1/FZD1/PDGFC/ATXN1/GPR161/ATP1A2/PKD2/RORA/ACKR3/ATP2B4/NR3C1/TUBA1A/MEIS1/SRGAP2C/EML1/QKI/C3/FLNA/RECK/GLIS2/GNB4/COL4A1/MEIS2/SLIT2/BASP1/CFH/RTN1/COL3A1/DCLK1/ZEB2/SMARCA1/NRP2",40
"GO:0050867","positive regulation of cell activation","24/443","345/18842",0.0695652173913043,2.95879870448523,5.69777683958568,2.42473971603781e-06,0.000264360437988017,0.000264360437988017,"HAVCR2/LILRB2/CCL2/HLA-DRA/HLA-DOA/CCL5/CD38/DDR2/HLA-DQB1/IL6ST/ACTA2/AXL/FLNA/CD74/THBS1/MEF2C/GLI3/SASH3/CAV1/PTPRC/VCAM1/FYN/NCKAP1L/CD2",24
"GO:0001936","regulation of endothelial cell proliferation","16/443","169/18842",0.0946745562130177,4.02676746764262,6.1329876383401,2.52112765680379e-06,0.000271299529406184,0.000271299529406184,"SPARC/CCL2/TGFBR1/AKT3/FGFR1/THBS4/PTPRM/ITGA4/THBS1/MEF2C/AGTR1/CAV2/CAV1/HTR2B/PRKD1/NRP2",16
"GO:0033627","cell adhesion mediated by integrin","11/443","80/18842",0.1375,5.84825056433409,6.74290766367475,2.61091678267967e-06,0.000277359698221587,0.000277359698221587,"SERPINE1/CCL5/ICAM1/ITGA11/COL16A1/ITGBL1/ITGA4/VCAM1/JAM3/CYP1B1/NCKAP1L",11
"GO:0040007","growth","35/443","632/18842",0.055379746835443,2.35545189587679,5.37829232700821,2.67287469766813e-06,0.000280347338542761,0.000280347338542761,"CRYAB/PRKG1/ZFPM2/TNC/RERG/TGFBR1/NLGN4X/SORBS2/FHL1/RFTN1/KIF26B/CD38/DDR2/STC1/RGMA/CPQ/MEIS1/ITGA4/IGFBP7/IGFBP5/GJA1/MEF2C/RGS2/VIM/AGTR1/GAP43/SLIT2/BASP1/COL3A1/MAP1B/DCLK1/LATS2/PRICKLE1/EDNRA/NRP2",35
"GO:0033002","muscle cell proliferation","18/443","211/18842",0.0853080568720379,3.62838466723011,5.95756511747963,2.70700198546847e-06,0.000280377730644897,0.000280377730644897,"EFEMP2/RBPMS2/PDE1A/PRKG1/ZFPM2/TGFBR1/CCL5/DDR2/OGN/ELN/ADAMTS1/IGFBP5/GJA1/THBS1/MEF2C/MYOCD/MMP2/CNN1",18
"GO:1901699","cellular response to nitrogen compound","35/443","634/18842",0.055205047318612,2.34802144825573,5.35755992095622,2.8677080848307e-06,0.000292308113228439,0.000292308113228439,"SORBS1/AKT3/JAK3/CSF2RA/ICAM1/PKD2/DDR2/STC1/CHRNA3/PRKCB/ATP2B4/ITGA4/FLNA/IGFBP5/GJA1/ITPR1/MEF2C/RGS10/VIM/GNG2/AGTR1/CAV2/CAV1/SLIT2/VCAM1/CYBB/FYN/MAP1B/MYO5A/CACNA2D1/HTR2B/GNB5/PRKD1/EDNRA/RHOQ",35
"GO:0007015","actin filament organization","28/443","448/18842",0.0625,2.65829571106095,5.5121321582169,2.89274261220517e-06,0.000292308113228439,0.000292308113228439,"SORBS1/FERMT2/DLC1/TGFBR1/TPM2/RDX/WIPF1/PHLDB2/MYL9/SVIL/SYNPO2/LMOD1/FLNA/DPYSL3/CAP2/KANK2/SLIT2/CALD1/HIP1/MYO5A/CCDC88A/ZEB2/NCKAP1L/ASB2/CNN1/EVL/CFL2/RHOQ",28
"GO:0055002","striated muscle cell development","14/443","134/18842",0.104477611940299,4.44371820356457,6.20759040332797,3.36672993558553e-06,0.000333976545372046,0.000333976545372046,"SORBS2/MYL9/LMOD1/MEIS1/RGS2/CSRP2/MYH11/CAV2/PGM5/COL6A1/PRKD1/ASB2/PRICKLE1/CSRP1",14
"GO:0060047","heart contraction","19/443","236/18842",0.0805084745762712,3.42424532272258,5.81517498599737,3.38571443534297e-06,0.000333976545372046,0.000333976545372046,"PLN/JPH2/POPDC2/ATP1A2/KCNJ8/STC1/ATP2B4/FLNA/GJA1/RGS2/DES/SGCD/HSPB7/ANK2/CAV1/GJC1/CACNA2D1/EDNRA/KCNE4",19
"GO:0045765","regulation of angiogenesis","24/443","352/18842",0.0681818181818182,2.89995895752103,5.58346533133893,3.43173099170079e-06,0.00033453321173215,0.00033453321173215,"HSPB6/SPARC/SERPINE1/AKT3/GREM1/PTGIS/ADAM12/PRKCB/ATP2B4/DCN/THBS4/ADAMTS1/QKI/PTPRM/C3/SERPINF1/RECK/THBS1/CDH5/CYBB/FYN/VEGFC/CYP1B1/PRKD1",24
"GO:0002460","adaptive immune response based on somatic recombination of immune receptors built from immunoglobulin superfamily domains","25/443","377/18842",0.0663129973474801,2.82047290298244,5.54034700309684,3.52059576467464e-06,0.000339205308210397,0.000339205308210397,"HAVCR2/IL2RB/CLU/C1QC/HLA-DRA/C7/JAK3/RFTN1/IGLC1/RORA/IL18BP/IL6ST/C1S/C3/CTSC/CD74/CD8A/IGKC/MEF2C/C1R/PTPRC/LGALS1/SLC11A1/NCKAP1L/IGHD",25
"GO:0002250","adaptive immune response","39/443","754/18842",0.0517241379310345,2.1999688643263,5.21815654698003,3.69204988460412e-06,0.000348553996456491,0.000348553996456491,"HAVCR2/IL2RB/LILRB2/TRAC/SLAMF7/CD3D/CLU/C1QC/HLA-DRA/C7/HLA-DOA/JAK3/RFTN1/CLEC4A/IGLC1/RORA/IL18BP/HLA-DQB1/PRKCB/CD84/IL6ST/C1S/IGHM/C3/CTSC/CD74/CD8A/IGKC/MEF2C/SASH3/C1R/PTPRC/LGALS1/FYN/SLC11A1/IGLV1-44/NCKAP1L/LAIR1/IGHD",39
"GO:0007596","blood coagulation","18/443","216/18842",0.0833333333333333,3.5443942814146,5.83590502253998,3.77203705127771e-06,0.000348553996456491,0.000348553996456491,"PRKG1/SERPINE1/TFPI/MYL9/ANGPTL2/IL6ST/PDPN/AXL/FLNA/THBS1/VWF/ANGPTL1/SERPING1/CAV1/F2R/THBD/COL3A1/CSRP1",18
"GO:0001503","ossification","24/443","354/18842",0.0677966101694915,2.88357500860849,5.55132063950949,3.78264629749431e-06,0.000348553996456491,0.000348553996456491,"FERMT2/WWTR1/MGP/TNC/TWIST2/SLC24A3/FZD1/GREM1/CHRDL1/COL13A1/DDR2/STC1/ITGA11/CHRDL2/IL6ST/IGFBP5/MEF2C/ADAMTS12/CDH11/VEGFC/PDLIM7/COL6A1/PRKD1/PRICKLE1",24
"GO:0002252","immune effector process","35/443","642/18842",0.0545171339563863,2.31876261400955,5.2753973268403,3.78588699988948e-06,0.000348553996456491,0.000348553996456491,"HAVCR2/IL2RB/SLAMF7/CLU/C1QC/HLA-DRA/C7/DOCK2/JAK3/RFTN1/ICAM1/IGLC1/RORA/MASP1/CD84/IL6ST/C1S/C3/CTSC/CD300A/CD74/CD8A/IGKC/SERPING1/SASH3/C1R/PTPRC/CFH/LGALS1/A2M/SLC11A1/NCKAP1L/NKG7/CD2/IGHD",35
"GO:0048589","developmental growth","25/443","381/18842",0.0656167979002625,2.79086163890913,5.47966033155801,4.24044879084551e-06,0.000386113831658746,0.000386113831658746,"PRKG1/ZFPM2/TGFBR1/NLGN4X/SORBS2/KIF26B/DDR2/STC1/RGMA/CPQ/MEIS1/ITGA4/MEF2C/RGS2/VIM/GAP43/SLIT2/BASP1/COL3A1/MAP1B/DCLK1/LATS2/PRICKLE1/EDNRA/NRP2",25
"GO:0050817","coagulation","18/443","220/18842",0.0818181818181818,3.47995074902524,5.74113769951708,4.88166585628211e-06,0.000439668296577756,0.000439668296577756,"PRKG1/SERPINE1/TFPI/MYL9/ANGPTL2/IL6ST/PDPN/AXL/FLNA/THBS1/VWF/ANGPTL1/SERPING1/CAV1/F2R/THBD/COL3A1/CSRP1",18
"GO:0086003","cardiac muscle cell contraction","11/443","88/18842",0.125,5.3165914221219,6.29784621883665,6.73847677773067e-06,0.000598595013977533,0.000598595013977533,"PLN/ATP1A2/KCNJ8/STC1/FLNA/GJA1/ANK2/CAV1/GJC1/CACNA2D1/KCNE4",11
"GO:0060322","head development","31/443","549/18842",0.0564663023679417,2.40166607046672,5.17183896592547,6.85252710960781e-06,0.000598595013977533,0.000598595013977533,"PBX3/EGR2/FEZ1/DLC1/NLGN4X/FGFR1/DIXDC1/FZD1/ATXN1/GPR161/ATP1A2/RORA/ATP2B4/TUBA1A/MEIS1/SRGAP2C/EML1/FLNA/CRISPLD2/GNB4/COL4A1/MEIS2/SLIT2/BASP1/RTN1/COL3A1/CRISPLD1/SMARCA1/PRICKLE1/EDNRA/NRP2",31
"GO:0006897","endocytosis","36/443","688/18842",0.0523255813953488,2.22554989763242,5.08154504587646,6.8629647994045e-06,0.000598595013977533,0.000598595013977533,"IL2RB/SERPINE1/CCL2/STON1/CLU/PECAM1/FNBP1/DOCK2/GREM1/MYLK/IL10RA/APOC1/EPHA3/ACKR3/MASP1/MFGE8/CD300LF/ITGA4/AXL/C3/CD300A/THBS1/CAV2/ANK2/CAV1/PTPRC/HIP1/FYN/PDLIM7/MYO5A/SRPX/SLC11A1/NCKAP1L/PRKD1/RHOQ/GAS7",36
"GO:1903115","regulation of actin filament-based movement","8/443","44/18842",0.181818181818182,7.73322388672276,6.93825566998155,7.39206873811808e-06,0.000638027932958816,0.000638027932958816,"PLN/ATP1A2/STC1/PDPN/ACTA2/ANK2/CAV1/ZEB2",8
"GO:0042060","wound healing","25/443","394/18842",0.0634517766497462,2.69877737163548,5.28769822521566,7.60901593991112e-06,0.000649982536887665,0.000649982536887665,"FERMT2/PRKG1/SERPINE1/MCAM/TGFBR1/TFPI/PHLDB2/MYLK/DDR2/MYL9/ANGPTL2/IL6ST/PDPN/AXL/FLNA/THBS1/VWF/ANGPTL1/SERPING1/CAV1/F2R/THBD/COL3A1/SLC11A1/CSRP1",25
"GO:0085029","extracellular matrix assembly","8/443","45/18842",0.177777777777778,7.56137446701781,6.83775504531018,8.80731767175418e-06,0.000744667696205665,0.000744667696205665,"EFEMP2/TGFBR1/ELN/MYH11/COL8A1/COL3A1/COL8A2/PRICKLE1",8
"GO:0008016","regulation of heart contraction","17/443","208/18842",0.0817307692307692,3.47623285292585,5.57220173699586,9.05546985346745e-06,0.000757915385917488,0.000757915385917488,"PLN/JPH2/POPDC2/ATP1A2/STC1/ATP2B4/FLNA/GJA1/RGS2/DES/HSPB7/ANK2/CAV1/GJC1/CACNA2D1/EDNRA/KCNE4",17
"GO:0030100","regulation of endocytosis","21/443","300/18842",0.07,2.97729119638826,5.35685264303754,9.39007839935741e-06,0.000778061896170755,0.000778061896170755,"IL2RB/SERPINE1/CCL2/STON1/CLU/DOCK2/GREM1/MYLK/APOC1/EPHA3/MASP1/CD300LF/AXL/C3/CD300A/CAV1/PTPRC/HIP1/SLC11A1/NCKAP1L/PRKD1",21
"GO:0072001","renal system development","18/443","231/18842",0.0779220779220779,3.31423880859547,5.49143738212218,9.60382790671543e-06,0.000787894237970733,0.000787894237970733,"TGFBR1/PECAM1/PCSK5/GREM1/KIF26B/PKD2/KCNJ8/ACTA2/SERPINF1/MEF2C/KANK2/AGTR1/COL4A1/SLIT2/BASP1/MYOCD/PRICKLE1/EDNRA",18
"GO:0051897","positive regulation of phosphatidylinositol 3-kinase/protein kinase B signal transduction","16/443","188/18842",0.0851063829787234,3.61980692570001,5.60168847037765,9.95931135123069e-06,0.000809047586826446,0.000809047586826446,"FERMT2/TGFBR1/FGFR1/PECAM1/CCL5/PDGFC/DDR2/DCN/TSPYL5/AXL/THBS1/F2R/HIP1/FYN/CCDC88A/PRKD1",16
"GO:0035150","regulation of tube size","13/443","129/18842",0.10077519379845,4.28624424729207,5.81138587416601,1.11669241929503e-05,0.000881229846312253,0.000881229846312253,"PRKG1/PECAM1/ITGA1/CD38/KCNMA1/ITGA4/RGS2/AGTR1/CAV1/F2R/HTR2B/MMP2/EDNRA",13
"GO:0035296","regulation of tube diameter","13/443","129/18842",0.10077519379845,4.28624424729207,5.81138587416601,1.11669241929503e-05,0.000881229846312253,0.000881229846312253,"PRKG1/PECAM1/ITGA1/CD38/KCNMA1/ITGA4/RGS2/AGTR1/CAV1/F2R/HTR2B/MMP2/EDNRA",13
"GO:0097746","blood vessel diameter maintenance","13/443","129/18842",0.10077519379845,4.28624424729207,5.81138587416601,1.11669241929503e-05,0.000881229846312253,0.000881229846312253,"PRKG1/PECAM1/ITGA1/CD38/KCNMA1/ITGA4/RGS2/AGTR1/CAV1/F2R/HTR2B/MMP2/EDNRA",13
"GO:0048598","embryonic morphogenesis","23/443","354/18842",0.0649717514124294,2.76342604991647,5.19721454277628,1.20350011715939e-05,0.000940773770828559,0.000940773770828559,"RBPMS2/SPARC/DLC1/TGFBR1/DACT1/MFAP5/GREM1/PKD2/EFEMP1/ITGA4/ALDH1A3/SOX7/GJA1/MEF2C/GLI3/COL8A1/COL6A1/HTR2B/COL12A1/MMP2/ASB2/PRICKLE1/EDNRA",23
"GO:0048738","cardiac muscle tissue development","16/443","192/18842",0.0833333333333333,3.5443942814146,5.49860262785027,1.29849172930798e-05,0.00100554228682672,0.00100554228682672,"ZFPM2/TGFBR1/SORBS2/GREM1/JPH2/HOPX/MEIS1/GJA1/MEF2C/RGS2/MYH11/SGCD/MYOCD/ASB2/PRICKLE1/EDNRA",16
"GO:0035265","organ growth","12/443","113/18842",0.106194690265487,4.51675023472303,5.81808658605609,1.42275898475293e-05,0.00109157230996877,0.00109157230996877,"PRKG1/ZFPM2/TGFBR1/NLGN4X/SORBS2/DDR2/STC1/MEIS1/MEF2C/RGS2/BASP1/LATS2",12
"GO:0070661","leukocyte proliferation","19/443","261/18842",0.0727969348659004,3.0962524757185,5.29158807079194,1.44040195114976e-05,0.00109496977680981,0.00109496977680981,"HAVCR2/IL2RB/LILRB2/CLU/MSN/GREM1/CCL5/CSF2RA/CD38/LST1/IL6ST/CD300A/CD74/MEF2C/SASH3/PTPRC/VCAM1/SLC11A1/NCKAP1L",19
"GO:0045597","positive regulation of cell differentiation","38/443","772/18842",0.0492227979274611,2.09358004187183,4.81434132806817,1.5195185587357e-05,0.00114461188888037,0.00114461188888037,"EFEMP2/TIAM1/EGR2/FERMT2/IL2RB/LILRB2/NID1/WWTR1/SERPINE1/TGFBR1/TGFB1I1/LMO3/FGFR1/HLA-DRA/FZD1/BOC/DDR2/IL6ST/PDPN/GLIPR2/QKI/AXL/SERPINF1/CD74/GJA1/MEF2C/CDH5/TCF4/VIM/AGTR1/GLI3/LAMB2/SLIT2/MAP1B/ZEB2/MYOCD/NCKAP1L/PRKD1",38
"GO:0045785","positive regulation of cell adhesion","26/443","437/18842",0.0594965675057208,2.53055152357289,5.02316552946838,1.55760049078535e-05,0.00116272771771599,0.00116272771771599,"EFEMP2/HAVCR2/FERMT2/LILRB2/NID1/CCL2/MAP4K4/HLA-DRA/ADAM19/HLA-DOA/CCL5/CCDC80/COL16A1/HLA-DQB1/IL6ST/PDPN/ITGA4/FLNA/EDIL3/GLI3/CAV1/LAMB2/PTPRC/VCAM1/FYN/NCKAP1L",26
"GO:0031032","actomyosin structure organization","16/443","196/18842",0.0816326530612245,3.47205970424287,5.39822372264749,1.68029786416659e-05,0.00123775291524561,0.00123775291524561,"SORBS1/FERMT2/DLC1/TGFBR1/PHLDB2/MYL9/LMOD1/CSRP2/MYH11/PGM5/CCDC88A/ZEB2/PRKD1/CNN1/EVL/CSRP1",16
"GO:0120039","plasma membrane bounded cell projection morphogenesis","30/443","547/18842",0.0548446069469835,2.33269093475184,4.9081025466807,1.68798068335449e-05,0.00123775291524561,0.00123775291524561,"TIAM1/FEZ1/PRKG1/MAP4K4/ITGA1/PPP1R12B/KCTD12/SDC2/BOC/CHRNA3/EPHA3/RGMA/PDPN/TUBA1A/PTPRM/ITGA4/VIM/PALLD/GAP43/SLIT2/FYN/MAP1B/DCLK1/NCKAP1L/NEXN/PRICKLE1/EVL/EDNRA/NRP2/GAS7",30
"GO:0002468","dendritic cell antigen processing and presentation","5/443","15/18842",0.333333333333333,14.1775771256584,7.9222284742734,1.73603065536053e-05,0.00126182017634363,0.00126182017634363,"HLA-DRA/CLEC4A/CD74/THBS1/SLC11A1",5
"GO:0150063","visual system development","19/443","265/18842",0.0716981132075472,3.04951658929256,5.21366728203311,1.78286468307654e-05,0.00128459276208454,0.00128459276208454,"PBX3/MFAP5/CHRDL1/ATP2B4/MAB21L2/MEIS1/EFEMP1/PTPRM/ALDH1A3/C3/SERPINF1/SGCD/COL4A1/MEIS2/SSPN/MAF/ZEB2/CYP1B1/PRICKLE1",19
"GO:0043542","endothelial cell migration","20/443","290/18842",0.0689655172413793,2.93329181910174,5.14822800265116,1.89642523064426e-05,0.00135463616044124,0.00135463616044124,"SPARC/TGFB1I1/AKT3/FGFR1/GREM1/STC1/ATP2B4/DCN/PTPRM/FSTL1/SERPINF1/THBS1/MEF2C/CDH5/SLIT2/VEGFC/ZEB2/CYP1B1/PRKD1/NRP2",20
"GO:0048858","cell projection morphogenesis","30/443","553/18842",0.054249547920434,2.30738144902216,4.84202059326238,2.07464815330355e-05,0.00146927646139088,0.00146927646139088,"TIAM1/FEZ1/PRKG1/MAP4K4/ITGA1/PPP1R12B/KCTD12/SDC2/BOC/CHRNA3/EPHA3/RGMA/PDPN/TUBA1A/PTPRM/ITGA4/VIM/PALLD/GAP43/SLIT2/FYN/MAP1B/DCLK1/NCKAP1L/NEXN/PRICKLE1/EVL/EDNRA/NRP2/GAS7",30
"GO:0071622","regulation of granulocyte chemotaxis","8/443","51/18842",0.156862745098039,6.67180100030983,6.29343650378545,2.29993999373157e-05,0.00161001581954909,0.00161001581954909,"CCL2/CCL5/THBS4/CD74/THBS1/SLIT2/JAM3/NCKAP1L",8
"GO:0070665","positive regulation of leukocyte proliferation","13/443","138/18842",0.0942028985507246,4.00670657899041,5.50072675710407,2.31223609131477e-05,0.00161001581954909,0.00161001581954909,"HAVCR2/IL2RB/LILRB2/CCL5/CSF2RA/CD38/IL6ST/CD74/MEF2C/SASH3/PTPRC/VCAM1/NCKAP1L",13
"GO:0045807","positive regulation of endocytosis","14/443","159/18842",0.0880503144654088,3.74502037281542,5.39358534896187,2.42910784052332e-05,0.00166407364180299,0.00166407364180299,"IL2RB/SERPINE1/CCL2/CLU/DOCK2/GREM1/MASP1/CD300LF/AXL/C3/PTPRC/HIP1/SLC11A1/NCKAP1L",14
"GO:0048880","sensory system development","19/443","271/18842",0.0701107011070111,2.9819996168359,5.09949646214782,2.43399512790542e-05,0.00166407364180299,0.00166407364180299,"PBX3/MFAP5/CHRDL1/ATP2B4/MAB21L2/MEIS1/EFEMP1/PTPRM/ALDH1A3/C3/SERPINF1/SGCD/COL4A1/MEIS2/SSPN/MAF/ZEB2/CYP1B1/PRICKLE1",19
"GO:0048041","focal adhesion assembly","10/443","83/18842",0.120481927710843,5.12442546710544,5.84324898784782,2.45012049601696e-05,0.00166407364180299,0.00166407364180299,"SORBS1/FERMT2/DLC1/MAP4K4/PHLDB2/GREM1/COL16A1/EPHA3/THBS1/CDH11",10
"GO:0072537","fibroblast activation","5/443","16/18842",0.3125,13.2914785553047,7.63206077641016,2.47646583850796e-05,0.00166829235267293,0.00166829235267293,"DDR2/AKAP12/ACTA2/CYGB/ZEB2",5
"GO:0035904","aorta development","7/443","38/18842",0.184210526315789,7.83497683260069,6.54425859552953,2.54408918434781e-05,0.00168745841992074,0.00168745841992074,"EFEMP2/LOXL1/EGR2/MYLK/PKD2/COL3A1/EDNRA",7
"GO:0150115","cell-substrate junction organization","11/443","101/18842",0.108910891089109,4.63227767472007,5.67936886340639,2.54564690429752e-05,0.00168745841992074,0.00168745841992074,"SORBS1/FERMT2/DLC1/MAP4K4/PHLDB2/GREM1/COL16A1/EPHA3/THBS1/CDH11/PRICKLE1",11
"GO:0006940","regulation of smooth muscle contraction","8/443","52/18842",0.153846153846154,6.54349713491926,6.21124753451408,2.66287148883516e-05,0.00175115501241969,0.00175115501241969,"PRKG1/TACR2/CHRNA3/RGS2/CAV1/F2R/MYOCD/CNN1",8
"GO:0048812","neuron projection morphogenesis","29/443","533/18842",0.0544090056285178,2.31416362088608,4.77570465858614,2.70104975300319e-05,0.0017622754530224,0.0017622754530224,"TIAM1/FEZ1/PRKG1/MAP4K4/ITGA1/PPP1R12B/KCTD12/SDC2/BOC/CHRNA3/EPHA3/RGMA/TUBA1A/PTPRM/ITGA4/VIM/PALLD/GAP43/SLIT2/FYN/MAP1B/DCLK1/NCKAP1L/NEXN/PRICKLE1/EVL/EDNRA/NRP2/GAS7",29
"GO:0006958","complement activation, classical pathway","7/443","39/18842",0.179487179487179,7.63407999073913,6.43511277693242,3.03839118118499e-05,0.00196688354119522,0.00196688354119522,"CLU/C1QC/C7/C1S/C3/C1R/IGHD",7
"GO:0060538","skeletal muscle organ development","11/443","103/18842",0.106796116504854,4.54233053540512,5.59359756773564,3.0630581359955e-05,0.00196748059805106,0.00196748059805106,"EGR2/POPDC2/SVIL/MEF2C/DES/CAV2/CAV1/BASP1/COL6A1/MYOCD/CFL2",11
"GO:0002696","positive regulation of leukocyte activation","21/443","325/18842",0.0646153846153846,2.74826879666609,4.93311570317826,3.11181494694244e-05,0.001983422973105,0.001983422973105,"HAVCR2/LILRB2/CCL2/HLA-DRA/HLA-DOA/CCL5/CD38/HLA-DQB1/IL6ST/AXL/CD74/THBS1/MEF2C/GLI3/SASH3/CAV1/PTPRC/VCAM1/FYN/NCKAP1L/CD2",21
"GO:0002443","leukocyte mediated immunity","25/443","429/18842",0.0582750582750583,2.47859739959063,4.80698797566708,3.19679583154394e-05,0.00202203437100558,0.00202203437100558,"HAVCR2/IL2RB/SLAMF7/CLU/C1QC/HLA-DRA/C7/JAK3/RFTN1/ICAM1/IGLC1/CD84/C1S/C3/CTSC/CD300A/CD74/CD8A/IGKC/C1R/PTPRC/NCKAP1L/NKG7/CD2/IGHD",25
"GO:0060048","cardiac muscle contraction","13/443","143/18842",0.0909090909090909,3.86661194336138,5.33930170618852,3.37332800904556e-05,0.00211752999113269,0.00211752999113269,"PLN/JPH2/ATP1A2/KCNJ8/STC1/FLNA/GJA1/RGS2/ANK2/CAV1/GJC1/CACNA2D1/KCNE4",13
"GO:0035733","hepatic stellate cell activation","4/443","9/18842",0.444444444444444,18.9034361675445,8.33594080348486,3.45871530891642e-05,0.00215480564283319,0.0021548056428332,"DDR2/AKAP12/ACTA2/CYGB",4
"GO:0060840","artery development","9/443","70/18842",0.128571428571429,5.46849403418252,5.81181334555872,3.6961893383438e-05,0.00228556901921766,0.00228556901921766,"EFEMP2/LOXL1/EGR2/TGFBR1/AKT3/MYLK/PKD2/COL3A1/EDNRA",9
"GO:1904018","positive regulation of vasculature development","15/443","189/18842",0.0793650793650794,3.37561360134724,5.09318074206004,4.25932075458843e-05,0.00261427642759405,0.00261427642759405,"HSPB6/SERPINE1/TGFBR1/AKT3/GREM1/PTGIS/ADAM12/PRKCB/C3/THBS1/CDH5/CYBB/VEGFC/CYP1B1/PRKD1",15
"GO:0090287","regulation of cellular response to growth factor stimulus","21/443","333/18842",0.0630630630630631,2.68224432107051,4.80591890351297,4.43559364523251e-05,0.00270245065767622,0.00270245065767622,"NREP/RBPMS2/DKK3/TGFB1I1/GREM1/CHRDL1/PRKCB/CHRDL2/ATP2B4/DCN/FSTL1/THBS1/DOK5/CDH5/ADAMTS12/CAV1/SLIT2/VEGFC/ZEB2/LATS2/MYOCD",21
"GO:1904705","regulation of vascular associated smooth muscle cell proliferation","10/443","89/18842",0.112359550561798,4.7789585816826,5.54483320591024,4.51911572680848e-05,0.0027332403585646,0.0027332403585646,"EFEMP2/PRKG1/DDR2/ADAMTS1/IGFBP5/GJA1/MEF2C/MYOCD/MMP2/CNN1",10
"GO:0060348","bone development","12/443","127/18842",0.094488188976378,4.01884076002915,5.2966817362075,4.60600224215183e-05,0.0027656039549616,0.0027656039549616,"PRKG1/GREM1/COL13A1/RAB23/DDR2/STC1/OGN/GJA1/MEF2C/ADAMTS12/PTPRC/COL3A1",12
"GO:0002698","negative regulation of immune effector process","11/443","108/18842",0.101851851851852,4.33203745506229,5.38844212455458,4.76991646774134e-05,0.00284341926990681,0.00284341926990682,"HAVCR2/CLU/JAK3/MASP1/CD84/CD300A/SERPING1/PTPRC/LGALS1/A2M/NCKAP1L",11
"GO:0030449","regulation of complement activation","6/443","29/18842",0.206896551724138,8.79987545730521,6.52250420329189,4.89981528109919e-05,0.00289070804502195,0.00289070804502194,"CLU/MASP1/C3/SERPING1/CFH/A2M",6
"GO:0001654","eye development","18/443","261/18842",0.0689655172413793,2.93329181910174,4.88022509016332,4.91901803461374e-05,0.00289070804502195,0.00289070804502194,"PBX3/MFAP5/CHRDL1/ATP2B4/MAB21L2/MEIS1/EFEMP1/PTPRM/ALDH1A3/SERPINF1/SGCD/COL4A1/MEIS2/SSPN/MAF/ZEB2/CYP1B1/PRICKLE1",18
"GO:1990874","vascular associated smooth muscle cell proliferation","10/443","90/18842",0.111111111111111,4.72585904188613,5.49769454105487,4.97902770753772e-05,0.00290536785807448,0.00290536785807448,"EFEMP2/PRKG1/DDR2/ADAMTS1/IGFBP5/GJA1/MEF2C/MYOCD/MMP2/CNN1",10
"GO:0002429","immune response-activating cell surface receptor signaling pathway","21/443","336/18842",0.0625,2.65829571106095,4.75917928366514,5.04922961177027e-05,0.00292572843098801,0.002925728430988,"TRAC/CD3D/RFTN1/IGLC1/GBP1/CD38/HLA-DQB1/PRKCB/MASP1/CLEC2B/IGHM/C3/CD300A/CD8A/LCP2/IGKC/MEF2C/PTPRC/FYN/NCKAP1L/IGHD",21
"GO:0007044","cell-substrate junction assembly","10/443","91/18842",0.10989010989011,4.67392652494233,5.45124465713122,5.47824127734829e-05,0.0031522713350075,0.0031522713350075,"SORBS1/FERMT2/DLC1/MAP4K4/PHLDB2/GREM1/COL16A1/EPHA3/THBS1/CDH11",10
"GO:0002449","lymphocyte mediated immunity","21/443","339/18842",0.0619469026548673,2.6347709702551,4.71294552465567,5.7375773821088e-05,0.00327872870263127,0.00327872870263127,"HAVCR2/IL2RB/SLAMF7/CLU/C1QC/HLA-DRA/C7/RFTN1/IGLC1/C1S/C3/CTSC/CD74/CD8A/IGKC/C1R/PTPRC/NCKAP1L/NKG7/CD2/IGHD",21
"GO:0051051","negative regulation of transport","24/443","418/18842",0.0574162679425837,2.44207070107034,4.62636037826475,5.79737614959704e-05,0.00328655581811613,0.00328655581811613,"LILRB2/CRYAB/PLN/TACR2/APOC1/PTGER3/FRMD4A/ATP1A2/RAB23/STC1/PRKCB/EPHA3/CD84/CD300LF/CD300A/CD74/GJA1/THBS1/RGS2/CAV1/F2R/NCKAP1L/DERL3/PRKD1",24
"GO:0051251","positive regulation of lymphocyte activation","19/443","289/18842",0.0657439446366782,2.79626953689456,4.77496378398854,5.84481856001636e-05,0.00328655581811613,0.00328655581811613,"HAVCR2/LILRB2/CCL2/HLA-DRA/HLA-DOA/CCL5/CD38/HLA-DQB1/IL6ST/AXL/CD74/MEF2C/GLI3/SASH3/CAV1/PTPRC/VCAM1/FYN/NCKAP1L",19
"GO:0010761","fibroblast migration","7/443","43/18842",0.162790697674419,6.92393301485642,6.03439480903498,5.87026624524726e-05,0.00328655581811613,0.00328655581811613,"TNS1/DDR2/AKAP12/ACTA2/CYGB/THBS1/ZEB2",7
"GO:0002768","immune response-regulating cell surface receptor signaling pathway","23/443","392/18842",0.0586734693877551,2.49554291242456,4.6430189419927,5.94203509526853e-05,0.00330440958385202,0.00330440958385202,"LILRB2/TRAC/CD3D/RFTN1/IGLC1/GBP1/CD38/HLA-DQB1/PRKCB/MASP1/CLEC2B/IGHM/C3/CD300A/CD8A/LCP2/IGKC/MEF2C/PTPRC/FYN/NCKAP1L/LAIR1/IGHD",23
"GO:0045596","negative regulation of cell differentiation","31/443","615/18842",0.0504065040650407,2.14392629705078,4.47542963317848,6.08406550104555e-05,0.00336083778277756,0.00336083778277756,"RBPMS2/FERMT2/WWTR1/ZFPM2/TWIST2/TGFBR1/RUNX1T1/C1QC/DIXDC1/GREM1/JAK3/S1PR3/HOPX/RORA/EPHA3/RGMA/MEIS1/EFEMP1/QKI/RGS2/LBH/GLI3/ADAMTS12/CAV1/MEIS2/LGALS1/VEGFC/MYOCD/NEGR1/PRICKLE1/NFATC1",31
"GO:0050766","positive regulation of phagocytosis","9/443","75/18842",0.12,5.10392776523702,5.52572975087146,6.43622995973132e-05,0.00353182791035323,0.00353182791035323,"IL2RB/CCL2/DOCK2/MASP1/CD300LF/C3/PTPRC/SLC11A1/NCKAP1L",9
"GO:0002764","immune response-regulating signaling pathway","30/443","589/18842",0.0509337860780985,2.16635304127208,4.46249019422299,6.63193098493664e-05,0.00361527500928849,0.00361527500928849,"HAVCR2/LILRB2/TRAC/CD3D/GBP5/RFTN1/IGLC1/GBP1/CD38/HLA-DQB1/PRKCB/RNF144A/MASP1/CLEC2B/CD300LF/IGHM/C3/CD300A/CD8A/LCP2/IGKC/MEF2C/GBP2/PTPRC/FYN/LATS2/NCKAP1L/LAIR1/PRKD1/IGHD",30
"GO:0002455","humoral immune response mediated by circulating immunoglobulin","7/443","44/18842",0.159090909090909,6.76657090088241,5.94216736625877,6.84100720741073e-05,0.00370487488369969,0.00370487488369969,"CLU/C1QC/C7/C1S/C3/C1R/IGHD",7
"GO:0002757","immune response-activating signaling pathway","28/443","534/18842",0.052434456928839,2.23018067145188,4.47482240571039,7.06881921257552e-05,0.0038033919477533,0.0038033919477533,"HAVCR2/TRAC/CD3D/GBP5/RFTN1/IGLC1/GBP1/CD38/HLA-DQB1/PRKCB/RNF144A/MASP1/CLEC2B/CD300LF/IGHM/C3/CD300A/CD8A/LCP2/IGKC/MEF2C/GBP2/PTPRC/FYN/LATS2/NCKAP1L/PRKD1/IGHD",28
"GO:0010810","regulation of cell-substrate adhesion","15/443","198/18842",0.0757575757575758,3.22217661946782,4.87751203948012,7.25470708664271e-05,0.00387822599483365,0.00387822599483365,"EFEMP2/FERMT2/SERPINE1/DLC1/MAP4K4/PHLDB2/GREM1/CCDC80/GBP1/COL16A1/EPHA3/PDPN/FLNA/EDIL3/THBS1",15
"GO:0014812","muscle cell migration","10/443","95/18842",0.105263157894737,4.47712961862897,5.27197717764729,7.92412195911834e-05,0.00420892785597785,0.00420892785597785,"PRKG1/SERPINE1/CCL5/DDR2/THBS4/ADAMTS1/IGFBP5/MEF2C/SLIT2/MYOCD",10
"GO:0061041","regulation of wound healing","12/443","135/18842",0.0888888888888889,3.7806872335089,5.03122433477783,8.36817600991851e-05,0.00441609295213629,0.00441609295213629,"FERMT2/PRKG1/SERPINE1/TFPI/PHLDB2/MYLK/DDR2/THBS1/SERPING1/CAV1/F2R/THBD",12
"GO:0043408","regulation of MAPK cascade","31/443","626/18842",0.0495207667731629,2.10625347074478,4.36789341546834,8.42074205210637e-05,0.00441609295213629,0.00441609295213629,"HAVCR2/FERMT2/IL2RB/IGFBP6/MAP4K4/DACT1/LMO3/FGFR1/PECAM1/ITGA1/PDGFC/ICAM1/RASSF2/GBP1/DDR2/AKAP12/ACKR3/IL6ST/ACTA2/GLIPR2/CD300A/CD74/THBS1/MEF2C/RGS2/LBH/CAV2/CAV1/F2R/PTPRC/HTR2B",31
"GO:0070663","regulation of leukocyte proliferation","16/443","224/18842",0.0714285714285714,3.03805224121251,4.76134374438184,8.47715231744545e-05,0.00441771598128006,0.00441771598128006,"HAVCR2/IL2RB/LILRB2/GREM1/CCL5/CSF2RA/CD38/LST1/IL6ST/CD300A/CD74/MEF2C/SASH3/PTPRC/VCAM1/NCKAP1L",16
"GO:0051216","cartilage development","12/443","136/18842",0.0882352941176471,3.75288806267428,4.99947349102034,8.98659681784274e-05,0.00465393382704031,0.00465393382704031,"MGP/TGFBR1/LUM/GREM1/STC1/OGN/CHRDL2/TRPS1/EFEMP1/MEF2C/ADAMTS12/COL3A1",12
"GO:0002683","negative regulation of immune system process","27/443","514/18842",0.0525291828793774,2.23420962486056,4.40219907793726,9.22167124000982e-05,0.00474601042824356,0.00474601042824356,"HAVCR2/LILRB2/CCL2/CLU/C1QC/HLA-DOA/GREM1/JAK3/GBP1/IL18BP/LST1/MASP1/CD84/IL6ST/CD300LF/QKI/CD300A/THBS1/SERPING1/GLI3/PTPRC/SLIT2/LGALS1/FYN/COL3A1/A2M/NCKAP1L",27
"GO:0086002","cardiac muscle cell action potential involved in contraction","8/443","62/18842",0.129032258064516,5.4880943712226,5.49245818484849,9.74632060445463e-05,0.00497554067812636,0.00497554067812636,"KCNJ8/FLNA/GJA1/ANK2/CAV1/GJC1/CACNA2D1/KCNE4",8
"GO:0050900","leukocyte migration","21/443","352/18842",0.0596590909090909,2.53746408783091,4.51819098438996,9.78775199776246e-05,0.00497554067812636,0.00497554067812636,"SERPINE1/CCL2/PECAM1/MSN/GREM1/CCL5/ICAM1/THBS4/ITGA4/C3/CD300A/CD74/THBS1/SLIT2/VCAM1/FYN/VEGFC/JAM3/NCKAP1L/MMP2/ASB2",21
"GO:0051017","actin filament bundle assembly","13/443","159/18842",0.0817610062893082,3.47751891761432,4.86798198955261,0.000101143760265204,0.00511022681437486,0.00511022681437486,"SORBS1/FERMT2/DLC1/TGFBR1/PHLDB2/MYL9/SYNPO2/FLNA/DPYSL3/CALD1/CCDC88A/ZEB2/EVL",13
"GO:0050878","regulation of body fluid levels","20/443","327/18842",0.0611620795107034,2.60139029828594,4.5327935523818,0.0001020284915993,0.00512368534176846,0.00512368534176846,"PRKG1/SERPINE1/TFPI/MYL9/ANGPTL2/IL6ST/PDPN/AXL/FLNA/THBS1/VWF/ANGPTL1/SERPING1/CAV1/F2R/THBD/COL3A1/PRICKLE1/CSRP1/FLI1",20
"GO:0006909","phagocytosis","16/443","228/18842",0.0701754385964912,2.98475307908598,4.67854467932302,0.000104333261214442,0.00519433353890172,0.00519433353890172,"IL2RB/CCL2/PECAM1/DOCK2/MASP1/MFGE8/CD300LF/AXL/C3/CD300A/THBS1/PTPRC/FYN/SRPX/SLC11A1/NCKAP1L",16
"GO:0002577","regulation of antigen processing and presentation","5/443","21/18842",0.238095238095238,10.1268408040417,6.49330052622518,0.000104689078083102,0.00519433353890172,0.00519433353890172,"LILRB2/HLA-DOA/CD74/THBS1/SLC11A1",5
"GO:0014910","regulation of smooth muscle cell migration","9/443","80/18842",0.1125,4.78493227990971,5.26405319569091,0.000107163983195809,0.00525903033814138,0.00525903033814138,"PRKG1/SERPINE1/CCL5/DDR2/ADAMTS1/IGFBP5/MEF2C/SLIT2/MYOCD",9
"GO:0002688","regulation of leukocyte chemotaxis","11/443","118/18842",0.0932203389830508,3.96491563683667,5.01315065441717,0.000107262385607759,0.00525903033814138,0.00525903033814138,"SERPINE1/CCL2/GREM1/CCL5/THBS4/CD74/THBS1/SLIT2/VEGFC/JAM3/NCKAP1L",11
"GO:0016055","Wnt signaling pathway","24/443","436/18842",0.055045871559633,2.34125126845735,4.39673620541803,0.000111212763427216,0.00541282132654711,0.00541282132654711,"TIAM1/FERMT2/DKK3/WWTR1/IGFBP6/TGFB1I1/DACT1/DIXDC1/AMOTL1/MCC/FZD1/GREM1/PKD2/RECK/GLI3/CAV1/PRICKLE2/RBMS3/ZEB2/LATS2/PRICKLE1/CDK14/EDNRA/NFATC1",24
"GO:0002694","regulation of leukocyte activation","27/443","520/18842",0.0519230769230769,2.20843028303525,4.33604280317982,0.000111705581322659,0.00541282132654711,0.00541282132654711,"HAVCR2/LILRB2/CCL2/HLA-DRA/HLA-DOA/JAK3/CCL5/CD38/LST1/HLA-DQB1/CD84/IL6ST/CD300LF/AXL/CD300A/CD74/THBS1/MEF2C/GLI3/SASH3/CAV1/PTPRC/VCAM1/LGALS1/FYN/NCKAP1L/CD2",27
"GO:0043269","regulation of monoatomic ion transport","22/443","383/18842",0.0574412532637076,2.44313339502207,4.42749935840035,0.000116466998003259,0.00561072991543606,0.00561072991543606,"LILRB2/CCL2/PLN/CCL5/FHL1/JPH2/TACR2/MYLK/ATP1A2/PKD2/STC1/CD84/ATP2B4/FLNA/STOM/FXYD6/ANK2/CAV1/F2R/FYN/CACNA2D1/EDNRA",22
"GO:0007565","female pregnancy","12/443","140/18842",0.0857142857142857,3.64566268945501,4.87541054600054,0.000118698494437729,0.00568517760064176,0.00568517760064176,"HAVCR2/TGFBR1/PCSK5/CD38/STC1/COL16A1/IGFBP7/IGFBP5/GJA1/RGS2/PAPPA/MMP2",12
"GO:0032870","cellular response to hormone stimulus","31/443","639/18842",0.0485133020344288,2.06340324364042,4.24359230684865,0.000122056510228663,0.0057914920863837,0.0057914920863837,"SORBS1/CTSB/RDX/AKT3/LMO3/TFPI/JAK3/CSF2RA/ATP1A2/DDR2/STC1/PRKCB/NR3C1/MN1/IGFBP7/SERPINF1/MEF2C/LBH/KANK2/GNG2/AGTR1/CAV2/CAV1/SLIT2/FYN/MAP1B/MYO5A/LATS2/PRKD1/EDNRA/RHOQ",31
"GO:0050764","regulation of phagocytosis","10/443","100/18842",0.1,4.25327313769752,5.06138400915463,0.000122316089200718,0.0057914920863837,0.0057914920863837,"IL2RB/CCL2/DOCK2/MASP1/CD300LF/C3/CD300A/PTPRC/SLC11A1/NCKAP1L",10
"GO:0022614","membrane to membrane docking","3/443","5/18842",0.6,25.5196388261851,8.50843979582458,0.000124626911573349,0.0058411066872998,0.0058411066872998,"MSN/ICAM1/VCAM1",3
"GO:0050671","positive regulation of lymphocyte proliferation","11/443","120/18842",0.0916666666666667,3.89883370955606,4.94304465327174,0.000124773821343479,0.0058411066872998,0.0058411066872998,"HAVCR2/LILRB2/CCL5/CD38/IL6ST/CD74/MEF2C/SASH3/PTPRC/VCAM1/NCKAP1L",11
"GO:0007420","brain development","27/443","524/18842",0.0515267175572519,2.19157203659987,4.29243420670632,0.000126669716917551,0.00587074726554285,0.00587074726554284,"PBX3/EGR2/FEZ1/DLC1/NLGN4X/FGFR1/DIXDC1/FZD1/ATXN1/GPR161/ATP1A2/RORA/ATP2B4/TUBA1A/MEIS1/SRGAP2C/EML1/FLNA/GNB4/COL4A1/MEIS2/SLIT2/BASP1/RTN1/COL3A1/SMARCA1/NRP2",27
"GO:0045766","positive regulation of angiogenesis","14/443","185/18842",0.0756756756756757,3.21869318528461,4.70564257002191,0.000126824011650032,0.00587074726554285,0.00587074726554284,"HSPB6/SERPINE1/AKT3/GREM1/PTGIS/ADAM12/PRKCB/C3/THBS1/CDH5/CYBB/VEGFC/CYP1B1/PRKD1",14
"GO:0061572","actin filament bundle organization","13/443","163/18842",0.0797546012269939,3.3921810300655,4.75957047119807,0.000130012532347982,0.00598491023908546,0.00598491023908546,"SORBS1/FERMT2/DLC1/TGFBR1/PHLDB2/MYL9/SYNPO2/FLNA/DPYSL3/CALD1/CCDC88A/ZEB2/EVL",13
"GO:0032946","positive regulation of mononuclear cell proliferation","11/443","121/18842",0.0909090909090909,3.86661194336138,4.9085565381091,0.000134405626540814,0.00612855190606739,0.00612855190606739,"HAVCR2/LILRB2/CCL5/CD38/IL6ST/CD74/MEF2C/SASH3/PTPRC/VCAM1/NCKAP1L",11
"GO:0032956","regulation of actin cytoskeleton organization","20/443","334/18842",0.0598802395209581,2.54687014233384,4.42592523142182,0.000135781270317683,0.00612855190606739,0.00612855190606739,"FERMT2/DLC1/TGFBR1/RDX/DIXDC1/PHLDB2/SVIL/EPHA3/SYNPO2/LMOD1/FLNA/KANK2/SLIT2/CCDC88A/NCKAP1L/PRKD1/ASB2/EVL/CFL2/RHOQ",20
"GO:0007043","cell-cell junction assembly","12/443","142/18842",0.0845070422535211,3.5943153276317,4.8150728107291,0.00013587145175011,0.00612855190606739,0.00612855190606739,"CDH19/CLDN11/PECAM1/HOPX/MPDZ/GJA1/CDH5/CDH11/ANK2/CAV1/GJC1/JAM3",12
"GO:0051893","regulation of focal adhesion assembly","8/443","65/18842",0.123076923076923,5.2347977079354,5.30680308244075,0.000136831052693998,0.00612855190606739,0.00612855190606739,"FERMT2/DLC1/MAP4K4/PHLDB2/GREM1/COL16A1/EPHA3/THBS1",8
"GO:0090109","regulation of cell-substrate junction assembly","8/443","65/18842",0.123076923076923,5.2347977079354,5.30680308244075,0.000136831052693998,0.00612855190606739,0.00612855190606739,"FERMT2/DLC1/MAP4K4/PHLDB2/GREM1/COL16A1/EPHA3/THBS1",8
"GO:1902903","regulation of supramolecular fiber organization","21/443","361/18842",0.0581717451523546,2.47420321029495,4.38838728682283,0.000139159838842358,0.0061993463690741,0.0061993463690741,"FERMT2/CRYAB/DLC1/TGFBR1/CLU/RDX/PHLDB2/SVIL/SYNPO2/LMOD1/FLNA/CDH5/KANK2/SLIT2/MAP1B/CCDC88A/NCKAP1L/PRKD1/ASB2/EVL/CFL2",21
"GO:0002685","regulation of leukocyte migration","15/443","210/18842",0.0714285714285714,3.03805224121251,4.60841890807292,0.000140205250486343,0.00621251714187079,0.00621251714187079,"SERPINE1/CCL2/MSN/GREM1/CCL5/ICAM1/THBS4/ITGA4/CD300A/CD74/THBS1/SLIT2/VEGFC/JAM3/NCKAP1L",15
"GO:0006941","striated muscle contraction","16/443","234/18842",0.0683760683760684,2.908220948853,4.55767620023331,0.000141070496627687,0.00621760710136711,0.00621760710136711,"PLN/JPH2/ATP1A2/KCNJ8/STC1/DTNA/SYNM/FLNA/GJA1/RGS2/ANK2/CAV1/GJC1/CACNA2D1/PRKD1/KCNE4",16
"GO:0006816","calcium ion transport","23/443","416/18842",0.0552884615384615,2.35156928286161,4.32539897597584,0.000144351427672856,0.00632854989257821,0.00632854989257821,"LILRB2/CCL2/SLC24A3/PLN/CCL5/JPH2/MYLK/ATP1A2/PKD2/STC1/CHRNA3/CD84/ATP2B4/FLNA/ITPR1/ANK2/CAV1/F2R/PTPRC/FYN/CACNA2D1/HTR2B/EDNRA",23
"GO:1903034","regulation of response to wounding","13/443","165/18842",0.0787878787878788,3.35106368424653,4.70662431511542,0.000146935376542036,0.0064079291054069,0.0064079291054069,"FERMT2/PRKG1/SERPINE1/TFPI/PHLDB2/MYLK/DDR2/RGMA/THBS1/SERPING1/CAV1/F2R/THBD",13
"GO:0051924","regulation of calcium ion transport","15/443","211/18842",0.0710900473933649,3.02365388935842,4.58686659201937,0.000147756755135551,0.0064100129479224,0.0064100129479224,"LILRB2/CCL2/PLN/CCL5/JPH2/MYLK/ATP1A2/PKD2/STC1/CD84/ANK2/CAV1/F2R/FYN/CACNA2D1",15
"GO:0030890","positive regulation of B cell proliferation","6/443","35/18842",0.171428571428571,7.29132537891003,5.78060288074579,0.000148602133519631,0.00641311082470659,0.00641311082470659,"CD38/CD74/MEF2C/SASH3/PTPRC/NCKAP1L",6
"GO:0030193","regulation of blood coagulation","8/443","66/18842",0.121212121212121,5.15548259114851,5.24745381538149,0.000152551839384787,0.0065494535810484,0.0065494535810484,"PRKG1/SERPINE1/TFPI/THBS1/SERPING1/CAV1/F2R/THBD",8
"GO:0060326","cell chemotaxis","19/443","311/18842",0.0610932475884244,2.59846268862549,4.4105220545799,0.000153440412317056,0.00655364565185116,0.00655364565185116,"SERPINE1/CCL2/FGFR1/ITGA1/GREM1/CCL5/ACKR3/THBS4/C3/CD74/THBS1/AGTR1/SLIT2/VCAM1/VEGFC/JAM3/NCKAP1L/MMP2/PRKD1",19
"GO:0043114","regulation of vascular permeability","7/443","50/18842",0.14,5.95458239277652,5.44330016181974,0.000157948676730636,0.00671160377123101,0.00671160377123101,"FERMT2/PRKG1/TACR2/AKAP12/CDH5/SLIT2/ZEB2",7
"GO:2001044","regulation of integrin-mediated signaling pathway","5/443","23/18842",0.217391304347826,9.24624595151634,6.14014544938284,0.000166527940241871,0.0070400536369599,0.00704005363695989,"NID1/SERPINE1/FLNA/LAMB2/PRKD1",5
"GO:0019882","antigen processing and presentation","10/443","104/18842",0.0961538461538462,4.08968570932454,4.90259575306072,0.000169697743166754,0.0071029590157849,0.0071029590157849,"LILRB2/HLA-DRA/HLA-DOA/RFTN1/CLEC4A/HLA-DQB1/CD74/CD8A/THBS1/SLC11A1",10
"GO:1900046","regulation of hemostasis","8/443","67/18842",0.119402985074627,5.07853508978808,5.18929499696943,0.000169730374743593,0.0071029590157849,0.0071029590157849,"PRKG1/SERPINE1/TFPI/THBS1/SERPING1/CAV1/F2R/THBD",8
"GO:0010762","regulation of fibroblast migration","6/443","36/18842",0.166666666666667,7.08878856282919,5.67401730295632,0.000174817664358575,0.00724269583437575,0.00724269583437575,"DDR2/AKAP12/ACTA2/CYGB/THBS1/ZEB2",6
"GO:0014912","negative regulation of smooth muscle cell migration","6/443","36/18842",0.166666666666667,7.08878856282919,5.67401730295632,0.000174817664358575,0.00724269583437575,0.00724269583437575,"PRKG1/SERPINE1/IGFBP5/MEF2C/SLIT2/MYOCD",6
"GO:0003158","endothelium development","11/443","125/18842",0.088,3.74288036117381,4.77419858254356,0.000179518874334068,0.00736382867689153,0.00736382867689153,"RDX/PECAM1/MSN/S1PR3/ICAM1/STC1/PDPN/FSTL1/CDH5/ADAMTS12/EDNRA",11
"GO:0030168","platelet activation","11/443","125/18842",0.088,3.74288036117381,4.77419858254356,0.000179518874334068,0.00736382867689153,0.00736382867689153,"PRKG1/MYL9/IL6ST/PDPN/AXL/FLNA/VWF/F2R/THBD/COL3A1/CSRP1",11
"GO:0032963","collagen metabolic process","10/443","105/18842",0.0952380952380952,4.05073632161668,4.86413950413058,0.000183698790619803,0.00749816836983096,0.00749816836983096,"ADAMTS2/CTSB/DDR2/RCN3/CYGB/MMP11/VIM/F2R/MMP2/CTSK",10
"GO:0014909","smooth muscle cell migration","9/443","86/18842",0.104651162790698,4.45109979526484,4.97729474736235,0.000187735476910741,0.00761157974381275,0.00761157974381275,"PRKG1/SERPINE1/CCL5/DDR2/ADAMTS1/IGFBP5/MEF2C/SLIT2/MYOCD",9
"GO:0002009","morphogenesis of an epithelium","19/443","316/18842",0.060126582278481,2.55734777266623,4.33206581184965,0.000188314487989575,0.00761157974381275,0.00761157974381275,"FERMT2/DLC1/TNC/MSN/PHLDB2/GREM1/KIF26B/PKD2/PDPN/FLNA/GJA1/MEF2C/COL4A1/ADAMTS12/SLIT2/MMP2/ASB2/PRICKLE1/EDNRA",19
"GO:0051896","regulation of phosphatidylinositol 3-kinase/protein kinase B signal transduction","17/443","265/18842",0.0641509433962264,2.72851484305124,4.39708628405663,0.000190068951461239,0.00764520063984384,0.00764520063984384,"FERMT2/TGFBR1/FGFR1/PECAM1/CCL5/PDGFC/DDR2/DCN/RCN3/TSPYL5/AXL/THBS1/F2R/HIP1/FYN/CCDC88A/PRKD1",17
"GO:0051249","regulation of lymphocyte activation","24/443","453/18842",0.0529801324503311,2.2533897418265,4.18998925035488,0.00019777659433903,0.0079167964284696,0.0079167964284696,"HAVCR2/LILRB2/CCL2/HLA-DRA/HLA-DOA/JAK3/CCL5/CD38/LST1/HLA-DQB1/IL6ST/AXL/CD300A/CD74/MEF2C/GLI3/SASH3/CAV1/PTPRC/VCAM1/LGALS1/FYN/NCKAP1L/CD2",24
"GO:0001885","endothelial cell development","7/443","52/18842",0.134615384615385,5.72555999305435,5.29478452711146,0.000203185083296389,0.00806316947936651,0.00806316947936651,"RDX/PECAM1/MSN/S1PR3/ICAM1/STC1/CDH5",7
"GO:0016049","cell growth","23/443","426/18842",0.0539906103286385,2.29636812598692,4.19944810714272,0.000203928792976344,0.00806316947936651,0.00806316947936651,"CRYAB/PRKG1/TNC/RERG/TGFBR1/SORBS2/FHL1/CD38/RGMA/MEIS1/ITGA4/IGFBP7/GJA1/RGS2/VIM/AGTR1/SLIT2/MAP1B/DCLK1/LATS2/PRICKLE1/EDNRA/NRP2",23
"GO:0086001","cardiac muscle cell action potential","9/443","87/18842",0.103448275862069,4.3999377286526,4.93206490374164,0.000205119878250725,0.00806316947936651,0.00806316947936651,"ATP1A2/KCNJ8/FLNA/GJA1/ANK2/CAV1/GJC1/CACNA2D1/KCNE4",9
"GO:0043068","positive regulation of programmed cell death","26/443","511/18842",0.050880626223092,2.16409200743905,4.1396288689336,0.000205325701200378,0.00806316947936651,0.00806316947936651,"DLC1/CCL2/TGFBR1/RPS6KA2/CLU/ITGA1/CCL5/HTRA1/RASSF2/PTGIS/PRKCB/AKAP12/MLLT11/KCNMA1/ITGA4/THBS1/ITPR1/MEF2C/CAV1/F2R/SLIT2/LGALS1/LATS2/CYP1B1/MMP2/PNMA1",26
"GO:0043065","positive regulation of apoptotic process","25/443","484/18842",0.0516528925619835,2.1969386041826,4.1394114870001,0.000215816198548959,0.00843515576026734,0.00843515576026734,"DLC1/CCL2/TGFBR1/RPS6KA2/CLU/ITGA1/CCL5/HTRA1/RASSF2/PTGIS/AKAP12/MLLT11/KCNMA1/ITGA4/THBS1/ITPR1/MEF2C/CAV1/F2R/SLIT2/LGALS1/LATS2/CYP1B1/MMP2/PNMA1",25
"GO:0043410","positive regulation of MAPK cascade","23/443","428/18842",0.0537383177570093,2.28563743380941,4.17467866624589,0.000218166659655934,0.00848699033760128,0.00848699033760128,"HAVCR2/FERMT2/IL2RB/IGFBP6/FGFR1/PECAM1/ITGA1/PDGFC/ICAM1/RASSF2/DDR2/AKAP12/ACKR3/IL6ST/ACTA2/GLIPR2/CD74/THBS1/MEF2C/CAV2/F2R/PTPRC/HTR2B",23
"GO:0007162","negative regulation of cell adhesion","18/443","295/18842",0.0610169491525424,2.59521750774764,4.28499981627348,0.000230815735672049,0.00890287083699348,0.00890287083699348,"HAVCR2/LILRB2/PRKG1/SERPINE1/DLC1/MAP4K4/PHLDB2/JAK3/GBP1/CD300A/THBS1/GLI3/PTPRC/LGALS1/FYN/JAM3/CYP1B1/MMP2",18
"GO:0007159","leukocyte cell-cell adhesion","22/443","402/18842",0.054726368159204,2.32766191615287,4.17519529185687,0.000231149389293088,0.00890287083699348,0.00890287083699348,"HAVCR2/LILRB2/CCL2/HLA-DRA/PECAM1/MSN/HLA-DOA/JAK3/CCL5/ICAM1/HLA-DQB1/CERCAM/IL6ST/ITGA4/CD300A/GLI3/CAV1/PTPRC/VCAM1/LGALS1/FYN/NCKAP1L",22
"GO:0055074","calcium ion homeostasis","14/443","196/18842",0.0714285714285714,3.03805224121251,4.45048391736876,0.00023208063007369,0.00890287083699348,0.00890287083699348,"SLC24A3/FGFR1/PLN/CCL5/JPH2/STC1/ATP2B4/ITPR1/CDH5/CAV2/ANK2/CAV1/HTR2B/EDNRA",14
"GO:0006959","humoral immune response","18/443","296/18842",0.0608108108108108,2.58644988103227,4.26878038634504,0.000240554491959305,0.0091854125362894,0.0091854125362894,"CCL2/CLU/C1QC/C7/CCL5/HLA-DQB1/MASP1/C1S/RNASE6/IGHM/C3/MEF2C/SERPING1/C1R/CFH/A2M/SLC11A1/IGHD",18
"GO:0060414","aorta smooth muscle tissue morphogenesis","3/443","6/18842",0.5,21.2663656884876,7.70395766084096,0.000244897712576036,0.00930835984589466,0.00930835984589465,"EFEMP2/MYLK/COL3A1",3
"GO:0010763","positive regulation of fibroblast migration","4/443","14/18842",0.285714285714286,12.15220896485,6.4770843024899,0.000250225766119718,0.00942441226394536,0.00942441226394536,"DDR2/AKAP12/ACTA2/THBS1",4
"GO:0045916","negative regulation of complement activation","4/443","14/18842",0.285714285714286,12.15220896485,6.4770843024899,0.000250225766119718,0.00942441226394536,0.00942441226394536,"CLU/MASP1/SERPING1/A2M",4
"GO:0042310","vasoconstriction","8/443","71/18842",0.112676056338028,4.79242043684227,4.96773792013312,0.000255130919314678,0.00956567781647704,0.00956567781647704,"CD38/ITGA4/AGTR1/CAV1/F2R/HTR2B/MMP2/EDNRA",8
"GO:0050866","negative regulation of cell activation","14/443","198/18842",0.0707070707070707,3.00736484483663,4.40601620615764,0.000257685992572552,0.00961795556061337,0.00961795556061337,"HAVCR2/LILRB2/PRKG1/JAK3/LST1/CD84/CD300LF/CD300A/CYGB/GLI3/PTPRC/THBD/LGALS1/FYN",14
"GO:0120035","regulation of plasma membrane bounded cell projection organization","28/443","578/18842",0.0484429065743945,2.06040913244862,4.01787255916322,0.00026480180815076,0.0098392277234852,0.0098392277234852,"TIAM1/FEZ1/SYNE1/FZD1/KCTD12/DENND5A/SDC2/CD38/DDR2/CHRNA3/EPHA3/RGMA/PDPN/SRGAP2C/DPYSL3/SERPINF1/RGS2/VIM/CAV1/GAP43/SLIT2/FYN/MAP1B/CCDC88A/PMP22/PRKD1/EVL/RHOQ",28
"GO:0007423","sensory organ development","21/443","379/18842",0.0554089709762533,2.3566948784076,4.14006713679581,0.000270124405955114,0.00999219119528606,0.00999219119528605,"PBX3/SPARC/MFAP5/CHRDL1/ATP2B4/MAB21L2/MEIS1/EFEMP1/PTPRM/ALDH1A3/SERPINF1/GLI3/SGCD/COL4A1/MEIS2/SSPN/MAF/ZEB2/CYP1B1/PRICKLE1/EDNRA",21
"GO:0048667","cell morphogenesis involved in neuron differentiation","24/443","463/18842",0.0518358531317495,2.20472041694904,4.07260748782086,0.000272885201069788,0.0100494523380634,0.0100494523380634,"TIAM1/FEZ1/PRKG1/KCTD12/SDC2/BOC/CHRNA3/EPHA3/RGMA/PTPRM/ITGA4/MEF2C/VIM/PALLD/GAP43/SLIT2/FYN/MAP1B/DCLK1/NEXN/PRICKLE1/EVL/EDNRA/NRP2",24
"GO:0097553","calcium ion transmembrane import into cytosol","13/443","176/18842",0.0738636363636364,3.14162220398112,4.42925100359279,0.000278012865414716,0.0101929849682581,0.0101929849682581,"JPH2/ATP1A2/PKD2/ATP2B4/FLNA/ITPR1/ANK2/CAV1/F2R/PTPRC/FYN/CACNA2D1/HTR2B",13
"GO:0050818","regulation of coagulation","8/443","72/18842",0.111111111111111,4.72585904188613,4.9149291367707,0.00028122088275985,0.0102651816499917,0.0102651816499917,"PRKG1/SERPINE1/TFPI/THBS1/SERPING1/CAV1/F2R/THBD",8
"GO:0008277","regulation of G protein-coupled receptor signaling pathway","12/443","154/18842",0.0779220779220779,3.31423880859547,4.47449315560136,0.000290319066868113,0.0105047326989921,0.0105047326989921,"SERPINE1/GPRASP1/CCL5/KCTD12/PKD2/ATP2B4/C3/RGS2/RGS10/CAV2/SLIT2/RGS16",12
"GO:1902904","negative regulation of supramolecular fiber organization","12/443","154/18842",0.0779220779220779,3.31423880859547,4.47449315560136,0.000290319066868113,0.0105047326989921,0.0105047326989921,"CRYAB/DLC1/CLU/RDX/PHLDB2/SVIL/LMOD1/CDH5/KANK2/SLIT2/MAP1B/ASB2",12
"GO:0001822","kidney development","15/443","225/18842",0.0666666666666667,2.83551542513168,4.29784923184036,0.000297037761048365,0.0107011082088989,0.0107011082088989,"TGFBR1/PECAM1/PCSK5/GREM1/KIF26B/PKD2/KCNJ8/ACTA2/SERPINF1/MEF2C/KANK2/AGTR1/SLIT2/BASP1/EDNRA",15
"GO:0044703","multi-organism reproductive process","12/443","155/18842",0.0774193548387097,3.29285662273356,4.44764056603996,0.000308136819521138,0.0110521945635133,0.0110521945635133,"HAVCR2/TGFBR1/PCSK5/CD38/STC1/COL16A1/IGFBP7/IGFBP5/GJA1/RGS2/PAPPA/MMP2",12
"GO:0150116","regulation of cell-substrate junction organization","8/443","73/18842",0.10958904109589,4.6611212467918,4.86308323542454,0.000309450777061921,0.0110521945635133,0.0110521945635133,"FERMT2/DLC1/MAP4K4/PHLDB2/GREM1/COL16A1/EPHA3/THBS1",8
"GO:0110053","regulation of actin filament organization","16/443","251/18842",0.0637450199203187,2.71124980889085,4.23502156511408,0.000312670007955377,0.0110969306168099,0.0110969306168099,"FERMT2/DLC1/TGFBR1/RDX/PHLDB2/SVIL/SYNPO2/LMOD1/FLNA/KANK2/SLIT2/CCDC88A/NCKAP1L/ASB2/EVL/CFL2",16
"GO:0007519","skeletal muscle tissue development","9/443","92/18842",0.0978260869565217,4.16081067818235,4.71572520239646,0.000313381820460237,0.0110969306168099,0.0110969306168099,"EGR2/POPDC2/SVIL/MEF2C/CAV2/CAV1/COL6A1/MYOCD/CFL2",9
"GO:0050777","negative regulation of immune response","14/443","202/18842",0.0693069306930693,2.94781306573095,4.318736763167,0.000316248583524301,0.0111507904812015,0.0111507904812015,"HAVCR2/CLU/JAK3/IL18BP/MASP1/IL6ST/CD300A/SERPING1/PTPRC/LGALS1/FYN/COL3A1/A2M/NCKAP1L",14
"GO:1990776","response to angiotensin","6/443","40/18842",0.15,6.37990970654628,5.28517882651293,0.000318232587855206,0.011173200097323,0.011173200097323,"DDR2/AGTR1/CAV1/CYBB/COL3A1/PRKD1",6
"GO:0048844","artery morphogenesis","7/443","56/18842",0.125,5.3165914221219,5.01966259233104,0.000324930835629436,0.0112720479317104,0.0112720479317104,"EFEMP2/TGFBR1/AKT3/MYLK/PKD2/COL3A1/EDNRA",7
"GO:0086009","membrane repolarization","7/443","56/18842",0.125,5.3165914221219,5.01966259233104,0.000324930835629436,0.0112720479317104,0.0112720479317104,"ATP1A2/KCNJ8/FLNA/ANK2/CAV1/CACNA2D1/KCNE4",7
"GO:0007409","axonogenesis","20/443","357/18842",0.0560224089635854,2.38278607153923,4.0929468509926,0.000326002893059431,0.0112720479317104,0.0112720479317104,"TIAM1/FEZ1/PRKG1/BOC/EPHA3/RGMA/PTPRM/ITGA4/VIM/PALLD/GAP43/SLIT2/FYN/MAP1B/DCLK1/NEXN/PRICKLE1/EVL/EDNRA/NRP2",20
"GO:0046651","lymphocyte proliferation","15/443","227/18842",0.066079295154185,2.81053291037281,4.2583814367753,0.000326489440455044,0.0112720479317104,0.0112720479317104,"HAVCR2/LILRB2/MSN/CCL5/CD38/LST1/IL6ST/CD300A/CD74/MEF2C/SASH3/PTPRC/VCAM1/SLC11A1/NCKAP1L",15
"GO:0071560","cellular response to transforming growth factor beta stimulus","17/443","278/18842",0.0611510791366906,2.60092242233301,4.17266610097181,0.000333217945787734,0.0114198168614317,0.0114198168614317,"NREP/FERMT2/DKK3/TGFBR1/TGFB1I1/COL1A2/DDR2/NR3C1/ACTA2/THBS1/MEF2C/CDH5/COL3A1/DNM3OS/ZEB2/LATS2/MYOCD",17
"GO:0001867","complement activation, lectin pathway","4/443","15/18842",0.266666666666667,11.3420617005267,6.21754476603084,0.000334904115052849,0.0114198168614317,0.0114198168614317,"MASP1/C3/SERPING1/A2M",4
"GO:0002826","negative regulation of T-helper 1 type immune response","4/443","15/18842",0.266666666666667,11.3420617005267,6.21754476603084,0.000334904115052849,0.0114198168614317,0.0114198168614317,"HAVCR2/JAK3/IL18BP/IL6ST",4
"GO:0048588","developmental cell growth","13/443","180/18842",0.0722222222222222,3.07180837722598,4.33374619120863,0.000345752089917105,0.0117328921483753,0.0117328921483753,"PRKG1/SORBS2/RGMA/MEIS1/ITGA4/RGS2/VIM/SLIT2/MAP1B/DCLK1/PRICKLE1/EDNRA/NRP2",13
"GO:0061564","axon development","22/443","414/18842",0.0531400966183575,2.26019345481511,4.0230461689257,0.000346917520679695,0.0117328921483753,0.0117328921483753,"NREP/TIAM1/FEZ1/PRKG1/BOC/EPHA3/RGMA/PTPRM/ITGA4/VIM/PALLD/GAP43/SLIT2/FYN/MAP1B/DCLK1/MMP2/NEXN/PRICKLE1/EVL/EDNRA/NRP2",22
"GO:0010959","regulation of metal ion transport","19/443","332/18842",0.0572289156626506,2.43410209687509,4.09074710280142,0.000350923624247964,0.0117433338790658,0.0117433338790658,"LILRB2/CCL2/PLN/CCL5/FHL1/JPH2/MYLK/ATP1A2/PKD2/STC1/CD84/ATP2B4/FLNA/FXYD6/ANK2/CAV1/F2R/FYN/CACNA2D1",19
"GO:0035051","cardiocyte differentiation","11/443","135/18842",0.0814814814814815,3.46562996404983,4.46117683650133,0.000351478011345441,0.0117433338790658,0.0117433338790658,"SORBS2/GREM1/MEIS1/MEF2C/RGS2/MYH11/VCAM1/MYOCD/ASB2/PRICKLE1/EDNRA",11
"GO:0050921","positive regulation of chemotaxis","11/443","135/18842",0.0814814814814815,3.46562996404983,4.46117683650133,0.000351478011345441,0.0117433338790658,0.0117433338790658,"SERPINE1/CCL2/FGFR1/CCL5/THBS4/CD74/THBS1/SLIT2/VEGFC/NCKAP1L/PRKD1",11
"GO:0050807","regulation of synapse organization","18/443","306/18842",0.0588235294117647,2.50192537511619,4.11015107962188,0.000359441952482635,0.0118658902860815,0.0118658902860815,"LILRB2/SPARC/NLGN4X/SPARCL1/FGFR1/FZD1/IL10RA/SDC2/LRRC15/TUBA1A/SRGAP2C/LSAMP/MEF2C/FYN/MAP1B/NEGR1/PRICKLE1/NRP2",18
"GO:0010927","cellular component assembly involved in morphogenesis","10/443","114/18842",0.087719298245614,3.73094134885747,4.5381184431705,0.000359442247381904,0.0118658902860815,0.0118658902860815,"PLN/MYL9/LMOD1/CSRP2/MYH11/ANK2/PGM5/PMP22/PRKD1/CSRP1",10
"GO:0032989","cellular anatomical entity morphogenesis","10/443","114/18842",0.087719298245614,3.73094134885747,4.5381184431705,0.000359442247381904,0.0118658902860815,0.0118658902860815,"PLN/MYL9/LMOD1/CSRP2/MYH11/ANK2/PGM5/PMP22/PRKD1/CSRP1",10
"GO:0051145","smooth muscle cell differentiation","7/443","57/18842",0.12280701754386,5.22331788840046,4.95498481917186,0.000363033294832471,0.0118896991343156,0.0118896991343156,"EFEMP2/RBPMS2/QKI/MEF2C/MYOCD/EDNRA/NFATC1",7
"GO:1904645","response to amyloid-beta","7/443","57/18842",0.12280701754386,5.22331788840046,4.95498481917186,0.000363033294832471,0.0118896991343156,0.0118896991343156,"ICAM1/ITGA4/GJA1/VCAM1/FYN/CACNA2D1/MMP2",7
"GO:0007200","phospholipase C-activating G protein-coupled receptor signaling pathway","12/443","158/18842",0.0759493670886076,3.23033402863103,4.36837841908346,0.000367254399934112,0.011968122173278,0.011968122173278,"TACR2/PTGER3/PKD2/PRKCB/ITPR1/RGS2/AGTR1/F2R/GAP43/HTR2B/PRKD1/EDNRA",12
"GO:0034762","regulation of transmembrane transport","21/443","388/18842",0.0541237113402062,2.30202927555793,4.02112970725937,0.000369281912647229,0.011968122173278,0.011968122173278,"SORBS1/PLN/FHL1/JPH2/ATP1A2/PRKCB/ATP2B4/PTPRM/C3/FLNA/THBS1/RGS2/STOM/FXYD6/ANK2/CAV1/F2R/FYN/CACNA2D1/EDNRA/RHOQ",21
"GO:0031579","membrane raft organization","5/443","27/18842",0.185185185185185,7.87643173647688,5.54816840654714,0.000369760955389713,0.011968122173278,0.011968122173278,"RFTN1/CAV2/CAV1/PTPRC/CD2",5
"GO:1903053","regulation of extracellular matrix organization","8/443","75/18842",0.106666666666667,4.53682468021068,4.76215432557154,0.000372857212187188,0.0120088093388312,0.0120088093388312,"EFEMP2/NID1/TGFBR1/DDR2/PDPN/RECK/AEBP1/LAMB2",8
"GO:0090090","negative regulation of canonical Wnt signaling pathway","11/443","136/18842",0.0808823529411765,3.44014739078476,4.43151044164133,0.000374499871144139,0.0120088093388312,0.0120088093388312,"DKK3/WWTR1/IGFBP6/DACT1/MCC/GREM1/GLI3/CAV1/RBMS3/LATS2/PRICKLE1",11
"GO:0032943","mononuclear cell proliferation","15/443","230/18842",0.0652173913043478,2.7738737854549,4.19997630237385,0.00037536587240614,0.0120088093388312,0.0120088093388312,"HAVCR2/LILRB2/MSN/CCL5/CD38/LST1/IL6ST/CD300A/CD74/MEF2C/SASH3/PTPRC/VCAM1/SLC11A1/NCKAP1L",15
"GO:0007178","cell surface receptor protein serine/threonine kinase signaling pathway","21/443","389/18842",0.0539845758354756,2.29611146251023,4.00811699065078,0.000382053891836628,0.0121757636452242,0.0121757636452242,"NREP/RBPMS2/FERMT2/LTBP1/DKK3/WWTR1/TGFBR1/TGFB1I1/COL1A2/GREM1/CHRDL1/CHRDL2/RGMA/FSTL1/THBS1/CDH5/CAV1/COL3A1/ZEB2/LATS2/MYOCD",21
"GO:0007163","establishment or maintenance of cell polarity","13/443","182/18842",0.0714285714285714,3.03805224121251,4.2869845122839,0.000384585411324092,0.0122094816790476,0.0122094816790476,"FEZ1/RERG/AMOTL1/MSN/PHLDB2/FRMD4A/CLIC4/GJA1/CDH5/CAP2/NCKAP1L/PRICKLE1/RHOQ",13
"GO:0050808","synapse organization","27/443","562/18842",0.0480427046263345,2.04338745049525,3.89656925185857,0.000386497251904309,0.0122233443865615,0.0122233443865615,"LILRB2/SPARC/NLGN4X/SPARCL1/C1QC/FGFR1/FILIP1/DIXDC1/FZD1/CHRDL1/IL10RA/SDC2/LRRC15/TUBA1A/SRGAP2C/LSAMP/C3/PCDH17/MEF2C/CAP2/F2R/GAP43/FYN/MAP1B/NEGR1/PRICKLE1/NRP2",27
"GO:0044706","multi-multicellular organism process","12/443","159/18842",0.0754716981132075,3.21001746241322,4.34237863014335,0.000388977717458104,0.0122550166040222,0.0122550166040222,"HAVCR2/TGFBR1/PCSK5/CD38/STC1/COL16A1/IGFBP7/IGFBP5/GJA1/RGS2/PAPPA/MMP2",12
"GO:0061337","cardiac conduction","9/443","95/18842",0.0947368421052632,4.02941665676607,4.59316080438573,0.000398443569443094,0.0125056947591117,0.0125056947591117,"ATP1A2/ATP2B4/FLNA/GJA1/ANK2/CAV1/GJC1/CACNA2D1/KCNE4",9
"GO:0030888","regulation of B cell proliferation","7/443","58/18842",0.120689655172414,5.13326068342804,4.89180889211401,0.000404629995749701,0.0125326801215295,0.0125326801215295,"CD38/CD300A/CD74/MEF2C/SASH3/PTPRC/NCKAP1L",7
"GO:0086065","cell communication involved in cardiac conduction","7/443","58/18842",0.120689655172414,5.13326068342804,4.89180889211401,0.000404629995749701,0.0125326801215295,0.0125326801215295,"ATP1A2/FLNA/GJA1/ANK2/CAV1/GJC1/CACNA2D1",7
"GO:0097529","myeloid leukocyte migration","14/443","207/18842",0.0676328502415459,2.87660985158286,4.2126094171903,0.000405183846474708,0.0125326801215295,0.0125326801215295,"SERPINE1/CCL2/PECAM1/GREM1/CCL5/THBS4/CD300A/CD74/THBS1/SLIT2/VEGFC/JAM3/NCKAP1L/MMP2",14
"GO:0046631","alpha-beta T cell activation","13/443","183/18842",0.0710382513661202,3.02145086284523,4.26384373324222,0.000405353400020505,0.0125326801215295,0.0125326801215295,"TRAC/CD3D/HLA-DRA/JAK3/CLEC4A/RORA/IL6ST/CLEC2B/CD300A/GLI3/LGALS1/NCKAP1L/NKG7",13
"GO:1902905","positive regulation of supramolecular fiber organization","12/443","160/18842",0.075,3.18995485327314,4.31658400808182,0.000411777221791504,0.0126839630474513,0.0126839630474513,"FERMT2/TGFBR1/CLU/SYNPO2/LMOD1/FLNA/MAP1B/CCDC88A/NCKAP1L/PRKD1/EVL/CFL2",12
"GO:0014820","tonic smooth muscle contraction","3/443","7/18842",0.428571428571429,18.2283134472751,7.07401050689775,0.000421089711029431,0.0127807668336625,0.0127807668336625,"MYLK/CD38/EDNRA",3
"GO:0051715","cytolysis in another organism","3/443","7/18842",0.428571428571429,18.2283134472751,7.07401050689775,0.000421089711029431,0.0127807668336625,0.0127807668336625,"GBP5/GBP1/GBP2",3
"GO:1902462","positive regulation of mesenchymal stem cell proliferation","3/443","7/18842",0.428571428571429,18.2283134472751,7.07401050689775,0.000421089711029431,0.0127807668336625,0.0127807668336625,"FERMT2/TGFBR1/VEGFC",3
"GO:2000489","regulation of hepatic stellate cell activation","3/443","7/18842",0.428571428571429,18.2283134472751,7.07401050689775,0.000421089711029431,0.0127807668336625,0.0127807668336625,"DDR2/ACTA2/CYGB",3
"GO:0071559","response to transforming growth factor beta","17/443","284/18842",0.0598591549295775,2.54597335707246,4.07335553355338,0.00042600792095509,0.0128828526753061,0.0128828526753061,"NREP/FERMT2/DKK3/TGFBR1/TGFB1I1/COL1A2/DDR2/NR3C1/ACTA2/THBS1/MEF2C/CDH5/COL3A1/DNM3OS/ZEB2/LATS2/MYOCD",17
"GO:0051129","negative regulation of cellular component organization","33/443","749/18842",0.0440587449933244,1.87393876560772,3.78724455069078,0.000430214127775057,0.012962742773615,0.012962742773615,"FEZ1/LILRB2/CRYAB/DLC1/DACT1/CLU/RDX/PHLDB2/DENND5A/APOC1/CD38/SVIL/EPHA3/RGMA/LMOD1/SRGAP2C/CD300LF/CD300A/DPYSL3/RECK/THBS1/CDH5/KANK2/CAV1/SLIT2/FYN/MAP1B/JAM3/PMP22/PRKD1/NEGR1/ASB2/EVL",33
"GO:0050803","regulation of synapse structure or activity","18/443","311/18842",0.0578778135048231,2.46170149448731,4.03316681992264,0.000436020977480712,0.0130901080413231,0.0130901080413231,"LILRB2/SPARC/NLGN4X/SPARCL1/FGFR1/FZD1/IL10RA/SDC2/LRRC15/TUBA1A/SRGAP2C/LSAMP/MEF2C/FYN/MAP1B/NEGR1/PRICKLE1/NRP2",18
"GO:0010718","positive regulation of epithelial to mesenchymal transition","7/443","59/18842",0.11864406779661,5.04625626506485,4.83007238879849,0.000449949399711443,0.013403127097728,0.013403127097728,"TIAM1/FERMT2/WWTR1/TGFBR1/TGFB1I1/PDPN/GLIPR2",7
"GO:0010594","regulation of endothelial cell migration","15/443","234/18842",0.0641025641025641,2.72645713954969,4.12354377535693,0.000450213200371056,0.013403127097728,0.013403127097728,"SPARC/AKT3/FGFR1/GREM1/STC1/ATP2B4/DCN/PTPRM/SERPINF1/THBS1/MEF2C/SLIT2/VEGFC/PRKD1/NRP2",15
"GO:0002687","positive regulation of leukocyte migration","11/443","139/18842",0.079136690647482,3.36589960537214,4.3441499053151,0.000451300079684541,0.013403127097728,0.013403127097728,"SERPINE1/CCL2/CCL5/ICAM1/THBS4/ITGA4/CD74/THBS1/VEGFC/JAM3/NCKAP1L",11
"GO:0050678","regulation of epithelial cell proliferation","18/443","312/18842",0.0576923076923077,2.45381142559472,4.01794875294071,0.000452925041314793,0.0134033460440513,0.0134033460440513,"SPARC/CCL2/TGFBR1/AKT3/FGFR1/MCC/THBS4/PTPRM/ITGA4/THBS1/MEF2C/AGTR1/CAV2/CAV1/VEGFC/HTR2B/PRKD1/NRP2",18
"GO:0031344","regulation of cell projection organization","28/443","598/18842",0.0468227424749164,1.9914991280189,3.82331098839235,0.000455564739485745,0.0134334855209213,0.0134334855209213,"TIAM1/FEZ1/SYNE1/FZD1/KCTD12/DENND5A/SDC2/CD38/DDR2/CHRNA3/EPHA3/RGMA/PDPN/SRGAP2C/DPYSL3/SERPINF1/RGS2/VIM/CAV1/GAP43/SLIT2/FYN/MAP1B/CCDC88A/PMP22/PRKD1/EVL/RHOQ",28
"GO:0036293","response to decreased oxygen levels","17/443","287/18842",0.0592334494773519,2.51936039515184,4.02464889207831,0.000480234289754305,0.0141107139180999,0.0141107139180999,"BNIP2/CD38/PTGIS/RORA/DDR2/STC1/KCNMA1/CYGB/THBS1/ITPR1/CAV1/VCAM1/CYBB/VEGFC/ZEB2/MYOCD/MMP2",17
"GO:0000165","MAPK cascade","32/443","723/18842",0.0442600276625173,1.88249986730734,3.75468418257903,0.000485309373167778,0.0142094468765661,0.0142094468765661,"HAVCR2/FERMT2/IL2RB/CRYAB/IGFBP6/MAP4K4/DACT1/LMO3/FGFR1/PECAM1/ITGA1/PDGFC/ICAM1/RASSF2/GBP1/DDR2/AKAP12/ACKR3/IL6ST/ACTA2/GLIPR2/CD300A/CD74/THBS1/MEF2C/RGS2/LBH/CAV2/CAV1/F2R/PTPRC/HTR2B",32
"GO:0010717","regulation of epithelial to mesenchymal transition","10/443","119/18842",0.0840336134453782,3.57417910730884,4.3710044776557,0.000506527713943505,0.0147784811187883,0.0147784811187883,"TIAM1/FERMT2/WWTR1/TGFBR1/TGFB1I1/GREM1/EPHA3/PDPN/GLIPR2/QKI",10
"GO:0001906","cell killing","15/443","238/18842",0.0630252100840336,2.68063433048163,4.04869696371904,0.000537491876976615,0.0155613456368894,0.0155613456368894,"HAVCR2/SLAMF7/CLU/GBP5/HLA-DRA/C7/ICAM1/GBP1/CTSC/GBP2/PTPRC/CFH/NCKAP1L/NKG7/CD2",15
"GO:0048762","mesenchymal cell differentiation","15/443","238/18842",0.0630252100840336,2.68063433048163,4.04869696371904,0.000537491876976615,0.0155613456368894,0.0155613456368894,"TIAM1/FERMT2/WWTR1/TGFBR1/TGFB1I1/FGFR1/GREM1/EPHA3/PDPN/GLIPR2/QKI/MEF2C/HTR2B/EDNRA/NRP2",15
"GO:0002920","regulation of humoral immune response","6/443","44/18842",0.136363636363636,5.79991791504207,4.94607906253599,0.000540702498955237,0.0155613456368894,0.0155613456368894,"CLU/MASP1/C3/SERPING1/CFH/A2M",6
"GO:0031333","negative regulation of protein-containing complex assembly","11/443","142/18842",0.0774647887323944,3.29478905032906,4.25914931963388,0.000540872259645686,0.0155613456368894,0.0155613456368894,"CRYAB/DACT1/CLU/RDX/SVIL/LMOD1/CDH5/KANK2/SLIT2/JAM3/ASB2",11
"GO:0030178","negative regulation of Wnt signaling pathway","12/443","165/18842",0.0727272727272727,3.0932895546891,4.19058300406454,0.000543434226428052,0.0155809550179337,0.0155809550179337,"DKK3/WWTR1/IGFBP6/DACT1/MCC/GREM1/GLI3/CAV1/RBMS3/LATS2/PRICKLE1/NFATC1",12
"GO:0070374","positive regulation of ERK1 and ERK2 cascade","13/443","189/18842",0.0687830687830688,2.92553178783427,4.1282308766292,0.00055104374943816,0.0157380310825118,0.0157380310825118,"HAVCR2/FERMT2/PDGFC/ICAM1/DDR2/AKAP12/ACKR3/ACTA2/GLIPR2/CD74/F2R/PTPRC/HTR2B",13
"GO:0045669","positive regulation of osteoblast differentiation","7/443","61/18842",0.114754098360656,4.88080523998076,4.71068579301074,0.00055271144641696,0.0157380310825118,0.0157380310825118,"FERMT2/WWTR1/FZD1/DDR2/IL6ST/MEF2C/PRKD1",7
"GO:0002921","negative regulation of humoral immune response","4/443","17/18842",0.235294117647059,10.0077015004647,5.76537661770642,0.000562553625116619,0.0159634223894394,0.0159634223894394,"CLU/MASP1/SERPING1/A2M",4
"GO:0001952","regulation of cell-matrix adhesion","10/443","121/18842",0.0826446280991736,3.51510176669216,4.30665868447833,0.000577883693156363,0.0162868853112028,0.0162868853112028,"EFEMP2/FERMT2/SERPINE1/DLC1/MAP4K4/PHLDB2/GREM1/COL16A1/EPHA3/THBS1",10
"GO:0090288","negative regulation of cellular response to growth factor stimulus","10/443","121/18842",0.0826446280991736,3.51510176669216,4.30665868447833,0.000577883693156363,0.0162868853112028,0.0162868853112028,"RBPMS2/GREM1/CHRDL1/CHRDL2/ATP2B4/DCN/THBS1/ADAMTS12/CAV1/SLIT2",10
"GO:0001938","positive regulation of endothelial cell proliferation","9/443","100/18842",0.09,3.82794582392776,4.39966740146318,0.000581966416084906,0.0163463516056933,0.0163463516056933,"TGFBR1/AKT3/FGFR1/THBS4/ITGA4/AGTR1/HTR2B/PRKD1/NRP2",9
"GO:0003007","heart morphogenesis","13/443","191/18842",0.0680628272251309,2.89489794712396,4.08421105060659,0.000608521890031111,0.017034501286479,0.017034501286479,"DLC1/ZFPM2/TGFBR1/ADAMTS5/PKD2/ELN/MEF2C/SLIT2/HTR2B/ASB2/PRICKLE1/EDNRA/NRP2",13
"GO:0002823","negative regulation of adaptive immune response based on somatic recombination of immune receptors built from immunoglobulin superfamily domains","7/443","62/18842",0.112903225806452,4.80208257481978,4.65292790887773,0.000610652131555267,0.0170365776500571,0.0170365776500571,"HAVCR2/JAK3/IL18BP/IL6ST/PTPRC/LGALS1/NCKAP1L",7
"GO:2000648","positive regulation of stem cell proliferation","5/443","30/18842",0.166666666666667,7.08878856282919,5.17881936970716,0.000615954897308354,0.0171268532855605,0.0171268532855605,"FERMT2/TGFBR1/GJA1/PTPRC/VEGFC",5
"GO:0035924","cellular response to vascular endothelial growth factor stimulus","8/443","81/18842",0.0987654320987654,4.20076359278767,4.47945155831906,0.000629022923135806,0.0174111899033698,0.0174111899033698,"GREM1/ATP2B4/DCN/ADAMTS12/VCAM1/VEGFC/PRKD1/NRP2",8
"GO:0043491","phosphatidylinositol 3-kinase/protein kinase B signal transduction","17/443","294/18842",0.0578231292517007,2.4593756238387,3.91335221537326,0.000630383414314619,0.0174111899033698,0.0174111899033698,"FERMT2/TGFBR1/FGFR1/PECAM1/CCL5/PDGFC/DDR2/DCN/RCN3/TSPYL5/AXL/THBS1/F2R/HIP1/FYN/CCDC88A/PRKD1",17
"GO:0050852","T cell receptor signaling pathway","11/443","145/18842",0.0758620689655172,3.22662100101191,4.17639018276068,0.000644827955232145,0.0177509781961912,0.0177509781961912,"TRAC/CD3D/RFTN1/GBP1/HLA-DQB1/CLEC2B/CD300A/CD8A/LCP2/PTPRC/FYN",11
"GO:0001649","osteoblast differentiation","14/443","217/18842",0.0645161290322581,2.7440471856113,4.00955970785965,0.000648339844716049,0.0177885561368119,0.0177885561368119,"FERMT2/WWTR1/TNC/TWIST2/FZD1/GREM1/DDR2/ITGA11/IL6ST/IGFBP5/MEF2C/VEGFC/COL6A1/PRKD1",14
"GO:0002286","T cell activation involved in immune response","10/443","123/18842",0.0813008130081301,3.45794564040449,4.24365662366552,0.00065735934504027,0.0178094155600916,0.0178094155600916,"HAVCR2/HLA-DRA/JAK3/ICAM1/RORA/IL6ST/CD74/LGALS1/SLC11A1/NCKAP1L",10
"GO:0002578","negative regulation of antigen processing and presentation","3/443","8/18842",0.375,15.9497742663657,6.5624358904936,0.000661996137160054,0.0178094155600916,0.0178094155600916,"LILRB2/HLA-DOA/THBS1",3
"GO:0014827","intestine smooth muscle contraction","3/443","8/18842",0.375,15.9497742663657,6.5624358904936,0.000661996137160054,0.0178094155600916,0.0178094155600916,"TACR2/PTGER3/HTR2B",3
"GO:0032060","bleb assembly","3/443","8/18842",0.375,15.9497742663657,6.5624358904936,0.000661996137160054,0.0178094155600916,0.0178094155600916,"MYLK/EMP3/PMP22",3
"GO:0033004","negative regulation of mast cell activation","3/443","8/18842",0.375,15.9497742663657,6.5624358904936,0.000661996137160054,0.0178094155600916,0.0178094155600916,"CD84/CD300LF/CD300A",3
"GO:2000427","positive regulation of apoptotic cell clearance","3/443","8/18842",0.375,15.9497742663657,6.5624358904936,0.000661996137160054,0.0178094155600916,0.0178094155600916,"CCL2/CD300LF/C3",3
"GO:0007259","cell surface receptor signaling pathway via JAK-STAT","11/443","146/18842",0.0753424657534247,3.20452085716936,4.14928263477154,0.000682973626115141,0.0183143024789322,0.0183143024789322,"IL2RB/CCL2/JAK3/CSF2RA/IL10RA/PKD2/IL6ST/CAV1/F2R/PTPRC/CYP1B1",11
"GO:0007566","embryo implantation","6/443","46/18842",0.130434782608696,5.5477475709098,4.79180654542373,0.000689660142574216,0.0183157818633652,0.0183157818633653,"TGFBR1/PCSK5/STC1/IGFBP7/GJA1/MMP2",6
"GO:0061028","establishment of endothelial barrier","6/443","46/18842",0.130434782608696,5.5477475709098,4.79180654542373,0.000689660142574216,0.0183157818633652,0.0183157818633653,"RDX/PECAM1/MSN/S1PR3/ICAM1/CDH5",6
"GO:1904646","cellular response to amyloid-beta","6/443","46/18842",0.130434782608696,5.5477475709098,4.79180654542373,0.000689660142574216,0.0183157818633652,0.0183157818633653,"ICAM1/ITGA4/GJA1/VCAM1/FYN/CACNA2D1",6
"GO:0022409","positive regulation of cell-cell adhesion","17/443","297/18842",0.0572390572390572,2.43453344582013,3.86662640324858,0.000706130517992035,0.0183828422542819,0.0183828422542819,"HAVCR2/LILRB2/CCL2/HLA-DRA/ADAM19/HLA-DOA/CCL5/HLA-DQB1/IL6ST/PDPN/ITGA4/GLI3/CAV1/PTPRC/VCAM1/FYN/NCKAP1L",17
"GO:0019722","calcium-mediated signaling","14/443","219/18842",0.0639269406392694,2.71898739396188,3.97033046176967,0.00070950326831502,0.0183828422542819,0.0183828422542819,"JPH2/GBP1/ATP1A2/PKD2/ACKR3/ATP2B4/ITPR1/RCAN2/AGTR1/ANK2/PTPRC/HTR2B/PRKD1/NFATC1",14
"GO:0001562","response to protozoan","4/443","18/18842",0.222222222222222,9.45171808377226,5.56649759692789,0.000709933565214847,0.0183828422542819,0.0183828422542819,"GBP1/GBP2/SLC11A1/NKG7",4
"GO:0016264","gap junction assembly","4/443","18/18842",0.222222222222222,9.45171808377226,5.56649759692789,0.000709933565214847,0.0183828422542819,0.0183828422542819,"HOPX/GJA1/CAV1/GJC1",4
"GO:0042832","defense response to protozoan","4/443","18/18842",0.222222222222222,9.45171808377226,5.56649759692789,0.000709933565214847,0.0183828422542819,0.0183828422542819,"GBP1/GBP2/SLC11A1/NKG7",4
"GO:0086014","atrial cardiac muscle cell action potential","4/443","18/18842",0.222222222222222,9.45171808377226,5.56649759692789,0.000709933565214847,0.0183828422542819,0.0183828422542819,"FLNA/GJA1/ANK2/GJC1",4
"GO:0086026","atrial cardiac muscle cell to AV node cell signaling","4/443","18/18842",0.222222222222222,9.45171808377226,5.56649759692789,0.000709933565214847,0.0183828422542819,0.0183828422542819,"FLNA/GJA1/ANK2/GJC1",4
"GO:0086066","atrial cardiac muscle cell to AV node cell communication","4/443","18/18842",0.222222222222222,9.45171808377226,5.56649759692789,0.000709933565214847,0.0183828422542819,0.0183828422542819,"FLNA/GJA1/ANK2/GJC1",4
"GO:0035886","vascular associated smooth muscle cell differentiation","5/443","31/18842",0.161290322580645,6.86011796402825,5.0668493501113,0.000720372347918755,0.0184614727866412,0.0184614727866412,"EFEMP2/QKI/MYOCD/EDNRA/NFATC1",5
"GO:0030038","contractile actin filament bundle assembly","9/443","103/18842",0.087378640776699,3.71645225624055,4.28947569446378,0.000721882353713704,0.0184614727866412,0.0184614727866412,"SORBS1/FERMT2/DLC1/TGFBR1/PHLDB2/MYL9/CCDC88A/ZEB2/EVL",9
"GO:0043149","stress fiber assembly","9/443","103/18842",0.087378640776699,3.71645225624055,4.28947569446378,0.000721882353713704,0.0184614727866412,0.0184614727866412,"SORBS1/FERMT2/DLC1/TGFBR1/PHLDB2/MYL9/CCDC88A/ZEB2/EVL",9
"GO:0055007","cardiac muscle cell differentiation","9/443","103/18842",0.087378640776699,3.71645225624055,4.28947569446378,0.000721882353713704,0.0184614727866412,0.0184614727866412,"SORBS2/GREM1/MEIS1/MEF2C/RGS2/MYH11/MYOCD/ASB2/PRICKLE1",9
"GO:0060541","respiratory system development","8/443","83/18842",0.0963855421686747,4.09954037368435,4.39125068346435,0.000740600679367786,0.0188341954280153,0.0188341954280153,"PDPN/RCN3/ALDH1A3/IGFBP5/CRISPLD2/GLI3/BASP1/COL3A1",8
"GO:0010975","regulation of neuron projection development","20/443","381/18842",0.05249343832021,2.23268931112731,3.7717702878679,0.000741002620025703,0.0188341954280153,0.0188341954280153,"TIAM1/FEZ1/FZD1/KCTD12/DENND5A/SDC2/CD38/DDR2/CHRNA3/EPHA3/RGMA/DPYSL3/SERPINF1/RGS2/VIM/SLIT2/MAP1B/CCDC88A/PMP22/PRKD1",20
"GO:0045446","endothelial cell differentiation","9/443","104/18842",0.0865384615384615,3.68071713839208,4.25365998171746,0.000774194579976046,0.0195719948076493,0.0195719948076493,"RDX/PECAM1/MSN/S1PR3/ICAM1/STC1/PDPN/FSTL1/CDH5",9
"GO:0050920","regulation of chemotaxis","13/443","196/18842",0.0663265306122449,2.82104850969733,3.9766140147294,0.000774754320167627,0.0195719948076493,0.0195719948076493,"SERPINE1/CCL2/FGFR1/GREM1/CCL5/THBS4/CD74/THBS1/SLIT2/VEGFC/JAM3/NCKAP1L/PRKD1",13
"GO:0097696","cell surface receptor signaling pathway via STAT","12/443","172/18842",0.0697674418604651,2.9673998635099,4.02199410384701,0.000785842823306965,0.0197917739632873,0.0197917739632873,"IL2RB/CCL2/JAK3/CCL5/CSF2RA/IL10RA/PKD2/IL6ST/CAV1/F2R/PTPRC/CYP1B1",12
"GO:1901654","response to ketone","13/443","197/18842",0.065989847715736,2.8067284665009,3.95550132844093,0.000812211203099672,0.0203738102832054,0.0203738102832054,"POSTN/PLN/CD38/NR3C1/IGFBP7/SERPINF1/THBS1/GNG2/CAV1/PTPRC/SLIT2/CYBB/PRKD1",13
"GO:0002820","negative regulation of adaptive immune response","7/443","65/18842",0.107692307692308,4.58044799444348,4.48680994084483,0.000813870529053943,0.0203738102832054,0.0203738102832054,"HAVCR2/JAK3/IL18BP/IL6ST/PTPRC/LGALS1/NCKAP1L",7
"GO:0050673","epithelial cell proliferation","19/443","356/18842",0.0533707865168539,2.27000532629924,3.75375388930325,0.000819493549194488,0.0204527817729684,0.0204527817729684,"SPARC/CCL2/TGFBR1/AKT3/FGFR1/MCC/THBS4/PTPRM/ITGA4/THBS1/MEF2C/AGTR1/CAV2/CAV1/VEGFC/HTR2B/ZEB2/PRKD1/NRP2",19
"GO:0090022","regulation of neutrophil chemotaxis","5/443","32/18842",0.15625,6.64573927765237,4.95973117803413,0.000837467578688009,0.0208386076787052,0.0208386076787052,"THBS4/CD74/SLIT2/JAM3/NCKAP1L",5
"GO:0141091","transforming growth factor beta receptor superfamily signaling pathway","19/443","357/18842",0.0532212885154062,2.26364676796226,3.74030312146618,0.000847234148208,0.0210185094372799,0.0210185094372799,"NREP/RBPMS2/FERMT2/DKK3/TGFBR1/TGFB1I1/COL1A2/GREM1/CHRDL1/CHRDL2/RGMA/FSTL1/THBS1/CDH5/CAV1/COL3A1/ZEB2/LATS2/MYOCD",19
"GO:0050670","regulation of lymphocyte proliferation","13/443","198/18842",0.0656565656565657,2.79255307020544,3.93452037283516,0.000851177839515092,0.0210533121737972,0.0210533121737972,"HAVCR2/LILRB2/CCL5/CD38/LST1/IL6ST/CD300A/CD74/MEF2C/SASH3/PTPRC/VCAM1/NCKAP1L",13
"GO:0043066","negative regulation of apoptotic process","33/443","780/18842",0.0423076923076923,1.7994617121028,3.53849657742204,0.000862609437478137,0.0211959956954092,0.0211959956954092,"HSPB6/IL2RB/CRYAB/SERPINE1/CCL2/TGFBR1/MAP4K4/CLU/BNIP2/AKT3/FZD1/GREM1/JAK3/CCL5/ICAM1/CD38/DDR2/ACKR3/IL6ST/PDPN/FSTL1/AXL/FLNA/CD74/THBS1/MEF2C/CDH5/CAV1/F2R/YME1L1/FYN/HTR2B/NCKAP1L",33
"GO:0030195","negative regulation of blood coagulation","6/443","48/18842",0.125,5.3165914221219,4.64631531290903,0.000868536001401933,0.0211959956954092,0.0211959956954092,"PRKG1/SERPINE1/TFPI/THBS1/SERPING1/THBD",6
"GO:0101023","vascular endothelial cell proliferation","6/443","48/18842",0.125,5.3165914221219,4.64631531290903,0.000868536001401933,0.0211959956954092,0.0211959956954092,"CCL2/TGFBR1/AKT3/FGFR1/ITGA4/MEF2C",6
"GO:1900047","negative regulation of hemostasis","6/443","48/18842",0.125,5.3165914221219,4.64631531290903,0.000868536001401933,0.0211959956954092,0.0211959956954092,"PRKG1/SERPINE1/TFPI/THBS1/SERPING1/THBD",6
"GO:0043270","positive regulation of monoatomic ion transport","12/443","174/18842",0.0689655172413793,2.93329181910174,3.97539117616376,0.000869736728993378,0.0211959956954092,0.0211959956954092,"CCL2/CCL5/FHL1/TACR2/MYLK/STC1/FLNA/FXYD6/ANK2/CAV1/F2R/EDNRA",12
"GO:0032331","negative regulation of chondrocyte differentiation","4/443","19/18842",0.210526315789474,8.95425923725793,5.38255961418334,0.000882664984596868,0.0214479825875943,0.0214479825875943,"TGFBR1/GREM1/EFEMP1/ADAMTS12",4
"GO:0048705","skeletal system morphogenesis","9/443","106/18842",0.0849056603773585,3.61126964521487,4.18333787184082,0.000888090210867224,0.0214937893012863,0.0214937893012863,"MGP/TGFBR1/FGFR1/GREM1/COL13A1/RAB23/STC1/MEF2C/COL3A1",9
"GO:1903039","positive regulation of leukocyte cell-cell adhesion","15/443","250/18842",0.06,2.55196388261851,3.83305708607203,0.000890954998885459,0.0214937893012863,0.0214937893012863,"HAVCR2/LILRB2/CCL2/HLA-DRA/HLA-DOA/CCL5/HLA-DQB1/IL6ST/ITGA4/GLI3/CAV1/PTPRC/VCAM1/FYN/NCKAP1L",15
"GO:0048662","negative regulation of smooth muscle cell proliferation","7/443","66/18842",0.106060606060606,4.51104726725494,4.43367478371498,0.000892332068506215,0.0214937893012863,0.0214937893012863,"EFEMP2/PRKG1/OGN/IGFBP5/MEF2C/MYOCD/CNN1",7
"GO:0045667","regulation of osteoblast differentiation","10/443","128/18842",0.078125,3.32286963882619,4.09169485491941,0.000896208226879309,0.0215245836751361,0.0215245836751361,"FERMT2/WWTR1/TWIST2/FZD1/GREM1/DDR2/IL6ST/MEF2C/VEGFC/PRKD1",10
"GO:0032103","positive regulation of response to external stimulus","29/443","656/18842",0.0442073170731707,1.88025794196994,3.56081988548239,0.000901007162322422,0.0215772986907618,0.0215772986907618,"HAVCR2/SERPINE1/CCL2/FGFR1/GBP5/CCL5/RFTN1/PTGER3/GBP1/RNF144A/MASP1/IL6ST/THBS4/CD300LF/CD300A/CD74/THBS1/AGTR1/GBP2/THBD/SLIT2/LGALS1/FYN/VEGFC/LATS2/OSMR/NCKAP1L/NKG7/PRKD1",29
"GO:0007389","pattern specification process","16/443","277/18842",0.0577617328519856,2.4567642672621,3.78999307226598,0.000911922240215121,0.0216479213743486,0.0216479213743486,"PBX3/TGFBR1/PCSK5/GREM1/CHRDL1/GPR161/PKD2/STC1/MEIS1/C3/MEF2C/MEIS2/BASP1/ASB2/PRICKLE1/NRP2",16
"GO:0060070","canonical Wnt signaling pathway","17/443","304/18842",0.0559210526315789,2.37847510989664,3.75976767671696,0.000913759388106589,0.0216479213743486,0.0216479213743486,"DKK3/WWTR1/IGFBP6/DACT1/DIXDC1/MCC/FZD1/GREM1/RECK/GLI3/CAV1/RBMS3/ZEB2/LATS2/PRICKLE1/CDK14/EDNRA",17
"GO:0001837","epithelial to mesenchymal transition","12/443","175/18842",0.0685714285714286,2.91653015156401,3.9523386096454,0.000914406526794835,0.0216479213743486,0.0216479213743486,"TIAM1/FERMT2/WWTR1/TGFBR1/TGFB1I1/FGFR1/GREM1/EPHA3/PDPN/GLIPR2/QKI/EDNRA",12
"GO:0006874","intracellular calcium ion homeostasis","12/443","175/18842",0.0685714285714286,2.91653015156401,3.9523386096454,0.000914406526794835,0.0216479213743486,0.0216479213743486,"SLC24A3/PLN/CCL5/STC1/ATP2B4/ITPR1/CDH5/CAV2/ANK2/CAV1/HTR2B/EDNRA",12
"GO:0032944","regulation of mononuclear cell proliferation","13/443","200/18842",0.065,2.76462753950339,3.89294732101518,0.000933831474100019,0.0220448079612329,0.0220448079612329,"HAVCR2/LILRB2/CCL5/CD38/LST1/IL6ST/CD300A/CD74/MEF2C/SASH3/PTPRC/VCAM1/NCKAP1L",13
"GO:0050870","positive regulation of T cell activation","14/443","226/18842",0.0619469026548673,2.6347709702551,3.8364070435235,0.00096347494252889,0.0224788960472301,0.0224788960472301,"HAVCR2/LILRB2/CCL2/HLA-DRA/HLA-DOA/CCL5/HLA-DQB1/IL6ST/GLI3/CAV1/PTPRC/VCAM1/FYN/NCKAP1L",14
"GO:0048483","autonomic nervous system development","5/443","33/18842",0.151515151515152,6.44435323893563,4.85710106381046,0.000968174563100115,0.0224788960472301,0.0224788960472301,"EGR2/ACKR3/VCAM1/EDNRA/NRP2",5
"GO:1904752","regulation of vascular associated smooth muscle cell migration","6/443","49/18842",0.122448979591837,5.20808955636431,4.57658660565306,0.000970386556204339,0.0224788960472301,0.0224788960472301,"PRKG1/DDR2/ADAMTS1/IGFBP5/MEF2C/MYOCD",6
"GO:1905144","response to acetylcholine","6/443","49/18842",0.122448979591837,5.20808955636431,4.57658660565306,0.000970386556204339,0.0224788960472301,0.0224788960472301,"CHRNA3/PRKCB/ATP2B4/ITPR1/RGS10/EDNRA",6
"GO:0003071","renal system process involved in regulation of systemic arterial blood pressure","3/443","9/18842",0.333333333333333,14.1775771256584,6.13555419333284,0.000975700629195498,0.0224788960472301,0.0224788960472301,"PCSK5/AGTR1/F2R",3
"GO:0043301","negative regulation of leukocyte degranulation","3/443","9/18842",0.333333333333333,14.1775771256584,6.13555419333284,0.000975700629195498,0.0224788960472301,0.0224788960472301,"CD84/CD300A/NCKAP1L",3
"GO:0140639","positive regulation of pyroptotic inflammatory response","3/443","9/18842",0.333333333333333,14.1775771256584,6.13555419333284,0.000975700629195498,0.0224788960472301,0.0224788960472301,"GBP5/GBP1/GBP2",3
"GO:0030239","myofibril assembly","7/443","67/18842",0.104477611940299,4.44371820356457,4.38159026496416,0.00097663559944519,0.0224788960472301,0.0224788960472301,"MYL9/LMOD1/CSRP2/MYH11/PGM5/PRKD1/CSRP1",7
"GO:0090303","positive regulation of wound healing","7/443","67/18842",0.104477611940299,4.44371820356457,4.38159026496416,0.00097663559944519,0.0224788960472301,0.0224788960472301,"FERMT2/SERPINE1/MYLK/DDR2/THBS1/F2R/THBD",7
"GO:0030855","epithelial cell differentiation","26/443","568/18842",0.0457746478873239,1.94692080246717,3.55572154492534,0.0010015458415655,0.0229883901474008,0.0229883901474008,"CTSB/SERPINE1/RDX/PECAM1/MSN/GREM1/S1PR3/ICAM1/STC1/IL6ST/TAGLN/PDPN/CLIC4/ACTA2/FSTL1/FLNA/MEF2C/CDH5/LBH/COL4A1/CAV1/BASP1/MAF/MAP1B/ZEB2/EDNRA",26
"GO:0007156","homophilic cell-cell adhesion","12/443","177/18842",0.0677966101694915,2.88357500860849,3.90671998154023,0.00100949478584261,0.0230501251840017,0.0230501251840017,"POSTN/CDH19/PECAM1/HMCN1/CD84/PTPRM/PCDH17/CDH5/PCDH7/CDH11/PALLD/NEXN",12
"GO:0002064","epithelial cell development","10/443","130/18842",0.0769230769230769,3.27174856745963,4.03300316479022,0.00100979911197111,0.0230501251840017,0.0230501251840017,"RDX/PECAM1/MSN/S1PR3/ICAM1/STC1/IL6ST/ACTA2/FLNA/CDH5",10
"GO:0016525","negative regulation of angiogenesis","11/443","154/18842",0.0714285714285714,3.03805224121251,3.94049687966211,0.00106110184830272,0.0241546426237263,0.0241546426237263,"SPARC/SERPINE1/ATP2B4/DCN/THBS4/ADAMTS1/QKI/PTPRM/SERPINF1/THBS1/FYN",11
"GO:0061448","connective tissue development","13/443","203/18842",0.0640394088669951,2.72377097488018,3.83153684947855,0.00107035577345207,0.0242985422981474,0.0242985422981474,"MGP/TGFBR1/LUM/GREM1/STC1/OGN/CHRDL2/TRPS1/ACTA2/EFEMP1/MEF2C/ADAMTS12/COL3A1",13
"GO:1904738","vascular associated smooth muscle cell migration","6/443","50/18842",0.12,5.10392776523702,4.50873734609398,0.00108117353976894,0.0243190655614833,0.0243190655614833,"PRKG1/DDR2/ADAMTS1/IGFBP5/MEF2C/MYOCD",6
"GO:0006929","substrate-dependent cell migration","4/443","20/18842",0.2,8.50654627539503,5.21169518968355,0.00108299966113774,0.0243190655614833,0.0243190655614833,"ITGA11/PTPRC/SLIT2/VEGFC",4
"GO:0006957","complement activation, alternative pathway","4/443","20/18842",0.2,8.50654627539503,5.21169518968355,0.00108299966113774,0.0243190655614833,0.0243190655614833,"C7/MASP1/C3/CFH",4
"GO:0048745","smooth muscle tissue development","4/443","20/18842",0.2,8.50654627539503,5.21169518968355,0.00108299966113774,0.0243190655614833,0.0243190655614833,"EFEMP2/MYLK/PKD2/COL3A1",4
"GO:0071347","cellular response to interleukin-1","8/443","88/18842",0.0909090909090909,3.86661194336138,4.18234653755948,0.00109021065426611,0.0243830649545551,0.0243830649545551,"CCL2/CCL5/GBP1/PTGIS/AKAP12/GBP2/ADAMTS12/MMP2",8
"GO:0060627","regulation of vesicle-mediated transport","25/443","541/18842",0.0462107208872458,1.9654681782336,3.53554129594053,0.00109173510718561,0.0243830649545551,0.0243830649545551,"IL2RB/SERPINE1/CCL2/STON1/CLU/RDX/MSN/DOCK2/GREM1/MYLK/APOC1/PRKCB/EPHA3/MASP1/CD84/CD300LF/AXL/C3/CD300A/CAV1/PTPRC/HIP1/SLC11A1/NCKAP1L/PRKD1",25
"GO:0002825","regulation of T-helper 1 type immune response","5/443","34/18842",0.147058823529412,6.25481343779047,4.75863265471254,0.00111344653369187,0.0246684972678364,0.0246684972678364,"HAVCR2/JAK3/IL18BP/IL6ST/SLC11A1",5
"GO:0035633","maintenance of blood-brain barrier","5/443","34/18842",0.147058823529412,6.25481343779047,4.75863265471254,0.00111344653369187,0.0246684972678364,0.0246684972678364,"PECAM1/GJA1/CDH5/JAM3/ZEB2",5
"GO:0086011","membrane repolarization during action potential","5/443","34/18842",0.147058823529412,6.25481343779047,4.75863265471254,0.00111344653369187,0.0246684972678364,0.0246684972678364,"KCNJ8/FLNA/CAV1/CACNA2D1/KCNE4",5
"GO:0072073","kidney epithelium development","9/443","110/18842",0.0818181818181818,3.47995074902524,4.04766025343178,0.00115674662639245,0.0255594734567675,0.0255594734567675,"PECAM1/GREM1/KIF26B/PKD2/MEF2C/KANK2/SLIT2/BASP1/EDNRA",9
"GO:2000181","negative regulation of blood vessel morphogenesis","11/443","156/18842",0.0705128205128205,2.99910285350466,3.8904155656328,0.00117868355323943,0.0259749253248455,0.0259749253248455,"SPARC/SERPINE1/ATP2B4/DCN/THBS4/ADAMTS1/QKI/PTPRM/SERPINF1/THBS1/FYN",11
"GO:0051493","regulation of cytoskeleton organization","24/443","514/18842",0.0466926070038911,1.98596411098717,3.51675291849818,0.00118672323036557,0.0260827286122257,0.0260827286122257,"FERMT2/DLC1/TGFBR1/RDX/DIXDC1/PHLDB2/SVIL/EPHA3/SYNPO2/CLIC4/LMOD1/FLNA/CDH5/KANK2/SLIT2/MAP1B/CCDC88A/NCKAP1L/PRKD1/NEXN/ASB2/EVL/CFL2/RHOQ",24
"GO:0001706","endoderm formation","6/443","51/18842",0.117647058823529,5.00385075023237,4.44267710835494,0.00120140762775721,0.0262113615700481,0.0262113615700481,"ITGA4/SOX7/COL8A1/COL6A1/COL12A1/MMP2",6
"GO:0048771","tissue remodeling","10/443","133/18842",0.075187969924812,3.19794972759212,3.94707170396387,0.00120206582146009,0.0262113615700481,0.0262113615700481,"GREM1/CD38/DDR2/THBS4/GJA1/MEF2C/CAV1/F2R/MMP2/EDNRA",10
"GO:0097530","granulocyte migration","10/443","133/18842",0.075187969924812,3.19794972759212,3.94707170396387,0.00120206582146009,0.0262113615700481,0.0262113615700481,"CCL2/PECAM1/CCL5/THBS4/CD300A/CD74/THBS1/SLIT2/JAM3/NCKAP1L",10
"GO:0070482","response to oxygen levels","17/443","312/18842",0.0544871794871795,2.31748856861724,3.64118857376827,0.00121274838517896,0.0263748900776715,0.0263748900776715,"BNIP2/CD38/PTGIS/RORA/DDR2/STC1/KCNMA1/CYGB/THBS1/ITPR1/CAV1/VCAM1/CYBB/VEGFC/ZEB2/MYOCD/MMP2",17
"GO:0032272","negative regulation of protein polymerization","7/443","70/18842",0.1,4.25327313769752,4.23127257053105,0.00126763321434883,0.0274963581520796,0.0274963581520796,"RDX/SVIL/LMOD1/CDH5/KANK2/SLIT2/ASB2",7
"GO:1901343","negative regulation of vasculature development","11/443","158/18842",0.069620253164557,2.96113952624511,3.84112849164531,0.00130678788284679,0.0282716563897349,0.0282716563897349,"SPARC/SERPINE1/ATP2B4/DCN/THBS4/ADAMTS1/QKI/PTPRM/SERPINF1/THBS1/FYN",11
"GO:0050819","negative regulation of coagulation","6/443","52/18842",0.115384615384615,4.90762285118944,4.37832151970885,0.00133161056833906,0.0287336592949413,0.0287336592949413,"PRKG1/SERPINE1/TFPI/THBS1/SERPING1/THBD",6
"GO:0090130","tissue migration","8/443","91/18842",0.0879120879120879,3.73914121995386,4.06424266762814,0.00135627050096661,0.0290989825191104,0.0290989825191104,"MAP4K4/MCC/ACTA2/GLIPR2/KANK2/ACTG2/ZEB2/EVL",8
"GO:0002604","regulation of dendritic cell antigen processing and presentation","3/443","10/18842",0.3,12.7598194130926,5.77177188163602,0.00136961177678651,0.0290989825191104,0.0290989825191104,"CD74/THBS1/SLC11A1",3
"GO:0019835","cytolysis","3/443","10/18842",0.3,12.7598194130926,5.77177188163602,0.00136961177678651,0.0290989825191104,0.0290989825191104,"GBP5/GBP1/GBP2",3
"GO:0060379","cardiac muscle cell myoblast differentiation","3/443","10/18842",0.3,12.7598194130926,5.77177188163602,0.00136961177678651,0.0290989825191104,0.0290989825191104,"GREM1/MYOCD/PRICKLE1",3
"GO:1902460","regulation of mesenchymal stem cell proliferation","3/443","10/18842",0.3,12.7598194130926,5.77177188163602,0.00136961177678651,0.0290989825191104,0.0290989825191104,"FERMT2/TGFBR1/VEGFC",3
"GO:2000425","regulation of apoptotic cell clearance","3/443","10/18842",0.3,12.7598194130926,5.77177188163602,0.00136961177678651,0.0290989825191104,0.0290989825191104,"CCL2/CD300LF/C3",3
"GO:0061045","negative regulation of wound healing","7/443","71/18842",0.0985915492957746,4.19336788223699,4.18303165108264,0.00137837565286819,0.0292102830170481,0.0292102830170481,"PRKG1/SERPINE1/TFPI/PHLDB2/THBS1/SERPING1/THBD",7
"GO:0098771","inorganic ion homeostasis","20/443","402/18842",0.0497512437810945,2.1160562874117,3.50974363273975,0.00141952401502365,0.0300055509910355,0.0300055509910355,"SLC24A3/FGFR1/PLN/CCL5/JPH2/ATP1A2/STC1/CYBRD1/ATP2B4/KCNMA1/ITPR1/CDH5/FXYD6/AGTR1/CAV2/ANK2/CAV1/HTR2B/SLC11A1/EDNRA",20
"GO:0007204","positive regulation of cytosolic calcium ion concentration","11/443","160/18842",0.06875,2.92412528216704,3.79261171075487,0.00144611416832121,0.0304571856667324,0.0304571856667324,"CCL2/JPH2/S1PR3/PTGER3/CD38/ACKR3/AGTR1/CAV1/F2R/CACNA2D1/EDNRA",11
"GO:0002690","positive regulation of leukocyte chemotaxis","8/443","92/18842",0.0869565217391304,3.69849838060654,4.02598514042293,0.0014555932324434,0.0304571856667324,0.0304571856667324,"SERPINE1/CCL2/CCL5/THBS4/CD74/THBS1/VEGFC/NCKAP1L",8
"GO:0048661","positive regulation of smooth muscle cell proliferation","8/443","92/18842",0.0869565217391304,3.69849838060654,4.02598514042293,0.0014555932324434,0.0304571856667324,0.0304571856667324,"RBPMS2/CCL5/DDR2/ADAMTS1/IGFBP5/GJA1/THBS1/MMP2",8
"GO:1903035","negative regulation of response to wounding","8/443","92/18842",0.0869565217391304,3.69849838060654,4.02598514042293,0.0014555932324434,0.0304571856667324,0.0304571856667324,"PRKG1/SERPINE1/TFPI/PHLDB2/RGMA/THBS1/SERPING1/THBD",8
"GO:0007411","axon guidance","12/443","185/18842",0.0648648648648649,2.75887987310109,3.73042116021893,0.00147600364862902,0.0308064640618137,0.0308064640618137,"FEZ1/BOC/EPHA3/PTPRM/PALLD/GAP43/SLIT2/FYN/NEXN/EVL/EDNRA/NRP2",12
"GO:0050863","regulation of T cell activation","18/443","346/18842",0.0520231213872832,2.21268544735709,3.5326778486807,0.00148231728947913,0.0308605051774474,0.0308605051774474,"HAVCR2/LILRB2/CCL2/HLA-DRA/HLA-DOA/JAK3/CCL5/HLA-DQB1/IL6ST/CD300A/GLI3/CAV1/PTPRC/VCAM1/LGALS1/FYN/NCKAP1L/CD2",18
"GO:0001764","neuron migration","9/443","114/18842",0.0789473684210526,3.35784721397172,3.91813245362441,0.00148756809586628,0.0308922036149072,0.0308922036149072,"FGFR1/GPR161/TUBA1A/SRGAP2C/FLNA/MEF2C/COL3A1/MAP1B/NRP2",9
"GO:0097485","neuron projection guidance","12/443","186/18842",0.0645161290322581,2.7440471856113,3.70904552966061,0.00154514411528696,0.0320076603481693,0.0320076603481693,"FEZ1/BOC/EPHA3/PTPRM/PALLD/GAP43/SLIT2/FYN/NEXN/EVL/EDNRA/NRP2",12
"GO:0061037","negative regulation of cartilage development","4/443","22/18842",0.181818181818182,7.73322388672276,4.90321926272209,0.0015754821652784,0.0324863486610403,0.0324863486610403,"TGFBR1/GREM1/EFEMP1/ADAMTS12",4
"GO:0042113","B cell activation","14/443","238/18842",0.0588235294117647,2.50192537511619,3.61818189458433,0.00157609367146249,0.0324863486610403,0.0324863486610403,"JAK3/CD38/PRKCB/IL6ST/IGHM/ITGA4/C3/CD300A/CD74/MEF2C/SASH3/PTPRC/VCAM1/NCKAP1L",14
"GO:0070555","response to interleukin-1","9/443","115/18842",0.0782608695652174,3.32864854254588,3.88665050283666,0.00158113267500999,0.0325093432881706,0.0325093432881706,"CCL2/CCL5/GBP1/CD38/PTGIS/AKAP12/GBP2/ADAMTS12/MMP2",9
"GO:0007266","Rho protein signal transduction","10/443","138/18842",0.072463768115942,3.08208198383878,3.80913926188034,0.00158820874663226,0.032574004145037,0.032574004145037,"FERMT2/DLC1/HEG1/COL1A2/PDPN/SYNPO2/KANK2/AGTR1/F2R/COL3A1",10
"GO:0022617","extracellular matrix disassembly","7/443","73/18842",0.0958904109589041,4.07848109094282,4.0891597886998,0.00162243320671835,0.0331120235243061,0.0331120235243061,"ADAMTS5/DDR2/PDPN/RECK/MMP11/MMP2/CTSK",7
"GO:0045744","negative regulation of G protein-coupled receptor signaling pathway","7/443","73/18842",0.0958904109589041,4.07848109094282,4.0891597886998,0.00162243320671835,0.0331120235243061,0.0331120235243061,"SERPINE1/GPRASP1/CCL5/ATP2B4/RGS2/SLIT2/RGS16",7
"GO:0043277","apoptotic cell clearance","5/443","37/18842",0.135135135135135,5.74766640229394,4.48539935981654,0.00164643053445985,0.033519222133991,0.033519222133991,"CCL2/MFGE8/CD300LF/C3/THBS1",5
"GO:0051209","release of sequestered calcium ion into cytosol","9/443","116/18842",0.0775862068965517,3.29995329648945,3.85551352080801,0.0016793622477453,0.0341058715314156,0.0341058715314156,"JPH2/ATP1A2/PKD2/FLNA/ITPR1/ANK2/F2R/PTPRC/HTR2B",9
"GO:0034332","adherens junction organization","6/443","55/18842",0.109090909090909,4.63993433203366,4.19471929641011,0.00178740386314702,0.0362113164059564,0.0362113164059564,"FERMT2/CDH19/RDX/CDH5/CDH11/JAM3",6
"GO:0021783","preganglionic parasympathetic fiber development","3/443","11/18842",0.272727272727273,11.5998358300841,5.45651706861376,0.00185049629691807,0.0371264220732763,0.0371264220732763,"EGR2/ACKR3/NRP2",3
"GO:0048251","elastic fiber assembly","3/443","11/18842",0.272727272727273,11.5998358300841,5.45651706861376,0.00185049629691807,0.0371264220732763,0.0371264220732763,"EFEMP2/MYH11/COL3A1",3
"GO:0097168","mesenchymal stem cell proliferation","3/443","11/18842",0.272727272727273,11.5998358300841,5.45651706861376,0.00185049629691807,0.0371264220732763,0.0371264220732763,"FERMT2/TGFBR1/VEGFC",3
"GO:1903044","protein localization to membrane raft","3/443","11/18842",0.272727272727273,11.5998358300841,5.45651706861376,0.00185049629691807,0.0371264220732763,0.0371264220732763,"RFTN1/CAV1/NEGR1",3
"GO:0045745","positive regulation of G protein-coupled receptor signaling pathway","5/443","38/18842",0.131578947368421,5.59641202328621,4.40090868318871,0.0018598082219774,0.0372231181818955,0.0372231181818955,"CCL5/PKD2/C3/RGS2/CAV2",5
"GO:0007588","excretion","4/443","23/18842",0.173913043478261,7.39699676121307,4.76319658472673,0.00187210410739136,0.0373549505329335,0.0373549505329335,"STC1/CHRNA3/KCNMA1/AGTR1",4
"GO:0032535","regulation of cellular component size","16/443","297/18842",0.0538720538720539,2.291325596066,3.48062546710785,0.00187541146774081,0.0373549505329335,0.0373549505329335,"RDX/MSN/SVIL/RGMA/LMOD1/KCNMA1/VIM/KANK2/PRR16/SLIT2/MAP1B/NCKAP1L/PRKD1/ASB2/EVL/CFL2",16
"GO:0042100","B cell proliferation","7/443","75/18842",0.0933333333333333,3.96972159518435,3.99857890027162,0.00189884985589944,0.0377311028920449,0.0377311028920449,"CD38/CD300A/CD74/MEF2C/SASH3/PTPRC/NCKAP1L",7
"GO:0022407","regulation of cell-cell adhesion","22/443","472/18842",0.0466101694915254,1.98245781841833,3.35418538651838,0.00191576741604426,0.0379761933237864,0.0379761933237864,"HAVCR2/LILRB2/PRKG1/CCL2/HLA-DRA/ADAM19/HLA-DOA/JAK3/CCL5/HLA-DQB1/EPHA3/IL6ST/PDPN/ITGA4/CD300A/GLI3/CAV1/PTPRC/VCAM1/LGALS1/FYN/NCKAP1L",22
"GO:0050729","positive regulation of inflammatory response","11/443","166/18842",0.0662650602409639,2.81843400690799,3.65145862693513,0.00193882745346404,0.0382502959033406,0.0382502959033406,"SERPINE1/GBP5/CCL5/PTGER3/GBP1/IL6ST/AGTR1/GBP2/LGALS1/OSMR/NKG7",11
"GO:0051963","regulation of synapse assembly","11/443","166/18842",0.0662650602409639,2.81843400690799,3.65145862693513,0.00193882745346404,0.0382502959033406,0.0382502959033406,"NLGN4X/FGFR1/FZD1/SDC2/LRRC15/SRGAP2C/LSAMP/MEF2C/MAP1B/NEGR1/PRICKLE1",11
"GO:0030595","leukocyte chemotaxis","13/443","217/18842",0.0599078341013825,2.54804381521049,3.55894849559001,0.00194767030292364,0.0383334824941219,0.0383334824941219,"SERPINE1/CCL2/GREM1/CCL5/THBS4/C3/CD74/THBS1/SLIT2/VEGFC/JAM3/NCKAP1L/MMP2",13
"GO:0003179","heart valve morphogenesis","6/443","56/18842",0.107142857142857,4.55707836181877,4.13644272638497,0.00196290062644912,0.0383598929027298,0.0383598929027298,"ADAMTS5/ELN/MEF2C/CDH11/SLIT2/NFATC1",6
"GO:0031638","zymogen activation","6/443","56/18842",0.107142857142857,4.55707836181877,4.13644272638497,0.00196290062644912,0.0383598929027298,0.0383598929027298,"SERPINE1/MASP1/C1S/THBS1/C1R/THBD",6
"GO:0071870","cellular response to catecholamine stimulus","6/443","56/18842",0.107142857142857,4.55707836181877,4.13644272638497,0.00196290062644912,0.0383598929027298,0.0383598929027298,"FLNA/GNG2/CAV2/HTR2B/GNB5/PRKD1",6
"GO:0034446","substrate adhesion-dependent cell spreading","8/443","97/18842",0.0824742268041237,3.50785413418352,3.84239621400109,0.00204209467878044,0.0397201795971238,0.0397201795971238,"FERMT2/TGFB1I1/ANTXR1/GBP1/PDPN/ITGA4/FLNA/LAMB2",8
"GO:0051899","membrane depolarization","8/443","97/18842",0.0824742268041237,3.50785413418352,3.84239621400109,0.00204209467878044,0.0397201795971238,0.0397201795971238,"FHL1/ATP1A2/CHRNA3/DCN/MLLT11/ANK2/CAV1/CACNA2D1",8
"GO:1903036","positive regulation of response to wounding","7/443","76/18842",0.0921052631578947,3.91748841630034,3.95445655612649,0.00205006409648612,0.0397818058629601,0.0397818058629601,"FERMT2/SERPINE1/MYLK/DDR2/THBS1/F2R/THBD",7
"GO:0044089","positive regulation of cellular component biogenesis","22/443","475/18842",0.0463157894736842,1.96993703219674,3.32221673077372,0.00207160311369482,0.0400471039183423,0.0400471039183423,"FERMT2/TGFBR1/MAP4K4/CLU/GBP5/HOPX/COL16A1/LRRC15/SYNPO2/LMOD1/FLNA/DPYSL3/CDH5/GBP2/CAV1/MAP1B/CCDC88A/LATS2/NCKAP1L/PRKD1/EVL/RHOQ",22
"GO:0003180","aortic valve morphogenesis","5/443","39/18842",0.128205128205128,5.45291427909938,4.31936389250933,0.00209273425013785,0.0400471039183423,0.0400471039183423,"ADAMTS5/ELN/CDH11/SLIT2/NFATC1",5
"GO:0032330","regulation of chondrocyte differentiation","5/443","39/18842",0.128205128205128,5.45291427909938,4.31936389250933,0.00209273425013785,0.0400471039183423,0.0400471039183423,"TGFBR1/GREM1/TRPS1/EFEMP1/ADAMTS12",5
"GO:0035850","epithelial cell differentiation involved in kidney development","5/443","39/18842",0.128205128205128,5.45291427909938,4.31936389250933,0.00209273425013785,0.0400471039183423,0.0400471039183423,"GREM1/ACTA2/MEF2C/BASP1/EDNRA",5
"GO:0060306","regulation of membrane repolarization","5/443","39/18842",0.128205128205128,5.45291427909938,4.31936389250933,0.00209273425013785,0.0400471039183423,0.0400471039183423,"FLNA/ANK2/CAV1/CACNA2D1/KCNE4",5
"GO:0086004","regulation of cardiac muscle cell contraction","5/443","39/18842",0.128205128205128,5.45291427909938,4.31936389250933,0.00209273425013785,0.0400471039183423,0.0400471039183423,"PLN/ATP1A2/STC1/ANK2/CAV1",5
"GO:0032102","negative regulation of response to external stimulus","20/443","416/18842",0.0480769230769231,2.04484285466227,3.34378878753684,0.00212085517950965,0.0404917189341405,0.0404917189341405,"HAVCR2/PRKG1/SERPINE1/CCL2/TFPI/PHLDB2/GREM1/IL10RA/PTGIS/RORA/RGMA/THBS1/CDH5/SERPING1/PTPRC/THBD/SLIT2/FYN/A2M/NFATC1",20
"GO:0007492","endoderm development","6/443","57/18842",0.105263157894737,4.47712961862897,4.07952347653487,0.00215112031252167,0.0406017833930628,0.0406017833930628,"ITGA4/SOX7/COL8A1/COL6A1/COL12A1/MMP2",6
"GO:0030837","negative regulation of actin filament polymerization","6/443","57/18842",0.105263157894737,4.47712961862897,4.07952347653487,0.00215112031252167,0.0406017833930628,0.0406017833930628,"RDX/SVIL/LMOD1/KANK2/SLIT2/ASB2",6
"GO:0048644","muscle organ morphogenesis","6/443","57/18842",0.105263157894737,4.47712961862897,4.07952347653487,0.00215112031252167,0.0406017833930628,0.0406017833930628,"EFEMP2/ZFPM2/TGFBR1/MYLK/COL3A1/EDNRA",6
"GO:0060415","muscle tissue morphogenesis","6/443","57/18842",0.105263157894737,4.47712961862897,4.07952347653487,0.00215112031252167,0.0406017833930628,0.0406017833930628,"EFEMP2/ZFPM2/TGFBR1/MYLK/COL3A1/EDNRA",6
"GO:0071869","response to catecholamine","6/443","57/18842",0.105263157894737,4.47712961862897,4.07952347653487,0.00215112031252167,0.0406017833930628,0.0406017833930628,"FLNA/GNG2/CAV2/HTR2B/GNB5/PRKD1",6
"GO:0001894","tissue homeostasis","12/443","194/18842",0.0618556701030928,2.63089060063764,3.54296035465906,0.00220017789804087,0.0412216608340332,0.0412216608340332,"WWTR1/PECAM1/IL10RA/CD38/TUBA1A/GJA1/CDH5/F2R/COL3A1/JAM3/ZEB2/PRICKLE1",12
"GO:0060249","anatomical structure homeostasis","12/443","194/18842",0.0618556701030928,2.63089060063764,3.54296035465906,0.00220017789804087,0.0412216608340332,0.0412216608340332,"WWTR1/PECAM1/IL10RA/CD38/TUBA1A/GJA1/CDH5/F2R/COL3A1/JAM3/ZEB2/PRICKLE1",12
"GO:0060324","face development","4/443","24/18842",0.166666666666667,7.08878856282919,4.63133834850016,0.00220526197924648,0.0412216608340332,0.0412216608340332,"CRISPLD2/CRISPLD1/PRICKLE1/EDNRA",4
"GO:0001937","negative regulation of endothelial cell proliferation","7/443","77/18842",0.0909090909090909,3.86661194336138,3.91108011674616,0.00221042518590047,0.0412216608340332,0.0412216608340332,"SPARC/CCL2/PTPRM/THBS1/MEF2C/CAV2/CAV1",7
"GO:0060419","heart growth","7/443","77/18842",0.0909090909090909,3.86661194336138,3.91108011674616,0.00221042518590047,0.0412216608340332,0.0412216608340332,"ZFPM2/TGFBR1/SORBS2/MEIS1/MEF2C/RGS2/BASP1",7
"GO:0032496","response to lipopolysaccharide","16/443","302/18842",0.0529801324503311,2.2533897418265,3.40715170162148,0.00221853970925961,0.0412216608340332,0.0412216608340332,"LOXL1/HAVCR2/LILRB2/SERPINE1/CCL2/GBP5/IL10RA/IL18BP/AKAP12/AXL/MEF2C/VIM/GBP2/F2R/VCAM1/SLC11A1",16
"GO:1903037","regulation of leukocyte cell-cell adhesion","18/443","359/18842",0.0501392757660167,2.13256034759207,3.36185573612252,0.00221878599227357,0.0412216608340332,0.0412216608340332,"HAVCR2/LILRB2/CCL2/HLA-DRA/HLA-DOA/JAK3/CCL5/HLA-DQB1/IL6ST/ITGA4/CD300A/GLI3/CAV1/PTPRC/VCAM1/LGALS1/FYN/NCKAP1L",18
"GO:0060560","developmental growth involved in morphogenesis","11/443","169/18842",0.0650887573964497,2.7684026340043,3.58322587047081,0.00223207417382256,0.0413757642154223,0.0413757642154223,"PRKG1/KIF26B/RGMA/ITGA4/VIM/SLIT2/MAP1B/DCLK1/PRICKLE1/EDNRA/NRP2",11
"GO:0048568","embryonic organ development","14/443","248/18842",0.0564516129032258,2.40104128740989,3.4462524592827,0.00230811538929507,0.0426898306153994,0.0426898306153994,"PBX3/RBPMS2/SPARC/TGFBR1/MFAP5/PCSK5/PKD2/EFEMP1/ALDH1A3/MEF2C/GLI3/ASB2/PRICKLE1/EDNRA",14
"GO:0001953","negative regulation of cell-matrix adhesion","5/443","40/18842",0.125,5.3165914221219,4.24058373305893,0.0023462344876068,0.0430108384166149,0.0430108384166149,"SERPINE1/DLC1/MAP4K4/PHLDB2/THBS1",5
"GO:0099622","cardiac muscle cell membrane repolarization","5/443","40/18842",0.125,5.3165914221219,4.24058373305893,0.0023462344876068,0.0430108384166149,0.0430108384166149,"KCNJ8/FLNA/ANK2/CACNA2D1/KCNE4",5
"GO:0150146","cell junction disassembly","5/443","40/18842",0.125,5.3165914221219,4.24058373305893,0.0023462344876068,0.0430108384166149,0.0430108384166149,"TGFBR1/MAP4K4/C1QC/C3/PRICKLE1",5
"GO:1904706","negative regulation of vascular associated smooth muscle cell proliferation","5/443","40/18842",0.125,5.3165914221219,4.24058373305893,0.0023462344876068,0.0430108384166149,0.0430108384166149,"EFEMP2/PRKG1/MEF2C/MYOCD/CNN1",5
"GO:0071868","cellular response to monoamine stimulus","6/443","58/18842",0.103448275862069,4.3999377286526,4.02390434272406,0.00235263842599535,0.0430330286927097,0.0430330286927097,"FLNA/GNG2/CAV2/HTR2B/GNB5/PRKD1",6
"GO:0030010","establishment of cell polarity","9/443","122/18842",0.0737704918032787,3.1376605114162,3.67555102402373,0.00237621056300405,0.0432525038579759,0.0432525038579759,"FEZ1/AMOTL1/MSN/PHLDB2/FRMD4A/GJA1/CDH5/PRICKLE1/RHOQ",9
"GO:0002274","myeloid leukocyte activation","13/443","222/18842",0.0585585585585586,2.49065544099404,3.46673501292744,0.00237805978462146,0.0432525038579759,0.0432525038579759,"HAVCR2/CLU/DOCK2/CCL5/CD84/CD300LF/CD300A/CD74/THBS1/LCP2/PTPRC/SLC11A1/CD2",13
"GO:0070509","calcium ion import","7/443","78/18842",0.0897435897435897,3.81703999536957,3.86842632813833,0.00238029709862865,0.0432525038579759,0.0432525038579759,"CCL2/PLN/PKD2/STC1/ATP2B4/FYN/CACNA2D1",7
"GO:0014831","gastro-intestinal system smooth muscle contraction","3/443","12/18842",0.25,10.6331828442438,5.17954958198705,0.00242451089050863,0.0437679678404238,0.0437679678404238,"TACR2/PTGER3/HTR2B",3
"GO:0051918","negative regulation of fibrinolysis","3/443","12/18842",0.25,10.6331828442438,5.17954958198705,0.00242451089050863,0.0437679678404238,0.0437679678404238,"SERPINE1/THBS1/THBD",3
"GO:0098903","regulation of membrane repolarization during action potential","3/443","12/18842",0.25,10.6331828442438,5.17954958198705,0.00242451089050863,0.0437679678404238,0.0437679678404238,"FLNA/CAV1/CACNA2D1",3
"GO:0001666","response to hypoxia","15/443","278/18842",0.0539568345323741,2.29493154911737,3.37512730329976,0.00253028196216607,0.0455780789967567,0.0455780789967567,"CD38/PTGIS/RORA/DDR2/STC1/KCNMA1/CYGB/THBS1/ITPR1/CAV1/VCAM1/CYBB/VEGFC/MYOCD/MMP2",15
"GO:0046209","nitric oxide metabolic process","7/443","79/18842",0.0886075949367089,3.76872303340286,3.82647295581558,0.00256004893465448,0.0456284414213137,0.0456284414213137,"CLU/PKD2/PTGIS/ATP2B4/CYGB/CAV1/CYP1B1",7
"GO:0016064","immunoglobulin mediated immune response","11/443","172/18842",0.063953488372093,2.72011654155074,3.51646796178197,0.00256031855325861,0.0456284414213137,0.0456284414213137,"IL2RB/CLU/C1QC/C7/IGLC1/C1S/C3/CD74/IGKC/C1R/IGHD",11
"GO:0034764","positive regulation of transmembrane transport","11/443","172/18842",0.063953488372093,2.72011654155074,3.51646796178197,0.00256031855325861,0.0456284414213137,0.0456284414213137,"SORBS1/FHL1/PTPRM/C3/FLNA/FXYD6/ANK2/CAV1/F2R/EDNRA/RHOQ",11
"GO:0019229","regulation of vasoconstriction","6/443","59/18842",0.101694915254237,4.32536251291273,3.96953148890778,0.00256803718368788,0.0456284414213137,0.0456284414213137,"CD38/ITGA4/AGTR1/CAV1/F2R/MMP2",6
"GO:0021675","nerve development","6/443","59/18842",0.101694915254237,4.32536251291273,3.96953148890778,0.00256803718368788,0.0456284414213137,0.0456284414213137,"EGR2/ACKR3/ITGA4/VCAM1/EDNRA/NRP2",6
"GO:0071867","response to monoamine","6/443","59/18842",0.101694915254237,4.32536251291273,3.96953148890778,0.00256803718368788,0.0456284414213137,0.0456284414213137,"FLNA/GNG2/CAV2/HTR2B/GNB5/PRKD1",6
"GO:0003338","metanephros morphogenesis","4/443","25/18842",0.16,6.80523702031603,4.50683331690298,0.00257713137643915,0.0456284414213137,0.0456284414213137,"GREM1/KIF26B/PKD2/BASP1",4
"GO:0086064","cell communication by electrical coupling involved in cardiac conduction","4/443","25/18842",0.16,6.80523702031603,4.50683331690298,0.00257713137643915,0.0456284414213137,0.0456284414213137,"ATP1A2/GJA1/CAV1/GJC1",4
"GO:1902622","regulation of neutrophil migration","5/443","41/18842",0.121951219512195,5.18691846060673,4.164402370502,0.00262133987597446,0.0463122008791564,0.0463122008791564,"THBS4/CD74/SLIT2/JAM3/NCKAP1L",5
"GO:0010596","negative regulation of endothelial cell migration","8/443","101/18842",0.0792079207920792,3.36892921797823,3.70401826210495,0.00263347426134385,0.0463290185339599,0.0463290185339599,"STC1/ATP2B4/DCN/PTPRM/SERPINF1/THBS1/MEF2C/SLIT2",8
"GO:0032231","regulation of actin filament bundle assembly","8/443","101/18842",0.0792079207920792,3.36892921797823,3.70401826210495,0.00263347426134385,0.0463290185339599,0.0463290185339599,"FERMT2/DLC1/TGFBR1/PHLDB2/SYNPO2/FLNA/CCDC88A/EVL",8
"GO:0018212","peptidyl-tyrosine modification","9/443","124/18842",0.0725806451612903,3.08705308381271,3.61802317778041,0.00265368299835168,0.0465856299244535,0.0465856299244535,"FGFR1/JAK3/IL10RA/DDR2/EPHA3/THBS4/EFEMP1/TPST1/FYN",9
